#
# There is insufficient memory for the Java Runtime Environment to continue.
# Native memory allocation (mmap) failed to map 291504128 bytes for G1 virtual space
# Possible reasons:
#   The system is out of physical RAM or swap space
#   The process is running with CompressedOops enabled, and the Java Heap may be blocking the growth of the native heap
# Possible solutions:
#   Reduce memory load on the system
#   Increase physical memory or swap space
#   Check if swap backing store is full
#   Decrease Java heap size (-Xmx/-Xms)
#   Decrease number of Java threads
#   Decrease Java thread stack sizes (-Xss)
#   Set larger code cache with -XX:ReservedCodeCacheSize=
#   JVM is running with Zero Based Compressed Oops mode in which the Java heap is
#     placed in the first 32GB address space. The Java Heap base address is the
#     maximum limit for the native heap growth. Please use -XX:HeapBaseMinAddress
#     to set the Java Heap base and to place the Java Heap above 32GB virtual address.
# This output file may be truncated or incomplete.
#
#  Out of Memory Error (os_windows.cpp:3825), pid=29224, tid=2328
#
# JRE version: OpenJDK Runtime Environment (17.0.10) (build 17.0.10+0--11609105)
# Java VM: OpenJDK 64-Bit Server VM (17.0.10+0--11609105, mixed mode, tiered, compressed oops, compressed class ptrs, g1 gc, windows-amd64)
# No core dump will be written. Minidumps are not enabled by default on client versions of Windows
#

---------------  S U M M A R Y ------------

Command Line: --add-opens=java.base/java.util=ALL-UNNAMED --add-opens=java.base/java.lang=ALL-UNNAMED --add-opens=java.base/java.lang.invoke=ALL-UNNAMED --add-opens=java.prefs/java.util.prefs=ALL-UNNAMED --add-opens=java.base/java.nio.charset=ALL-UNNAMED --add-opens=java.base/java.net=ALL-UNNAMED --add-opens=java.base/java.util.concurrent.atomic=ALL-UNNAMED -Xmx3048m -Dfile.encoding=UTF-8 -Duser.country=US -Duser.language=en -Duser.variant -javaagent:C:\Users\Hashem Arenat\.gradle\wrapper\dists\gradle-8.7-bin\bhs2wmbdwecv87pi65oeuq5iu\gradle-8.7\lib\agents\gradle-instrumentation-agent-8.7.jar org.gradle.launcher.daemon.bootstrap.GradleDaemon 8.7

Host: 12th Gen Intel(R) Core(TM) i7-12700H, 20 cores, 15G,  Windows 11 , 64 bit Build 22621 (10.0.22621.3958)
Time: Fri Nov  8 19:53:25 2024 Jerusalem Standard Time elapsed time: 11.555048 seconds (0d 0h 0m 11s)

---------------  T H R E A D  ---------------

Current thread (0x000002410a05afd0):  VMThread "VM Thread" [stack: 0x00000056bc000000,0x00000056bc100000] [id=2328]

Stack: [0x00000056bc000000,0x00000056bc100000]
Native frames: (J=compiled Java code, j=interpreted, Vv=VM code, C=native code)
V  [jvm.dll+0x688de9]
V  [jvm.dll+0x8423da]
V  [jvm.dll+0x84401e]
V  [jvm.dll+0x844683]
V  [jvm.dll+0x24be0f]
V  [jvm.dll+0x685bb9]
V  [jvm.dll+0x67a46a]
V  [jvm.dll+0x30cbab]
V  [jvm.dll+0x314056]
V  [jvm.dll+0x363dce]
V  [jvm.dll+0x363fff]
V  [jvm.dll+0x2e2978]
V  [jvm.dll+0x2e0b54]
V  [jvm.dll+0x2e015c]
V  [jvm.dll+0x32502b]
V  [jvm.dll+0x848d7b]
V  [jvm.dll+0x849ac1]
V  [jvm.dll+0x849fdd]
V  [jvm.dll+0x84a3b4]
V  [jvm.dll+0x84a480]
V  [jvm.dll+0x7f0c7a]
V  [jvm.dll+0x687c65]
C  [ucrtbase.dll+0x29333]
C  [KERNEL32.DLL+0x1257d]
C  [ntdll.dll+0x5af08]

VM_Operation (0x00000056c38f9bc0): G1CollectForAllocation, mode: safepoint, requested by thread 0x0000024119ef1ab0


---------------  P R O C E S S  ---------------

Threads class SMR info:
_java_thread_list=0x000002410f3511a0, length=170, elements={
0x00000241687024b0, 0x000002410a05ce90, 0x000002410a05db20, 0x000002410a0812e0,
0x000002410a082070, 0x000002410a0ba010, 0x000002410a0bcae0, 0x000002410a0bdbe0,
0x000002410a0be690, 0x000002410a0bffb0, 0x000002417ff189a0, 0x000002410a1f7e70,
0x000002410a1978c0, 0x000002410a382400, 0x000002410a2fe730, 0x000002410a2fec80,
0x000002410a2ffc70, 0x000002410c64e000, 0x000002410b6caeb0, 0x000002410c1a8100,
0x000002410bad18b0, 0x000002410c0e36d0, 0x000002410c8fac10, 0x000002410c8fb630,
0x000002410c8fc560, 0x000002410c8fdeb0, 0x000002410c8fd490, 0x000002410c8fe3c0,
0x000002410c8fca70, 0x000002410c8fbb40, 0x000002410ac0ae50, 0x000002410ac08ff0,
0x000002410ac0b870, 0x000002410ac09f20, 0x000002410ac09500, 0x000002410ac0b360,
0x000002410ac0a940, 0x000002410a3001c0, 0x000002410f509ad0, 0x000002410f504b20,
0x000002410ac08ae0, 0x000002410f199060, 0x000002410f19b3d0, 0x000002410f197200,
0x000002410f199a80, 0x000002410f196cf0, 0x000002410f199f90, 0x000002410f198130,
0x000002410f1962d0, 0x000002410f19a4a0, 0x000002410f197710, 0x000002410f197c20,
0x000002410f194470, 0x000002410f19a9b0, 0x000002410f1967e0, 0x000002410f198640,
0x000002410f194e90, 0x000002410f193f60, 0x000002410f19b8e0, 0x000002410f198b50,
0x000002410f199570, 0x000002410f1958b0, 0x000002410f19aec0, 0x000002410f1953a0,
0x000002410f194980, 0x000002410d459f90, 0x000002410d45b8e0, 0x000002410d45d230,
0x000002410d459060, 0x000002410d45d740, 0x000002410d45dc50, 0x000002410d45bdf0,
0x000002410d45ffc0, 0x000002410d45c300, 0x000002410d45f5a0, 0x000002410d45e670,
0x000002410d4604d0, 0x000002410d45eb80, 0x000002410d45cd20, 0x000002410d45a9b0,
0x000002410d459570, 0x000002410d45fab0, 0x000002410d45c810, 0x000002410d459a80,
0x000002410d45a4a0, 0x000002410d45b3d0, 0x000002410f94bc20, 0x000002410f94f3d0,
0x000002410ac080c0, 0x000002410f195dc0, 0x000002411728d7c0, 0x000002411728dcd0,
0x000002411728c890, 0x000002411728fb30, 0x000002411728e6f0, 0x000002411728c380,
0x000002411728ec00, 0x000002411728cda0, 0x000002411728f110, 0x000002411728d2b0,
0x000002411728e1e0, 0x0000024119ef15a0, 0x0000024119ef1ab0, 0x0000024119ef29e0,
0x0000024119ef6bb0, 0x0000024119ef3400, 0x0000024119ef5770, 0x0000024119ef3e20,
0x0000024119ef70c0, 0x0000024119ef5c80, 0x0000024119ef6190, 0x000002410f509580,
0x0000024119ef7ff0, 0x0000024119ef4330, 0x0000024119ef75d0, 0x0000024119ef2ef0,
0x0000024119ef3910, 0x0000024119ef7ae0, 0x0000024119ef8500, 0x0000024119ef1090,
0x0000024119ef5260, 0x0000024119ef1fc0, 0x0000024119ef8a10, 0x0000024119ef24d0,
0x0000024119ef4840, 0x000002410f94df90, 0x000002410f948470, 0x000002410c8fb120,
0x000002410ac0a430, 0x0000024118289720, 0x0000024118289210, 0x0000024118287dd0,
0x00000241182882e0, 0x0000024118288d00, 0x000002411828de00, 0x000002411828ab60,
0x000002411828bfa0, 0x00000241182887f0, 0x000002411828e310, 0x00000241182873b0,
0x00000241182878c0, 0x000002411828a140, 0x000002411828c4b0, 0x000002411828c9c0,
0x000002411828d3e0, 0x000002411828a650, 0x000002411828b070, 0x000002411828b580,
0x000002411828ba90, 0x000002411828ced0, 0x000002411828d8f0, 0x000002410d45f090,
0x000002410c8fd9a0, 0x00000241190bf0a0, 0x00000241190c04e0, 0x00000241190bffd0,
0x00000241190bf5b0, 0x00000241190c1920, 0x00000241190c09f0, 0x00000241190c50d0,
0x00000241190c0f00, 0x00000241190c2d60, 0x00000241190bfac0, 0x00000241190c55e0,
0x00000241190c46b0, 0x00000241190c1410, 0x00000241190c1e30, 0x00000241190c4bc0,
0x00000241190c2340, 0x00000241190c3780
}

Java Threads: ( => current thread )
  0x00000241687024b0 JavaThread "main" [_thread_blocked, id=484, stack(0x00000056bba00000,0x00000056bbb00000)]
  0x000002410a05ce90 JavaThread "Reference Handler" daemon [_thread_blocked, id=28472, stack(0x00000056bc100000,0x00000056bc200000)]
  0x000002410a05db20 JavaThread "Finalizer" daemon [_thread_blocked, id=19956, stack(0x00000056bc200000,0x00000056bc300000)]
  0x000002410a0812e0 JavaThread "Signal Dispatcher" daemon [_thread_blocked, id=23112, stack(0x00000056bc300000,0x00000056bc400000)]
  0x000002410a082070 JavaThread "Attach Listener" daemon [_thread_blocked, id=19408, stack(0x00000056bc400000,0x00000056bc500000)]
  0x000002410a0ba010 JavaThread "Service Thread" daemon [_thread_blocked, id=19068, stack(0x00000056bc500000,0x00000056bc600000)]
  0x000002410a0bcae0 JavaThread "Monitor Deflation Thread" daemon [_thread_blocked, id=28960, stack(0x00000056bc600000,0x00000056bc700000)]
  0x000002410a0bdbe0 JavaThread "C2 CompilerThread0" daemon [_thread_blocked, id=26188, stack(0x00000056bc700000,0x00000056bc800000)]
  0x000002410a0be690 JavaThread "C1 CompilerThread0" daemon [_thread_blocked, id=29036, stack(0x00000056bc800000,0x00000056bc900000)]
  0x000002410a0bffb0 JavaThread "Sweeper thread" daemon [_thread_blocked, id=16516, stack(0x00000056bc900000,0x00000056bca00000)]
  0x000002417ff189a0 JavaThread "Common-Cleaner" daemon [_thread_blocked, id=22012, stack(0x00000056bca00000,0x00000056bcb00000)]
  0x000002410a1f7e70 JavaThread "C1 CompilerThread1" daemon [_thread_blocked, id=8924, stack(0x00000056bcb00000,0x00000056bcc00000)]
  0x000002410a1978c0 JavaThread "C1 CompilerThread2" daemon [_thread_blocked, id=17972, stack(0x00000056bcc00000,0x00000056bcd00000)]
  0x000002410a382400 JavaThread "Notification Thread" daemon [_thread_blocked, id=25360, stack(0x00000056bcd00000,0x00000056bce00000)]
  0x000002410a2fe730 JavaThread "C2 CompilerThread1" daemon [_thread_blocked, id=19124, stack(0x00000056bcf00000,0x00000056bd000000)]
  0x000002410a2fec80 JavaThread "C2 CompilerThread2" daemon [_thread_blocked, id=18784, stack(0x00000056bd000000,0x00000056bd100000)]
  0x000002410a2ffc70 JavaThread "C1 CompilerThread3" daemon [_thread_blocked, id=20164, stack(0x00000056bd700000,0x00000056bd800000)]
  0x000002410c64e000 JavaThread "Daemon health stats" [_thread_blocked, id=28356, stack(0x00000056bd800000,0x00000056bd900000)]
  0x000002410b6caeb0 JavaThread "Incoming local TCP Connector on port 61925" [_thread_in_native, id=24472, stack(0x00000056bd100000,0x00000056bd200000)]
  0x000002410c1a8100 JavaThread "Daemon periodic checks" [_thread_blocked, id=7104, stack(0x00000056bd900000,0x00000056bda00000)]
  0x000002410bad18b0 JavaThread "Daemon" [_thread_blocked, id=26524, stack(0x00000056bda00000,0x00000056bdb00000)]
  0x000002410c0e36d0 JavaThread "Handler for socket connection from /127.0.0.1:61925 to /127.0.0.1:61926" [_thread_in_native, id=11300, stack(0x00000056bdb00000,0x00000056bdc00000)]
  0x000002410c8fac10 JavaThread "Cancel handler" [_thread_blocked, id=15052, stack(0x00000056bdc00000,0x00000056bdd00000)]
  0x000002410c8fb630 JavaThread "Daemon worker" [_thread_blocked, id=21548, stack(0x00000056bdd00000,0x00000056bde00000)]
  0x000002410c8fc560 JavaThread "Asynchronous log dispatcher for DefaultDaemonConnection: socket connection from /127.0.0.1:61925 to /127.0.0.1:61926" [_thread_blocked, id=21808, stack(0x00000056bde00000,0x00000056bdf00000)]
  0x000002410c8fdeb0 JavaThread "Stdin handler" [_thread_blocked, id=26252, stack(0x00000056bdf00000,0x00000056be000000)]
  0x000002410c8fd490 JavaThread "Daemon client event forwarder" [_thread_blocked, id=25020, stack(0x00000056be000000,0x00000056be100000)]
  0x000002410c8fe3c0 JavaThread "Cache worker for journal cache (C:\Users\Hashem Arenat\.gradle\caches\journal-1)" [_thread_blocked, id=28608, stack(0x00000056bed00000,0x00000056bee00000)]
  0x000002410c8fca70 JavaThread "File lock request listener" [_thread_in_native, id=27360, stack(0x00000056bee00000,0x00000056bef00000)]
  0x000002410c8fbb40 JavaThread "Cache worker for file hash cache (C:\Users\Hashem Arenat\.gradle\caches\8.7\fileHashes)" [_thread_blocked, id=24008, stack(0x00000056bef00000,0x00000056bf000000)]
  0x000002410ac0ae50 JavaThread "Cache worker for file hash cache (C:\Users\Hashem Arenat\AndroidStudioProjects\ECommerce\.gradle\8.7\fileHashes)" [_thread_blocked, id=3640, stack(0x00000056bf000000,0x00000056bf100000)]
  0x000002410ac08ff0 JavaThread "File watcher server" daemon [_thread_blocked, id=9896, stack(0x00000056bf100000,0x00000056bf200000)]
  0x000002410ac0b870 JavaThread "File watcher consumer" daemon [_thread_blocked, id=28008, stack(0x00000056bf200000,0x00000056bf300000)]
  0x000002410ac09f20 JavaThread "Cache worker for checksums cache (C:\Users\Hashem Arenat\AndroidStudioProjects\ECommerce\.gradle\8.7\checksums)" [_thread_blocked, id=12068, stack(0x00000056bf300000,0x00000056bf400000)]
  0x000002410ac09500 JavaThread "Cache worker for cache directory md-supplier (C:\Users\Hashem Arenat\.gradle\caches\8.7\md-supplier)" [_thread_blocked, id=14132, stack(0x00000056bf400000,0x00000056bf500000)]
  0x000002410ac0b360 JavaThread "Cache worker for cache directory md-rule (C:\Users\Hashem Arenat\.gradle\caches\8.7\md-rule)" [_thread_blocked, id=5420, stack(0x00000056bf500000,0x00000056bf600000)]
  0x000002410ac0a940 JavaThread "Cache worker for file content cache (C:\Users\Hashem Arenat\.gradle\caches\8.7\fileContent)" [_thread_blocked, id=19168, stack(0x00000056bf600000,0x00000056bf700000)]
  0x000002410a3001c0 JavaThread "C2 CompilerThread3" daemon [_thread_blocked, id=9596, stack(0x00000056bf700000,0x00000056bf800000)]
  0x000002410f509ad0 JavaThread "C2 CompilerThread4" daemon [_thread_blocked, id=16020, stack(0x00000056bf800000,0x00000056bf900000)]
  0x000002410f504b20 JavaThread "C2 CompilerThread5" daemon [_thread_blocked, id=16304, stack(0x00000056bf900000,0x00000056bfa00000)]
  0x000002410ac08ae0 JavaThread "Cache worker for Build Output Cleanup Cache (C:\Users\Hashem Arenat\AndroidStudioProjects\ECommerce\.gradle\buildOutputCleanup)" [_thread_blocked, id=18276, stack(0x00000056bfa00000,0x00000056bfb00000)]
  0x000002410f199060 JavaThread "Unconstrained build operations" [_thread_blocked, id=11000, stack(0x00000056bfb00000,0x00000056bfc00000)]
  0x000002410f19b3d0 JavaThread "Unconstrained build operations Thread 2" [_thread_blocked, id=13696, stack(0x00000056bfc00000,0x00000056bfd00000)]
  0x000002410f197200 JavaThread "Unconstrained build operations Thread 3" [_thread_blocked, id=4520, stack(0x00000056bfd00000,0x00000056bfe00000)]
  0x000002410f199a80 JavaThread "Unconstrained build operations Thread 4" [_thread_blocked, id=28932, stack(0x00000056bfe00000,0x00000056bff00000)]
  0x000002410f196cf0 JavaThread "Unconstrained build operations Thread 5" [_thread_blocked, id=28676, stack(0x00000056bff00000,0x00000056c0000000)]
  0x000002410f199f90 JavaThread "Unconstrained build operations Thread 6" [_thread_blocked, id=26304, stack(0x00000056c0000000,0x00000056c0100000)]
  0x000002410f198130 JavaThread "Unconstrained build operations Thread 7" [_thread_blocked, id=27044, stack(0x00000056c0100000,0x00000056c0200000)]
  0x000002410f1962d0 JavaThread "Unconstrained build operations Thread 8" [_thread_blocked, id=13804, stack(0x00000056c0200000,0x00000056c0300000)]
  0x000002410f19a4a0 JavaThread "Unconstrained build operations Thread 9" [_thread_blocked, id=23660, stack(0x00000056c0300000,0x00000056c0400000)]
  0x000002410f197710 JavaThread "Unconstrained build operations Thread 10" [_thread_blocked, id=11392, stack(0x00000056c0400000,0x00000056c0500000)]
  0x000002410f197c20 JavaThread "Unconstrained build operations Thread 11" [_thread_blocked, id=24480, stack(0x00000056c0500000,0x00000056c0600000)]
  0x000002410f194470 JavaThread "Unconstrained build operations Thread 12" [_thread_blocked, id=8880, stack(0x00000056c0600000,0x00000056c0700000)]
  0x000002410f19a9b0 JavaThread "Unconstrained build operations Thread 13" [_thread_blocked, id=20440, stack(0x00000056c0700000,0x00000056c0800000)]
  0x000002410f1967e0 JavaThread "Unconstrained build operations Thread 14" [_thread_blocked, id=16724, stack(0x00000056c0800000,0x00000056c0900000)]
  0x000002410f198640 JavaThread "Unconstrained build operations Thread 15" [_thread_blocked, id=19684, stack(0x00000056c0900000,0x00000056c0a00000)]
  0x000002410f194e90 JavaThread "Unconstrained build operations Thread 16" [_thread_blocked, id=28140, stack(0x00000056c0a00000,0x00000056c0b00000)]
  0x000002410f193f60 JavaThread "Unconstrained build operations Thread 17" [_thread_blocked, id=19136, stack(0x00000056c0b00000,0x00000056c0c00000)]
  0x000002410f19b8e0 JavaThread "Unconstrained build operations Thread 18" [_thread_blocked, id=19856, stack(0x00000056c0c00000,0x00000056c0d00000)]
  0x000002410f198b50 JavaThread "Unconstrained build operations Thread 19" [_thread_blocked, id=22184, stack(0x00000056c0d00000,0x00000056c0e00000)]
  0x000002410f199570 JavaThread "Unconstrained build operations Thread 20" [_thread_blocked, id=24852, stack(0x00000056c0e00000,0x00000056c0f00000)]
  0x000002410f1958b0 JavaThread "Unconstrained build operations Thread 21" [_thread_blocked, id=1948, stack(0x00000056c0f00000,0x00000056c1000000)]
  0x000002410f19aec0 JavaThread "Unconstrained build operations Thread 22" [_thread_blocked, id=28072, stack(0x00000056c1000000,0x00000056c1100000)]
  0x000002410f1953a0 JavaThread "Unconstrained build operations Thread 23" [_thread_blocked, id=28320, stack(0x00000056c1100000,0x00000056c1200000)]
  0x000002410f194980 JavaThread "Unconstrained build operations Thread 24" [_thread_blocked, id=3192, stack(0x00000056c1200000,0x00000056c1300000)]
  0x000002410d459f90 JavaThread "Unconstrained build operations Thread 25" [_thread_blocked, id=2984, stack(0x00000056c1300000,0x00000056c1400000)]
  0x000002410d45b8e0 JavaThread "Unconstrained build operations Thread 26" [_thread_blocked, id=20768, stack(0x00000056c1400000,0x00000056c1500000)]
  0x000002410d45d230 JavaThread "Unconstrained build operations Thread 27" [_thread_blocked, id=22984, stack(0x00000056c1500000,0x00000056c1600000)]
  0x000002410d459060 JavaThread "Unconstrained build operations Thread 28" [_thread_blocked, id=29156, stack(0x00000056c1600000,0x00000056c1700000)]
  0x000002410d45d740 JavaThread "Unconstrained build operations Thread 29" [_thread_blocked, id=23360, stack(0x00000056c1700000,0x00000056c1800000)]
  0x000002410d45dc50 JavaThread "Unconstrained build operations Thread 30" [_thread_blocked, id=11740, stack(0x00000056c1800000,0x00000056c1900000)]
  0x000002410d45bdf0 JavaThread "Unconstrained build operations Thread 31" [_thread_blocked, id=29508, stack(0x00000056c1900000,0x00000056c1a00000)]
  0x000002410d45ffc0 JavaThread "Unconstrained build operations Thread 32" [_thread_blocked, id=18528, stack(0x00000056c1a00000,0x00000056c1b00000)]
  0x000002410d45c300 JavaThread "Unconstrained build operations Thread 33" [_thread_blocked, id=10944, stack(0x00000056c1b00000,0x00000056c1c00000)]
  0x000002410d45f5a0 JavaThread "Unconstrained build operations Thread 34" [_thread_blocked, id=25320, stack(0x00000056c1c00000,0x00000056c1d00000)]
  0x000002410d45e670 JavaThread "Unconstrained build operations Thread 35" [_thread_blocked, id=26688, stack(0x00000056c1d00000,0x00000056c1e00000)]
  0x000002410d4604d0 JavaThread "Unconstrained build operations Thread 36" [_thread_blocked, id=24436, stack(0x00000056c1e00000,0x00000056c1f00000)]
  0x000002410d45eb80 JavaThread "Unconstrained build operations Thread 37" [_thread_blocked, id=26540, stack(0x00000056c1f00000,0x00000056c2000000)]
  0x000002410d45cd20 JavaThread "Unconstrained build operations Thread 38" [_thread_blocked, id=17024, stack(0x00000056c2000000,0x00000056c2100000)]
  0x000002410d45a9b0 JavaThread "Unconstrained build operations Thread 39" [_thread_blocked, id=25252, stack(0x00000056c2300000,0x00000056c2400000)]
  0x000002410d459570 JavaThread "Unconstrained build operations Thread 40" [_thread_blocked, id=24380, stack(0x00000056c2400000,0x00000056c2500000)]
  0x000002410d45fab0 JavaThread "Unconstrained build operations Thread 41" [_thread_blocked, id=12996, stack(0x00000056c2500000,0x00000056c2600000)]
  0x000002410d45c810 JavaThread "Unconstrained build operations Thread 42" [_thread_blocked, id=23120, stack(0x00000056c2600000,0x00000056c2700000)]
  0x000002410d459a80 JavaThread "Unconstrained build operations Thread 43" [_thread_blocked, id=16244, stack(0x00000056c2700000,0x00000056c2800000)]
  0x000002410d45a4a0 JavaThread "Unconstrained build operations Thread 44" [_thread_blocked, id=25596, stack(0x00000056c2800000,0x00000056c2900000)]
  0x000002410d45b3d0 JavaThread "build event listener" [_thread_blocked, id=29636, stack(0x00000056c2900000,0x00000056c2a00000)]
  0x000002410f94bc20 JavaThread "Memory manager" [_thread_blocked, id=24392, stack(0x00000056c2a00000,0x00000056c2b00000)]
  0x000002410f94f3d0 JavaThread "build event listener" [_thread_blocked, id=23040, stack(0x00000056c2b00000,0x00000056c2c00000)]
  0x000002410ac080c0 JavaThread "pool-3-thread-1" [_thread_blocked, id=11100, stack(0x00000056c2100000,0x00000056c2200000)]
  0x000002410f195dc0 JavaThread "build event listener" [_thread_blocked, id=29004, stack(0x00000056c2200000,0x00000056c2300000)]
  0x000002411728d7c0 JavaThread "included builds" [_thread_blocked, id=27096, stack(0x00000056c2c00000,0x00000056c2d00000)]
  0x000002411728dcd0 JavaThread "Execution worker" [_thread_blocked, id=7552, stack(0x00000056c2d00000,0x00000056c2e00000)]
  0x000002411728c890 JavaThread "Execution worker Thread 2" [_thread_blocked, id=24496, stack(0x00000056c2e00000,0x00000056c2f00000)]
  0x000002411728fb30 JavaThread "Execution worker Thread 3" [_thread_blocked, id=12244, stack(0x00000056c2f00000,0x00000056c3000000)]
  0x000002411728e6f0 JavaThread "Execution worker Thread 4" [_thread_blocked, id=28324, stack(0x00000056c3000000,0x00000056c3100000)]
  0x000002411728c380 JavaThread "Execution worker Thread 5" [_thread_blocked, id=29008, stack(0x00000056c3100000,0x00000056c3200000)]
  0x000002411728ec00 JavaThread "Execution worker Thread 6" [_thread_blocked, id=23760, stack(0x00000056c3200000,0x00000056c3300000)]
  0x000002411728cda0 JavaThread "Execution worker Thread 7" [_thread_blocked, id=27460, stack(0x00000056c3300000,0x00000056c3400000)]
  0x000002411728f110 JavaThread "Execution worker Thread 8" [_thread_blocked, id=29460, stack(0x00000056c3400000,0x00000056c3500000)]
  0x000002411728d2b0 JavaThread "Execution worker Thread 9" [_thread_blocked, id=20936, stack(0x00000056c3500000,0x00000056c3600000)]
  0x000002411728e1e0 JavaThread "Execution worker Thread 10" [_thread_blocked, id=26708, stack(0x00000056c3600000,0x00000056c3700000)]
  0x0000024119ef15a0 JavaThread "Execution worker Thread 11" [_thread_blocked, id=12708, stack(0x00000056c3700000,0x00000056c3800000)]
  0x0000024119ef1ab0 JavaThread "Execution worker Thread 12" [_thread_blocked, id=29552, stack(0x00000056c3800000,0x00000056c3900000)]
  0x0000024119ef29e0 JavaThread "Execution worker Thread 13" [_thread_blocked, id=29216, stack(0x00000056c3900000,0x00000056c3a00000)]
  0x0000024119ef6bb0 JavaThread "Execution worker Thread 14" [_thread_blocked, id=28336, stack(0x00000056c3a00000,0x00000056c3b00000)]
  0x0000024119ef3400 JavaThread "Execution worker Thread 15" [_thread_blocked, id=28556, stack(0x00000056c3b00000,0x00000056c3c00000)]
  0x0000024119ef5770 JavaThread "Execution worker Thread 16" [_thread_blocked, id=28340, stack(0x00000056c3c00000,0x00000056c3d00000)]
  0x0000024119ef3e20 JavaThread "Execution worker Thread 17" [_thread_blocked, id=12284, stack(0x00000056c3d00000,0x00000056c3e00000)]
  0x0000024119ef70c0 JavaThread "Execution worker Thread 18" [_thread_blocked, id=10108, stack(0x00000056c3e00000,0x00000056c3f00000)]
  0x0000024119ef5c80 JavaThread "Execution worker Thread 19" [_thread_blocked, id=18544, stack(0x00000056c3f00000,0x00000056c4000000)]
  0x0000024119ef6190 JavaThread "Cache worker for execution history cache (C:\Users\Hashem Arenat\AndroidStudioProjects\ECommerce\.gradle\8.7\executionHistory)" [_thread_blocked, id=17536, stack(0x00000056c4000000,0x00000056c4100000)]
  0x000002410f509580 JavaThread "C2 CompilerThread6" daemon [_thread_blocked, id=20048, stack(0x00000056c4100000,0x00000056c4200000)]
  0x0000024119ef7ff0 JavaThread "Unconstrained build operations Thread 45" [_thread_blocked, id=16252, stack(0x00000056c4300000,0x00000056c4400000)]
  0x0000024119ef4330 JavaThread "Unconstrained build operations Thread 46" [_thread_blocked, id=24984, stack(0x00000056c4400000,0x00000056c4500000)]
  0x0000024119ef75d0 JavaThread "Unconstrained build operations Thread 47" [_thread_blocked, id=24684, stack(0x00000056c4500000,0x00000056c4600000)]
  0x0000024119ef2ef0 JavaThread "Unconstrained build operations Thread 48" [_thread_blocked, id=13236, stack(0x00000056c4600000,0x00000056c4700000)]
  0x0000024119ef3910 JavaThread "Unconstrained build operations Thread 49" [_thread_blocked, id=20564, stack(0x00000056c4700000,0x00000056c4800000)]
  0x0000024119ef7ae0 JavaThread "Unconstrained build operations Thread 50" [_thread_blocked, id=21204, stack(0x00000056c4800000,0x00000056c4900000)]
  0x0000024119ef8500 JavaThread "Unconstrained build operations Thread 51" [_thread_blocked, id=28980, stack(0x00000056c4900000,0x00000056c4a00000)]
  0x0000024119ef1090 JavaThread "Unconstrained build operations Thread 52" [_thread_blocked, id=19220, stack(0x00000056c4a00000,0x00000056c4b00000)]
  0x0000024119ef5260 JavaThread "Unconstrained build operations Thread 53" [_thread_blocked, id=1804, stack(0x00000056c4b00000,0x00000056c4c00000)]
  0x0000024119ef1fc0 JavaThread "Unconstrained build operations Thread 54" [_thread_blocked, id=26160, stack(0x00000056c4c00000,0x00000056c4d00000)]
  0x0000024119ef8a10 JavaThread "Unconstrained build operations Thread 55" [_thread_blocked, id=29012, stack(0x00000056c4d00000,0x00000056c4e00000)]
  0x0000024119ef24d0 JavaThread "Unconstrained build operations Thread 56" [_thread_blocked, id=27284, stack(0x00000056c4e00000,0x00000056c4f00000)]
  0x0000024119ef4840 JavaThread "Unconstrained build operations Thread 57" [_thread_blocked, id=6652, stack(0x00000056c4f00000,0x00000056c5000000)]
  0x000002410f94df90 JavaThread "Unconstrained build operations Thread 58" [_thread_blocked, id=3092, stack(0x00000056c5000000,0x00000056c5100000)]
  0x000002410f948470 JavaThread "Unconstrained build operations Thread 59" [_thread_blocked, id=1600, stack(0x00000056c5100000,0x00000056c5200000)]
  0x000002410c8fb120 JavaThread "Unconstrained build operations Thread 60" [_thread_blocked, id=15072, stack(0x00000056c5200000,0x00000056c5300000)]
  0x000002410ac0a430 JavaThread "Unconstrained build operations Thread 61" [_thread_blocked, id=23188, stack(0x00000056c5300000,0x00000056c5400000)]
  0x0000024118289720 JavaThread "Unconstrained build operations Thread 62" [_thread_blocked, id=28916, stack(0x00000056c5400000,0x00000056c5500000)]
  0x0000024118289210 JavaThread "Unconstrained build operations Thread 63" [_thread_blocked, id=3384, stack(0x00000056c5500000,0x00000056c5600000)]
  0x0000024118287dd0 JavaThread "Unconstrained build operations Thread 64" [_thread_blocked, id=24288, stack(0x00000056c5600000,0x00000056c5700000)]
  0x00000241182882e0 JavaThread "Unconstrained build operations Thread 65" [_thread_blocked, id=24020, stack(0x00000056c5700000,0x00000056c5800000)]
  0x0000024118288d00 JavaThread "Unconstrained build operations Thread 66" [_thread_blocked, id=22952, stack(0x00000056c5800000,0x00000056c5900000)]
  0x000002411828de00 JavaThread "Unconstrained build operations Thread 67" [_thread_blocked, id=23192, stack(0x00000056c5900000,0x00000056c5a00000)]
  0x000002411828ab60 JavaThread "Unconstrained build operations Thread 68" [_thread_blocked, id=15464, stack(0x00000056c5a00000,0x00000056c5b00000)]
  0x000002411828bfa0 JavaThread "Unconstrained build operations Thread 69" [_thread_blocked, id=5744, stack(0x00000056c5b00000,0x00000056c5c00000)]
  0x00000241182887f0 JavaThread "Unconstrained build operations Thread 70" [_thread_blocked, id=18652, stack(0x00000056c5c00000,0x00000056c5d00000)]
  0x000002411828e310 JavaThread "Unconstrained build operations Thread 71" [_thread_blocked, id=28948, stack(0x00000056c5d00000,0x00000056c5e00000)]
  0x00000241182873b0 JavaThread "Unconstrained build operations Thread 72" [_thread_blocked, id=27424, stack(0x00000056c5e00000,0x00000056c5f00000)]
  0x00000241182878c0 JavaThread "Unconstrained build operations Thread 73" [_thread_blocked, id=9352, stack(0x00000056c5f00000,0x00000056c6000000)]
  0x000002411828a140 JavaThread "Unconstrained build operations Thread 74" [_thread_blocked, id=19992, stack(0x00000056c6000000,0x00000056c6100000)]
  0x000002411828c4b0 JavaThread "Unconstrained build operations Thread 75" [_thread_blocked, id=6260, stack(0x00000056c6100000,0x00000056c6200000)]
  0x000002411828c9c0 JavaThread "Unconstrained build operations Thread 76" [_thread_blocked, id=816, stack(0x00000056c6200000,0x00000056c6300000)]
  0x000002411828d3e0 JavaThread "Unconstrained build operations Thread 77" [_thread_blocked, id=13516, stack(0x00000056c6300000,0x00000056c6400000)]
  0x000002411828a650 JavaThread "Unconstrained build operations Thread 78" [_thread_blocked, id=1956, stack(0x00000056c6400000,0x00000056c6500000)]
  0x000002411828b070 JavaThread "Unconstrained build operations Thread 79" [_thread_blocked, id=29140, stack(0x00000056c6500000,0x00000056c6600000)]
  0x000002411828b580 JavaThread "Unconstrained build operations Thread 80" [_thread_blocked, id=9264, stack(0x00000056c6600000,0x00000056c6700000)]
  0x000002411828ba90 JavaThread "Unconstrained build operations Thread 81" [_thread_blocked, id=13744, stack(0x00000056c6700000,0x00000056c6800000)]
  0x000002411828ced0 JavaThread "Unconstrained build operations Thread 82" [_thread_blocked, id=27732, stack(0x00000056c6800000,0x00000056c6900000)]
  0x000002411828d8f0 JavaThread "WorkerExecutor Queue" [_thread_blocked, id=11248, stack(0x00000056c6900000,0x00000056c6a00000)]
  0x000002410d45f090 JavaThread "Unconstrained build operations Thread 83" [_thread_blocked, id=26392, stack(0x00000056c6a00000,0x00000056c6b00000)]
  0x000002410c8fd9a0 JavaThread "Unconstrained build operations Thread 84" [_thread_blocked, id=24312, stack(0x00000056c6b00000,0x00000056c6c00000)]
  0x00000241190bf0a0 JavaThread "Unconstrained build operations Thread 85" [_thread_blocked, id=28508, stack(0x00000056c6c00000,0x00000056c6d00000)]
  0x00000241190c04e0 JavaThread "Unconstrained build operations Thread 86" [_thread_blocked, id=12336, stack(0x00000056c6d00000,0x00000056c6e00000)]
  0x00000241190bffd0 JavaThread "Unconstrained build operations Thread 87" [_thread_blocked, id=4808, stack(0x00000056c6e00000,0x00000056c6f00000)]
  0x00000241190bf5b0 JavaThread "Unconstrained build operations Thread 88" [_thread_blocked, id=28872, stack(0x00000056c6f00000,0x00000056c7000000)]
  0x00000241190c1920 JavaThread "Unconstrained build operations Thread 89" [_thread_blocked, id=15536, stack(0x00000056c7000000,0x00000056c7100000)]
  0x00000241190c09f0 JavaThread "Unconstrained build operations Thread 90" [_thread_blocked, id=24948, stack(0x00000056c7100000,0x00000056c7200000)]
  0x00000241190c50d0 JavaThread "Unconstrained build operations Thread 91" [_thread_blocked, id=12752, stack(0x00000056c7200000,0x00000056c7300000)]
  0x00000241190c0f00 JavaThread "Unconstrained build operations Thread 92" [_thread_blocked, id=21748, stack(0x00000056c7300000,0x00000056c7400000)]
  0x00000241190c2d60 JavaThread "Unconstrained build operations Thread 93" [_thread_blocked, id=2212, stack(0x00000056c7400000,0x00000056c7500000)]
  0x00000241190bfac0 JavaThread "Unconstrained build operations Thread 94" [_thread_blocked, id=29444, stack(0x00000056c7500000,0x00000056c7600000)]
  0x00000241190c55e0 JavaThread "Unconstrained build operations Thread 95" [_thread_blocked, id=24428, stack(0x00000056c7600000,0x00000056c7700000)]
  0x00000241190c46b0 JavaThread "Unconstrained build operations Thread 96" [_thread_blocked, id=27580, stack(0x00000056c7700000,0x00000056c7800000)]
  0x00000241190c1410 JavaThread "Unconstrained build operations Thread 97" [_thread_blocked, id=22260, stack(0x00000056c7800000,0x00000056c7900000)]
  0x00000241190c1e30 JavaThread "Unconstrained build operations Thread 98" [_thread_blocked, id=29688, stack(0x00000056c7900000,0x00000056c7a00000)]
  0x00000241190c4bc0 JavaThread "Unconstrained build operations Thread 99" [_thread_blocked, id=21516, stack(0x00000056c7a00000,0x00000056c7b00000)]
  0x00000241190c2340 JavaThread "Unconstrained build operations Thread 100" [_thread_blocked, id=20656, stack(0x00000056c7b00000,0x00000056c7c00000)]
  0x00000241190c3780 JavaThread "Unconstrained build operations Thread 101" [_thread_blocked, id=17296, stack(0x00000056c7c00000,0x00000056c7d00000)]

Other Threads:
=>0x000002410a05afd0 VMThread "VM Thread" [stack: 0x00000056bc000000,0x00000056bc100000] [id=2328]
  0x0000024168703330 WatcherThread [stack: 0x00000056bce00000,0x00000056bcf00000] [id=16780]
  0x000002416875c390 GCTaskThread "GC Thread#0" [stack: 0x00000056bbb00000,0x00000056bbc00000] [id=6196]
  0x000002410b7949a0 GCTaskThread "GC Thread#1" [stack: 0x00000056bd200000,0x00000056bd300000] [id=27552]
  0x000002410afc5db0 GCTaskThread "GC Thread#2" [stack: 0x00000056bd300000,0x00000056bd400000] [id=23292]
  0x000002410aa99260 GCTaskThread "GC Thread#3" [stack: 0x00000056bd400000,0x00000056bd500000] [id=13576]
  0x000002410b927470 GCTaskThread "GC Thread#4" [stack: 0x00000056bd500000,0x00000056bd600000] [id=21104]
  0x000002410b3f3010 GCTaskThread "GC Thread#5" [stack: 0x00000056bd600000,0x00000056bd700000] [id=7132]
  0x000002410af1f240 GCTaskThread "GC Thread#6" [stack: 0x00000056be100000,0x00000056be200000] [id=19248]
  0x000002410b191300 GCTaskThread "GC Thread#7" [stack: 0x00000056be200000,0x00000056be300000] [id=13444]
  0x000002410bca9c70 GCTaskThread "GC Thread#8" [stack: 0x00000056be300000,0x00000056be400000] [id=14848]
  0x000002410b2a9a00 GCTaskThread "GC Thread#9" [stack: 0x00000056be400000,0x00000056be500000] [id=22044]
  0x000002410b2a91c0 GCTaskThread "GC Thread#10" [stack: 0x00000056be500000,0x00000056be600000] [id=3840]
  0x000002410b2a9cc0 GCTaskThread "GC Thread#11" [stack: 0x00000056be600000,0x00000056be700000] [id=14756]
  0x000002410b2a8980 GCTaskThread "GC Thread#12" [stack: 0x00000056be700000,0x00000056be800000] [id=22160]
  0x000002410b2a9f80 GCTaskThread "GC Thread#13" [stack: 0x00000056be800000,0x00000056be900000] [id=5664]
  0x000002410b2aa240 GCTaskThread "GC Thread#14" [stack: 0x00000056be900000,0x00000056bea00000] [id=29560]
  0x000002416652cf80 ConcurrentGCThread "G1 Main Marker" [stack: 0x00000056bbc00000,0x00000056bbd00000] [id=21692]
  0x000002416652d9a0 ConcurrentGCThread "G1 Conc#0" [stack: 0x00000056bbd00000,0x00000056bbe00000] [id=18976]
  0x000002410b2a8c40 ConcurrentGCThread "G1 Conc#1" [stack: 0x00000056bea00000,0x00000056beb00000] [id=29692]
  0x000002410b2a86c0 ConcurrentGCThread "G1 Conc#2" [stack: 0x00000056beb00000,0x00000056bec00000] [id=18268]
  0x000002410b2a8f00 ConcurrentGCThread "G1 Conc#3" [stack: 0x00000056bec00000,0x00000056bed00000] [id=17864]
  0x000002417fde7a90 ConcurrentGCThread "G1 Refine#0" [stack: 0x00000056bbe00000,0x00000056bbf00000] [id=3976]
  0x00000241687ad0b0 ConcurrentGCThread "G1 Service" [stack: 0x00000056bbf00000,0x00000056bc000000] [id=22916]

Threads with active compile tasks:
C2 CompilerThread0    11565 16877       4       android.databinding.internal.org.antlr.v4.runtime.CommonTokenStream::adjustSeekIndex (10 bytes)
C1 CompilerThread2    11565 16960       3       com.sun.org.apache.xpath.internal.compiler.OpMap::getTokenQueueSize (8 bytes)
C2 CompilerThread1    11565 16878       4       android.databinding.internal.org.antlr.v4.runtime.BufferedTokenStream::consume (119 bytes)
C2 CompilerThread2    11565 16953       4       android.databinding.internal.org.antlr.v4.runtime.BufferedTokenStream::fetch (89 bytes)
C2 CompilerThread3    11565 16885       4       android.databinding.internal.org.antlr.v4.runtime.BufferedTokenStream::nextTokenOnChannel (85 bytes)
C2 CompilerThread4    11565 16816       4       android.databinding.internal.org.antlr.v4.runtime.BufferedTokenStream::sync (55 bytes)
C2 CompilerThread5    11566 16933       4       android.databinding.internal.org.antlr.v4.runtime.CommonToken::getText (67 bytes)
C2 CompilerThread6    11566 16921   !   4       android.databinding.internal.org.antlr.v4.runtime.Lexer::nextToken (249 bytes)

VM state: at safepoint (normal execution)

VM Mutex/Monitor currently owned by a thread:  ([mutex/lock_event])
[0x00000241686fda40] Threads_lock - owner thread: 0x000002410a05afd0
[0x00000241686fd020] Heap_lock - owner thread: 0x0000024119ef1ab0

Heap address: 0x0000000741800000, size: 3048 MB, Compressed Oops mode: Zero based, Oop shift amount: 3

CDS archive(s) not mapped
Compressed class space mapped at: 0x0000000800000000-0x0000000840000000, reserved size: 1073741824
Narrow klass base: 0x0000000800000000, Narrow klass shift: 0, Narrow klass range: 0x40000000

GC Precious Log:
 CPUs: 20 total, 20 available
 Memory: 16004M
 Large Page Support: Disabled
 NUMA Support: Disabled
 Compressed Oops: Enabled (Zero based)
 Heap Region Size: 2M
 Heap Min Capacity: 8M
 Heap Initial Capacity: 252M
 Heap Max Capacity: 3048M
 Pre-touch: Disabled
 Parallel Workers: 15
 Concurrent Workers: 4
 Concurrent Refinement Workers: 15
 Periodic GC: Disabled

Heap:
 garbage-first heap   total 282624K, used 176990K [0x0000000741800000, 0x0000000800000000)
  region size 2048K, 3 young (6144K), 3 survivors (6144K)
 Metaspace       used 117535K, committed 118464K, reserved 1179648K
  class space    used 15960K, committed 16384K, reserved 1048576K

Heap Regions: E=young(eden), S=young(survivor), O=old, HS=humongous(starts), HC=humongous(continues), CS=collection set, F=free, OA=open archive, CA=closed archive, TAMS=top-at-mark-start (previous, next)
|   0|0x0000000741800000, 0x0000000741a00000, 0x0000000741a00000|100%|HS|  |TAMS 0x0000000741a00000, 0x0000000741a00000| Complete 
|   1|0x0000000741a00000, 0x0000000741c00000, 0x0000000741c00000|100%|HC|  |TAMS 0x0000000741c00000, 0x0000000741c00000| Complete 
|   2|0x0000000741c00000, 0x0000000741e00000, 0x0000000741e00000|100%| O|  |TAMS 0x0000000741e00000, 0x0000000741e00000| Untracked 
|   3|0x0000000741e00000, 0x0000000742000000, 0x0000000742000000|100%| O|  |TAMS 0x0000000742000000, 0x0000000742000000| Untracked 
|   4|0x0000000742000000, 0x00000007421e5400, 0x0000000742200000| 94%| O|  |TAMS 0x00000007421e5400, 0x00000007421e5400| Untracked 
|   5|0x0000000742200000, 0x0000000742400000, 0x0000000742400000|100%| O|  |TAMS 0x0000000742400000, 0x0000000742400000| Untracked 
|   6|0x0000000742400000, 0x0000000742600000, 0x0000000742600000|100%| O|  |TAMS 0x0000000742600000, 0x0000000742600000| Untracked 
|   7|0x0000000742600000, 0x0000000742800000, 0x0000000742800000|100%| O|  |TAMS 0x0000000742800000, 0x0000000742800000| Untracked 
|   8|0x0000000742800000, 0x0000000742a00000, 0x0000000742a00000|100%| O|  |TAMS 0x0000000742a00000, 0x0000000742a00000| Untracked 
|   9|0x0000000742a00000, 0x0000000742c00000, 0x0000000742c00000|100%| O|  |TAMS 0x0000000742c00000, 0x0000000742c00000| Untracked 
|  10|0x0000000742c00000, 0x0000000742e00000, 0x0000000742e00000|100%| O|  |TAMS 0x0000000742e00000, 0x0000000742e00000| Untracked 
|  11|0x0000000742e00000, 0x0000000742e00000, 0x0000000743000000|  0%| F|  |TAMS 0x0000000742e00000, 0x0000000742e00000| Untracked 
|  12|0x0000000743000000, 0x0000000743200000, 0x0000000743200000|100%| O|  |TAMS 0x0000000743200000, 0x0000000743200000| Untracked 
|  13|0x0000000743200000, 0x0000000743400000, 0x0000000743400000|100%| O|  |TAMS 0x0000000743400000, 0x0000000743400000| Untracked 
|  14|0x0000000743400000, 0x0000000743600000, 0x0000000743600000|100%| O|  |TAMS 0x0000000743600000, 0x0000000743600000| Untracked 
|  15|0x0000000743600000, 0x0000000743800000, 0x0000000743800000|100%| O|  |TAMS 0x0000000743800000, 0x0000000743800000| Untracked 
|  16|0x0000000743800000, 0x0000000743a00000, 0x0000000743a00000|100%| O|  |TAMS 0x0000000743a00000, 0x0000000743a00000| Untracked 
|  17|0x0000000743a00000, 0x0000000743c00000, 0x0000000743c00000|100%| O|  |TAMS 0x0000000743c00000, 0x0000000743c00000| Untracked 
|  18|0x0000000743c00000, 0x0000000743e00000, 0x0000000743e00000|100%| O|  |TAMS 0x0000000743e00000, 0x0000000743e00000| Untracked 
|  19|0x0000000743e00000, 0x0000000744000000, 0x0000000744000000|100%|HS|  |TAMS 0x0000000744000000, 0x0000000744000000| Complete 
|  20|0x0000000744000000, 0x0000000744200000, 0x0000000744200000|100%| O|  |TAMS 0x0000000744200000, 0x0000000744200000| Untracked 
|  21|0x0000000744200000, 0x0000000744400000, 0x0000000744400000|100%| O|  |TAMS 0x0000000744400000, 0x0000000744400000| Untracked 
|  22|0x0000000744400000, 0x0000000744600000, 0x0000000744600000|100%|HS|  |TAMS 0x0000000744600000, 0x0000000744600000| Complete 
|  23|0x0000000744600000, 0x0000000744800000, 0x0000000744800000|100%| O|  |TAMS 0x0000000744800000, 0x0000000744800000| Untracked 
|  24|0x0000000744800000, 0x0000000744a00000, 0x0000000744a00000|100%| O|  |TAMS 0x0000000744a00000, 0x0000000744a00000| Untracked 
|  25|0x0000000744a00000, 0x0000000744c00000, 0x0000000744c00000|100%|HS|  |TAMS 0x0000000744c00000, 0x0000000744c00000| Complete 
|  26|0x0000000744c00000, 0x0000000744e00000, 0x0000000744e00000|100%|HC|  |TAMS 0x0000000744e00000, 0x0000000744e00000| Complete 
|  27|0x0000000744e00000, 0x0000000745000000, 0x0000000745000000|100%| O|  |TAMS 0x0000000745000000, 0x0000000745000000| Untracked 
|  28|0x0000000745000000, 0x0000000745200000, 0x0000000745200000|100%| O|  |TAMS 0x0000000745200000, 0x0000000745200000| Untracked 
|  29|0x0000000745200000, 0x0000000745400000, 0x0000000745400000|100%| O|  |TAMS 0x0000000745400000, 0x0000000745400000| Untracked 
|  30|0x0000000745400000, 0x0000000745600000, 0x0000000745600000|100%| O|  |TAMS 0x0000000745600000, 0x0000000745600000| Untracked 
|  31|0x0000000745600000, 0x0000000745800000, 0x0000000745800000|100%| O|  |TAMS 0x0000000745800000, 0x0000000745800000| Untracked 
|  32|0x0000000745800000, 0x0000000745a00000, 0x0000000745a00000|100%| O|  |TAMS 0x0000000745a00000, 0x0000000745a00000| Untracked 
|  33|0x0000000745a00000, 0x0000000745c00000, 0x0000000745c00000|100%| O|  |TAMS 0x0000000745c00000, 0x0000000745c00000| Untracked 
|  34|0x0000000745c00000, 0x0000000745e00000, 0x0000000745e00000|100%| O|  |TAMS 0x0000000745e00000, 0x0000000745e00000| Untracked 
|  35|0x0000000745e00000, 0x0000000746000000, 0x0000000746000000|100%| O|  |TAMS 0x0000000746000000, 0x0000000746000000| Untracked 
|  36|0x0000000746000000, 0x0000000746200000, 0x0000000746200000|100%|HS|  |TAMS 0x0000000746200000, 0x0000000746200000| Complete 
|  37|0x0000000746200000, 0x0000000746400000, 0x0000000746400000|100%|HC|  |TAMS 0x0000000746400000, 0x0000000746400000| Complete 
|  38|0x0000000746400000, 0x0000000746600000, 0x0000000746600000|100%| O|  |TAMS 0x0000000746600000, 0x0000000746600000| Untracked 
|  39|0x0000000746600000, 0x0000000746800000, 0x0000000746800000|100%| O|  |TAMS 0x0000000746800000, 0x0000000746800000| Untracked 
|  40|0x0000000746800000, 0x0000000746a00000, 0x0000000746a00000|100%| O|  |TAMS 0x0000000746a00000, 0x0000000746a00000| Untracked 
|  41|0x0000000746a00000, 0x0000000746c00000, 0x0000000746c00000|100%| O|  |TAMS 0x0000000746c00000, 0x0000000746c00000| Untracked 
|  42|0x0000000746c00000, 0x0000000746e00000, 0x0000000746e00000|100%| O|  |TAMS 0x0000000746e00000, 0x0000000746e00000| Untracked 
|  43|0x0000000746e00000, 0x0000000747000000, 0x0000000747000000|100%| O|  |TAMS 0x0000000747000000, 0x0000000747000000| Untracked 
|  44|0x0000000747000000, 0x0000000747200000, 0x0000000747200000|100%| O|  |TAMS 0x0000000747200000, 0x0000000747200000| Untracked 
|  45|0x0000000747200000, 0x0000000747400000, 0x0000000747400000|100%| O|  |TAMS 0x0000000747200000, 0x0000000747400000| Untracked 
|  46|0x0000000747400000, 0x0000000747600000, 0x0000000747600000|100%| O|  |TAMS 0x0000000747600000, 0x0000000747600000| Untracked 
|  47|0x0000000747600000, 0x0000000747800000, 0x0000000747800000|100%| O|  |TAMS 0x0000000747800000, 0x0000000747800000| Untracked 
|  48|0x0000000747800000, 0x0000000747a00000, 0x0000000747a00000|100%| O|  |TAMS 0x0000000747a00000, 0x0000000747a00000| Untracked 
|  49|0x0000000747a00000, 0x0000000747c00000, 0x0000000747c00000|100%| O|  |TAMS 0x0000000747c00000, 0x0000000747c00000| Untracked 
|  50|0x0000000747c00000, 0x0000000747e00000, 0x0000000747e00000|100%| O|  |TAMS 0x0000000747e00000, 0x0000000747e00000| Untracked 
|  51|0x0000000747e00000, 0x0000000748000000, 0x0000000748000000|100%| O|  |TAMS 0x0000000748000000, 0x0000000748000000| Untracked 
|  52|0x0000000748000000, 0x0000000748200000, 0x0000000748200000|100%| O|  |TAMS 0x0000000748200000, 0x0000000748200000| Untracked 
|  53|0x0000000748200000, 0x0000000748400000, 0x0000000748400000|100%| O|  |TAMS 0x0000000748400000, 0x0000000748400000| Untracked 
|  54|0x0000000748400000, 0x0000000748600000, 0x0000000748600000|100%| O|  |TAMS 0x0000000748600000, 0x0000000748600000| Untracked 
|  55|0x0000000748600000, 0x0000000748800000, 0x0000000748800000|100%| O|  |TAMS 0x0000000748800000, 0x0000000748800000| Untracked 
|  56|0x0000000748800000, 0x0000000748a00000, 0x0000000748a00000|100%| O|  |TAMS 0x0000000748a00000, 0x0000000748a00000| Untracked 
|  57|0x0000000748a00000, 0x0000000748c00000, 0x0000000748c00000|100%| O|  |TAMS 0x0000000748c00000, 0x0000000748c00000| Untracked 
|  58|0x0000000748c00000, 0x0000000748e00000, 0x0000000748e00000|100%| O|  |TAMS 0x0000000748e00000, 0x0000000748e00000| Untracked 
|  59|0x0000000748e00000, 0x0000000749000000, 0x0000000749000000|100%| O|  |TAMS 0x0000000749000000, 0x0000000749000000| Untracked 
|  60|0x0000000749000000, 0x0000000749200000, 0x0000000749200000|100%| O|  |TAMS 0x0000000749200000, 0x0000000749200000| Untracked 
|  61|0x0000000749200000, 0x0000000749400000, 0x0000000749400000|100%| O|  |TAMS 0x0000000749400000, 0x0000000749400000| Untracked 
|  62|0x0000000749400000, 0x0000000749600000, 0x0000000749600000|100%| O|  |TAMS 0x0000000749600000, 0x0000000749600000| Untracked 
|  63|0x0000000749600000, 0x0000000749800000, 0x0000000749800000|100%| O|  |TAMS 0x0000000749800000, 0x0000000749800000| Untracked 
|  64|0x0000000749800000, 0x0000000749a00000, 0x0000000749a00000|100%| O|  |TAMS 0x0000000749a00000, 0x0000000749a00000| Untracked 
|  65|0x0000000749a00000, 0x0000000749c00000, 0x0000000749c00000|100%| O|  |TAMS 0x0000000749c00000, 0x0000000749c00000| Untracked 
|  66|0x0000000749c00000, 0x0000000749e00000, 0x0000000749e00000|100%| O|  |TAMS 0x0000000749e00000, 0x0000000749e00000| Untracked 
|  67|0x0000000749e00000, 0x000000074a000000, 0x000000074a000000|100%| O|  |TAMS 0x000000074a000000, 0x000000074a000000| Untracked 
|  68|0x000000074a000000, 0x000000074a200000, 0x000000074a200000|100%| O|  |TAMS 0x000000074a200000, 0x000000074a200000| Untracked 
|  69|0x000000074a200000, 0x000000074a400000, 0x000000074a400000|100%| O|  |TAMS 0x000000074a400000, 0x000000074a400000| Untracked 
|  70|0x000000074a400000, 0x000000074a600000, 0x000000074a600000|100%| O|  |TAMS 0x000000074a544600, 0x000000074a600000| Untracked 
|  71|0x000000074a600000, 0x000000074a800000, 0x000000074a800000|100%| O|  |TAMS 0x000000074a600000, 0x000000074a800000| Untracked 
|  72|0x000000074a800000, 0x000000074aa00000, 0x000000074aa00000|100%|HS|  |TAMS 0x000000074a800000, 0x000000074aa00000| Complete 
|  73|0x000000074aa00000, 0x000000074ac00000, 0x000000074ac00000|100%| O|  |TAMS 0x000000074aa00000, 0x000000074ac00000| Untracked 
|  74|0x000000074ac00000, 0x000000074ae00000, 0x000000074ae00000|100%| O|  |TAMS 0x000000074ac00000, 0x000000074ae00000| Untracked 
|  75|0x000000074ae00000, 0x000000074b000000, 0x000000074b000000|100%| O|  |TAMS 0x000000074ae00000, 0x000000074b000000| Untracked 
|  76|0x000000074b000000, 0x000000074b200000, 0x000000074b200000|100%| O|  |TAMS 0x000000074b000000, 0x000000074b200000| Untracked 
|  77|0x000000074b200000, 0x000000074b400000, 0x000000074b400000|100%| O|  |TAMS 0x000000074b200000, 0x000000074b400000| Untracked 
|  78|0x000000074b400000, 0x000000074b600000, 0x000000074b600000|100%| O|  |TAMS 0x000000074b400000, 0x000000074b600000| Untracked 
|  79|0x000000074b600000, 0x000000074b800000, 0x000000074b800000|100%| O|  |TAMS 0x000000074b600000, 0x000000074b800000| Untracked 
|  80|0x000000074b800000, 0x000000074ba00000, 0x000000074ba00000|100%| O|  |TAMS 0x000000074b800000, 0x000000074ba00000| Untracked 
|  81|0x000000074ba00000, 0x000000074bc00000, 0x000000074bc00000|100%| O|  |TAMS 0x000000074ba00000, 0x000000074bc00000| Untracked 
|  82|0x000000074bc00000, 0x000000074be00000, 0x000000074be00000|100%| O|  |TAMS 0x000000074bc00000, 0x000000074be00000| Untracked 
|  83|0x000000074be00000, 0x000000074c000000, 0x000000074c000000|100%| O|  |TAMS 0x000000074be00000, 0x000000074c000000| Untracked 
|  84|0x000000074c000000, 0x000000074c1abe00, 0x000000074c200000| 83%| O|  |TAMS 0x000000074c000000, 0x000000074c1abe00| Untracked 
|  85|0x000000074c200000, 0x000000074c200000, 0x000000074c400000|  0%| F|  |TAMS 0x000000074c200000, 0x000000074c200000| Untracked 
|  86|0x000000074c400000, 0x000000074c400000, 0x000000074c600000|  0%| F|  |TAMS 0x000000074c400000, 0x000000074c400000| Untracked 
|  87|0x000000074c600000, 0x000000074c600000, 0x000000074c800000|  0%| F|  |TAMS 0x000000074c600000, 0x000000074c600000| Untracked 
|  88|0x000000074c800000, 0x000000074c800000, 0x000000074ca00000|  0%| F|  |TAMS 0x000000074c800000, 0x000000074c800000| Untracked 
|  89|0x000000074ca00000, 0x000000074ca00000, 0x000000074cc00000|  0%| F|  |TAMS 0x000000074ca00000, 0x000000074ca00000| Untracked 
|  90|0x000000074cc00000, 0x000000074cc00000, 0x000000074ce00000|  0%| F|  |TAMS 0x000000074cc00000, 0x000000074cc00000| Untracked 
|  91|0x000000074ce00000, 0x000000074ce00000, 0x000000074d000000|  0%| F|  |TAMS 0x000000074ce00000, 0x000000074ce00000| Untracked 
|  92|0x000000074d000000, 0x000000074d000000, 0x000000074d200000|  0%| F|  |TAMS 0x000000074d000000, 0x000000074d000000| Untracked 
|  93|0x000000074d200000, 0x000000074d200000, 0x000000074d400000|  0%| F|  |TAMS 0x000000074d200000, 0x000000074d200000| Untracked 
|  94|0x000000074d400000, 0x000000074d400000, 0x000000074d600000|  0%| F|  |TAMS 0x000000074d400000, 0x000000074d400000| Untracked 
|  95|0x000000074d600000, 0x000000074d600000, 0x000000074d800000|  0%| F|  |TAMS 0x000000074d600000, 0x000000074d600000| Untracked 
|  96|0x000000074d800000, 0x000000074d800000, 0x000000074da00000|  0%| F|  |TAMS 0x000000074d800000, 0x000000074d800000| Untracked 
|  97|0x000000074da00000, 0x000000074da00000, 0x000000074dc00000|  0%| F|  |TAMS 0x000000074da00000, 0x000000074da00000| Untracked 
|  98|0x000000074dc00000, 0x000000074dc00000, 0x000000074de00000|  0%| F|  |TAMS 0x000000074dc00000, 0x000000074dc00000| Untracked 
|  99|0x000000074de00000, 0x000000074de00000, 0x000000074e000000|  0%| F|  |TAMS 0x000000074de00000, 0x000000074de00000| Untracked 
| 100|0x000000074e000000, 0x000000074e000000, 0x000000074e200000|  0%| F|  |TAMS 0x000000074e000000, 0x000000074e000000| Untracked 
| 101|0x000000074e200000, 0x000000074e200000, 0x000000074e400000|  0%| F|  |TAMS 0x000000074e200000, 0x000000074e200000| Untracked 
| 102|0x000000074e400000, 0x000000074e400000, 0x000000074e600000|  0%| F|  |TAMS 0x000000074e400000, 0x000000074e400000| Untracked 
| 103|0x000000074e600000, 0x000000074e600000, 0x000000074e800000|  0%| F|  |TAMS 0x000000074e600000, 0x000000074e600000| Untracked 
| 104|0x000000074e800000, 0x000000074e800000, 0x000000074ea00000|  0%| F|  |TAMS 0x000000074e800000, 0x000000074e800000| Untracked 
| 105|0x000000074ea00000, 0x000000074ea00000, 0x000000074ec00000|  0%| F|  |TAMS 0x000000074ea00000, 0x000000074ea00000| Untracked 
| 106|0x000000074ec00000, 0x000000074ec00000, 0x000000074ee00000|  0%| F|  |TAMS 0x000000074ec00000, 0x000000074ec00000| Untracked 
| 107|0x000000074ee00000, 0x000000074ee00000, 0x000000074f000000|  0%| F|  |TAMS 0x000000074ee00000, 0x000000074ee00000| Untracked 
| 108|0x000000074f000000, 0x000000074f000000, 0x000000074f200000|  0%| F|  |TAMS 0x000000074f000000, 0x000000074f000000| Untracked 
| 109|0x000000074f200000, 0x000000074f3469d0, 0x000000074f400000| 63%| S|CS|TAMS 0x000000074f200000, 0x000000074f200000| Complete 
| 110|0x000000074f400000, 0x000000074f600000, 0x000000074f600000|100%| S|CS|TAMS 0x000000074f400000, 0x000000074f400000| Complete 
| 111|0x000000074f600000, 0x000000074f800000, 0x000000074f800000|100%| S|CS|TAMS 0x000000074f600000, 0x000000074f600000| Complete 
| 112|0x000000074f800000, 0x000000074f800000, 0x000000074fa00000|  0%| F|  |TAMS 0x000000074f800000, 0x000000074f800000| Untracked 
| 113|0x000000074fa00000, 0x000000074fa00000, 0x000000074fc00000|  0%| F|  |TAMS 0x000000074fa00000, 0x000000074fa00000| Untracked 
| 114|0x000000074fc00000, 0x000000074fc00000, 0x000000074fe00000|  0%| F|  |TAMS 0x000000074fc00000, 0x000000074fc00000| Untracked 
| 115|0x000000074fe00000, 0x000000074fe00000, 0x0000000750000000|  0%| F|  |TAMS 0x000000074fe00000, 0x000000074fe00000| Untracked 
| 116|0x0000000750000000, 0x0000000750000000, 0x0000000750200000|  0%| F|  |TAMS 0x0000000750000000, 0x0000000750000000| Untracked 
| 117|0x0000000750200000, 0x0000000750200000, 0x0000000750400000|  0%| F|  |TAMS 0x0000000750200000, 0x0000000750200000| Untracked 
| 118|0x0000000750400000, 0x0000000750400000, 0x0000000750600000|  0%| F|  |TAMS 0x0000000750400000, 0x0000000750400000| Untracked 
| 119|0x0000000750600000, 0x0000000750600000, 0x0000000750800000|  0%| F|  |TAMS 0x0000000750600000, 0x0000000750600000| Untracked 
| 120|0x0000000750800000, 0x0000000750800000, 0x0000000750a00000|  0%| F|  |TAMS 0x0000000750800000, 0x0000000750800000| Untracked 
| 121|0x0000000750a00000, 0x0000000750a00000, 0x0000000750c00000|  0%| F|  |TAMS 0x0000000750a00000, 0x0000000750a00000| Untracked 
| 122|0x0000000750c00000, 0x0000000750c00000, 0x0000000750e00000|  0%| F|  |TAMS 0x0000000750c00000, 0x0000000750c00000| Untracked 
| 123|0x0000000750e00000, 0x0000000750e00000, 0x0000000751000000|  0%| F|  |TAMS 0x0000000750e00000, 0x0000000750e00000| Untracked 
| 124|0x0000000751000000, 0x0000000751000000, 0x0000000751200000|  0%| F|  |TAMS 0x0000000751000000, 0x0000000751000000| Untracked 
| 125|0x0000000751200000, 0x0000000751200000, 0x0000000751400000|  0%| F|  |TAMS 0x0000000751200000, 0x0000000751200000| Untracked 
| 126|0x0000000751400000, 0x0000000751400000, 0x0000000751600000|  0%| F|  |TAMS 0x0000000751400000, 0x0000000751400000| Untracked 
| 127|0x0000000751600000, 0x0000000751600000, 0x0000000751800000|  0%| F|  |TAMS 0x0000000751600000, 0x0000000751600000| Untracked 
| 128|0x0000000751800000, 0x0000000751800000, 0x0000000751a00000|  0%| F|  |TAMS 0x0000000751800000, 0x0000000751800000| Untracked 
| 129|0x0000000751a00000, 0x0000000751a00000, 0x0000000751c00000|  0%| F|  |TAMS 0x0000000751a00000, 0x0000000751a00000| Untracked 
| 130|0x0000000751c00000, 0x0000000751c00000, 0x0000000751e00000|  0%| F|  |TAMS 0x0000000751c00000, 0x0000000751c00000| Untracked 
| 131|0x0000000751e00000, 0x0000000751e00000, 0x0000000752000000|  0%| F|  |TAMS 0x0000000751e00000, 0x0000000751e00000| Untracked 
| 132|0x0000000752000000, 0x0000000752000000, 0x0000000752200000|  0%| F|  |TAMS 0x0000000752000000, 0x0000000752000000| Untracked 
| 133|0x0000000752200000, 0x0000000752200000, 0x0000000752400000|  0%| F|  |TAMS 0x0000000752200000, 0x0000000752200000| Untracked 
| 134|0x0000000752400000, 0x0000000752400000, 0x0000000752600000|  0%| F|  |TAMS 0x0000000752400000, 0x0000000752400000| Untracked 
| 135|0x0000000752600000, 0x0000000752600000, 0x0000000752800000|  0%| F|  |TAMS 0x0000000752600000, 0x0000000752600000| Untracked 
| 136|0x0000000752800000, 0x0000000752800000, 0x0000000752a00000|  0%| F|  |TAMS 0x0000000752800000, 0x0000000752800000| Untracked 
| 137|0x0000000752a00000, 0x0000000752a00000, 0x0000000752c00000|  0%| F|  |TAMS 0x0000000752a00000, 0x0000000752a00000| Untracked 

Card table byte_map: [0x000002417bc70000,0x000002417c270000] _byte_map_base: 0x0000024178264000

Marking Bits (Prev, Next): (CMBitMap*) 0x000002416875c9b0, (CMBitMap*) 0x000002416875c9f0
 Prev Bits: [0x000002417c870000, 0x000002417f810000)
 Next Bits: [0x0000024100000000, 0x0000024102fa0000)

Polling page: 0x0000024166620000

Metaspace:

Usage:
  Non-class:     99.19 MB used.
      Class:     15.59 MB used.
       Both:    114.78 MB used.

Virtual space:
  Non-class space:      128.00 MB reserved,      99.69 MB ( 78%) committed,  2 nodes.
      Class space:        1.00 GB reserved,      16.00 MB (  2%) committed,  1 nodes.
             Both:        1.12 GB reserved,     115.69 MB ( 10%) committed. 

Chunk freelists:
   Non-Class:  11.70 MB
       Class:  16.00 KB
        Both:  11.72 MB

MaxMetaspaceSize: unlimited
CompressedClassSpaceSize: 1.00 GB
Initial GC threshold: 21.00 MB
Current GC threshold: 187.81 MB
CDS: off
MetaspaceReclaimPolicy: balanced
 - commit_granule_bytes: 65536.
 - commit_granule_words: 8192.
 - virtual_space_node_default_size: 8388608.
 - enlarge_chunks_in_place: 1.
 - new_chunks_are_fully_committed: 0.
 - uncommit_free_chunks: 1.
 - use_allocation_guard: 0.
 - handle_deallocations: 1.


Internal statistics:

num_allocs_failed_limit: 6.
num_arena_births: 1334.
num_arena_deaths: 6.
num_vsnodes_births: 3.
num_vsnodes_deaths: 0.
num_space_committed: 1850.
num_space_uncommitted: 0.
num_chunks_returned_to_freelist: 15.
num_chunks_taken_from_freelist: 5943.
num_chunk_merges: 6.
num_chunk_splits: 3861.
num_chunks_enlarged: 2454.
num_inconsistent_stats: 0.

CodeHeap 'non-profiled nmethods': size=119168Kb used=10288Kb max_used=10568Kb free=108879Kb
 bounds [0x0000024173770000, 0x00000241741e0000, 0x000002417abd0000]
CodeHeap 'profiled nmethods': size=119104Kb used=28064Kb max_used=29128Kb free=91039Kb
 bounds [0x000002416bbd0000, 0x000002416d860000, 0x0000024173020000]
CodeHeap 'non-nmethods': size=7488Kb used=4107Kb max_used=4213Kb free=3380Kb
 bounds [0x0000024173020000, 0x0000024173450000, 0x0000024173770000]
 total_blobs=14973 nmethods=14019 adapters=863
 compilation: enabled
              stopped_count=0, restarted_count=0
 full_count=0

Compilation events (20 events):
Event: 11.544 Thread 0x000002410a1f7e70 nmethod 16947 0x000002417411bb10 code [0x000002417411bca0, 0x000002417411bd78]
Event: 11.545 Thread 0x000002410a1f7e70 16948   !   3       java.io.BufferedReader::readLine (327 bytes)
Event: 11.545 Thread 0x000002410a1978c0 nmethod 16944 0x000002416d5c1390 code [0x000002416d5c1960, 0x000002416d5c4c38]
Event: 11.545 Thread 0x000002410a0be690 16949       3       java.io.BufferedReader::ensureOpen (18 bytes)
Event: 11.545 Thread 0x000002410a1978c0 16951       3       android.databinding.tool.util.XmlEditor::expressionAttributes (106 bytes)
Event: 11.545 Thread 0x000002410a2ffc70 nmethod 16946 0x000002416c58d810 code [0x000002416c58da40, 0x000002416c58e3f8]
Event: 11.545 Thread 0x000002410a2ffc70 16950       3       android.databinding.tool.util.XmlEditor::nodeName (10 bytes)
Event: 11.545 Thread 0x000002410a0be690 nmethod 16949 0x000002416d823b90 code [0x000002416d823d40, 0x000002416d823f48]
Event: 11.546 Thread 0x000002410a2ffc70 nmethod 16950 0x000002416c712510 code [0x000002416c7126c0, 0x000002416c712848]
Event: 11.547 Thread 0x000002410a1978c0 nmethod 16951 0x000002416be90090 code [0x000002416be903a0, 0x000002416be91728]
Event: 11.547 Thread 0x000002410a1f7e70 nmethod 16948 0x000002416d514990 code [0x000002416d514ca0, 0x000002416d515fd8]
Event: 11.548 Thread 0x000002410a2ffc70 16957       3       android.databinding.internal.org.antlr.v4.runtime.RuleContext::getPayload (5 bytes)
Event: 11.548 Thread 0x000002410a1978c0 16958       3       android.databinding.internal.org.antlr.v4.runtime.RuleContext::getPayload (2 bytes)
Event: 11.548 Thread 0x000002410a0be690 16959       3       android.databinding.internal.org.antlr.v4.runtime.tree.Trees::toStringTree (120 bytes)
Event: 11.548 Thread 0x000002410a1978c0 nmethod 16958 0x000002416d687d10 code [0x000002416d687ea0, 0x000002416d687fb8]
Event: 11.548 Thread 0x000002410a2ffc70 nmethod 16957 0x000002416c55e410 code [0x000002416c55e5a0, 0x000002416c55e798]
Event: 11.548 Thread 0x000002410a2fec80 nmethod 16925 0x0000024173d22e10 code [0x0000024173d22fa0, 0x0000024173d23258]
Event: 11.548 Thread 0x000002410a2fec80 16953       4       android.databinding.internal.org.antlr.v4.runtime.BufferedTokenStream::fetch (89 bytes)
Event: 11.549 Thread 0x000002410a0be690 nmethod 16959 0x000002416d556590 code [0x000002416d556880, 0x000002416d557508]
Event: 11.550 Thread 0x000002410a1978c0 16960       3       com.sun.org.apache.xpath.internal.compiler.OpMap::getTokenQueueSize (8 bytes)

GC Heap History (20 events):
Event: 9.005 GC heap after
{Heap after GC invocations=52 (full 0):
 garbage-first heap   total 215040K, used 130591K [0x0000000741800000, 0x0000000800000000)
  region size 2048K, 4 young (8192K), 4 survivors (8192K)
 Metaspace       used 110413K, committed 111296K, reserved 1179648K
  class space    used 15127K, committed 15552K, reserved 1048576K
}
Event: 9.149 GC heap before
{Heap before GC invocations=52 (full 0):
 garbage-first heap   total 215040K, used 171551K [0x0000000741800000, 0x0000000800000000)
  region size 2048K, 25 young (51200K), 4 survivors (8192K)
 Metaspace       used 110930K, committed 111872K, reserved 1179648K
  class space    used 15231K, committed 15680K, reserved 1048576K
}
Event: 9.151 GC heap after
{Heap after GC invocations=53 (full 0):
 garbage-first heap   total 215040K, used 132221K [0x0000000741800000, 0x0000000800000000)
  region size 2048K, 2 young (4096K), 2 survivors (4096K)
 Metaspace       used 110930K, committed 111872K, reserved 1179648K
  class space    used 15231K, committed 15680K, reserved 1048576K
}
Event: 9.289 GC heap before
{Heap before GC invocations=54 (full 0):
 garbage-first heap   total 235520K, used 175229K [0x0000000741800000, 0x0000000800000000)
  region size 2048K, 24 young (49152K), 2 survivors (4096K)
 Metaspace       used 111048K, committed 112000K, reserved 1179648K
  class space    used 15235K, committed 15680K, reserved 1048576K
}
Event: 9.290 GC heap after
{Heap after GC invocations=55 (full 0):
 garbage-first heap   total 235520K, used 133034K [0x0000000741800000, 0x0000000800000000)
  region size 2048K, 2 young (4096K), 2 survivors (4096K)
 Metaspace       used 111048K, committed 112000K, reserved 1179648K
  class space    used 15235K, committed 15680K, reserved 1048576K
}
Event: 9.306 GC heap before
{Heap before GC invocations=55 (full 0):
 garbage-first heap   total 235520K, used 139178K [0x0000000741800000, 0x0000000800000000)
  region size 2048K, 5 young (10240K), 2 survivors (4096K)
 Metaspace       used 111051K, committed 112000K, reserved 1179648K
  class space    used 15235K, committed 15680K, reserved 1048576K
}
Event: 9.308 GC heap after
{Heap after GC invocations=56 (full 0):
 garbage-first heap   total 282624K, used 131265K [0x0000000741800000, 0x0000000800000000)
  region size 2048K, 1 young (2048K), 1 survivors (2048K)
 Metaspace       used 111051K, committed 112000K, reserved 1179648K
  class space    used 15235K, committed 15680K, reserved 1048576K
}
Event: 9.798 GC heap before
{Heap before GC invocations=56 (full 0):
 garbage-first heap   total 282624K, used 225473K [0x0000000741800000, 0x0000000800000000)
  region size 2048K, 48 young (98304K), 1 survivors (2048K)
 Metaspace       used 112715K, committed 113600K, reserved 1179648K
  class space    used 15456K, committed 15872K, reserved 1048576K
}
Event: 9.801 GC heap after
{Heap after GC invocations=57 (full 0):
 garbage-first heap   total 282624K, used 136204K [0x0000000741800000, 0x0000000800000000)
  region size 2048K, 4 young (8192K), 4 survivors (8192K)
 Metaspace       used 112715K, committed 113600K, reserved 1179648K
  class space    used 15456K, committed 15872K, reserved 1048576K
}
Event: 10.498 GC heap before
{Heap before GC invocations=58 (full 0):
 garbage-first heap   total 282624K, used 226316K [0x0000000741800000, 0x0000000800000000)
  region size 2048K, 49 young (100352K), 4 survivors (8192K)
 Metaspace       used 114373K, committed 115264K, reserved 1179648K
  class space    used 15587K, committed 16000K, reserved 1048576K
}
Event: 10.502 GC heap after
{Heap after GC invocations=59 (full 0):
 garbage-first heap   total 282624K, used 144390K [0x0000000741800000, 0x0000000800000000)
  region size 2048K, 7 young (14336K), 7 survivors (14336K)
 Metaspace       used 114373K, committed 115264K, reserved 1179648K
  class space    used 15587K, committed 16000K, reserved 1048576K
}
Event: 10.514 GC heap before
{Heap before GC invocations=59 (full 0):
 garbage-first heap   total 282624K, used 146438K [0x0000000741800000, 0x0000000800000000)
  region size 2048K, 8 young (16384K), 7 survivors (14336K)
 Metaspace       used 114373K, committed 115264K, reserved 1179648K
  class space    used 15587K, committed 16000K, reserved 1048576K
}
Event: 10.518 GC heap after
{Heap after GC invocations=60 (full 0):
 garbage-first heap   total 282624K, used 144540K [0x0000000741800000, 0x0000000800000000)
  region size 2048K, 1 young (2048K), 1 survivors (2048K)
 Metaspace       used 114373K, committed 115264K, reserved 1179648K
  class space    used 15587K, committed 16000K, reserved 1048576K
}
Event: 10.631 GC heap before
{Heap before GC invocations=60 (full 0):
 garbage-first heap   total 282624K, used 169116K [0x0000000741800000, 0x0000000800000000)
  region size 2048K, 14 young (28672K), 1 survivors (2048K)
 Metaspace       used 114463K, committed 115392K, reserved 1179648K
  class space    used 15587K, committed 16000K, reserved 1048576K
}
Event: 10.633 GC heap after
{Heap after GC invocations=61 (full 0):
 garbage-first heap   total 282624K, used 151538K [0x0000000741800000, 0x0000000800000000)
  region size 2048K, 5 young (10240K), 5 survivors (10240K)
 Metaspace       used 114463K, committed 115392K, reserved 1179648K
  class space    used 15587K, committed 16000K, reserved 1048576K
}
Event: 11.068 GC heap before
{Heap before GC invocations=62 (full 0):
 garbage-first heap   total 282624K, used 227314K [0x0000000741800000, 0x0000000800000000)
  region size 2048K, 37 young (75776K), 5 survivors (10240K)
 Metaspace       used 114965K, committed 115904K, reserved 1179648K
  class space    used 15641K, committed 16064K, reserved 1048576K
}
Event: 11.075 GC heap after
{Heap after GC invocations=63 (full 0):
 garbage-first heap   total 282624K, used 171801K [0x0000000741800000, 0x0000000800000000)
  region size 2048K, 5 young (10240K), 5 survivors (10240K)
 Metaspace       used 114965K, committed 115904K, reserved 1179648K
  class space    used 15641K, committed 16064K, reserved 1048576K
}
Event: 11.091 GC heap before
{Heap before GC invocations=63 (full 0):
 garbage-first heap   total 282624K, used 171801K [0x0000000741800000, 0x0000000800000000)
  region size 2048K, 6 young (12288K), 5 survivors (10240K)
 Metaspace       used 114978K, committed 115968K, reserved 1179648K
  class space    used 15641K, committed 16064K, reserved 1048576K
}
Event: 11.095 GC heap after
{Heap after GC invocations=64 (full 0):
 garbage-first heap   total 282624K, used 172998K [0x0000000741800000, 0x0000000800000000)
  region size 2048K, 1 young (2048K), 1 survivors (2048K)
 Metaspace       used 114978K, committed 115968K, reserved 1179648K
  class space    used 15641K, committed 16064K, reserved 1048576K
}
Event: 11.551 GC heap before
{Heap before GC invocations=64 (full 0):
 garbage-first heap   total 282624K, used 224198K [0x0000000741800000, 0x0000000800000000)
  region size 2048K, 26 young (53248K), 1 survivors (2048K)
 Metaspace       used 117535K, committed 118464K, reserved 1179648K
  class space    used 15960K, committed 16384K, reserved 1048576K
}

Dll operation events (3 events):
Event: 0.004 Loaded shared library C:\Program Files\Android\Android Studio2\jbr\bin\java.dll
Event: 0.068 Loaded shared library C:\Program Files\Android\Android Studio2\jbr\bin\zip.dll
Event: 0.228 Loaded shared library C:\Program Files\Android\Android Studio2\jbr\bin\verify.dll

Deoptimization events (20 events):
Event: 11.428 Thread 0x0000024119ef1ab0 Uncommon trap: trap_request=0xffffffde fr.pc=0x000002417413ca50 relative=0x00000000000002f0
Event: 11.428 Thread 0x0000024119ef1ab0 Uncommon trap: reason=class_check action=maybe_recompile pc=0x000002417413ca50 method=com.sun.org.apache.xerces.internal.impl.XMLDocumentFragmentScannerImpl.scanEndElement()I @ 146 c2
Event: 11.428 Thread 0x0000024119ef1ab0 DEOPT PACKING pc=0x000002417413ca50 sp=0x00000056c38f9d90
Event: 11.428 Thread 0x0000024119ef1ab0 DEOPT UNPACKING pc=0x00000241730769a3 sp=0x00000056c38f9d30 mode 2
Event: 11.434 Thread 0x0000024119ef1ab0 Uncommon trap: trap_request=0xffffffde fr.pc=0x000002417415741c relative=0x0000000000000bbc
Event: 11.434 Thread 0x0000024119ef1ab0 Uncommon trap: reason=class_check action=maybe_recompile pc=0x000002417415741c method=com.sun.org.apache.xerces.internal.impl.XMLDocumentFragmentScannerImpl.scanDocument(Z)Z @ 9 c2
Event: 11.434 Thread 0x0000024119ef1ab0 DEOPT PACKING pc=0x000002417415741c sp=0x00000056c38f9e80
Event: 11.434 Thread 0x0000024119ef1ab0 DEOPT UNPACKING pc=0x00000241730769a3 sp=0x00000056c38f9e78 mode 2
Event: 11.437 Thread 0x0000024119ef1ab0 Uncommon trap: trap_request=0xffffffde fr.pc=0x000002417415741c relative=0x0000000000000bbc
Event: 11.437 Thread 0x0000024119ef1ab0 Uncommon trap: reason=class_check action=maybe_recompile pc=0x000002417415741c method=com.sun.org.apache.xerces.internal.impl.XMLDocumentFragmentScannerImpl.scanDocument(Z)Z @ 9 c2
Event: 11.437 Thread 0x0000024119ef1ab0 DEOPT PACKING pc=0x000002417415741c sp=0x00000056c38f9e80
Event: 11.437 Thread 0x0000024119ef1ab0 DEOPT UNPACKING pc=0x00000241730769a3 sp=0x00000056c38f9e78 mode 2
Event: 11.437 Thread 0x0000024119ef1ab0 Uncommon trap: trap_request=0xffffff45 fr.pc=0x00000241740ec808 relative=0x00000000000000e8
Event: 11.437 Thread 0x0000024119ef1ab0 Uncommon trap: reason=unstable_if action=reinterpret pc=0x00000241740ec808 method=com.sun.org.apache.xerces.internal.impl.XMLDocumentFragmentScannerImpl.getString()Lcom/sun/org/apache/xerces/internal/xni/XMLString; @ 8 c2
Event: 11.437 Thread 0x0000024119ef1ab0 DEOPT PACKING pc=0x00000241740ec808 sp=0x00000056c38f9b50
Event: 11.437 Thread 0x0000024119ef1ab0 DEOPT UNPACKING pc=0x00000241730769a3 sp=0x00000056c38f9ae0 mode 2
Event: 11.545 Thread 0x0000024119ef1ab0 Uncommon trap: trap_request=0xffffff45 fr.pc=0x0000024173817f54 relative=0x0000000000000d54
Event: 11.545 Thread 0x0000024119ef1ab0 Uncommon trap: reason=unstable_if action=reinterpret pc=0x0000024173817f54 method=java.io.BufferedReader.readLine(Z[Z)Ljava/lang/String; @ 209 c2
Event: 11.545 Thread 0x0000024119ef1ab0 DEOPT PACKING pc=0x0000024173817f54 sp=0x00000056c38f9d90
Event: 11.545 Thread 0x0000024119ef1ab0 DEOPT UNPACKING pc=0x00000241730769a3 sp=0x00000056c38f9d40 mode 2

Classes unloaded (3 events):
Event: 9.841 Thread 0x000002410a05afd0 Unloading class 0x0000000800f30800 'java/lang/invoke/LambdaForm$DMH+0x0000000800f30800'
Event: 9.841 Thread 0x000002410a05afd0 Unloading class 0x0000000800f30000 'java/lang/invoke/LambdaForm$DMH+0x0000000800f30000'
Event: 9.841 Thread 0x000002410a05afd0 Unloading class 0x0000000800f30400 'java/lang/invoke/LambdaForm$DMH+0x0000000800f30400'

Classes redefined (0 events):
No events

Internal exceptions (20 events):
Event: 11.484 Thread 0x0000024119ef1ab0 Exception <a 'sun/nio/fs/WindowsException'{0x000000074ffdd1c8}> (0x000000074ffdd1c8) 
thrown [s\src\hotspot\share\prims\jni.cpp, line 517]
Event: 11.484 Thread 0x0000024119ef1ab0 Exception <a 'sun/nio/fs/WindowsException'{0x000000074ffdd6a8}> (0x000000074ffdd6a8) 
thrown [s\src\hotspot\share\prims\jni.cpp, line 517]
Event: 11.484 Thread 0x0000024119ef1ab0 Exception <a 'sun/nio/fs/WindowsException'{0x000000074ffdf748}> (0x000000074ffdf748) 
thrown [s\src\hotspot\share\prims\jni.cpp, line 517]
Event: 11.493 Thread 0x0000024119ef1ab0 Exception <a 'sun/nio/fs/WindowsException'{0x000000074fcb5ba0}> (0x000000074fcb5ba0) 
thrown [s\src\hotspot\share\prims\jni.cpp, line 517]
Event: 11.493 Thread 0x0000024119ef1ab0 Exception <a 'sun/nio/fs/WindowsException'{0x000000074fcb6098}> (0x000000074fcb6098) 
thrown [s\src\hotspot\share\prims\jni.cpp, line 517]
Event: 11.494 Thread 0x0000024119ef1ab0 Exception <a 'sun/nio/fs/WindowsException'{0x000000074fcb8138}> (0x000000074fcb8138) 
thrown [s\src\hotspot\share\prims\jni.cpp, line 517]
Event: 11.501 Thread 0x0000024119ef1ab0 Exception <a 'sun/nio/fs/WindowsException'{0x000000074fd439d8}> (0x000000074fd439d8) 
thrown [s\src\hotspot\share\prims\jni.cpp, line 517]
Event: 11.507 Thread 0x0000024119ef1ab0 Exception <a 'sun/nio/fs/WindowsException'{0x000000074fdb5560}> (0x000000074fdb5560) 
thrown [s\src\hotspot\share\prims\jni.cpp, line 517]
Event: 11.514 Thread 0x0000024119ef1ab0 Exception <a 'sun/nio/fs/WindowsException'{0x000000074fa1e938}> (0x000000074fa1e938) 
thrown [s\src\hotspot\share\prims\jni.cpp, line 517]
Event: 11.519 Thread 0x0000024119ef1ab0 Exception <a 'sun/nio/fs/WindowsException'{0x000000074fa8bff0}> (0x000000074fa8bff0) 
thrown [s\src\hotspot\share\prims\jni.cpp, line 517]
Event: 11.528 Thread 0x0000024119ef1ab0 Exception <a 'sun/nio/fs/WindowsException'{0x000000074fb2e448}> (0x000000074fb2e448) 
thrown [s\src\hotspot\share\prims\jni.cpp, line 517]
Event: 11.528 Thread 0x0000024119ef1ab0 Exception <a 'sun/nio/fs/WindowsException'{0x000000074fb2e958}> (0x000000074fb2e958) 
thrown [s\src\hotspot\share\prims\jni.cpp, line 517]
Event: 11.528 Thread 0x0000024119ef1ab0 Exception <a 'sun/nio/fs/WindowsException'{0x000000074fb309f8}> (0x000000074fb309f8) 
thrown [s\src\hotspot\share\prims\jni.cpp, line 517]
Event: 11.534 Thread 0x0000024119ef1ab0 Exception <a 'sun/nio/fs/WindowsException'{0x000000074fbf9048}> (0x000000074fbf9048) 
thrown [s\src\hotspot\share\prims\jni.cpp, line 517]
Event: 11.534 Thread 0x0000024119ef1ab0 Exception <a 'sun/nio/fs/WindowsException'{0x000000074fbf9520}> (0x000000074fbf9520) 
thrown [s\src\hotspot\share\prims\jni.cpp, line 517]
Event: 11.535 Thread 0x0000024119ef1ab0 Exception <a 'sun/nio/fs/WindowsException'{0x000000074fbfb5c0}> (0x000000074fbfb5c0) 
thrown [s\src\hotspot\share\prims\jni.cpp, line 517]
Event: 11.540 Thread 0x0000024119ef1ab0 Exception <a 'sun/nio/fs/WindowsException'{0x000000074f88a180}> (0x000000074f88a180) 
thrown [s\src\hotspot\share\prims\jni.cpp, line 517]
Event: 11.545 Thread 0x0000024119ef1ab0 Exception <a 'sun/nio/fs/WindowsException'{0x000000074f95ec18}> (0x000000074f95ec18) 
thrown [s\src\hotspot\share\prims\jni.cpp, line 517]
Event: 11.545 Thread 0x0000024119ef1ab0 Exception <a 'sun/nio/fs/WindowsException'{0x000000074f95f0e8}> (0x000000074f95f0e8) 
thrown [s\src\hotspot\share\prims\jni.cpp, line 517]
Event: 11.546 Thread 0x0000024119ef1ab0 Exception <a 'sun/nio/fs/WindowsException'{0x000000074f961188}> (0x000000074f961188) 
thrown [s\src\hotspot\share\prims\jni.cpp, line 517]

VM Operations (20 events):
Event: 10.975 Executing VM operation: HandshakeAllThreads done
Event: 11.068 Executing VM operation: G1CollectForAllocation
Event: 11.075 Executing VM operation: G1CollectForAllocation done
Event: 11.091 Executing VM operation: G1CollectForAllocation
Event: 11.095 Executing VM operation: G1CollectForAllocation done
Event: 11.152 Executing VM operation: HandshakeAllThreads
Event: 11.152 Executing VM operation: HandshakeAllThreads done
Event: 11.188 Executing VM operation: HandshakeAllThreads
Event: 11.188 Executing VM operation: HandshakeAllThreads done
Event: 11.318 Executing VM operation: HandshakeAllThreads
Event: 11.318 Executing VM operation: HandshakeAllThreads done
Event: 11.369 Executing VM operation: HandshakeAllThreads
Event: 11.369 Executing VM operation: HandshakeAllThreads done
Event: 11.386 Executing VM operation: HandshakeAllThreads
Event: 11.386 Executing VM operation: HandshakeAllThreads done
Event: 11.401 Executing VM operation: ICBufferFull
Event: 11.401 Executing VM operation: ICBufferFull done
Event: 11.437 Executing VM operation: HandshakeAllThreads
Event: 11.438 Executing VM operation: HandshakeAllThreads done
Event: 11.551 Executing VM operation: G1CollectForAllocation

Events (20 events):
Event: 11.453 Thread 0x000002410a0bffb0 flushing nmethod 0x000002416d7db410
Event: 11.453 Thread 0x000002410a0bffb0 flushing nmethod 0x000002416d7e0090
Event: 11.453 Thread 0x000002410a0bffb0 flushing nmethod 0x000002416d7e0490
Event: 11.453 Thread 0x000002410a0bffb0 flushing nmethod 0x000002416d7e0d90
Event: 11.453 Thread 0x000002410a0bffb0 flushing nmethod 0x000002416d7e1d90
Event: 11.453 Thread 0x000002410a0bffb0 flushing nmethod 0x000002416d7e7c90
Event: 11.453 Thread 0x000002410a0bffb0 flushing nmethod 0x000002416d7f3910
Event: 11.453 Thread 0x000002410a0bffb0 flushing nmethod 0x000002416d7f5690
Event: 11.453 Thread 0x000002410a0bffb0 flushing nmethod 0x000002416d7ffa90
Event: 11.453 Thread 0x000002410a0bffb0 flushing nmethod 0x000002416d800610
Event: 11.453 Thread 0x000002410a0bffb0 flushing nmethod 0x000002416d802310
Event: 11.453 Thread 0x000002410a0bffb0 flushing nmethod 0x000002416d802710
Event: 11.453 Thread 0x000002410a0bffb0 flushing nmethod 0x000002416d808e90
Event: 11.453 Thread 0x000002410a0bffb0 flushing nmethod 0x000002416d80af90
Event: 11.453 Thread 0x000002410a0bffb0 flushing nmethod 0x000002416d80c090
Event: 11.453 Thread 0x000002410a0bffb0 flushing nmethod 0x000002416d810710
Event: 11.453 Thread 0x000002410a0bffb0 flushing nmethod 0x000002416d81fb90
Event: 11.453 Thread 0x000002410a0bffb0 flushing nmethod 0x000002416d820110
Event: 11.453 Thread 0x000002410a0bffb0 flushing nmethod 0x000002416d823b90
Event: 11.453 Thread 0x000002410a0bffb0 flushing nmethod 0x000002416d824490


Dynamic libraries:
0x00007ff621960000 - 0x00007ff62196a000 	C:\Program Files\Android\Android Studio2\jbr\bin\java.exe
0x00007ffa77f70000 - 0x00007ffa78187000 	C:\WINDOWS\SYSTEM32\ntdll.dll
0x00007ffa76640000 - 0x00007ffa76704000 	C:\WINDOWS\System32\KERNEL32.DLL
0x00007ffa752b0000 - 0x00007ffa75667000 	C:\WINDOWS\System32\KERNELBASE.dll
0x00007ffa75b80000 - 0x00007ffa75c91000 	C:\WINDOWS\System32\ucrtbase.dll
0x00007ffa6c360000 - 0x00007ffa6c377000 	C:\Program Files\Android\Android Studio2\jbr\bin\jli.dll
0x00007ffa55660000 - 0x00007ffa5567b000 	C:\Program Files\Android\Android Studio2\jbr\bin\VCRUNTIME140.dll
0x00007ffa76290000 - 0x00007ffa7643f000 	C:\WINDOWS\System32\USER32.dll
0x00007ffa61aa0000 - 0x00007ffa61d33000 	C:\WINDOWS\WinSxS\amd64_microsoft.windows.common-controls_6595b64144ccf1df_6.0.22621.3672_none_2713b9d173822955\COMCTL32.dll
0x00007ffa75a60000 - 0x00007ffa75a86000 	C:\WINDOWS\System32\win32u.dll
0x00007ffa77a60000 - 0x00007ffa77a89000 	C:\WINDOWS\System32\GDI32.dll
0x00007ffa75670000 - 0x00007ffa75788000 	C:\WINDOWS\System32\gdi32full.dll
0x00007ffa76870000 - 0x00007ffa76917000 	C:\WINDOWS\System32\msvcrt.dll
0x00007ffa75790000 - 0x00007ffa7582a000 	C:\WINDOWS\System32\msvcp_win.dll
0x00007ffa76ad0000 - 0x00007ffa76b01000 	C:\WINDOWS\System32\IMM32.DLL
0x00007ffa61470000 - 0x00007ffa6147c000 	C:\Program Files\Android\Android Studio2\jbr\bin\vcruntime140_1.dll
0x00007ffa20c10000 - 0x00007ffa20c9d000 	C:\Program Files\Android\Android Studio2\jbr\bin\msvcp140.dll
0x00007ffa15620000 - 0x00007ffa162a3000 	C:\Program Files\Android\Android Studio2\jbr\bin\server\jvm.dll
0x00007ffa77020000 - 0x00007ffa770d2000 	C:\WINDOWS\System32\ADVAPI32.dll
0x00007ffa77140000 - 0x00007ffa771e8000 	C:\WINDOWS\System32\sechost.dll
0x00007ffa75280000 - 0x00007ffa752a8000 	C:\WINDOWS\System32\bcrypt.dll
0x00007ffa75d50000 - 0x00007ffa75e64000 	C:\WINDOWS\System32\RPCRT4.dll
0x00007ffa740f0000 - 0x00007ffa7413d000 	C:\WINDOWS\SYSTEM32\POWRPROF.dll
0x00007ffa6e100000 - 0x00007ffa6e109000 	C:\WINDOWS\SYSTEM32\WSOCK32.dll
0x00007ffa77e90000 - 0x00007ffa77f01000 	C:\WINDOWS\System32\WS2_32.dll
0x00007ffa6eda0000 - 0x00007ffa6edd4000 	C:\WINDOWS\SYSTEM32\WINMM.dll
0x00007ffa6b8b0000 - 0x00007ffa6b8ba000 	C:\WINDOWS\SYSTEM32\VERSION.dll
0x00007ffa740d0000 - 0x00007ffa740e3000 	C:\WINDOWS\SYSTEM32\UMPDC.dll
0x00007ffa74320000 - 0x00007ffa74338000 	C:\WINDOWS\SYSTEM32\kernel.appcore.dll
0x00007ffa700b0000 - 0x00007ffa700ba000 	C:\Program Files\Android\Android Studio2\jbr\bin\jimage.dll
0x00007ffa72aa0000 - 0x00007ffa72cd2000 	C:\WINDOWS\SYSTEM32\DBGHELP.DLL
0x00007ffa75ef0000 - 0x00007ffa7627e000 	C:\WINDOWS\System32\combase.dll
0x00007ffa76460000 - 0x00007ffa76537000 	C:\WINDOWS\System32\OLEAUT32.dll
0x00007ffa65ec0000 - 0x00007ffa65ef2000 	C:\WINDOWS\SYSTEM32\dbgcore.DLL
0x00007ffa75a90000 - 0x00007ffa75b0b000 	C:\WINDOWS\System32\bcryptPrimitives.dll
0x00007ffa6c600000 - 0x00007ffa6c60e000 	C:\Program Files\Android\Android Studio2\jbr\bin\instrument.dll
0x00007ffa6fca0000 - 0x00007ffa6fcc5000 	C:\Program Files\Android\Android Studio2\jbr\bin\java.dll
0x00007ffa6fc80000 - 0x00007ffa6fc98000 	C:\Program Files\Android\Android Studio2\jbr\bin\zip.dll
0x00007ffa771f0000 - 0x00007ffa77a59000 	C:\WINDOWS\System32\SHELL32.dll
0x00007ffa731b0000 - 0x00007ffa73aaf000 	C:\WINDOWS\SYSTEM32\windows.storage.dll
0x00007ffa73070000 - 0x00007ffa731af000 	C:\WINDOWS\SYSTEM32\wintypes.dll
0x00007ffa76540000 - 0x00007ffa76639000 	C:\WINDOWS\System32\SHCORE.dll
0x00007ffa77e30000 - 0x00007ffa77e8e000 	C:\WINDOWS\System32\shlwapi.dll
0x00007ffa751b0000 - 0x00007ffa751d7000 	C:\WINDOWS\SYSTEM32\profapi.dll
0x00007ffa6eee0000 - 0x00007ffa6eef9000 	C:\Program Files\Android\Android Studio2\jbr\bin\net.dll
0x00007ffa70cb0000 - 0x00007ffa70de6000 	C:\WINDOWS\SYSTEM32\WINHTTP.dll
0x00007ffa747e0000 - 0x00007ffa74849000 	C:\WINDOWS\system32\mswsock.dll
0x00007ffa6ee40000 - 0x00007ffa6ee56000 	C:\Program Files\Android\Android Studio2\jbr\bin\nio.dll
0x00007ffa6c610000 - 0x00007ffa6c620000 	C:\Program Files\Android\Android Studio2\jbr\bin\verify.dll
0x00007ffa51db0000 - 0x00007ffa51dd7000 	C:\Users\Hashem Arenat\.gradle\native\c067742578af261105cb4f569cf0c3c89f3d7b1fecec35dd04571415982c5e48\windows-amd64\native-platform.dll
0x00007ffa58ec0000 - 0x00007ffa59004000 	C:\Users\Hashem Arenat\.gradle\native\38dada09dfb8b06ba9b0570ebf7e218e3eb74d4ef43ca46872605cf95ebc2f47\windows-amd64\native-platform-file-events.dll
0x00007ffa6e820000 - 0x00007ffa6e829000 	C:\Program Files\Android\Android Studio2\jbr\bin\management.dll
0x00007ffa6e5c0000 - 0x00007ffa6e5cb000 	C:\Program Files\Android\Android Studio2\jbr\bin\management_ext.dll
0x00007ffa76280000 - 0x00007ffa76288000 	C:\WINDOWS\System32\PSAPI.DLL
0x00007ffa74b30000 - 0x00007ffa74b4b000 	C:\WINDOWS\SYSTEM32\CRYPTSP.dll
0x00007ffa742e0000 - 0x00007ffa74315000 	C:\WINDOWS\system32\rsaenh.dll
0x00007ffa74880000 - 0x00007ffa748a8000 	C:\WINDOWS\SYSTEM32\USERENV.dll
0x00007ffa74b10000 - 0x00007ffa74b1c000 	C:\WINDOWS\SYSTEM32\CRYPTBASE.dll
0x00007ffa73d80000 - 0x00007ffa73dad000 	C:\WINDOWS\SYSTEM32\IPHLPAPI.DLL
0x00007ffa76440000 - 0x00007ffa76449000 	C:\WINDOWS\System32\NSI.dll
0x00007ffa70890000 - 0x00007ffa708a9000 	C:\WINDOWS\SYSTEM32\dhcpcsvc6.DLL
0x00007ffa70870000 - 0x00007ffa7088f000 	C:\WINDOWS\SYSTEM32\dhcpcsvc.DLL
0x00007ffa73df0000 - 0x00007ffa73ef2000 	C:\WINDOWS\SYSTEM32\DNSAPI.dll
0x00007ffa6fbe0000 - 0x00007ffa6fbe9000 	C:\Program Files\Android\Android Studio2\jbr\bin\extnet.dll
0x00007ffa65ff0000 - 0x00007ffa65ff8000 	C:\WINDOWS\system32\wshunix.dll
0x00007ffa1fe10000 - 0x00007ffa1fe27000 	C:\WINDOWS\system32\napinsp.dll
0x00007ffa1fe50000 - 0x00007ffa1fe6b000 	C:\WINDOWS\system32\pnrpnsp.dll
0x00007ffa1fe30000 - 0x00007ffa1fe41000 	C:\WINDOWS\System32\winrnr.dll
0x00007ffa6ec50000 - 0x00007ffa6ec65000 	C:\WINDOWS\system32\wshbth.dll
0x00007ffa1fe70000 - 0x00007ffa1fe97000 	C:\WINDOWS\system32\nlansp_c.dll
0x00007ffa700c0000 - 0x00007ffa700ca000 	C:\Windows\System32\rasadhlp.dll
0x00007ffa6f770000 - 0x00007ffa6f7f3000 	C:\WINDOWS\System32\fwpuclnt.dll
0x00007ffa74490000 - 0x00007ffa744c4000 	C:\WINDOWS\SYSTEM32\ntmarta.dll

dbghelp: loaded successfully - version: 4.0.5 - missing functions: none
symbol engine: initialized successfully - sym options: 0x614 - pdb path: .;C:\Program Files\Android\Android Studio2\jbr\bin;C:\WINDOWS\SYSTEM32;C:\WINDOWS\WinSxS\amd64_microsoft.windows.common-controls_6595b64144ccf1df_6.0.22621.3672_none_2713b9d173822955;C:\Program Files\Android\Android Studio2\jbr\bin\server;C:\Users\Hashem Arenat\.gradle\native\c067742578af261105cb4f569cf0c3c89f3d7b1fecec35dd04571415982c5e48\windows-amd64;C:\Users\Hashem Arenat\.gradle\native\38dada09dfb8b06ba9b0570ebf7e218e3eb74d4ef43ca46872605cf95ebc2f47\windows-amd64

VM Arguments:
jvm_args: --add-opens=java.base/java.util=ALL-UNNAMED --add-opens=java.base/java.lang=ALL-UNNAMED --add-opens=java.base/java.lang.invoke=ALL-UNNAMED --add-opens=java.prefs/java.util.prefs=ALL-UNNAMED --add-opens=java.base/java.nio.charset=ALL-UNNAMED --add-opens=java.base/java.net=ALL-UNNAMED --add-opens=java.base/java.util.concurrent.atomic=ALL-UNNAMED -Xmx3048m -Dfile.encoding=UTF-8 -Duser.country=US -Duser.language=en -Duser.variant -javaagent:C:\Users\Hashem Arenat\.gradle\wrapper\dists\gradle-8.7-bin\bhs2wmbdwecv87pi65oeuq5iu\gradle-8.7\lib\agents\gradle-instrumentation-agent-8.7.jar 
java_command: org.gradle.launcher.daemon.bootstrap.GradleDaemon 8.7
java_class_path (initial): C:\Users\Hashem Arenat\.gradle\wrapper\dists\gradle-8.7-bin\bhs2wmbdwecv87pi65oeuq5iu\gradle-8.7\lib\gradle-launcher-8.7.jar
Launcher Type: SUN_STANDARD

[Global flags]
     intx CICompilerCount                          = 12                                        {product} {ergonomic}
     uint ConcGCThreads                            = 4                                         {product} {ergonomic}
     uint G1ConcRefinementThreads                  = 15                                        {product} {ergonomic}
   size_t G1HeapRegionSize                         = 2097152                                   {product} {ergonomic}
    uintx GCDrainStackTargetSize                   = 64                                        {product} {ergonomic}
   size_t InitialHeapSize                          = 264241152                                 {product} {ergonomic}
   size_t MarkStackSize                            = 4194304                                   {product} {ergonomic}
   size_t MaxHeapSize                              = 3196059648                                {product} {command line}
   size_t MaxNewSize                               = 1916796928                                {product} {ergonomic}
   size_t MinHeapDeltaBytes                        = 2097152                                   {product} {ergonomic}
   size_t MinHeapSize                              = 8388608                                   {product} {ergonomic}
    uintx NonNMethodCodeHeapSize                   = 7602480                                {pd product} {ergonomic}
    uintx NonProfiledCodeHeapSize                  = 122027880                              {pd product} {ergonomic}
    uintx ProfiledCodeHeapSize                     = 122027880                              {pd product} {ergonomic}
    uintx ReservedCodeCacheSize                    = 251658240                              {pd product} {ergonomic}
     bool SegmentedCodeCache                       = true                                      {product} {ergonomic}
   size_t SoftMaxHeapSize                          = 3196059648                             {manageable} {ergonomic}
     bool UseCompressedClassPointers               = true                           {product lp64_product} {ergonomic}
     bool UseCompressedOops                        = true                           {product lp64_product} {ergonomic}
     bool UseG1GC                                  = true                                      {product} {ergonomic}
     bool UseLargePagesIndividualAllocation        = false                                  {pd product} {ergonomic}

Logging:
Log output configuration:
 #0: stdout all=warning uptime,level,tags
 #1: stderr all=off uptime,level,tags

Environment Variables:
JAVA_HOME=C:\Program Files\Java\jdk-21
PATH=D:\DevSuiteHome_1\jdk\jre\bin\classic;D:\DevSuiteHome_1\jdk\jre\bin;D:\DevSuiteHome_1\jdk\jre\bin\client;D:\DevSuiteHome_1\jlib;D:\DevSuiteHome_1\bin;D:\DevSuiteHome_1\jre\1.4.2\bin\client;D:\DevSuiteHome_1\jre\1.4.2\bin;C:\Program Files\Common Files\Oracle\Java\javapath;C:\WINDOWS\system32;C:\WINDOWS;C:\WINDOWS\System32\Wbem;C:\WINDOWS\System32\WindowsPowerShell\v1.0\;C:\WINDOWS\System32\OpenSSH\;C:\MinGW\bin;C:\Program Files\Java\jdk-21\bin;C:\Program Files\nodejs;C:\Program Files\nodejs\node_modules\npm\bin;C:\Program Files\Git\cmd;C:\Program Files\dotnet\;C:\Users\Hashem Arenat\AppData\Local\Microsoft\WindowsApps;C:\AppServ\Apache24\bin;C:\AppServ\php7;C:\AppServ\MySQL\bin;C:\Program Files\Java\jdk-21\bin;C:\scrcpy-win64-v2.2;C:\dart-sdk\bin;C:\Users\Hashem Arenat\AppData\Local\Programs\Microsoft VS Code\bin;C:\flutter\bin;C:\Users\Hashem Arenat\Desktop\cmder\bin;C:\Users\Hashem Arenat\AppData\Roaming\npm;;C:\Program Files\JetBrains\IntelliJ IDEA Community Edition 2024.1.2\bin;;C:\Program Files\JetBrains\IntelliJ IDEA 2024.1.2\bin;
USERNAME=Hashem 1
OS=Windows_NT
PROCESSOR_IDENTIFIER=Intel64 Family 6 Model 154 Stepping 3, GenuineIntel
TMP=C:\Users\HASHEM~1\AppData\Local\Temp
TEMP=C:\Users\HASHEM~1\AppData\Local\Temp



Periodic native trim disabled

JNI global refs:
JNI global refs: 41, weak refs: 3

JNI global refs memory usage: 843, weak refs: 841

OOME stack traces (most recent first):
Classloader memory used:
Loader org.gradle.internal.classloader.VisitableURLClassLoader                         : 5091K
Loader org.gradle.internal.classloader.VisitableURLClassLoader$InstrumentingVisitableURLClassLoader: 4584K
Loader bootstrap                                                                       : 3381K
Loader org.gradle.initialization.MixInLegacyTypesClassLoader                           : 1402K
Loader jdk.internal.reflect.DelegatingClassLoader                                      : 90843B
Loader jdk.internal.loader.ClassLoaders$PlatformClassLoader                            : 70349B
Loader org.codehaus.groovy.runtime.callsite.CallSiteClassLoader                        : 32371B
Loader jdk.internal.loader.ClassLoaders$AppClassLoader                                 : 28771B
Loader org.gradle.internal.classloader.VisitableURLClassLoader                         : 14736B
Loader sun.reflect.misc.MethodUtil                                                     : 373B

Classes loaded by more than one classloader:
Class Program                                                                         : loaded 5 times (x 70B)
Class com.google.common.collect.Iterators$MergingIterator                             : loaded 2 times (x 79B)
Class com.google.common.io.Closer$SuppressingSuppressor                               : loaded 2 times (x 73B)
Class org.objectweb.asm.ModuleVisitor                                                 : loaded 2 times (x 79B)
Class com.google.common.io.ByteSource                                                 : loaded 2 times (x 82B)
Class [Lcom.google.common.collect.AbstractMapEntry;                                   : loaded 2 times (x 67B)
Class com.google.common.collect.ImmutableRangeSet$AsSet                               : loaded 2 times (x 233B)
Class com.google.common.collect.SingletonImmutableList                                : loaded 2 times (x 167B)
Class org.apache.http.client.methods.AbstractExecutionAwareRequest                    : loaded 2 times (x 126B)
Class com.google.common.cache.CacheLoader$SupplierToCacheLoader                       : loaded 2 times (x 73B)
Class org.gradle.internal.classpath.ClassPath                                         : loaded 2 times (x 68B)
Class com.google.common.io.FileWriteMode                                              : loaded 2 times (x 77B)
Class com.google.common.cache.RemovalListener                                         : loaded 2 times (x 68B)
Class org.gradle.api.internal.classpath.DefaultModuleRegistry                         : loaded 2 times (x 84B)
Class Settings_gradle$1$1                                                             : loaded 2 times (x 72B)
Class com.google.common.collect.ImmutableEnumSet                                      : loaded 2 times (x 144B)
Class com.google.common.collect.ListMultimap                                          : loaded 2 times (x 68B)
Class com.google.common.base.CharMatcher$JavaDigit                                    : loaded 2 times (x 109B)
Class com.google.common.base.CharMatcher$Digit                                        : loaded 2 times (x 110B)
Class com.google.common.collect.AbstractMultimap                                      : loaded 2 times (x 121B)
Class com.google.common.cache.CacheBuilder$OneWeigher                                 : loaded 2 times (x 80B)
Class org.gradle.api.Action                                                           : loaded 2 times (x 68B)
Class com.google.common.collect.ImmutableEntry                                        : loaded 2 times (x 80B)
Class com.google.common.collect.Lists$StringAsImmutableList                           : loaded 2 times (x 167B)
Class com.google.common.cache.LocalCache$StrongEntry                                  : loaded 2 times (x 106B)
Class org.objectweb.asm.FieldWriter                                                   : loaded 2 times (x 76B)
Class com.google.common.base.CharMatcher                                              : loaded 2 times (x 109B)
Class com.google.common.base.CharMatcher$IsNot                                        : loaded 2 times (x 109B)
Class com.google.common.collect.RegularImmutableSortedSet                             : loaded 2 times (x 233B)
Class com.google.common.collect.Maps$IteratorBasedAbstractMap                         : loaded 2 times (x 123B)
Class com.google.common.base.Splitter                                                 : loaded 2 times (x 70B)
Class [Lcom.google.common.cache.Weigher;                                              : loaded 2 times (x 67B)
Class com.google.common.collect.Iterators$ArrayItr                                    : loaded 2 times (x 95B)
Class com.google.common.cache.LocalCache$Segment                                      : loaded 2 times (x 152B)
Class org.gradle.api.internal.DefaultClassPathProvider                                : loaded 2 times (x 74B)
Class org.gradle.internal.installation.GradleInstallation$1                           : loaded 2 times (x 73B)
Class com.google.common.cache.LocalCache$AbstractReferenceEntry                       : loaded 2 times (x 105B)
Class org.objectweb.asm.Type                                                          : loaded 2 times (x 70B)
Class com.google.common.util.concurrent.AbstractFuture$Failure                        : loaded 2 times (x 70B)
Class com.google.common.base.CharMatcher$BitSetMatcher                                : loaded 2 times (x 110B)
Class com.google.common.collect.ImmutableMap$IteratorBasedImmutableMap                : loaded 2 times (x 123B)
Class com.google.common.io.Files$FileByteSource                                       : loaded 2 times (x 83B)
Class com.google.common.collect.ImmutableMap                                          : loaded 2 times (x 118B)
Class com.google.common.base.Converter                                                : loaded 2 times (x 88B)
Class com.google.common.collect.ImmutableSortedSetFauxverideShim                      : loaded 2 times (x 145B)
Class com.google.common.collect.ImmutableSet$EmptySetBuilderImpl                      : loaded 2 times (x 74B)
Class com.google.common.base.Equivalence                                              : loaded 2 times (x 80B)
Class com.google.common.primitives.Ints                                               : loaded 2 times (x 69B)
Class com.google.common.cache.LocalCache$EntryFactory$1                               : loaded 2 times (x 81B)
Class com.google.common.cache.LocalCache$EntryFactory$2                               : loaded 2 times (x 81B)
Class com.google.common.cache.LocalCache$EntryFactory$3                               : loaded 2 times (x 81B)
Class com.google.common.cache.LocalCache$EntryFactory$4                               : loaded 2 times (x 81B)
Class com.google.common.cache.LocalCache$EntryFactory$5                               : loaded 2 times (x 81B)
Class com.google.common.cache.LocalCache$EntryFactory$6                               : loaded 2 times (x 81B)
Class com.google.common.cache.LocalCache$EntryFactory$7                               : loaded 2 times (x 81B)
Class com.google.common.cache.LocalCache$EntryFactory$8                               : loaded 2 times (x 81B)
Class com.google.common.base.Predicate                                                : loaded 2 times (x 68B)
Class com.google.common.cache.LocalCache$StrongValueReference                         : loaded 2 times (x 88B)
Class org.gradle.internal.classloader.FilteringClassLoader                            : loaded 2 times (x 103B)
Class com.google.common.collect.AbstractMapBasedMultimap$WrappedCollection            : loaded 2 times (x 122B)
Class com.google.common.collect.RegularImmutableSet                                   : loaded 2 times (x 146B)
Class [Lcom.google.common.cache.LocalCache$Strength;                                  : loaded 2 times (x 67B)
Class org.gradle.internal.classpath.DefaultClassPath$ImmutableUniqueList$Builder      : loaded 2 times (x 73B)
Class com.google.common.collect.AbstractRangeSet                                      : loaded 2 times (x 112B)
Class com.google.common.collect.Maps$8                                                : loaded 2 times (x 80B)
Class [Lcom.google.common.cache.CacheBuilder$NullListener;                            : loaded 2 times (x 67B)
Class com.google.common.base.PatternCompiler                                          : loaded 2 times (x 68B)
Class com.google.common.base.CharMatcher$InRange                                      : loaded 2 times (x 109B)
Class com.google.common.collect.Maps$KeySet                                           : loaded 2 times (x 135B)
Class com.google.common.collect.Sets$SetView                                          : loaded 2 times (x 136B)
Class com.google.common.collect.BiMap                                                 : loaded 2 times (x 68B)
Class com.google.common.collect.Lists                                                 : loaded 2 times (x 69B)
Class org.objectweb.asm.AnnotationWriter                                              : loaded 2 times (x 77B)
Class org.apache.commons.io.output.ThresholdingOutputStream                           : loaded 2 times (x 92B)
Class com.google.common.math.IntMath$1                                                : loaded 2 times (x 69B)
Class org.gradle.internal.classloader.ClassLoaderVisitor                              : loaded 2 times (x 74B)
Class org.apache.http.HttpEntityEnclosingRequest                                      : loaded 2 times (x 68B)
Class org.objectweb.asm.Label                                                         : loaded 2 times (x 71B)
Class com.google.common.cache.CacheBuilder$NullListener                               : loaded 2 times (x 80B)
Class org.apache.commons.io.filefilter.IOFileFilter                                   : loaded 2 times (x 68B)
Class com.google.common.math.MathPreconditions                                        : loaded 2 times (x 69B)
Class org.gradle.internal.service.DefaultServiceLocator                               : loaded 2 times (x 81B)
Class org.gradle.internal.service.UnknownServiceException                             : loaded 2 times (x 81B)
Class org.apache.http.client.methods.HttpUriRequest                                   : loaded 2 times (x 68B)
Class com.google.common.util.concurrent.AbstractFuture$SynchronizedHelper             : loaded 2 times (x 76B)
Class com.google.common.collect.ArrayListMultimap                                     : loaded 2 times (x 170B)
Class com.google.common.base.Strings                                                  : loaded 2 times (x 69B)
Class com.google.common.io.Closer                                                     : loaded 2 times (x 76B)
Class com.google.common.cache.CacheLoader$InvalidCacheLoadException                   : loaded 2 times (x 80B)
Class org.gradle.internal.classloader.DefaultClassLoaderFactory                       : loaded 2 times (x 80B)
Class com.google.common.collect.UnmodifiableIterator                                  : loaded 2 times (x 78B)
Class com.google.common.base.Stopwatch                                                : loaded 2 times (x 70B)
Class com.google.common.base.Platform$JdkPatternCompiler                              : loaded 2 times (x 73B)
Class com.google.common.cache.LocalCache$LoadingValueReference                        : loaded 2 times (x 94B)
Class org.apache.commons.io.output.ByteArrayOutputStream                              : loaded 2 times (x 100B)
Class com.google.common.base.CharMatcher$SingleWidth                                  : loaded 2 times (x 110B)
Class com.google.common.collect.Hashing                                               : loaded 2 times (x 69B)
Class com.google.common.collect.ImmutableRangeSet$ComplementRanges                    : loaded 2 times (x 167B)
Class com.google.common.base.JdkPattern                                               : loaded 2 times (x 73B)
Class com.google.common.collect.Multimap                                              : loaded 2 times (x 68B)
Class com.google.common.base.FunctionalEquivalence                                    : loaded 2 times (x 81B)
Class org.objectweb.asm.AnnotationVisitor                                             : loaded 2 times (x 76B)
Class org.objectweb.asm.RecordComponentWriter                                         : loaded 2 times (x 76B)
Class com.google.common.cache.LocalCache$1                                            : loaded 2 times (x 87B)
Class com.google.common.cache.LocalCache$2                                            : loaded 2 times (x 140B)
Class com.google.common.collect.RegularImmutableBiMap                                 : loaded 2 times (x 146B)
Class org.gradle.internal.classloader.VisitableURLClassLoader$Spec                    : loaded 2 times (x 72B)
Class org.gradle.api.GradleException                                                  : loaded 2 times (x 80B)
Class com.google.common.base.CharMatcher$JavaLetterOrDigit                            : loaded 2 times (x 109B)
Class org.gradle.api.internal.classpath.ModuleRegistry                                : loaded 2 times (x 68B)
Class com.google.common.cache.CacheBuilder                                            : loaded 2 times (x 70B)
Class org.objectweb.asm.ByteVector                                                    : loaded 2 times (x 77B)
Class com.google.common.collect.ImmutableCollection                                   : loaded 2 times (x 123B)
Class com.google.common.collect.ImmutableRangeSet                                     : loaded 2 times (x 113B)
Class com.google.common.base.PairwiseEquivalence                                      : loaded 2 times (x 81B)
Class com.google.common.base.Ticker                                                   : loaded 2 times (x 70B)
Class org.gradle.api.internal.ClassPathProvider                                       : loaded 2 times (x 68B)
Class com.google.common.base.Ascii                                                    : loaded 2 times (x 69B)
Class com.google.common.collect.RegularImmutableMap$Values                            : loaded 2 times (x 167B)
Class org.objectweb.asm.ModuleWriter                                                  : loaded 2 times (x 80B)
Class org.gradle.internal.classloader.ClasspathUtil$1                                 : loaded 2 times (x 74B)
Class com.google.common.collect.ImmutableEnumMap                                      : loaded 2 times (x 123B)
Class com.google.common.collect.ImmutableList$ReverseImmutableList                    : loaded 2 times (x 168B)
Class com.google.common.cache.AbstractCache$StatsCounter                              : loaded 2 times (x 68B)
Class org.objectweb.asm.FieldVisitor                                                  : loaded 2 times (x 75B)
Class org.objectweb.asm.Symbol                                                        : loaded 2 times (x 71B)
Class Build_gradle$1$1                                                                : loaded 2 times (x 76B)
Class com.google.common.cache.LocalCache$Strength$1                                   : loaded 2 times (x 79B)
Class com.google.common.cache.LocalCache$Strength$2                                   : loaded 2 times (x 79B)
Class com.google.common.cache.LocalCache$Strength$3                                   : loaded 2 times (x 79B)
Class org.gradle.internal.classloader.ClassLoaderFactory                              : loaded 2 times (x 68B)
Class com.google.common.collect.ObjectArrays                                          : loaded 2 times (x 69B)
Class com.google.common.util.concurrent.AbstractFuture$Waiter                         : loaded 2 times (x 70B)
Class com.google.common.util.concurrent.Uninterruptibles                              : loaded 2 times (x 69B)
Class com.google.common.collect.Iterators$10                                          : loaded 2 times (x 79B)
Class com.google.common.collect.ImmutableList                                         : loaded 2 times (x 166B)
Class org.gradle.api.internal.classpath.ManifestUtil                                  : loaded 2 times (x 69B)
Class org.gradle.api.specs.Spec                                                       : loaded 2 times (x 68B)
Class com.google.common.collect.RangeSet                                              : loaded 2 times (x 68B)
Class com.google.common.cache.CacheLoader$UnsupportedLoadingOperationException        : loaded 2 times (x 80B)
Class com.google.common.base.CharMatcher$Whitespace                                   : loaded 2 times (x 110B)
Class com.google.common.util.concurrent.ListenableFuture                              : loaded 2 times (x 68B)
Class org.apache.http.client.methods.AbortableHttpRequest                             : loaded 2 times (x 68B)
Class com.google.common.collect.Iterators$1                                           : loaded 2 times (x 79B)
Class com.google.common.collect.Iterators$4                                           : loaded 2 times (x 80B)
Class com.google.common.collect.RegularImmutableMap$BucketOverflowException           : loaded 2 times (x 80B)
Class com.google.common.collect.Iterators$5                                           : loaded 2 times (x 80B)
Class com.google.common.util.concurrent.AbstractFuture$UnsafeAtomicHelper             : loaded 2 times (x 76B)
Class com.google.common.base.Joiner                                                   : loaded 2 times (x 77B)
Class com.google.common.base.Equivalence$Equals                                       : loaded 2 times (x 80B)
Class com.google.common.base.Preconditions                                            : loaded 2 times (x 69B)
Class com.google.common.base.Function                                                 : loaded 2 times (x 68B)
Class com.google.common.collect.Iterators$9                                           : loaded 2 times (x 79B)
Class org.gradle.internal.IoActions                                                   : loaded 2 times (x 69B)
Class com.google.common.cache.ReferenceEntry                                          : loaded 2 times (x 68B)
Class org.apache.http.HttpMessage                                                     : loaded 2 times (x 68B)
Class com.google.common.collect.RegularImmutableMap$KeySet                            : loaded 2 times (x 148B)
Class com.google.common.collect.CollectPreconditions                                  : loaded 2 times (x 69B)
Class com.google.common.primitives.IntsMethodsForWeb                                  : loaded 2 times (x 69B)
Class com.google.common.collect.RangeGwtSerializationDependencies                     : loaded 2 times (x 69B)
Class com.google.common.collect.Maps                                                  : loaded 2 times (x 69B)
Class com.google.common.collect.RegularImmutableMap                                   : loaded 2 times (x 119B)
Class org.apache.http.HttpEntity                                                      : loaded 2 times (x 68B)
Class com.google.common.collect.AbstractIndexedListIterator                           : loaded 2 times (x 94B)
Class com.google.common.base.CharMatcher$None                                         : loaded 2 times (x 110B)
Class [Lorg.apache.commons.io.StandardLineSeparator;                                  : loaded 2 times (x 67B)
Class org.gradle.api.internal.classpath.EffectiveClassPath                            : loaded 2 times (x 88B)
Class org.apache.commons.io.StandardLineSeparator                                     : loaded 2 times (x 77B)
Class org.apache.commons.io.output.AppendableWriter                                   : loaded 2 times (x 98B)
Class org.apache.http.client.methods.Configurable                                     : loaded 2 times (x 68B)
Class com.google.common.collect.UnmodifiableListIterator                              : loaded 2 times (x 93B)
Class com.google.common.io.Files                                                      : loaded 2 times (x 69B)
Class com.google.common.cache.CacheLoader$FunctionToCacheLoader                       : loaded 2 times (x 73B)
Class com.google.common.cache.CacheBuilder$1                                          : loaded 2 times (x 83B)
Class com.google.common.cache.CacheBuilder$2                                          : loaded 2 times (x 70B)
Class com.google.common.collect.ImmutableList$1                                       : loaded 2 times (x 95B)
Class com.google.common.base.Splitter$Strategy                                        : loaded 2 times (x 68B)
Class com.google.common.collect.ImmutableMapEntrySet$RegularEntrySet                  : loaded 2 times (x 149B)
Class [Lcom.google.common.cache.RemovalListener;                                      : loaded 2 times (x 67B)
Class [Lcom.google.common.collect.ImmutableMapEntry;                                  : loaded 2 times (x 67B)
Class org.gradle.internal.installation.CurrentGradleInstallation                      : loaded 2 times (x 71B)
Class org.gradle.internal.agents.InstrumentingClassLoader                             : loaded 2 times (x 68B)
Class org.gradle.internal.installation.CurrentGradleInstallationLocator               : loaded 2 times (x 69B)
Class [Lcom.google.common.cache.LocalCache$Segment;                                   : loaded 2 times (x 67B)
Class org.gradle.api.internal.classpath.Module                                        : loaded 2 times (x 68B)
Class com.google.common.collect.ImmutableSortedSet                                    : loaded 2 times (x 233B)
Class com.google.common.base.Splitter$1$1                                             : loaded 2 times (x 84B)
Class com.google.common.collect.ImmutableSet$JdkBackedSetBuilderImpl                  : loaded 2 times (x 74B)
Class com.google.common.collect.ImmutableSet$RegularSetBuilderImpl                    : loaded 2 times (x 75B)
Class [Lorg.objectweb.asm.AnnotationWriter;                                           : loaded 2 times (x 67B)
Class org.gradle.internal.service.CachingServiceLocator                               : loaded 2 times (x 80B)
Class org.apache.http.client.methods.HttpPut                                          : loaded 2 times (x 151B)
Class [Lcom.google.common.collect.ImmutableEntry;                                     : loaded 2 times (x 67B)
Class com.google.common.collect.Sets$ImprovedAbstractSet                              : loaded 2 times (x 133B)
Class org.gradle.internal.classpath.DefaultClassPath                                  : loaded 2 times (x 88B)
Class com.google.common.util.concurrent.AbstractFuture$SetFuture                      : loaded 2 times (x 73B)
Class com.google.common.collect.CollectCollectors                                     : loaded 2 times (x 69B)
Class com.google.common.collect.TransformedIterator                                   : loaded 2 times (x 78B)
Class com.google.common.base.Splitter$SplittingIterator                               : loaded 2 times (x 82B)
Class com.google.common.cache.LocalCache$LocalManualCache$1                           : loaded 2 times (x 73B)
Class Build_gradle$1                                                                  : loaded 2 times (x 72B)
Class Build_gradle$2                                                                  : loaded 2 times (x 76B)
Class org.objectweb.asm.SymbolTable$Entry                                             : loaded 2 times (x 72B)
Class [Lcom.google.common.cache.LocalCache$EntryFactory;                              : loaded 2 times (x 67B)
Class com.google.common.base.CharMatcher$Is                                           : loaded 2 times (x 109B)
Class com.google.common.base.Platform                                                 : loaded 2 times (x 69B)
Class com.google.common.collect.RegularImmutableAsList                                : loaded 2 times (x 176B)
Class com.google.common.collect.PeekingIterator                                       : loaded 2 times (x 68B)
Class com.google.common.collect.ImmutableMapEntrySet                                  : loaded 2 times (x 149B)
Class com.google.common.cache.CacheLoader                                             : loaded 2 times (x 72B)
Class com.google.common.collect.ImmutableBiMapFauxverideShim                          : loaded 2 times (x 118B)
Class org.objectweb.asm.MethodTooLargeException                                       : loaded 2 times (x 81B)
Class com.google.common.cache.Cache                                                   : loaded 2 times (x 68B)
Class com.google.common.collect.Maps$EntrySet                                         : loaded 2 times (x 134B)
Class org.gradle.internal.classloader.SystemClassLoaderSpec                           : loaded 2 times (x 69B)
Class com.google.common.util.concurrent.internal.InternalFutureFailureAccess          : loaded 2 times (x 70B)
Class com.google.common.base.Charsets                                                 : loaded 2 times (x 69B)
Class com.google.common.primitives.Ints$IntConverter                                  : loaded 2 times (x 88B)
Class com.google.common.collect.SingletonImmutableSet                                 : loaded 2 times (x 144B)
Class [Lcom.google.common.base.AbstractIterator$State;                                : loaded 2 times (x 67B)
Class org.apache.http.client.methods.HttpEntityEnclosingRequestBase                   : loaded 2 times (x 151B)
Class com.google.common.collect.ImmutableMap$Builder                                  : loaded 2 times (x 80B)
Class com.google.common.base.AbstractIterator                                         : loaded 2 times (x 78B)
Class org.objectweb.asm.ClassWriter                                                   : loaded 2 times (x 104B)
Class com.google.common.collect.Range                                                 : loaded 2 times (x 85B)
Class org.apache.commons.io.IOUtils                                                   : loaded 2 times (x 69B)
Class com.google.common.base.AbstractIterator$1                                       : loaded 2 times (x 69B)
Class [Lcom.google.common.cache.CacheBuilder$OneWeigher;                              : loaded 2 times (x 67B)
Class com.google.common.collect.Iterators                                             : loaded 2 times (x 69B)
Class com.google.common.base.CharMatcher$Ascii                                        : loaded 2 times (x 110B)
Class com.google.common.base.CharMatcher$1                                            : loaded 2 times (x 111B)
Class com.google.common.cache.LocalCache$ComputingValueReference                      : loaded 2 times (x 94B)
Class org.gradle.api.UncheckedIOException                                             : loaded 2 times (x 80B)
Class com.google.common.base.CharMatcher$And                                          : loaded 2 times (x 110B)
Class com.google.common.io.Files$FileByteSink                                         : loaded 2 times (x 75B)
Class [Lcom.google.common.io.FileWriteMode;                                           : loaded 2 times (x 67B)
Class com.google.common.collect.IndexedImmutableSet                                   : loaded 2 times (x 148B)
Class com.google.common.base.ExtraObjectsMethodsForWeb                                : loaded 2 times (x 69B)
Class com.google.common.collect.IndexedImmutableSet$1                                 : loaded 2 times (x 172B)
Class com.google.common.collect.AbstractListMultimap                                  : loaded 2 times (x 170B)
Class com.google.common.base.CharMatcher$Any                                          : loaded 2 times (x 110B)
Class org.gradle.internal.installation.GradleInstallation                             : loaded 2 times (x 73B)
Class org.apache.commons.io.output.UnsynchronizedByteArrayOutputStream                : loaded 2 times (x 100B)
Class com.google.common.cache.LocalCache$Strength                                     : loaded 2 times (x 79B)
Class com.google.common.collect.AbstractMapBasedMultimap$KeySet                       : loaded 2 times (x 135B)
Class com.google.common.collect.SortedIterable                                        : loaded 2 times (x 68B)
Class com.google.common.collect.ArrayListMultimapGwtSerializationDependencies         : loaded 2 times (x 170B)
Class com.google.common.base.CharMatcher$RangesMatcher                                : loaded 2 times (x 110B)
Class com.google.common.collect.AbstractMapBasedMultimap$RandomAccessWrappedList      : loaded 2 times (x 165B)
Class org.objectweb.asm.Handler                                                       : loaded 2 times (x 70B)
Class com.google.common.collect.ImmutableList$SubList                                 : loaded 2 times (x 168B)
Class com.google.common.cache.LocalCache$ValueReference                               : loaded 2 times (x 68B)
Class org.gradle.internal.classloader.ClasspathUtil                                   : loaded 2 times (x 69B)
Class org.apache.commons.io.FileUtils                                                 : loaded 2 times (x 69B)
Class org.objectweb.asm.CurrentFrame                                                  : loaded 2 times (x 71B)
Class com.google.common.util.concurrent.AbstractFuture                                : loaded 2 times (x 93B)
Class com.google.common.base.Splitter$1                                               : loaded 2 times (x 75B)
Class com.google.common.collect.TransformedListIterator                               : loaded 2 times (x 91B)
Class com.google.common.base.Ticker$1                                                 : loaded 2 times (x 70B)
Class com.google.common.collect.Maps$BiMapConverter                                   : loaded 2 times (x 88B)
Class org.gradle.api.internal.DefaultClassPathRegistry                                : loaded 2 times (x 74B)
Class [Lorg.objectweb.asm.Symbol;                                                     : loaded 2 times (x 67B)
Class com.google.common.util.concurrent.AbstractFuture$Cancellation                   : loaded 2 times (x 70B)
Class com.google.common.collect.ImmutableSet$SetBuilderImpl                           : loaded 2 times (x 74B)
Class org.gradle.api.internal.classpath.DefaultModuleRegistry$DefaultModule           : loaded 2 times (x 84B)
Class com.google.common.base.CharMatcher$JavaIsoControl                               : loaded 2 times (x 110B)
Class com.google.common.collect.ImmutableMap$1                                        : loaded 2 times (x 79B)
Class com.google.common.base.CharMatcher$Or                                           : loaded 2 times (x 110B)
Class com.google.common.base.Suppliers$SupplierOfInstance                             : loaded 2 times (x 77B)
Class org.objectweb.asm.RecordComponentVisitor                                        : loaded 2 times (x 75B)
Class com.google.common.collect.Iterables                                             : loaded 2 times (x 69B)
Class com.google.common.base.CharMatcher$JavaLowerCase                                : loaded 2 times (x 109B)
Class org.objectweb.asm.ClassTooLargeException                                        : loaded 2 times (x 81B)
Class org.gradle.api.internal.classpath.UnknownModuleException                        : loaded 2 times (x 80B)
Class com.google.common.util.concurrent.AbstractFuture$Listener                       : loaded 2 times (x 70B)
Class org.apache.commons.io.output.AbstractByteArrayOutputStream                      : loaded 2 times (x 100B)
Class org.objectweb.asm.Edge                                                          : loaded 2 times (x 70B)
Class com.google.common.collect.Maps$EntryTransformer                                 : loaded 2 times (x 68B)
Class com.google.common.collect.ImmutableCollection$Builder                           : loaded 2 times (x 74B)
Class [Lorg.objectweb.asm.SymbolTable$Entry;                                          : loaded 2 times (x 67B)
Class com.google.common.collect.SingletonImmutableBiMap                               : loaded 2 times (x 141B)
Class org.apache.commons.io.file.PathFilter                                           : loaded 2 times (x 68B)
Class com.google.common.base.CommonPattern                                            : loaded 2 times (x 72B)
Class com.google.common.base.Suppliers                                                : loaded 2 times (x 69B)
Class org.objectweb.asm.ClassVisitor                                                  : loaded 2 times (x 86B)
Class com.google.common.cache.LoadingCache                                            : loaded 2 times (x 68B)
Class org.gradle.internal.service.ServiceLookupException                              : loaded 2 times (x 80B)
Class org.gradle.cache.GlobalCache                                                    : loaded 2 times (x 68B)
Class com.google.common.base.CharMatcher$NegatedFastMatcher                           : loaded 2 times (x 111B)
Class [Lorg.gradle.api.internal.ClassPathProvider;                                    : loaded 2 times (x 67B)
Class com.google.common.util.concurrent.AbstractFuture$SafeAtomicHelper               : loaded 2 times (x 77B)
Class org.gradle.util.internal.GUtil                                                  : loaded 2 times (x 69B)
Class com.google.common.math.IntMath                                                  : loaded 2 times (x 69B)
Class com.google.common.collect.AbstractIterator                                      : loaded 2 times (x 80B)
Class org.gradle.internal.classloader.ClassLoaderSpec                                 : loaded 2 times (x 69B)
Class com.google.common.io.LineProcessor                                              : loaded 2 times (x 68B)
Class com.google.common.base.NullnessCasts                                            : loaded 2 times (x 69B)
Class com.google.common.io.CharSink                                                   : loaded 2 times (x 77B)
Class org.objectweb.asm.Frame                                                         : loaded 2 times (x 71B)
Class com.google.common.cache.LocalCache$LocalManualCache                             : loaded 2 times (x 97B)
Class com.google.common.collect.AbstractMapEntry                                      : loaded 2 times (x 79B)
Class com.google.common.collect.ImmutableList$Builder                                 : loaded 2 times (x 75B)
Class com.google.common.base.CharMatcher$Negated                                      : loaded 2 times (x 111B)
Class com.google.common.cache.CacheLoader$1                                           : loaded 2 times (x 73B)
Class com.google.common.util.concurrent.AbstractFuture$TrustedFuture                  : loaded 2 times (x 95B)
Class org.apache.commons.io.FileExistsException                                       : loaded 2 times (x 80B)
Class com.google.common.collect.Maps$ViewCachingAbstractMap                           : loaded 2 times (x 123B)
Class com.google.common.collect.Sets                                                  : loaded 2 times (x 69B)
Class com.google.common.collect.ImmutableSet$Builder                                  : loaded 2 times (x 83B)
Class com.google.common.base.CharMatcher$ForPredicate                                 : loaded 2 times (x 110B)
Class com.google.common.collect.ImmutableMap$MapViewOfValuesAsSingletonSets           : loaded 2 times (x 123B)
Class org.apache.commons.io.output.StringBuilderWriter                                : loaded 2 times (x 98B)
Class com.google.common.base.MoreObjects                                              : loaded 2 times (x 69B)
Class com.google.common.collect.SortedMapDifference                                   : loaded 2 times (x 68B)
Class org.objectweb.asm.SymbolTable                                                   : loaded 2 times (x 70B)
Class [Lorg.objectweb.asm.AnnotationVisitor;                                          : loaded 2 times (x 67B)
Class com.google.common.cache.CacheStats                                              : loaded 2 times (x 69B)
Class org.objectweb.asm.Attribute                                                     : loaded 2 times (x 75B)
Class org.gradle.internal.classloader.VisitableURLClassLoader                         : loaded 2 times (x 115B)
Class com.google.common.cache.LocalCache$LocalLoadingCache                            : loaded 2 times (x 132B)
Class com.google.common.base.Supplier                                                 : loaded 2 times (x 68B)
Class com.google.common.base.Objects                                                  : loaded 2 times (x 69B)
Class com.google.common.util.concurrent.AbstractFuture$AtomicHelper                   : loaded 2 times (x 76B)
Class com.google.common.collect.ImmutableBiMap                                        : loaded 2 times (x 141B)
Class org.gradle.internal.Cast                                                        : loaded 2 times (x 69B)
Class Build_gradle                                                                    : loaded 2 times (x 128B)
Class org.gradle.api.internal.ClassPathRegistry                                       : loaded 2 times (x 68B)
Class com.google.common.cache.LocalCache$EntryFactory                                 : loaded 2 times (x 81B)
Class com.google.common.util.concurrent.UncheckedExecutionException                   : loaded 2 times (x 80B)
Class com.google.common.collect.ImmutableSet                                          : loaded 2 times (x 143B)
Class org.gradle.internal.classloader.VisitableURLClassLoader$InstrumentingVisitableURLClassLoader: loaded 2 times (x 121B)
Class org.gradle.internal.classloader.ClassLoaderHierarchy                            : loaded 2 times (x 68B)
Class com.google.common.io.Closer$Suppressor                                          : loaded 2 times (x 68B)
Class com.google.common.collect.AbstractMapBasedMultimap$WrappedList                  : loaded 2 times (x 165B)
Class [Lorg.objectweb.asm.Type;                                                       : loaded 2 times (x 67B)
Class com.google.common.base.AbstractIterator$State                                   : loaded 2 times (x 77B)
Class com.google.common.cache.Weigher                                                 : loaded 2 times (x 68B)
Class org.apache.http.message.AbstractHttpMessage                                     : loaded 2 times (x 106B)
Class com.google.common.base.CharMatcher$NamedFastMatcher                             : loaded 2 times (x 110B)
Class org.gradle.internal.InternalTransformer                                         : loaded 2 times (x 68B)
Class org.apache.commons.io.output.NullOutputStream                                   : loaded 2 times (x 83B)
Class org.gradle.internal.service.ServiceLocator                                      : loaded 2 times (x 68B)
Class Settings_gradle$1                                                               : loaded 2 times (x 72B)
Class com.google.common.collect.ImmutableRangeSet$1                                   : loaded 2 times (x 169B)
Class com.google.common.util.concurrent.SettableFuture                                : loaded 2 times (x 95B)
Class com.google.common.io.Files$2                                                    : loaded 2 times (x 74B)
Class com.google.common.collect.ImmutableMapEntry                                     : loaded 2 times (x 83B)
Class com.google.common.base.CharMatcher$Invisible                                    : loaded 2 times (x 110B)
Class com.google.common.base.Joiner$1                                                 : loaded 2 times (x 78B)
Class com.google.common.base.Joiner$2                                                 : loaded 2 times (x 77B)
Class org.apache.http.client.methods.HttpRequestBase                                  : loaded 2 times (x 143B)
Class com.google.common.base.CharMatcher$FastMatcher                                  : loaded 2 times (x 109B)
Class org.gradle.internal.classpath.DefaultClassPath$ImmutableUniqueList              : loaded 2 times (x 159B)
Class com.google.common.base.CharMatcher$JavaLetter                                   : loaded 2 times (x 109B)
Class org.gradle.internal.classpath.TransformedClassPath                              : loaded 2 times (x 94B)
Class com.google.common.collect.MapDifference                                         : loaded 2 times (x 68B)
Class com.google.common.collect.Sets$1                                                : loaded 2 times (x 137B)
Class com.google.common.collect.Sets$2                                                : loaded 2 times (x 137B)
Class com.google.common.util.concurrent.AbstractFuture$Trusted                        : loaded 2 times (x 68B)
Class com.google.common.collect.Sets$3                                                : loaded 2 times (x 137B)
Class com.google.common.graph.SuccessorsFunction                                      : loaded 2 times (x 68B)
Class com.google.common.collect.Sets$4                                                : loaded 2 times (x 137B)
Class Settings_gradle                                                                 : loaded 2 times (x 126B)
Class com.google.common.io.ByteSink                                                   : loaded 2 times (x 74B)
Class com.google.common.collect.AbstractMapBasedMultimap$WrappedCollection$WrappedIterator: loaded 2 times (x 82B)
Class org.objectweb.asm.MethodWriter                                                  : loaded 2 times (x 104B)
Class com.google.common.collect.Platform                                              : loaded 2 times (x 69B)
Class com.google.common.collect.ImmutableAsList                                       : loaded 2 times (x 169B)
Class com.google.common.util.concurrent.ExecutionError                                : loaded 2 times (x 80B)
Class com.google.common.io.ByteSink$AsCharSink                                        : loaded 2 times (x 78B)
Class com.google.common.base.Equivalence$Identity                                     : loaded 2 times (x 80B)
Class com.google.common.base.CharMatcher$AnyOf                                        : loaded 2 times (x 110B)
Class com.google.common.base.CharMatcher$IsEither                                     : loaded 2 times (x 109B)
Class org.apache.http.client.methods.HttpExecutionAware                               : loaded 2 times (x 68B)
Class com.google.common.cache.LocalCache                                              : loaded 2 times (x 185B)
Class com.google.common.collect.ImmutableRangeSet$Builder                             : loaded 2 times (x 75B)
Class com.google.common.collect.RegularImmutableList                                  : loaded 2 times (x 172B)
Class com.google.common.util.concurrent.AbstractFuture$UnsafeAtomicHelper$1           : loaded 2 times (x 74B)
Class com.google.common.base.CharMatcher$JavaUpperCase                                : loaded 2 times (x 109B)
Class com.google.common.collect.Multiset                                              : loaded 2 times (x 68B)
Class com.google.common.collect.ImmutableSet$CachingAsList                            : loaded 2 times (x 145B)
Class org.apache.http.HttpRequest                                                     : loaded 2 times (x 68B)
Class org.objectweb.asm.MethodVisitor                                                 : loaded 2 times (x 103B)
Class com.google.common.collect.AbstractMapBasedMultimap$KeySet$1                     : loaded 2 times (x 80B)
Class com.google.common.collect.ImmutableMapEntry$NonTerminalImmutableMapEntry        : loaded 2 times (x 83B)
Class com.google.common.collect.AbstractMapBasedMultimap                              : loaded 2 times (x 137B)


---------------  S Y S T E M  ---------------

OS:
 Windows 11 , 64 bit Build 22621 (10.0.22621.3958)
OS uptime: 4 days 12:57 hours
Hyper-V role detected

CPU: total 20 (initial active 20) (10 cores per cpu, 2 threads per core) family 6 model 154 stepping 3 microcode 0x429, cx8, cmov, fxsr, ht, mmx, 3dnowpref, sse, sse2, sse3, ssse3, sse4.1, sse4.2, popcnt, lzcnt, tsc, tscinvbit, avx, avx2, aes, erms, clmul, bmi1, bmi2, adx, sha, fma, vzeroupper, clflush, clflushopt, clwb, hv
Processor Information for all 20 processors :
  Max Mhz: 2300, Current Mhz: 2300, Mhz Limit: 2300

Memory: 4k page, system-wide physical 16004M (2780M free)
TotalPageFile size 18052M (AvailPageFile size 102M)
current process WorkingSet (physical memory assigned to process): 647M, peak: 663M
current process commit charge ("private bytes"): 694M, peak: 973M

vm_info: OpenJDK 64-Bit Server VM (17.0.10+0--11609105) for windows-amd64 JRE (17.0.10+0--11609105), built on Mar 21 2024 19:10:56 by "androidbuild" with MS VC++ 16.10 / 16.11 (VS2019)

END.
