#
# There is insufficient memory for the Java Runtime Environment to continue.
# Native memory allocation (malloc) failed to allocate 131088 bytes for Chunk::new
# Possible reasons:
#   The system is out of physical RAM or swap space
#   The process is running with CompressedOops enabled, and the Java Heap may be blocking the growth of the native heap
# Possible solutions:
#   Reduce memory load on the system
#   Increase physical memory or swap space
#   Check if swap backing store is full
#   Decrease Java heap size (-Xmx/-Xms)
#   Decrease number of Java threads
#   Decrease Java thread stack sizes (-Xss)
#   Set larger code cache with -XX:ReservedCodeCacheSize=
#   JVM is running with Unscaled Compressed Oops mode in which the Java heap is
#     placed in the first 4GB address space. The Java Heap base address is the
#     maximum limit for the native heap growth. Please use -XX:HeapBaseMinAddress
#     to set the Java Heap base and to place the Java Heap above 4GB virtual address.
# This output file may be truncated or incomplete.
#
#  Out of Memory Error (arena.cpp:191), pid=18480, tid=17312
#
# JRE version: OpenJDK Runtime Environment (17.0.10) (build 17.0.10+0--11609105)
# Java VM: OpenJDK 64-Bit Server VM (17.0.10+0--11609105, mixed mode, tiered, compressed oops, compressed class ptrs, g1 gc, windows-amd64)
# No core dump will be written. Minidumps are not enabled by default on client versions of Windows
#

---------------  S U M M A R Y ------------

Command Line: --add-opens=java.base/java.util=ALL-UNNAMED --add-opens=java.base/java.lang=ALL-UNNAMED --add-opens=java.base/java.lang.invoke=ALL-UNNAMED --add-opens=java.prefs/java.util.prefs=ALL-UNNAMED --add-opens=java.base/java.nio.charset=ALL-UNNAMED --add-opens=java.base/java.net=ALL-UNNAMED --add-opens=java.base/java.util.concurrent.atomic=ALL-UNNAMED -Xmx2048m -Dfile.encoding=UTF-8 -Duser.country=US -Duser.language=en -Duser.variant -javaagent:C:\Users\Hashem Arenat\.gradle\wrapper\dists\gradle-8.7-bin\bhs2wmbdwecv87pi65oeuq5iu\gradle-8.7\lib\agents\gradle-instrumentation-agent-8.7.jar org.gradle.launcher.daemon.bootstrap.GradleDaemon 8.7

Host: 12th Gen Intel(R) Core(TM) i7-12700H, 20 cores, 15G,  Windows 11 , 64 bit Build 22621 (10.0.22621.3958)
Time: Fri Nov  8 20:25:05 2024 Jerusalem Standard Time elapsed time: 6.150279 seconds (0d 0h 0m 6s)

---------------  T H R E A D  ---------------

Current thread (0x000001db26e982b0):  JavaThread "C2 CompilerThread0" daemon [_thread_in_native, id=17312, stack(0x000000adcb600000,0x000000adcb700000)]


Current CompileTask:
C2:   6150 9157 %     4       org.gradle.internal.instantiation.generator.AbstractClassGenerator::inspectType @ 32 (560 bytes)

Stack: [0x000000adcb600000,0x000000adcb700000]
Native frames: (J=compiled Java code, j=interpreted, Vv=VM code, C=native code)
V  [jvm.dll+0x688de9]
V  [jvm.dll+0x8423da]
V  [jvm.dll+0x84401e]
V  [jvm.dll+0x844683]
V  [jvm.dll+0x24be0f]
V  [jvm.dll+0xac524]
V  [jvm.dll+0xacb6c]
V  [jvm.dll+0xb90ed]
V  [jvm.dll+0x590622]
V  [jvm.dll+0x226452]
V  [jvm.dll+0x21f17d]
V  [jvm.dll+0x21cdb1]
V  [jvm.dll+0x1a60ad]
V  [jvm.dll+0x22cd78]
V  [jvm.dll+0x22aeb0]
V  [jvm.dll+0x7f6877]
V  [jvm.dll+0x7f0c7a]
V  [jvm.dll+0x687c65]
C  [ucrtbase.dll+0x29333]
C  [KERNEL32.DLL+0x1257d]
C  [ntdll.dll+0x5af08]


---------------  P R O C E S S  ---------------

Threads class SMR info:
_java_thread_list=0x000001db30b97ed0, length=113, elements={
0x000001db0beef9b0, 0x000001db26e37730, 0x000001db26e385b0, 0x000001db26e922a0,
0x000001db26e93120, 0x000001db26e96c00, 0x000001db26e975c0, 0x000001db26e982b0,
0x000001db26e98d60, 0x000001db26e99760, 0x000001db26e00c80, 0x000001db27040920,
0x000001db27040e40, 0x000001db27043370, 0x000001db2717bbc0, 0x000001db2cceb290,
0x000001db2df59c40, 0x000001db2c7d5440, 0x000001db2de05bc0, 0x000001db2e288830,
0x000001db2cb6e0d0, 0x000001db2cb6ced0, 0x000001db2d7dcfc0, 0x000001db2d7dd4d0,
0x000001db2d7df330, 0x000001db2d7e0260, 0x000001db2d7ddef0, 0x000001db2d7de400,
0x000001db2e48c1f0, 0x000001db2e48b2c0, 0x000001db2e488530, 0x000001db2e48c700,
0x000001db2e489970, 0x000001db2e48bce0, 0x000001db2e48cc10, 0x000001db2e48e050,
0x000001db2e48a390, 0x000001db2e48d120, 0x000001db2e48ef80, 0x000001db2e488f50,
0x000001db2e488a40, 0x000001db2e48a8a0, 0x000001db2e48e560, 0x000001db2e489e80,
0x000001db2e48d630, 0x000001db2e487b10, 0x000001db2e48adb0, 0x000001db2e48b7d0,
0x000001db2e488020, 0x000001db2e48db40, 0x000001db2e9588d0, 0x000001db2e95ac40,
0x000001db2e9583c0, 0x000001db2e958de0, 0x000001db2e95ee10, 0x000001db2e9579a0,
0x000001db2e95a220, 0x000001db2e95c590, 0x000001db2e95b150, 0x000001db2e95b660,
0x000001db2e95bb70, 0x000001db2e95cfb0, 0x000001db2e95d9d0, 0x000001db2e95e3f0,
0x000001db2e957eb0, 0x000001db2e95c080, 0x000001db2d7dd9e0, 0x000001db30b74cd0,
0x000001db30b77a60, 0x000001db30b75c00, 0x000001db30b73da0, 0x000001db30b76110,
0x000001db30b751e0, 0x000001db30b77f70, 0x000001db30b742b0, 0x000001db30b756f0,
0x000001db30b76620, 0x000001db30b793b0, 0x000001db30b78480, 0x000001db30b76b30,
0x000001db30b77040, 0x000001db30b77550, 0x000001db30b78990, 0x000001db30b747c0,
0x000001db30b78ea0, 0x000001db30b72450, 0x000001db30b79dd0, 0x000001db30b72960,
0x000001db30b72e70, 0x000001db30b73380, 0x000001db30b73890, 0x000001db2ecae410,
0x000001db2eca9d30, 0x000001db2ecaee30, 0x000001db2eca9310, 0x000001db2eca9820,
0x000001db2ecaa240, 0x000001db2eca8e00, 0x000001db2ecaf340, 0x000001db2ecab170,
0x000001db2ecaa750, 0x000001db2ecab680, 0x000001db2ecaac60, 0x000001db2ecaf850,
0x000001db2ecabb90, 0x000001db2ecac5b0, 0x000001db2ecacac0, 0x000001db2ecacfd0,
0x000001db2ecad4e0, 0x000001db2ecad9f0, 0x000001db2ecafd60, 0x000001db30e74230,
0x000001db27427c60
}

Java Threads: ( => current thread )
  0x000001db0beef9b0 JavaThread "main" [_thread_blocked, id=29068, stack(0x000000adca900000,0x000000adcaa00000)]
  0x000001db26e37730 JavaThread "Reference Handler" daemon [_thread_blocked, id=27696, stack(0x000000adcb000000,0x000000adcb100000)]
  0x000001db26e385b0 JavaThread "Finalizer" daemon [_thread_blocked, id=16788, stack(0x000000adcb100000,0x000000adcb200000)]
  0x000001db26e922a0 JavaThread "Signal Dispatcher" daemon [_thread_blocked, id=22400, stack(0x000000adcb200000,0x000000adcb300000)]
  0x000001db26e93120 JavaThread "Attach Listener" daemon [_thread_blocked, id=25496, stack(0x000000adcb300000,0x000000adcb400000)]
  0x000001db26e96c00 JavaThread "Service Thread" daemon [_thread_blocked, id=15376, stack(0x000000adcb400000,0x000000adcb500000)]
  0x000001db26e975c0 JavaThread "Monitor Deflation Thread" daemon [_thread_blocked, id=18876, stack(0x000000adcb500000,0x000000adcb600000)]
=>0x000001db26e982b0 JavaThread "C2 CompilerThread0" daemon [_thread_in_native, id=17312, stack(0x000000adcb600000,0x000000adcb700000)]
  0x000001db26e98d60 JavaThread "C1 CompilerThread0" daemon [_thread_blocked, id=29540, stack(0x000000adcb700000,0x000000adcb800000)]
  0x000001db26e99760 JavaThread "Sweeper thread" daemon [_thread_blocked, id=10652, stack(0x000000adcb800000,0x000000adcb900000)]
  0x000001db26e00c80 JavaThread "Common-Cleaner" daemon [_thread_blocked, id=21068, stack(0x000000adcb900000,0x000000adcba00000)]
  0x000001db27040920 JavaThread "C1 CompilerThread1" daemon [_thread_blocked, id=20252, stack(0x000000adcba00000,0x000000adcbb00000)]
  0x000001db27040e40 JavaThread "C1 CompilerThread2" daemon [_thread_blocked, id=18568, stack(0x000000adcbb00000,0x000000adcbc00000)]
  0x000001db27043370 JavaThread "C1 CompilerThread3" daemon [_thread_blocked, id=15528, stack(0x000000adcbc00000,0x000000adcbd00000)]
  0x000001db2717bbc0 JavaThread "Notification Thread" daemon [_thread_blocked, id=28444, stack(0x000000adcbd00000,0x000000adcbe00000)]
  0x000001db2cceb290 JavaThread "Daemon health stats" [_thread_blocked, id=13300, stack(0x000000adcc800000,0x000000adcc900000)]
  0x000001db2df59c40 JavaThread "Incoming local TCP Connector on port 63362" [_thread_in_native, id=29220, stack(0x000000adcc900000,0x000000adcca00000)]
  0x000001db2c7d5440 JavaThread "Daemon periodic checks" [_thread_blocked, id=12444, stack(0x000000adcca00000,0x000000adccb00000)]
  0x000001db2de05bc0 JavaThread "Daemon" [_thread_blocked, id=6728, stack(0x000000adccb00000,0x000000adccc00000)]
  0x000001db2e288830 JavaThread "Handler for socket connection from /127.0.0.1:63362 to /127.0.0.1:63363" [_thread_in_native, id=10740, stack(0x000000adccc00000,0x000000adccd00000)]
  0x000001db2cb6e0d0 JavaThread "Cancel handler" [_thread_blocked, id=25376, stack(0x000000adccd00000,0x000000adcce00000)]
  0x000001db2cb6ced0 JavaThread "Daemon worker" [_thread_in_Java, id=19220, stack(0x000000adcce00000,0x000000adccf00000)]
  0x000001db2d7dcfc0 JavaThread "Asynchronous log dispatcher for DefaultDaemonConnection: socket connection from /127.0.0.1:63362 to /127.0.0.1:63363" [_thread_blocked, id=20676, stack(0x000000adccf00000,0x000000adcd000000)]
  0x000001db2d7dd4d0 JavaThread "Stdin handler" [_thread_blocked, id=24752, stack(0x000000adcd000000,0x000000adcd100000)]
  0x000001db2d7df330 JavaThread "Daemon client event forwarder" [_thread_blocked, id=3364, stack(0x000000adcd100000,0x000000adcd200000)]
  0x000001db2d7e0260 JavaThread "Cache worker for journal cache (C:\Users\Hashem Arenat\.gradle\caches\journal-1)" [_thread_blocked, id=17972, stack(0x000000adcc100000,0x000000adcc200000)]
  0x000001db2d7ddef0 JavaThread "File lock request listener" [_thread_in_native, id=19384, stack(0x000000adcc200000,0x000000adcc300000)]
  0x000001db2d7de400 JavaThread "Cache worker for file hash cache (C:\Users\Hashem Arenat\.gradle\caches\8.7\fileHashes)" [_thread_blocked, id=29108, stack(0x000000adcde00000,0x000000adcdf00000)]
  0x000001db2e48c1f0 JavaThread "Cache worker for file hash cache (C:\Users\Hashem Arenat\AndroidStudioProjects\ECommerce\.gradle\8.7\fileHashes)" [_thread_blocked, id=24172, stack(0x000000adcdf00000,0x000000adce000000)]
  0x000001db2e48b2c0 JavaThread "File watcher server" daemon [_thread_in_native, id=27628, stack(0x000000adce000000,0x000000adce100000)]
  0x000001db2e488530 JavaThread "File watcher consumer" daemon [_thread_blocked, id=19280, stack(0x000000adce100000,0x000000adce200000)]
  0x000001db2e48c700 JavaThread "jar transforms" [_thread_blocked, id=8924, stack(0x000000adce200000,0x000000adce300000)]
  0x000001db2e489970 JavaThread "jar transforms Thread 2" [_thread_blocked, id=24464, stack(0x000000adce300000,0x000000adce400000)]
  0x000001db2e48bce0 JavaThread "jar transforms Thread 3" [_thread_blocked, id=23648, stack(0x000000adce400000,0x000000adce500000)]
  0x000001db2e48cc10 JavaThread "jar transforms Thread 4" [_thread_blocked, id=25640, stack(0x000000adce500000,0x000000adce600000)]
  0x000001db2e48e050 JavaThread "jar transforms Thread 5" [_thread_blocked, id=28760, stack(0x000000adce600000,0x000000adce700000)]
  0x000001db2e48a390 JavaThread "jar transforms Thread 6" [_thread_blocked, id=12528, stack(0x000000adce700000,0x000000adce800000)]
  0x000001db2e48d120 JavaThread "jar transforms Thread 7" [_thread_blocked, id=12420, stack(0x000000adce800000,0x000000adce900000)]
  0x000001db2e48ef80 JavaThread "jar transforms Thread 8" [_thread_blocked, id=25008, stack(0x000000adce900000,0x000000adcea00000)]
  0x000001db2e488f50 JavaThread "jar transforms Thread 9" [_thread_blocked, id=25336, stack(0x000000adcea00000,0x000000adceb00000)]
  0x000001db2e488a40 JavaThread "jar transforms Thread 10" [_thread_blocked, id=24900, stack(0x000000adceb00000,0x000000adcec00000)]
  0x000001db2e48a8a0 JavaThread "jar transforms Thread 11" [_thread_blocked, id=14072, stack(0x000000adcec00000,0x000000adced00000)]
  0x000001db2e48e560 JavaThread "jar transforms Thread 12" [_thread_blocked, id=25064, stack(0x000000adced00000,0x000000adcee00000)]
  0x000001db2e489e80 JavaThread "jar transforms Thread 13" [_thread_blocked, id=11260, stack(0x000000adcee00000,0x000000adcef00000)]
  0x000001db2e48d630 JavaThread "jar transforms Thread 14" [_thread_blocked, id=13168, stack(0x000000adcef00000,0x000000adcf000000)]
  0x000001db2e487b10 JavaThread "jar transforms Thread 15" [_thread_blocked, id=15068, stack(0x000000adcf000000,0x000000adcf100000)]
  0x000001db2e48adb0 JavaThread "jar transforms Thread 16" [_thread_blocked, id=23692, stack(0x000000adcf100000,0x000000adcf200000)]
  0x000001db2e48b7d0 JavaThread "jar transforms Thread 17" [_thread_blocked, id=20048, stack(0x000000adcf200000,0x000000adcf300000)]
  0x000001db2e488020 JavaThread "jar transforms Thread 18" [_thread_blocked, id=2944, stack(0x000000adcf300000,0x000000adcf400000)]
  0x000001db2e48db40 JavaThread "jar transforms Thread 19" [_thread_blocked, id=1384, stack(0x000000adcf400000,0x000000adcf500000)]
  0x000001db2e9588d0 JavaThread "jar transforms Thread 20" [_thread_blocked, id=26568, stack(0x000000adcf500000,0x000000adcf600000)]
  0x000001db2e95ac40 JavaThread "Cache worker for checksums cache (C:\Users\Hashem Arenat\AndroidStudioProjects\ECommerce\.gradle\8.7\checksums)" [_thread_blocked, id=13024, stack(0x000000adcf600000,0x000000adcf700000)]
  0x000001db2e9583c0 JavaThread "Cache worker for cache directory md-supplier (C:\Users\Hashem Arenat\.gradle\caches\8.7\md-supplier)" [_thread_blocked, id=27844, stack(0x000000adcf700000,0x000000adcf800000)]
  0x000001db2e958de0 JavaThread "Cache worker for cache directory md-rule (C:\Users\Hashem Arenat\.gradle\caches\8.7\md-rule)" [_thread_blocked, id=17136, stack(0x000000adcf800000,0x000000adcf900000)]
  0x000001db2e95ee10 JavaThread "Cache worker for file content cache (C:\Users\Hashem Arenat\.gradle\caches\8.7\fileContent)" [_thread_blocked, id=23684, stack(0x000000adcf900000,0x000000adcfa00000)]
  0x000001db2e9579a0 JavaThread "Unconstrained build operations" [_thread_blocked, id=3092, stack(0x000000adcfc00000,0x000000adcfd00000)]
  0x000001db2e95a220 JavaThread "Unconstrained build operations Thread 2" [_thread_blocked, id=24636, stack(0x000000adcfd00000,0x000000adcfe00000)]
  0x000001db2e95c590 JavaThread "Unconstrained build operations Thread 3" [_thread_blocked, id=29276, stack(0x000000adcfe00000,0x000000adcff00000)]
  0x000001db2e95b150 JavaThread "Unconstrained build operations Thread 4" [_thread_blocked, id=26772, stack(0x000000adcff00000,0x000000add0000000)]
  0x000001db2e95b660 JavaThread "Unconstrained build operations Thread 5" [_thread_blocked, id=13304, stack(0x000000add0000000,0x000000add0100000)]
  0x000001db2e95bb70 JavaThread "Unconstrained build operations Thread 6" [_thread_blocked, id=18548, stack(0x000000add0100000,0x000000add0200000)]
  0x000001db2e95cfb0 JavaThread "Unconstrained build operations Thread 7" [_thread_blocked, id=25680, stack(0x000000add0200000,0x000000add0300000)]
  0x000001db2e95d9d0 JavaThread "Unconstrained build operations Thread 8" [_thread_blocked, id=972, stack(0x000000add0300000,0x000000add0400000)]
  0x000001db2e95e3f0 JavaThread "Unconstrained build operations Thread 9" [_thread_blocked, id=11288, stack(0x000000add0400000,0x000000add0500000)]
  0x000001db2e957eb0 JavaThread "Unconstrained build operations Thread 10" [_thread_blocked, id=29300, stack(0x000000add0500000,0x000000add0600000)]
  0x000001db2e95c080 JavaThread "Cache worker for Build Output Cleanup Cache (C:\Users\Hashem Arenat\AndroidStudioProjects\ECommerce\.gradle\buildOutputCleanup)" [_thread_blocked, id=23200, stack(0x000000add0600000,0x000000add0700000)]
  0x000001db2d7dd9e0 JavaThread "Unconstrained build operations Thread 11" [_thread_blocked, id=11324, stack(0x000000add0700000,0x000000add0800000)]
  0x000001db30b74cd0 JavaThread "Unconstrained build operations Thread 12" [_thread_blocked, id=25624, stack(0x000000add0800000,0x000000add0900000)]
  0x000001db30b77a60 JavaThread "Unconstrained build operations Thread 13" [_thread_blocked, id=27676, stack(0x000000add0900000,0x000000add0a00000)]
  0x000001db30b75c00 JavaThread "Unconstrained build operations Thread 14" [_thread_blocked, id=21940, stack(0x000000add0a00000,0x000000add0b00000)]
  0x000001db30b73da0 JavaThread "Unconstrained build operations Thread 15" [_thread_blocked, id=28508, stack(0x000000add0b00000,0x000000add0c00000)]
  0x000001db30b76110 JavaThread "Unconstrained build operations Thread 16" [_thread_blocked, id=7492, stack(0x000000add0c00000,0x000000add0d00000)]
  0x000001db30b751e0 JavaThread "Unconstrained build operations Thread 17" [_thread_blocked, id=19380, stack(0x000000add0d00000,0x000000add0e00000)]
  0x000001db30b77f70 JavaThread "Unconstrained build operations Thread 18" [_thread_blocked, id=25944, stack(0x000000add0e00000,0x000000add0f00000)]
  0x000001db30b742b0 JavaThread "Unconstrained build operations Thread 19" [_thread_blocked, id=17888, stack(0x000000add0f00000,0x000000add1000000)]
  0x000001db30b756f0 JavaThread "Unconstrained build operations Thread 20" [_thread_blocked, id=1492, stack(0x000000add1000000,0x000000add1100000)]
  0x000001db30b76620 JavaThread "Unconstrained build operations Thread 21" [_thread_blocked, id=17864, stack(0x000000add1100000,0x000000add1200000)]
  0x000001db30b793b0 JavaThread "Unconstrained build operations Thread 22" [_thread_blocked, id=26416, stack(0x000000add1200000,0x000000add1300000)]
  0x000001db30b78480 JavaThread "Unconstrained build operations Thread 23" [_thread_blocked, id=8204, stack(0x000000add1300000,0x000000add1400000)]
  0x000001db30b76b30 JavaThread "Unconstrained build operations Thread 24" [_thread_blocked, id=28172, stack(0x000000add1400000,0x000000add1500000)]
  0x000001db30b77040 JavaThread "Unconstrained build operations Thread 25" [_thread_blocked, id=18604, stack(0x000000add1500000,0x000000add1600000)]
  0x000001db30b77550 JavaThread "Unconstrained build operations Thread 26" [_thread_blocked, id=18360, stack(0x000000add1600000,0x000000add1700000)]
  0x000001db30b78990 JavaThread "Unconstrained build operations Thread 27" [_thread_blocked, id=28568, stack(0x000000add1700000,0x000000add1800000)]
  0x000001db30b747c0 JavaThread "Unconstrained build operations Thread 28" [_thread_blocked, id=29076, stack(0x000000add1800000,0x000000add1900000)]
  0x000001db30b78ea0 JavaThread "Unconstrained build operations Thread 29" [_thread_blocked, id=29064, stack(0x000000add1900000,0x000000add1a00000)]
  0x000001db30b72450 JavaThread "Unconstrained build operations Thread 30" [_thread_blocked, id=27544, stack(0x000000add1a00000,0x000000add1b00000)]
  0x000001db30b79dd0 JavaThread "Unconstrained build operations Thread 31" [_thread_blocked, id=28580, stack(0x000000add1b00000,0x000000add1c00000)]
  0x000001db30b72960 JavaThread "Unconstrained build operations Thread 32" [_thread_blocked, id=24488, stack(0x000000add1c00000,0x000000add1d00000)]
  0x000001db30b72e70 JavaThread "Unconstrained build operations Thread 33" [_thread_blocked, id=23432, stack(0x000000add1d00000,0x000000add1e00000)]
  0x000001db30b73380 JavaThread "Unconstrained build operations Thread 34" [_thread_blocked, id=10496, stack(0x000000add1e00000,0x000000add1f00000)]
  0x000001db30b73890 JavaThread "Unconstrained build operations Thread 35" [_thread_blocked, id=21708, stack(0x000000add1f00000,0x000000add2000000)]
  0x000001db2ecae410 JavaThread "Unconstrained build operations Thread 36" [_thread_blocked, id=24468, stack(0x000000add2000000,0x000000add2100000)]
  0x000001db2eca9d30 JavaThread "Unconstrained build operations Thread 37" [_thread_blocked, id=10776, stack(0x000000add2100000,0x000000add2200000)]
  0x000001db2ecaee30 JavaThread "Unconstrained build operations Thread 38" [_thread_blocked, id=27704, stack(0x000000add2200000,0x000000add2300000)]
  0x000001db2eca9310 JavaThread "Unconstrained build operations Thread 39" [_thread_blocked, id=13664, stack(0x000000add2300000,0x000000add2400000)]
  0x000001db2eca9820 JavaThread "Unconstrained build operations Thread 40" [_thread_blocked, id=14280, stack(0x000000add2400000,0x000000add2500000)]
  0x000001db2ecaa240 JavaThread "Unconstrained build operations Thread 41" [_thread_blocked, id=29024, stack(0x000000add2500000,0x000000add2600000)]
  0x000001db2eca8e00 JavaThread "Unconstrained build operations Thread 42" [_thread_blocked, id=17188, stack(0x000000add2600000,0x000000add2700000)]
  0x000001db2ecaf340 JavaThread "Unconstrained build operations Thread 43" [_thread_blocked, id=24624, stack(0x000000add2700000,0x000000add2800000)]
  0x000001db2ecab170 JavaThread "Unconstrained build operations Thread 44" [_thread_blocked, id=19036, stack(0x000000add2800000,0x000000add2900000)]
  0x000001db2ecaa750 JavaThread "Unconstrained build operations Thread 45" [_thread_blocked, id=17664, stack(0x000000add2900000,0x000000add2a00000)]
  0x000001db2ecab680 JavaThread "Unconstrained build operations Thread 46" [_thread_blocked, id=11424, stack(0x000000add2a00000,0x000000add2b00000)]
  0x000001db2ecaac60 JavaThread "Unconstrained build operations Thread 47" [_thread_blocked, id=27520, stack(0x000000add2b00000,0x000000add2c00000)]
  0x000001db2ecaf850 JavaThread "Unconstrained build operations Thread 48" [_thread_blocked, id=15924, stack(0x000000add2c00000,0x000000add2d00000)]
  0x000001db2ecabb90 JavaThread "Unconstrained build operations Thread 49" [_thread_blocked, id=25124, stack(0x000000add2d00000,0x000000add2e00000)]
  0x000001db2ecac5b0 JavaThread "Unconstrained build operations Thread 50" [_thread_blocked, id=13612, stack(0x000000add2e00000,0x000000add2f00000)]
  0x000001db2ecacac0 JavaThread "Unconstrained build operations Thread 51" [_thread_blocked, id=20968, stack(0x000000add2f00000,0x000000add3000000)]
  0x000001db2ecacfd0 JavaThread "Unconstrained build operations Thread 52" [_thread_blocked, id=19856, stack(0x000000add3000000,0x000000add3100000)]
  0x000001db2ecad4e0 JavaThread "Unconstrained build operations Thread 53" [_thread_blocked, id=1044, stack(0x000000add3100000,0x000000add3200000)]
  0x000001db2ecad9f0 JavaThread "Unconstrained build operations Thread 54" [_thread_blocked, id=14476, stack(0x000000add3200000,0x000000add3300000)]
  0x000001db2ecafd60 JavaThread "Memory manager" [_thread_blocked, id=11812, stack(0x000000adcfb00000,0x000000adcfc00000)]
  0x000001db30e74230 JavaThread "build event listener" [_thread_blocked, id=7668, stack(0x000000add3300000,0x000000add3400000)]
  0x000001db27427c60 JavaThread "C2 CompilerThread1" daemon [_thread_in_native, id=28756, stack(0x000000adcbf00000,0x000000adcc000000)]

Other Threads:
  0x000001db26d7eba0 VMThread "VM Thread" [stack: 0x000000adcaf00000,0x000000adcb000000] [id=24792]
  0x000001db0bef0830 WatcherThread [stack: 0x000000adcbe00000,0x000000adcbf00000] [id=23752]
  0x000001db0bf4e470 GCTaskThread "GC Thread#0" [stack: 0x000000adcaa00000,0x000000adcab00000] [id=18136]
  0x000001db2ccee0f0 GCTaskThread "GC Thread#1" [stack: 0x000000adcc300000,0x000000adcc400000] [id=28196]
  0x000001db2ccee7c0 GCTaskThread "GC Thread#2" [stack: 0x000000adcc400000,0x000000adcc500000] [id=20776]
  0x000001db2d0585c0 GCTaskThread "GC Thread#3" [stack: 0x000000adcc500000,0x000000adcc600000] [id=23728]
  0x000001db2d058880 GCTaskThread "GC Thread#4" [stack: 0x000000adcc600000,0x000000adcc700000] [id=23112]
  0x000001db2cd828f0 GCTaskThread "GC Thread#5" [stack: 0x000000adcc700000,0x000000adcc800000] [id=29348]
  0x000001db2de77c80 GCTaskThread "GC Thread#6" [stack: 0x000000adcd200000,0x000000adcd300000] [id=5744]
  0x000001db2de77f40 GCTaskThread "GC Thread#7" [stack: 0x000000adcd300000,0x000000adcd400000] [id=24540]
  0x000001db2de784c0 GCTaskThread "GC Thread#8" [stack: 0x000000adcd400000,0x000000adcd500000] [id=25768]
  0x000001db2de79540 GCTaskThread "GC Thread#9" [stack: 0x000000adcd500000,0x000000adcd600000] [id=29328]
  0x000001db2de78a40 GCTaskThread "GC Thread#10" [stack: 0x000000adcd600000,0x000000adcd700000] [id=26992]
  0x000001db2de78d00 GCTaskThread "GC Thread#11" [stack: 0x000000adcd700000,0x000000adcd800000] [id=12996]
  0x000001db2de779c0 GCTaskThread "GC Thread#12" [stack: 0x000000adcd800000,0x000000adcd900000] [id=12064]
  0x000001db2de78200 GCTaskThread "GC Thread#13" [stack: 0x000000adcd900000,0x000000adcda00000] [id=4884]
  0x000001db2de78780 GCTaskThread "GC Thread#14" [stack: 0x000000adcda00000,0x000000adcdb00000] [id=18728]
  0x000001db0bf5f3c0 ConcurrentGCThread "G1 Main Marker" [stack: 0x000000adcab00000,0x000000adcac00000] [id=22820]
  0x000001db0bf5fde0 ConcurrentGCThread "G1 Conc#0" [stack: 0x000000adcac00000,0x000000adcad00000] [id=22616]
  0x000001db2de78fc0 ConcurrentGCThread "G1 Conc#1" [stack: 0x000000adcdb00000,0x000000adcdc00000] [id=16724]
  0x000001db2de79280 ConcurrentGCThread "G1 Conc#2" [stack: 0x000000adcdc00000,0x000000adcdd00000] [id=29028]
  0x000001db2ce38440 ConcurrentGCThread "G1 Conc#3" [stack: 0x000000adcdd00000,0x000000adcde00000] [id=28852]
  0x000001db26c7c890 ConcurrentGCThread "G1 Refine#0" [stack: 0x000000adcad00000,0x000000adcae00000] [id=28712]
  0x000001db26c7d2c0 ConcurrentGCThread "G1 Service" [stack: 0x000000adcae00000,0x000000adcaf00000] [id=20936]

Threads with active compile tasks:
C2 CompilerThread0     6160 9157 %     4       org.gradle.internal.instantiation.generator.AbstractClassGenerator::inspectType @ 32 (560 bytes)
C2 CompilerThread1     6160 9213   !   4       org.gradle.internal.event.AbstractBroadcastDispatch::dispatch (74 bytes)

VM state: not at safepoint (normal execution)

VM Mutex/Monitor currently owned by a thread: None

Heap address: 0x0000000080000000, size: 2048 MB, Compressed Oops mode: 32-bit

CDS archive(s) not mapped
Compressed class space mapped at: 0x0000000100000000-0x0000000140000000, reserved size: 1073741824
Narrow klass base: 0x0000000000000000, Narrow klass shift: 3, Narrow klass range: 0x140000000

GC Precious Log:
 CPUs: 20 total, 20 available
 Memory: 16004M
 Large Page Support: Disabled
 NUMA Support: Disabled
 Compressed Oops: Enabled (32-bit)
 Heap Region Size: 1M
 Heap Min Capacity: 8M
 Heap Initial Capacity: 252M
 Heap Max Capacity: 2G
 Pre-touch: Disabled
 Parallel Workers: 15
 Concurrent Workers: 4
 Concurrent Refinement Workers: 15
 Periodic GC: Disabled

Heap:
 garbage-first heap   total 358400K, used 122913K [0x0000000080000000, 0x0000000100000000)
  region size 1024K, 16 young (16384K), 12 survivors (12288K)
 Metaspace       used 83528K, committed 84288K, reserved 1179648K
  class space    used 11179K, committed 11520K, reserved 1048576K

Heap Regions: E=young(eden), S=young(survivor), O=old, HS=humongous(starts), HC=humongous(continues), CS=collection set, F=free, OA=open archive, CA=closed archive, TAMS=top-at-mark-start (previous, next)
|   0|0x0000000080000000, 0x0000000080100000, 0x0000000080100000|100%|HS|  |TAMS 0x0000000080100000, 0x0000000080000000| Complete 
|   1|0x0000000080100000, 0x0000000080200000, 0x0000000080200000|100%|HC|  |TAMS 0x0000000080200000, 0x0000000080100000| Complete 
|   2|0x0000000080200000, 0x0000000080300000, 0x0000000080300000|100%|HC|  |TAMS 0x0000000080300000, 0x0000000080200000| Complete 
|   3|0x0000000080300000, 0x0000000080400000, 0x0000000080400000|100%|HC|  |TAMS 0x0000000080400000, 0x0000000080300000| Complete 
|   4|0x0000000080400000, 0x0000000080500000, 0x0000000080500000|100%| O|  |TAMS 0x0000000080500000, 0x0000000080400000| Untracked 
|   5|0x0000000080500000, 0x0000000080600000, 0x0000000080600000|100%| O|  |TAMS 0x0000000080600000, 0x0000000080500000| Untracked 
|   6|0x0000000080600000, 0x0000000080700000, 0x0000000080700000|100%| O|  |TAMS 0x0000000080700000, 0x0000000080600000| Untracked 
|   7|0x0000000080700000, 0x0000000080800000, 0x0000000080800000|100%| O|  |TAMS 0x0000000080800000, 0x0000000080700000| Untracked 
|   8|0x0000000080800000, 0x0000000080900000, 0x0000000080900000|100%| O|  |TAMS 0x0000000080900000, 0x0000000080800000| Untracked 
|   9|0x0000000080900000, 0x0000000080a00000, 0x0000000080a00000|100%| O|  |TAMS 0x0000000080a00000, 0x0000000080900000| Untracked 
|  10|0x0000000080a00000, 0x0000000080b00000, 0x0000000080b00000|100%| O|  |TAMS 0x0000000080b00000, 0x0000000080a00000| Untracked 
|  11|0x0000000080b00000, 0x0000000080c00000, 0x0000000080c00000|100%| O|  |TAMS 0x0000000080c00000, 0x0000000080b00000| Untracked 
|  12|0x0000000080c00000, 0x0000000080d00000, 0x0000000080d00000|100%| O|  |TAMS 0x0000000080d00000, 0x0000000080c00000| Untracked 
|  13|0x0000000080d00000, 0x0000000080e00000, 0x0000000080e00000|100%| O|  |TAMS 0x0000000080e00000, 0x0000000080d00000| Untracked 
|  14|0x0000000080e00000, 0x0000000080f00000, 0x0000000080f00000|100%| O|  |TAMS 0x0000000080f00000, 0x0000000080e00000| Untracked 
|  15|0x0000000080f00000, 0x0000000081000000, 0x0000000081000000|100%| O|  |TAMS 0x0000000081000000, 0x0000000080f00000| Untracked 
|  16|0x0000000081000000, 0x0000000081100000, 0x0000000081100000|100%| O|  |TAMS 0x0000000081100000, 0x0000000081000000| Untracked 
|  17|0x0000000081100000, 0x0000000081200000, 0x0000000081200000|100%| O|  |TAMS 0x0000000081200000, 0x0000000081100000| Untracked 
|  18|0x0000000081200000, 0x0000000081300000, 0x0000000081300000|100%| O|  |TAMS 0x0000000081300000, 0x0000000081200000| Untracked 
|  19|0x0000000081300000, 0x0000000081400000, 0x0000000081400000|100%| O|  |TAMS 0x0000000081400000, 0x0000000081300000| Untracked 
|  20|0x0000000081400000, 0x0000000081500000, 0x0000000081500000|100%|HS|  |TAMS 0x0000000081500000, 0x0000000081400000| Complete 
|  21|0x0000000081500000, 0x0000000081600000, 0x0000000081600000|100%|HC|  |TAMS 0x0000000081600000, 0x0000000081500000| Complete 
|  22|0x0000000081600000, 0x0000000081700000, 0x0000000081700000|100%|HC|  |TAMS 0x0000000081700000, 0x0000000081600000| Complete 
|  23|0x0000000081700000, 0x0000000081800000, 0x0000000081800000|100%|HC|  |TAMS 0x0000000081800000, 0x0000000081700000| Complete 
|  24|0x0000000081800000, 0x0000000081900000, 0x0000000081900000|100%|HC|  |TAMS 0x0000000081900000, 0x0000000081800000| Complete 
|  25|0x0000000081900000, 0x0000000081a00000, 0x0000000081a00000|100%|HS|  |TAMS 0x0000000081a00000, 0x0000000081900000| Complete 
|  26|0x0000000081a00000, 0x0000000081b00000, 0x0000000081b00000|100%|HC|  |TAMS 0x0000000081b00000, 0x0000000081a00000| Complete 
|  27|0x0000000081b00000, 0x0000000081c00000, 0x0000000081c00000|100%|HC|  |TAMS 0x0000000081c00000, 0x0000000081b00000| Complete 
|  28|0x0000000081c00000, 0x0000000081d00000, 0x0000000081d00000|100%|HS|  |TAMS 0x0000000081d00000, 0x0000000081c00000| Complete 
|  29|0x0000000081d00000, 0x0000000081e00000, 0x0000000081e00000|100%|HC|  |TAMS 0x0000000081e00000, 0x0000000081d00000| Complete 
|  30|0x0000000081e00000, 0x0000000081f00000, 0x0000000081f00000|100%|HC|  |TAMS 0x0000000081f00000, 0x0000000081e00000| Complete 
|  31|0x0000000081f00000, 0x0000000082000000, 0x0000000082000000|100%| O|  |TAMS 0x0000000082000000, 0x0000000081f00000| Untracked 
|  32|0x0000000082000000, 0x0000000082100000, 0x0000000082100000|100%| O|  |TAMS 0x0000000082100000, 0x0000000082000000| Untracked 
|  33|0x0000000082100000, 0x0000000082200000, 0x0000000082200000|100%|HS|  |TAMS 0x0000000082200000, 0x0000000082100000| Complete 
|  34|0x0000000082200000, 0x0000000082300000, 0x0000000082300000|100%| O|  |TAMS 0x0000000082300000, 0x0000000082200000| Untracked 
|  35|0x0000000082300000, 0x0000000082400000, 0x0000000082400000|100%| O|  |TAMS 0x0000000082400000, 0x0000000082300000| Complete 
|  36|0x0000000082400000, 0x0000000082500000, 0x0000000082500000|100%| O|  |TAMS 0x0000000082500000, 0x0000000082400000| Untracked 
|  37|0x0000000082500000, 0x0000000082600000, 0x0000000082600000|100%| O|  |TAMS 0x0000000082600000, 0x0000000082500000| Untracked 
|  38|0x0000000082600000, 0x0000000082600000, 0x0000000082700000|  0%| F|  |TAMS 0x0000000082600000, 0x0000000082600000| Untracked 
|  39|0x0000000082700000, 0x0000000082800000, 0x0000000082800000|100%| O|  |TAMS 0x0000000082800000, 0x0000000082700000| Untracked 
|  40|0x0000000082800000, 0x0000000082900000, 0x0000000082900000|100%| O|  |TAMS 0x0000000082900000, 0x0000000082800000| Untracked 
|  41|0x0000000082900000, 0x0000000082a00000, 0x0000000082a00000|100%| O|  |TAMS 0x0000000082a00000, 0x0000000082900000| Untracked 
|  42|0x0000000082a00000, 0x0000000082b00000, 0x0000000082b00000|100%| O|  |TAMS 0x0000000082b00000, 0x0000000082a00000| Untracked 
|  43|0x0000000082b00000, 0x0000000082c00000, 0x0000000082c00000|100%| O|  |TAMS 0x0000000082c00000, 0x0000000082b00000| Untracked 
|  44|0x0000000082c00000, 0x0000000082d00000, 0x0000000082d00000|100%| O|  |TAMS 0x0000000082d00000, 0x0000000082c00000| Untracked 
|  45|0x0000000082d00000, 0x0000000082e00000, 0x0000000082e00000|100%| O|  |TAMS 0x0000000082e00000, 0x0000000082d00000| Untracked 
|  46|0x0000000082e00000, 0x0000000082f00000, 0x0000000082f00000|100%|HS|  |TAMS 0x0000000082f00000, 0x0000000082e00000| Complete 
|  47|0x0000000082f00000, 0x0000000083000000, 0x0000000083000000|100%|HC|  |TAMS 0x0000000083000000, 0x0000000082f00000| Complete 
|  48|0x0000000083000000, 0x0000000083100000, 0x0000000083100000|100%|HC|  |TAMS 0x0000000083100000, 0x0000000083000000| Complete 
|  49|0x0000000083100000, 0x0000000083200000, 0x0000000083200000|100%| O|  |TAMS 0x0000000083200000, 0x0000000083100000| Untracked 
|  50|0x0000000083200000, 0x0000000083300000, 0x0000000083300000|100%| O|  |TAMS 0x0000000083300000, 0x0000000083200000| Untracked 
|  51|0x0000000083300000, 0x0000000083400000, 0x0000000083400000|100%| O|  |TAMS 0x0000000083400000, 0x0000000083300000| Complete 
|  52|0x0000000083400000, 0x0000000083500000, 0x0000000083500000|100%|HS|  |TAMS 0x0000000083500000, 0x0000000083400000| Complete 
|  53|0x0000000083500000, 0x0000000083600000, 0x0000000083600000|100%|HS|  |TAMS 0x0000000083600000, 0x0000000083500000| Complete 
|  54|0x0000000083600000, 0x0000000083700000, 0x0000000083700000|100%|HC|  |TAMS 0x0000000083700000, 0x0000000083600000| Complete 
|  55|0x0000000083700000, 0x0000000083800000, 0x0000000083800000|100%|HC|  |TAMS 0x0000000083800000, 0x0000000083700000| Complete 
|  56|0x0000000083800000, 0x0000000083900000, 0x0000000083900000|100%|HC|  |TAMS 0x0000000083900000, 0x0000000083800000| Complete 
|  57|0x0000000083900000, 0x0000000083a00000, 0x0000000083a00000|100%|HC|  |TAMS 0x0000000083a00000, 0x0000000083900000| Complete 
|  58|0x0000000083a00000, 0x0000000083b00000, 0x0000000083b00000|100%| O|  |TAMS 0x0000000083b00000, 0x0000000083a00000| Untracked 
|  59|0x0000000083b00000, 0x0000000083c00000, 0x0000000083c00000|100%| O|  |TAMS 0x0000000083c00000, 0x0000000083b00000| Untracked 
|  60|0x0000000083c00000, 0x0000000083d00000, 0x0000000083d00000|100%|HS|  |TAMS 0x0000000083d00000, 0x0000000083c00000| Complete 
|  61|0x0000000083d00000, 0x0000000083e00000, 0x0000000083e00000|100%|HC|  |TAMS 0x0000000083e00000, 0x0000000083d00000| Complete 
|  62|0x0000000083e00000, 0x0000000083f00000, 0x0000000083f00000|100%|HC|  |TAMS 0x0000000083f00000, 0x0000000083e00000| Complete 
|  63|0x0000000083f00000, 0x0000000084000000, 0x0000000084000000|100%|HC|  |TAMS 0x0000000084000000, 0x0000000083f00000| Complete 
|  64|0x0000000084000000, 0x0000000084100000, 0x0000000084100000|100%|HC|  |TAMS 0x0000000084100000, 0x0000000084000000| Complete 
|  65|0x0000000084100000, 0x0000000084200000, 0x0000000084200000|100%| O|  |TAMS 0x0000000084200000, 0x0000000084100000| Untracked 
|  66|0x0000000084200000, 0x0000000084300000, 0x0000000084300000|100%| O|  |TAMS 0x0000000084300000, 0x0000000084200000| Untracked 
|  67|0x0000000084300000, 0x0000000084400000, 0x0000000084400000|100%| O|  |TAMS 0x0000000084400000, 0x0000000084300000| Untracked 
|  68|0x0000000084400000, 0x0000000084500000, 0x0000000084500000|100%| O|  |TAMS 0x0000000084500000, 0x0000000084400000| Untracked 
|  69|0x0000000084500000, 0x0000000084600000, 0x0000000084600000|100%| O|  |TAMS 0x0000000084600000, 0x0000000084500000| Untracked 
|  70|0x0000000084600000, 0x0000000084700000, 0x0000000084700000|100%| O|  |TAMS 0x0000000084700000, 0x0000000084600000| Untracked 
|  71|0x0000000084700000, 0x0000000084800000, 0x0000000084800000|100%| O|  |TAMS 0x0000000084800000, 0x0000000084700000| Untracked 
|  72|0x0000000084800000, 0x0000000084900000, 0x0000000084900000|100%| O|  |TAMS 0x0000000084900000, 0x0000000084800000| Untracked 
|  73|0x0000000084900000, 0x0000000084a00000, 0x0000000084a00000|100%| O|  |TAMS 0x0000000084a00000, 0x0000000084900000| Untracked 
|  74|0x0000000084a00000, 0x0000000084b00000, 0x0000000084b00000|100%|HS|  |TAMS 0x0000000084b00000, 0x0000000084a00000| Complete 
|  75|0x0000000084b00000, 0x0000000084c00000, 0x0000000084c00000|100%|HS|  |TAMS 0x0000000084c00000, 0x0000000084b00000| Complete 
|  76|0x0000000084c00000, 0x0000000084d00000, 0x0000000084d00000|100%|HS|  |TAMS 0x0000000084d00000, 0x0000000084c00000| Complete 
|  77|0x0000000084d00000, 0x0000000084e00000, 0x0000000084e00000|100%|HC|  |TAMS 0x0000000084e00000, 0x0000000084d00000| Complete 
|  78|0x0000000084e00000, 0x0000000084f00000, 0x0000000084f00000|100%|HS|  |TAMS 0x0000000084f00000, 0x0000000084e00000| Complete 
|  79|0x0000000084f00000, 0x0000000085000000, 0x0000000085000000|100%|HC|  |TAMS 0x0000000085000000, 0x0000000084f00000| Complete 
|  80|0x0000000085000000, 0x0000000085100000, 0x0000000085100000|100%|HS|  |TAMS 0x0000000085100000, 0x0000000085000000| Complete 
|  81|0x0000000085100000, 0x0000000085200000, 0x0000000085200000|100%| O|  |TAMS 0x0000000085200000, 0x0000000085100000| Untracked 
|  82|0x0000000085200000, 0x0000000085300000, 0x0000000085300000|100%| O|  |TAMS 0x0000000085300000, 0x0000000085200000| Untracked 
|  83|0x0000000085300000, 0x0000000085400000, 0x0000000085400000|100%| O|  |TAMS 0x0000000085400000, 0x0000000085300000| Untracked 
|  84|0x0000000085400000, 0x0000000085500000, 0x0000000085500000|100%|HS|  |TAMS 0x0000000085500000, 0x0000000085400000| Complete 
|  85|0x0000000085500000, 0x0000000085600000, 0x0000000085600000|100%|HC|  |TAMS 0x0000000085600000, 0x0000000085500000| Complete 
|  86|0x0000000085600000, 0x0000000085700000, 0x0000000085700000|100%|HC|  |TAMS 0x0000000085700000, 0x0000000085600000| Complete 
|  87|0x0000000085700000, 0x0000000085800000, 0x0000000085800000|100%|HC|  |TAMS 0x0000000085800000, 0x0000000085700000| Complete 
|  88|0x0000000085800000, 0x0000000085900000, 0x0000000085900000|100%| O|  |TAMS 0x0000000085900000, 0x0000000085800000| Untracked 
|  89|0x0000000085900000, 0x0000000085a00000, 0x0000000085a00000|100%| O|  |TAMS 0x0000000085a00000, 0x0000000085900000| Untracked 
|  90|0x0000000085a00000, 0x0000000085b00000, 0x0000000085b00000|100%| O|  |TAMS 0x0000000085b00000, 0x0000000085a00000| Untracked 
|  91|0x0000000085b00000, 0x0000000085c00000, 0x0000000085c00000|100%| O|  |TAMS 0x0000000085c00000, 0x0000000085b00000| Untracked 
|  92|0x0000000085c00000, 0x0000000085d00000, 0x0000000085d00000|100%| O|  |TAMS 0x0000000085d00000, 0x0000000085c00000| Untracked 
|  93|0x0000000085d00000, 0x0000000085e00000, 0x0000000085e00000|100%| O|  |TAMS 0x0000000085e00000, 0x0000000085d00000| Untracked 
|  94|0x0000000085e00000, 0x0000000085f00000, 0x0000000085f00000|100%| O|  |TAMS 0x0000000085f00000, 0x0000000085e00000| Untracked 
|  95|0x0000000085f00000, 0x0000000086000000, 0x0000000086000000|100%| O|  |TAMS 0x0000000086000000, 0x0000000085f00000| Untracked 
|  96|0x0000000086000000, 0x0000000086100000, 0x0000000086100000|100%|HS|  |TAMS 0x0000000086100000, 0x0000000086000000| Complete 
|  97|0x0000000086100000, 0x0000000086200000, 0x0000000086200000|100%|HS|  |TAMS 0x0000000086200000, 0x0000000086100000| Complete 
|  98|0x0000000086200000, 0x0000000086300000, 0x0000000086300000|100%| O|  |TAMS 0x0000000086300000, 0x0000000086200000| Untracked 
|  99|0x0000000086300000, 0x0000000086400000, 0x0000000086400000|100%| O|  |TAMS 0x0000000086400000, 0x0000000086300000| Untracked 
| 100|0x0000000086400000, 0x0000000086500000, 0x0000000086500000|100%| O|  |TAMS 0x0000000086500000, 0x0000000086400000| Untracked 
| 101|0x0000000086500000, 0x00000000865e1800, 0x0000000086600000| 88%| O|  |TAMS 0x00000000865e1800, 0x0000000086500000| Untracked 
| 102|0x0000000086600000, 0x0000000086600000, 0x0000000086700000|  0%| F|  |TAMS 0x0000000086600000, 0x0000000086600000| Untracked 
| 103|0x0000000086700000, 0x0000000086700000, 0x0000000086800000|  0%| F|  |TAMS 0x0000000086700000, 0x0000000086700000| Untracked 
| 104|0x0000000086800000, 0x0000000086800000, 0x0000000086900000|  0%| F|  |TAMS 0x0000000086800000, 0x0000000086800000| Untracked 
| 105|0x0000000086900000, 0x0000000086a00000, 0x0000000086a00000|100%|HS|  |TAMS 0x0000000086900000, 0x0000000086900000| Complete 
| 106|0x0000000086a00000, 0x0000000086b00000, 0x0000000086b00000|100%|HS|  |TAMS 0x0000000086a00000, 0x0000000086a00000| Complete 
| 107|0x0000000086b00000, 0x0000000086c00000, 0x0000000086c00000|100%|HC|  |TAMS 0x0000000086b00000, 0x0000000086b00000| Complete 
| 108|0x0000000086c00000, 0x0000000086d00000, 0x0000000086d00000|100%|HC|  |TAMS 0x0000000086c00000, 0x0000000086c00000| Complete 
| 109|0x0000000086d00000, 0x0000000086e00000, 0x0000000086e00000|100%|HC|  |TAMS 0x0000000086d00000, 0x0000000086d00000| Complete 
| 110|0x0000000086e00000, 0x0000000086e00000, 0x0000000086f00000|  0%| F|  |TAMS 0x0000000086e00000, 0x0000000086e00000| Untracked 
| 111|0x0000000086f00000, 0x0000000086f00000, 0x0000000087000000|  0%| F|  |TAMS 0x0000000086f00000, 0x0000000086f00000| Untracked 
| 112|0x0000000087000000, 0x0000000087000000, 0x0000000087100000|  0%| F|  |TAMS 0x0000000087000000, 0x0000000087000000| Untracked 
| 113|0x0000000087100000, 0x0000000087100000, 0x0000000087200000|  0%| F|  |TAMS 0x0000000087100000, 0x0000000087100000| Untracked 
| 114|0x0000000087200000, 0x0000000087200000, 0x0000000087300000|  0%| F|  |TAMS 0x0000000087200000, 0x0000000087200000| Untracked 
| 115|0x0000000087300000, 0x0000000087300000, 0x0000000087400000|  0%| F|  |TAMS 0x0000000087300000, 0x0000000087300000| Untracked 
| 116|0x0000000087400000, 0x0000000087400000, 0x0000000087500000|  0%| F|  |TAMS 0x0000000087400000, 0x0000000087400000| Untracked 
| 117|0x0000000087500000, 0x0000000087500000, 0x0000000087600000|  0%| F|  |TAMS 0x0000000087500000, 0x0000000087500000| Untracked 
| 118|0x0000000087600000, 0x0000000087600000, 0x0000000087700000|  0%| F|  |TAMS 0x0000000087600000, 0x0000000087600000| Untracked 
| 119|0x0000000087700000, 0x0000000087700000, 0x0000000087800000|  0%| F|  |TAMS 0x0000000087700000, 0x0000000087700000| Untracked 
| 120|0x0000000087800000, 0x0000000087800000, 0x0000000087900000|  0%| F|  |TAMS 0x0000000087800000, 0x0000000087800000| Untracked 
| 121|0x0000000087900000, 0x0000000087900000, 0x0000000087a00000|  0%| F|  |TAMS 0x0000000087900000, 0x0000000087900000| Untracked 
| 122|0x0000000087a00000, 0x0000000087a00000, 0x0000000087b00000|  0%| F|  |TAMS 0x0000000087a00000, 0x0000000087a00000| Untracked 
| 123|0x0000000087b00000, 0x0000000087b00000, 0x0000000087c00000|  0%| F|  |TAMS 0x0000000087b00000, 0x0000000087b00000| Untracked 
| 124|0x0000000087c00000, 0x0000000087c00000, 0x0000000087d00000|  0%| F|  |TAMS 0x0000000087c00000, 0x0000000087c00000| Untracked 
| 125|0x0000000087d00000, 0x0000000087d00000, 0x0000000087e00000|  0%| F|  |TAMS 0x0000000087d00000, 0x0000000087d00000| Untracked 
| 126|0x0000000087e00000, 0x0000000087e00000, 0x0000000087f00000|  0%| F|  |TAMS 0x0000000087e00000, 0x0000000087e00000| Untracked 
| 127|0x0000000087f00000, 0x0000000087f00000, 0x0000000088000000|  0%| F|  |TAMS 0x0000000087f00000, 0x0000000087f00000| Untracked 
| 128|0x0000000088000000, 0x0000000088000000, 0x0000000088100000|  0%| F|  |TAMS 0x0000000088000000, 0x0000000088000000| Untracked 
| 129|0x0000000088100000, 0x0000000088100000, 0x0000000088200000|  0%| F|  |TAMS 0x0000000088100000, 0x0000000088100000| Untracked 
| 130|0x0000000088200000, 0x0000000088200000, 0x0000000088300000|  0%| F|  |TAMS 0x0000000088200000, 0x0000000088200000| Untracked 
| 131|0x0000000088300000, 0x0000000088300000, 0x0000000088400000|  0%| F|  |TAMS 0x0000000088300000, 0x0000000088300000| Untracked 
| 132|0x0000000088400000, 0x0000000088400000, 0x0000000088500000|  0%| F|  |TAMS 0x0000000088400000, 0x0000000088400000| Untracked 
| 133|0x0000000088500000, 0x0000000088500000, 0x0000000088600000|  0%| F|  |TAMS 0x0000000088500000, 0x0000000088500000| Untracked 
| 134|0x0000000088600000, 0x0000000088600000, 0x0000000088700000|  0%| F|  |TAMS 0x0000000088600000, 0x0000000088600000| Untracked 
| 135|0x0000000088700000, 0x0000000088700000, 0x0000000088800000|  0%| F|  |TAMS 0x0000000088700000, 0x0000000088700000| Untracked 
| 136|0x0000000088800000, 0x0000000088800000, 0x0000000088900000|  0%| F|  |TAMS 0x0000000088800000, 0x0000000088800000| Untracked 
| 137|0x0000000088900000, 0x0000000088900000, 0x0000000088a00000|  0%| F|  |TAMS 0x0000000088900000, 0x0000000088900000| Untracked 
| 138|0x0000000088a00000, 0x0000000088a00000, 0x0000000088b00000|  0%| F|  |TAMS 0x0000000088a00000, 0x0000000088a00000| Untracked 
| 139|0x0000000088b00000, 0x0000000088b00000, 0x0000000088c00000|  0%| F|  |TAMS 0x0000000088b00000, 0x0000000088b00000| Untracked 
| 140|0x0000000088c00000, 0x0000000088c00000, 0x0000000088d00000|  0%| F|  |TAMS 0x0000000088c00000, 0x0000000088c00000| Untracked 
| 141|0x0000000088d00000, 0x0000000088d00000, 0x0000000088e00000|  0%| F|  |TAMS 0x0000000088d00000, 0x0000000088d00000| Untracked 
| 142|0x0000000088e00000, 0x0000000088e00000, 0x0000000088f00000|  0%| F|  |TAMS 0x0000000088e00000, 0x0000000088e00000| Untracked 
| 143|0x0000000088f00000, 0x0000000088f00000, 0x0000000089000000|  0%| F|  |TAMS 0x0000000088f00000, 0x0000000088f00000| Untracked 
| 144|0x0000000089000000, 0x0000000089000000, 0x0000000089100000|  0%| F|  |TAMS 0x0000000089000000, 0x0000000089000000| Untracked 
| 145|0x0000000089100000, 0x0000000089100000, 0x0000000089200000|  0%| F|  |TAMS 0x0000000089100000, 0x0000000089100000| Untracked 
| 146|0x0000000089200000, 0x0000000089200000, 0x0000000089300000|  0%| F|  |TAMS 0x0000000089200000, 0x0000000089200000| Untracked 
| 147|0x0000000089300000, 0x0000000089300000, 0x0000000089400000|  0%| F|  |TAMS 0x0000000089300000, 0x0000000089300000| Untracked 
| 148|0x0000000089400000, 0x0000000089400000, 0x0000000089500000|  0%| F|  |TAMS 0x0000000089400000, 0x0000000089400000| Untracked 
| 149|0x0000000089500000, 0x0000000089500000, 0x0000000089600000|  0%| F|  |TAMS 0x0000000089500000, 0x0000000089500000| Untracked 
| 150|0x0000000089600000, 0x0000000089600000, 0x0000000089700000|  0%| F|  |TAMS 0x0000000089600000, 0x0000000089600000| Untracked 
| 151|0x0000000089700000, 0x0000000089700000, 0x0000000089800000|  0%| F|  |TAMS 0x0000000089700000, 0x0000000089700000| Untracked 
| 152|0x0000000089800000, 0x0000000089800000, 0x0000000089900000|  0%| F|  |TAMS 0x0000000089800000, 0x0000000089800000| Untracked 
| 153|0x0000000089900000, 0x0000000089900000, 0x0000000089a00000|  0%| F|  |TAMS 0x0000000089900000, 0x0000000089900000| Untracked 
| 154|0x0000000089a00000, 0x0000000089a00000, 0x0000000089b00000|  0%| F|  |TAMS 0x0000000089a00000, 0x0000000089a00000| Untracked 
| 155|0x0000000089b00000, 0x0000000089b00000, 0x0000000089c00000|  0%| F|  |TAMS 0x0000000089b00000, 0x0000000089b00000| Untracked 
| 156|0x0000000089c00000, 0x0000000089c00000, 0x0000000089d00000|  0%| F|  |TAMS 0x0000000089c00000, 0x0000000089c00000| Untracked 
| 157|0x0000000089d00000, 0x0000000089d00000, 0x0000000089e00000|  0%| F|  |TAMS 0x0000000089d00000, 0x0000000089d00000| Untracked 
| 158|0x0000000089e00000, 0x0000000089e00000, 0x0000000089f00000|  0%| F|  |TAMS 0x0000000089e00000, 0x0000000089e00000| Untracked 
| 159|0x0000000089f00000, 0x0000000089f00000, 0x000000008a000000|  0%| F|  |TAMS 0x0000000089f00000, 0x0000000089f00000| Untracked 
| 160|0x000000008a000000, 0x000000008a000000, 0x000000008a100000|  0%| F|  |TAMS 0x000000008a000000, 0x000000008a000000| Untracked 
| 161|0x000000008a100000, 0x000000008a100000, 0x000000008a200000|  0%| F|  |TAMS 0x000000008a100000, 0x000000008a100000| Untracked 
| 162|0x000000008a200000, 0x000000008a200000, 0x000000008a300000|  0%| F|  |TAMS 0x000000008a200000, 0x000000008a200000| Untracked 
| 163|0x000000008a300000, 0x000000008a300000, 0x000000008a400000|  0%| F|  |TAMS 0x000000008a300000, 0x000000008a300000| Untracked 
| 164|0x000000008a400000, 0x000000008a400000, 0x000000008a500000|  0%| F|  |TAMS 0x000000008a400000, 0x000000008a400000| Untracked 
| 165|0x000000008a500000, 0x000000008a500000, 0x000000008a600000|  0%| F|  |TAMS 0x000000008a500000, 0x000000008a500000| Untracked 
| 166|0x000000008a600000, 0x000000008a600000, 0x000000008a700000|  0%| F|  |TAMS 0x000000008a600000, 0x000000008a600000| Untracked 
| 167|0x000000008a700000, 0x000000008a700000, 0x000000008a800000|  0%| F|  |TAMS 0x000000008a700000, 0x000000008a700000| Untracked 
| 168|0x000000008a800000, 0x000000008a800000, 0x000000008a900000|  0%| F|  |TAMS 0x000000008a800000, 0x000000008a800000| Untracked 
| 169|0x000000008a900000, 0x000000008a900000, 0x000000008aa00000|  0%| F|  |TAMS 0x000000008a900000, 0x000000008a900000| Untracked 
| 170|0x000000008aa00000, 0x000000008aa00000, 0x000000008ab00000|  0%| F|  |TAMS 0x000000008aa00000, 0x000000008aa00000| Untracked 
| 171|0x000000008ab00000, 0x000000008ab00000, 0x000000008ac00000|  0%| F|  |TAMS 0x000000008ab00000, 0x000000008ab00000| Untracked 
| 172|0x000000008ac00000, 0x000000008ac00000, 0x000000008ad00000|  0%| F|  |TAMS 0x000000008ac00000, 0x000000008ac00000| Untracked 
| 173|0x000000008ad00000, 0x000000008ad00000, 0x000000008ae00000|  0%| F|  |TAMS 0x000000008ad00000, 0x000000008ad00000| Untracked 
| 174|0x000000008ae00000, 0x000000008ae00000, 0x000000008af00000|  0%| F|  |TAMS 0x000000008ae00000, 0x000000008ae00000| Untracked 
| 175|0x000000008af00000, 0x000000008af00000, 0x000000008b000000|  0%| F|  |TAMS 0x000000008af00000, 0x000000008af00000| Untracked 
| 176|0x000000008b000000, 0x000000008b000000, 0x000000008b100000|  0%| F|  |TAMS 0x000000008b000000, 0x000000008b000000| Untracked 
| 177|0x000000008b100000, 0x000000008b100000, 0x000000008b200000|  0%| F|  |TAMS 0x000000008b100000, 0x000000008b100000| Untracked 
| 178|0x000000008b200000, 0x000000008b200000, 0x000000008b300000|  0%| F|  |TAMS 0x000000008b200000, 0x000000008b200000| Untracked 
| 179|0x000000008b300000, 0x000000008b300000, 0x000000008b400000|  0%| F|  |TAMS 0x000000008b300000, 0x000000008b300000| Untracked 
| 180|0x000000008b400000, 0x000000008b426f70, 0x000000008b500000| 15%| S|CS|TAMS 0x000000008b400000, 0x000000008b400000| Complete 
| 181|0x000000008b500000, 0x000000008b600000, 0x000000008b600000|100%| S|CS|TAMS 0x000000008b500000, 0x000000008b500000| Complete 
| 182|0x000000008b600000, 0x000000008b700000, 0x000000008b700000|100%| S|CS|TAMS 0x000000008b600000, 0x000000008b600000| Complete 
| 183|0x000000008b700000, 0x000000008b800000, 0x000000008b800000|100%| S|CS|TAMS 0x000000008b700000, 0x000000008b700000| Complete 
| 184|0x000000008b800000, 0x000000008b900000, 0x000000008b900000|100%| S|CS|TAMS 0x000000008b800000, 0x000000008b800000| Complete 
| 185|0x000000008b900000, 0x000000008ba00000, 0x000000008ba00000|100%| S|CS|TAMS 0x000000008b900000, 0x000000008b900000| Complete 
| 186|0x000000008ba00000, 0x000000008bb00000, 0x000000008bb00000|100%| S|CS|TAMS 0x000000008ba00000, 0x000000008ba00000| Complete 
| 187|0x000000008bb00000, 0x000000008bc00000, 0x000000008bc00000|100%| S|CS|TAMS 0x000000008bb00000, 0x000000008bb00000| Complete 
| 188|0x000000008bc00000, 0x000000008bd00000, 0x000000008bd00000|100%| S|CS|TAMS 0x000000008bc00000, 0x000000008bc00000| Complete 
| 189|0x000000008bd00000, 0x000000008be00000, 0x000000008be00000|100%| S|CS|TAMS 0x000000008bd00000, 0x000000008bd00000| Complete 
| 190|0x000000008be00000, 0x000000008bf00000, 0x000000008bf00000|100%| S|CS|TAMS 0x000000008be00000, 0x000000008be00000| Complete 
| 191|0x000000008bf00000, 0x000000008c000000, 0x000000008c000000|100%| S|CS|TAMS 0x000000008bf00000, 0x000000008bf00000| Complete 
| 192|0x000000008c000000, 0x000000008c000000, 0x000000008c100000|  0%| F|  |TAMS 0x000000008c000000, 0x000000008c000000| Untracked 
| 193|0x000000008c100000, 0x000000008c100000, 0x000000008c200000|  0%| F|  |TAMS 0x000000008c100000, 0x000000008c100000| Untracked 
| 194|0x000000008c200000, 0x000000008c200000, 0x000000008c300000|  0%| F|  |TAMS 0x000000008c200000, 0x000000008c200000| Untracked 
| 195|0x000000008c300000, 0x000000008c300000, 0x000000008c400000|  0%| F|  |TAMS 0x000000008c300000, 0x000000008c300000| Untracked 
| 196|0x000000008c400000, 0x000000008c400000, 0x000000008c500000|  0%| F|  |TAMS 0x000000008c400000, 0x000000008c400000| Untracked 
| 197|0x000000008c500000, 0x000000008c500000, 0x000000008c600000|  0%| F|  |TAMS 0x000000008c500000, 0x000000008c500000| Untracked 
| 198|0x000000008c600000, 0x000000008c600000, 0x000000008c700000|  0%| F|  |TAMS 0x000000008c600000, 0x000000008c600000| Untracked 
| 199|0x000000008c700000, 0x000000008c700000, 0x000000008c800000|  0%| F|  |TAMS 0x000000008c700000, 0x000000008c700000| Untracked 
| 200|0x000000008c800000, 0x000000008c800000, 0x000000008c900000|  0%| F|  |TAMS 0x000000008c800000, 0x000000008c800000| Untracked 
| 201|0x000000008c900000, 0x000000008c900000, 0x000000008ca00000|  0%| F|  |TAMS 0x000000008c900000, 0x000000008c900000| Untracked 
| 202|0x000000008ca00000, 0x000000008ca00000, 0x000000008cb00000|  0%| F|  |TAMS 0x000000008ca00000, 0x000000008ca00000| Untracked 
| 203|0x000000008cb00000, 0x000000008cb00000, 0x000000008cc00000|  0%| F|  |TAMS 0x000000008cb00000, 0x000000008cb00000| Untracked 
| 204|0x000000008cc00000, 0x000000008cc00000, 0x000000008cd00000|  0%| F|  |TAMS 0x000000008cc00000, 0x000000008cc00000| Untracked 
| 205|0x000000008cd00000, 0x000000008cd00000, 0x000000008ce00000|  0%| F|  |TAMS 0x000000008cd00000, 0x000000008cd00000| Untracked 
| 206|0x000000008ce00000, 0x000000008ce00000, 0x000000008cf00000|  0%| F|  |TAMS 0x000000008ce00000, 0x000000008ce00000| Untracked 
| 207|0x000000008cf00000, 0x000000008cf00000, 0x000000008d000000|  0%| F|  |TAMS 0x000000008cf00000, 0x000000008cf00000| Untracked 
| 208|0x000000008d000000, 0x000000008d000000, 0x000000008d100000|  0%| F|  |TAMS 0x000000008d000000, 0x000000008d000000| Untracked 
| 209|0x000000008d100000, 0x000000008d100000, 0x000000008d200000|  0%| F|  |TAMS 0x000000008d100000, 0x000000008d100000| Untracked 
| 210|0x000000008d200000, 0x000000008d200000, 0x000000008d300000|  0%| F|  |TAMS 0x000000008d200000, 0x000000008d200000| Untracked 
| 211|0x000000008d300000, 0x000000008d300000, 0x000000008d400000|  0%| F|  |TAMS 0x000000008d300000, 0x000000008d300000| Untracked 
| 212|0x000000008d400000, 0x000000008d400000, 0x000000008d500000|  0%| F|  |TAMS 0x000000008d400000, 0x000000008d400000| Untracked 
| 213|0x000000008d500000, 0x000000008d500000, 0x000000008d600000|  0%| F|  |TAMS 0x000000008d500000, 0x000000008d500000| Untracked 
| 214|0x000000008d600000, 0x000000008d600000, 0x000000008d700000|  0%| F|  |TAMS 0x000000008d600000, 0x000000008d600000| Untracked 
| 215|0x000000008d700000, 0x000000008d700000, 0x000000008d800000|  0%| F|  |TAMS 0x000000008d700000, 0x000000008d700000| Untracked 
| 216|0x000000008d800000, 0x000000008d800000, 0x000000008d900000|  0%| F|  |TAMS 0x000000008d800000, 0x000000008d800000| Untracked 
| 217|0x000000008d900000, 0x000000008d900000, 0x000000008da00000|  0%| F|  |TAMS 0x000000008d900000, 0x000000008d900000| Untracked 
| 218|0x000000008da00000, 0x000000008da00000, 0x000000008db00000|  0%| F|  |TAMS 0x000000008da00000, 0x000000008da00000| Untracked 
| 219|0x000000008db00000, 0x000000008db00000, 0x000000008dc00000|  0%| F|  |TAMS 0x000000008db00000, 0x000000008db00000| Untracked 
| 220|0x000000008dc00000, 0x000000008dc00000, 0x000000008dd00000|  0%| F|  |TAMS 0x000000008dc00000, 0x000000008dc00000| Untracked 
| 221|0x000000008dd00000, 0x000000008dd00000, 0x000000008de00000|  0%| F|  |TAMS 0x000000008dd00000, 0x000000008dd00000| Untracked 
| 222|0x000000008de00000, 0x000000008de00000, 0x000000008df00000|  0%| F|  |TAMS 0x000000008de00000, 0x000000008de00000| Untracked 
| 223|0x000000008df00000, 0x000000008df00000, 0x000000008e000000|  0%| F|  |TAMS 0x000000008df00000, 0x000000008df00000| Untracked 
| 224|0x000000008e000000, 0x000000008e000000, 0x000000008e100000|  0%| F|  |TAMS 0x000000008e000000, 0x000000008e000000| Untracked 
| 225|0x000000008e100000, 0x000000008e100000, 0x000000008e200000|  0%| F|  |TAMS 0x000000008e100000, 0x000000008e100000| Untracked 
| 226|0x000000008e200000, 0x000000008e200000, 0x000000008e300000|  0%| F|  |TAMS 0x000000008e200000, 0x000000008e200000| Untracked 
| 227|0x000000008e300000, 0x000000008e300000, 0x000000008e400000|  0%| F|  |TAMS 0x000000008e300000, 0x000000008e300000| Untracked 
| 228|0x000000008e400000, 0x000000008e400000, 0x000000008e500000|  0%| F|  |TAMS 0x000000008e400000, 0x000000008e400000| Untracked 
| 229|0x000000008e500000, 0x000000008e500000, 0x000000008e600000|  0%| F|  |TAMS 0x000000008e500000, 0x000000008e500000| Untracked 
| 230|0x000000008e600000, 0x000000008e600000, 0x000000008e700000|  0%| F|  |TAMS 0x000000008e600000, 0x000000008e600000| Untracked 
| 231|0x000000008e700000, 0x000000008e700000, 0x000000008e800000|  0%| F|  |TAMS 0x000000008e700000, 0x000000008e700000| Untracked 
| 232|0x000000008e800000, 0x000000008e800000, 0x000000008e900000|  0%| F|  |TAMS 0x000000008e800000, 0x000000008e800000| Untracked 
| 233|0x000000008e900000, 0x000000008e900000, 0x000000008ea00000|  0%| F|  |TAMS 0x000000008e900000, 0x000000008e900000| Untracked 
| 234|0x000000008ea00000, 0x000000008ea00000, 0x000000008eb00000|  0%| F|  |TAMS 0x000000008ea00000, 0x000000008ea00000| Untracked 
| 235|0x000000008eb00000, 0x000000008eb00000, 0x000000008ec00000|  0%| F|  |TAMS 0x000000008eb00000, 0x000000008eb00000| Untracked 
| 236|0x000000008ec00000, 0x000000008ec00000, 0x000000008ed00000|  0%| F|  |TAMS 0x000000008ec00000, 0x000000008ec00000| Untracked 
| 237|0x000000008ed00000, 0x000000008ed00000, 0x000000008ee00000|  0%| F|  |TAMS 0x000000008ed00000, 0x000000008ed00000| Untracked 
| 238|0x000000008ee00000, 0x000000008ee00000, 0x000000008ef00000|  0%| F|  |TAMS 0x000000008ee00000, 0x000000008ee00000| Untracked 
| 239|0x000000008ef00000, 0x000000008ef00000, 0x000000008f000000|  0%| F|  |TAMS 0x000000008ef00000, 0x000000008ef00000| Untracked 
| 240|0x000000008f000000, 0x000000008f000000, 0x000000008f100000|  0%| F|  |TAMS 0x000000008f000000, 0x000000008f000000| Untracked 
| 241|0x000000008f100000, 0x000000008f100000, 0x000000008f200000|  0%| F|  |TAMS 0x000000008f100000, 0x000000008f100000| Untracked 
| 242|0x000000008f200000, 0x000000008f200000, 0x000000008f300000|  0%| F|  |TAMS 0x000000008f200000, 0x000000008f200000| Untracked 
| 243|0x000000008f300000, 0x000000008f300000, 0x000000008f400000|  0%| F|  |TAMS 0x000000008f300000, 0x000000008f300000| Untracked 
| 244|0x000000008f400000, 0x000000008f400000, 0x000000008f500000|  0%| F|  |TAMS 0x000000008f400000, 0x000000008f400000| Untracked 
| 245|0x000000008f500000, 0x000000008f500000, 0x000000008f600000|  0%| F|  |TAMS 0x000000008f500000, 0x000000008f500000| Untracked 
| 246|0x000000008f600000, 0x000000008f600000, 0x000000008f700000|  0%| F|  |TAMS 0x000000008f600000, 0x000000008f600000| Untracked 
| 247|0x000000008f700000, 0x000000008f700000, 0x000000008f800000|  0%| F|  |TAMS 0x000000008f700000, 0x000000008f700000| Untracked 
| 248|0x000000008f800000, 0x000000008f800000, 0x000000008f900000|  0%| F|  |TAMS 0x000000008f800000, 0x000000008f800000| Untracked 
| 249|0x000000008f900000, 0x000000008f900000, 0x000000008fa00000|  0%| F|  |TAMS 0x000000008f900000, 0x000000008f900000| Untracked 
| 250|0x000000008fa00000, 0x000000008fa00000, 0x000000008fb00000|  0%| F|  |TAMS 0x000000008fa00000, 0x000000008fa00000| Untracked 
| 251|0x000000008fb00000, 0x000000008fb00000, 0x000000008fc00000|  0%| F|  |TAMS 0x000000008fb00000, 0x000000008fb00000| Untracked 
| 252|0x000000008fc00000, 0x000000008fc00000, 0x000000008fd00000|  0%| F|  |TAMS 0x000000008fc00000, 0x000000008fc00000| Untracked 
| 253|0x000000008fd00000, 0x000000008fd00000, 0x000000008fe00000|  0%| F|  |TAMS 0x000000008fd00000, 0x000000008fd00000| Untracked 
| 254|0x000000008fe00000, 0x000000008fe00000, 0x000000008ff00000|  0%| F|  |TAMS 0x000000008fe00000, 0x000000008fe00000| Untracked 
| 255|0x000000008ff00000, 0x000000008ff00000, 0x0000000090000000|  0%| F|  |TAMS 0x000000008ff00000, 0x000000008ff00000| Untracked 
| 256|0x0000000090000000, 0x0000000090000000, 0x0000000090100000|  0%| F|  |TAMS 0x0000000090000000, 0x0000000090000000| Untracked 
| 257|0x0000000090100000, 0x0000000090100000, 0x0000000090200000|  0%| F|  |TAMS 0x0000000090100000, 0x0000000090100000| Untracked 
| 258|0x0000000090200000, 0x0000000090200000, 0x0000000090300000|  0%| F|  |TAMS 0x0000000090200000, 0x0000000090200000| Untracked 
| 259|0x0000000090300000, 0x0000000090300000, 0x0000000090400000|  0%| F|  |TAMS 0x0000000090300000, 0x0000000090300000| Untracked 
| 260|0x0000000090400000, 0x0000000090400000, 0x0000000090500000|  0%| F|  |TAMS 0x0000000090400000, 0x0000000090400000| Untracked 
| 261|0x0000000090500000, 0x0000000090500000, 0x0000000090600000|  0%| F|  |TAMS 0x0000000090500000, 0x0000000090500000| Untracked 
| 262|0x0000000090600000, 0x0000000090600000, 0x0000000090700000|  0%| F|  |TAMS 0x0000000090600000, 0x0000000090600000| Untracked 
| 263|0x0000000090700000, 0x0000000090700000, 0x0000000090800000|  0%| F|  |TAMS 0x0000000090700000, 0x0000000090700000| Untracked 
| 264|0x0000000090800000, 0x0000000090800000, 0x0000000090900000|  0%| F|  |TAMS 0x0000000090800000, 0x0000000090800000| Untracked 
| 265|0x0000000090900000, 0x0000000090900000, 0x0000000090a00000|  0%| F|  |TAMS 0x0000000090900000, 0x0000000090900000| Untracked 
| 266|0x0000000090a00000, 0x0000000090a00000, 0x0000000090b00000|  0%| F|  |TAMS 0x0000000090a00000, 0x0000000090a00000| Untracked 
| 267|0x0000000090b00000, 0x0000000090b00000, 0x0000000090c00000|  0%| F|  |TAMS 0x0000000090b00000, 0x0000000090b00000| Untracked 
| 268|0x0000000090c00000, 0x0000000090c00000, 0x0000000090d00000|  0%| F|  |TAMS 0x0000000090c00000, 0x0000000090c00000| Untracked 
| 269|0x0000000090d00000, 0x0000000090d00000, 0x0000000090e00000|  0%| F|  |TAMS 0x0000000090d00000, 0x0000000090d00000| Untracked 
| 270|0x0000000090e00000, 0x0000000090e00000, 0x0000000090f00000|  0%| F|  |TAMS 0x0000000090e00000, 0x0000000090e00000| Untracked 
| 271|0x0000000090f00000, 0x0000000090f00000, 0x0000000091000000|  0%| F|  |TAMS 0x0000000090f00000, 0x0000000090f00000| Untracked 
| 272|0x0000000091000000, 0x0000000091000000, 0x0000000091100000|  0%| F|  |TAMS 0x0000000091000000, 0x0000000091000000| Untracked 
| 273|0x0000000091100000, 0x0000000091100000, 0x0000000091200000|  0%| F|  |TAMS 0x0000000091100000, 0x0000000091100000| Untracked 
| 274|0x0000000091200000, 0x0000000091200000, 0x0000000091300000|  0%| F|  |TAMS 0x0000000091200000, 0x0000000091200000| Untracked 
| 275|0x0000000091300000, 0x0000000091300000, 0x0000000091400000|  0%| F|  |TAMS 0x0000000091300000, 0x0000000091300000| Untracked 
| 276|0x0000000091400000, 0x0000000091400000, 0x0000000091500000|  0%| F|  |TAMS 0x0000000091400000, 0x0000000091400000| Untracked 
| 277|0x0000000091500000, 0x0000000091500000, 0x0000000091600000|  0%| F|  |TAMS 0x0000000091500000, 0x0000000091500000| Untracked 
| 278|0x0000000091600000, 0x0000000091600000, 0x0000000091700000|  0%| F|  |TAMS 0x0000000091600000, 0x0000000091600000| Untracked 
| 279|0x0000000091700000, 0x0000000091700000, 0x0000000091800000|  0%| F|  |TAMS 0x0000000091700000, 0x0000000091700000| Untracked 
| 280|0x0000000091800000, 0x0000000091800000, 0x0000000091900000|  0%| F|  |TAMS 0x0000000091800000, 0x0000000091800000| Untracked 
| 281|0x0000000091900000, 0x0000000091900000, 0x0000000091a00000|  0%| F|  |TAMS 0x0000000091900000, 0x0000000091900000| Untracked 
| 282|0x0000000091a00000, 0x0000000091a00000, 0x0000000091b00000|  0%| F|  |TAMS 0x0000000091a00000, 0x0000000091a00000| Untracked 
| 283|0x0000000091b00000, 0x0000000091b00000, 0x0000000091c00000|  0%| F|  |TAMS 0x0000000091b00000, 0x0000000091b00000| Untracked 
| 284|0x0000000091c00000, 0x0000000091c00000, 0x0000000091d00000|  0%| F|  |TAMS 0x0000000091c00000, 0x0000000091c00000| Untracked 
| 285|0x0000000091d00000, 0x0000000091d00000, 0x0000000091e00000|  0%| F|  |TAMS 0x0000000091d00000, 0x0000000091d00000| Untracked 
| 286|0x0000000091e00000, 0x0000000091e00000, 0x0000000091f00000|  0%| F|  |TAMS 0x0000000091e00000, 0x0000000091e00000| Untracked 
| 287|0x0000000091f00000, 0x0000000091f00000, 0x0000000092000000|  0%| F|  |TAMS 0x0000000091f00000, 0x0000000091f00000| Untracked 
| 288|0x0000000092000000, 0x0000000092000000, 0x0000000092100000|  0%| F|  |TAMS 0x0000000092000000, 0x0000000092000000| Untracked 
| 289|0x0000000092100000, 0x0000000092100000, 0x0000000092200000|  0%| F|  |TAMS 0x0000000092100000, 0x0000000092100000| Untracked 
| 290|0x0000000092200000, 0x0000000092200000, 0x0000000092300000|  0%| F|  |TAMS 0x0000000092200000, 0x0000000092200000| Untracked 
| 291|0x0000000092300000, 0x0000000092300000, 0x0000000092400000|  0%| F|  |TAMS 0x0000000092300000, 0x0000000092300000| Untracked 
| 292|0x0000000092400000, 0x0000000092400000, 0x0000000092500000|  0%| F|  |TAMS 0x0000000092400000, 0x0000000092400000| Untracked 
| 293|0x0000000092500000, 0x0000000092500000, 0x0000000092600000|  0%| F|  |TAMS 0x0000000092500000, 0x0000000092500000| Untracked 
| 294|0x0000000092600000, 0x0000000092600000, 0x0000000092700000|  0%| F|  |TAMS 0x0000000092600000, 0x0000000092600000| Untracked 
| 295|0x0000000092700000, 0x0000000092700000, 0x0000000092800000|  0%| F|  |TAMS 0x0000000092700000, 0x0000000092700000| Untracked 
| 296|0x0000000092800000, 0x0000000092800000, 0x0000000092900000|  0%| F|  |TAMS 0x0000000092800000, 0x0000000092800000| Untracked 
| 297|0x0000000092900000, 0x0000000092900000, 0x0000000092a00000|  0%| F|  |TAMS 0x0000000092900000, 0x0000000092900000| Untracked 
| 298|0x0000000092a00000, 0x0000000092a00000, 0x0000000092b00000|  0%| F|  |TAMS 0x0000000092a00000, 0x0000000092a00000| Untracked 
| 299|0x0000000092b00000, 0x0000000092b00000, 0x0000000092c00000|  0%| F|  |TAMS 0x0000000092b00000, 0x0000000092b00000| Untracked 
| 300|0x0000000092c00000, 0x0000000092c00000, 0x0000000092d00000|  0%| F|  |TAMS 0x0000000092c00000, 0x0000000092c00000| Untracked 
| 301|0x0000000092d00000, 0x0000000092d00000, 0x0000000092e00000|  0%| F|  |TAMS 0x0000000092d00000, 0x0000000092d00000| Untracked 
| 302|0x0000000092e00000, 0x0000000092e00000, 0x0000000092f00000|  0%| F|  |TAMS 0x0000000092e00000, 0x0000000092e00000| Untracked 
| 303|0x0000000092f00000, 0x0000000092f00000, 0x0000000093000000|  0%| F|  |TAMS 0x0000000092f00000, 0x0000000092f00000| Untracked 
| 304|0x0000000093000000, 0x0000000093000000, 0x0000000093100000|  0%| F|  |TAMS 0x0000000093000000, 0x0000000093000000| Untracked 
| 305|0x0000000093100000, 0x0000000093100000, 0x0000000093200000|  0%| F|  |TAMS 0x0000000093100000, 0x0000000093100000| Untracked 
| 306|0x0000000093200000, 0x0000000093200000, 0x0000000093300000|  0%| F|  |TAMS 0x0000000093200000, 0x0000000093200000| Untracked 
| 307|0x0000000093300000, 0x0000000093300000, 0x0000000093400000|  0%| F|  |TAMS 0x0000000093300000, 0x0000000093300000| Untracked 
| 308|0x0000000093400000, 0x0000000093400000, 0x0000000093500000|  0%| F|  |TAMS 0x0000000093400000, 0x0000000093400000| Untracked 
| 309|0x0000000093500000, 0x0000000093500000, 0x0000000093600000|  0%| F|  |TAMS 0x0000000093500000, 0x0000000093500000| Untracked 
| 310|0x0000000093600000, 0x0000000093600000, 0x0000000093700000|  0%| F|  |TAMS 0x0000000093600000, 0x0000000093600000| Untracked 
| 311|0x0000000093700000, 0x0000000093700000, 0x0000000093800000|  0%| F|  |TAMS 0x0000000093700000, 0x0000000093700000| Untracked 
| 312|0x0000000093800000, 0x0000000093800000, 0x0000000093900000|  0%| F|  |TAMS 0x0000000093800000, 0x0000000093800000| Untracked 
| 313|0x0000000093900000, 0x0000000093900000, 0x0000000093a00000|  0%| F|  |TAMS 0x0000000093900000, 0x0000000093900000| Untracked 
| 314|0x0000000093a00000, 0x0000000093a00000, 0x0000000093b00000|  0%| F|  |TAMS 0x0000000093a00000, 0x0000000093a00000| Untracked 
| 315|0x0000000093b00000, 0x0000000093b00000, 0x0000000093c00000|  0%| F|  |TAMS 0x0000000093b00000, 0x0000000093b00000| Untracked 
| 316|0x0000000093c00000, 0x0000000093c00000, 0x0000000093d00000|  0%| F|  |TAMS 0x0000000093c00000, 0x0000000093c00000| Untracked 
| 317|0x0000000093d00000, 0x0000000093d00000, 0x0000000093e00000|  0%| F|  |TAMS 0x0000000093d00000, 0x0000000093d00000| Untracked 
| 318|0x0000000093e00000, 0x0000000093e00000, 0x0000000093f00000|  0%| F|  |TAMS 0x0000000093e00000, 0x0000000093e00000| Untracked 
| 319|0x0000000093f00000, 0x0000000093f00000, 0x0000000094000000|  0%| F|  |TAMS 0x0000000093f00000, 0x0000000093f00000| Untracked 
| 320|0x0000000094000000, 0x0000000094000000, 0x0000000094100000|  0%| F|  |TAMS 0x0000000094000000, 0x0000000094000000| Untracked 
| 321|0x0000000094100000, 0x0000000094100000, 0x0000000094200000|  0%| F|  |TAMS 0x0000000094100000, 0x0000000094100000| Untracked 
| 322|0x0000000094200000, 0x0000000094200000, 0x0000000094300000|  0%| F|  |TAMS 0x0000000094200000, 0x0000000094200000| Untracked 
| 323|0x0000000094300000, 0x0000000094300000, 0x0000000094400000|  0%| F|  |TAMS 0x0000000094300000, 0x0000000094300000| Untracked 
| 324|0x0000000094400000, 0x0000000094400000, 0x0000000094500000|  0%| F|  |TAMS 0x0000000094400000, 0x0000000094400000| Untracked 
| 325|0x0000000094500000, 0x0000000094500000, 0x0000000094600000|  0%| F|  |TAMS 0x0000000094500000, 0x0000000094500000| Untracked 
| 326|0x0000000094600000, 0x0000000094600000, 0x0000000094700000|  0%| F|  |TAMS 0x0000000094600000, 0x0000000094600000| Untracked 
| 327|0x0000000094700000, 0x0000000094700000, 0x0000000094800000|  0%| F|  |TAMS 0x0000000094700000, 0x0000000094700000| Untracked 
| 328|0x0000000094800000, 0x0000000094800000, 0x0000000094900000|  0%| F|  |TAMS 0x0000000094800000, 0x0000000094800000| Untracked 
| 329|0x0000000094900000, 0x0000000094900000, 0x0000000094a00000|  0%| F|  |TAMS 0x0000000094900000, 0x0000000094900000| Untracked 
| 330|0x0000000094a00000, 0x0000000094a00000, 0x0000000094b00000|  0%| F|  |TAMS 0x0000000094a00000, 0x0000000094a00000| Untracked 
| 331|0x0000000094b00000, 0x0000000094b00000, 0x0000000094c00000|  0%| F|  |TAMS 0x0000000094b00000, 0x0000000094b00000| Untracked 
| 332|0x0000000094c00000, 0x0000000094c00000, 0x0000000094d00000|  0%| F|  |TAMS 0x0000000094c00000, 0x0000000094c00000| Untracked 
| 333|0x0000000094d00000, 0x0000000094d00000, 0x0000000094e00000|  0%| F|  |TAMS 0x0000000094d00000, 0x0000000094d00000| Untracked 
| 334|0x0000000094e00000, 0x0000000094e00000, 0x0000000094f00000|  0%| F|  |TAMS 0x0000000094e00000, 0x0000000094e00000| Untracked 
| 335|0x0000000094f00000, 0x0000000094f00000, 0x0000000095000000|  0%| F|  |TAMS 0x0000000094f00000, 0x0000000094f00000| Untracked 
| 336|0x0000000095000000, 0x0000000095000000, 0x0000000095100000|  0%| F|  |TAMS 0x0000000095000000, 0x0000000095000000| Untracked 
| 337|0x0000000095100000, 0x0000000095100000, 0x0000000095200000|  0%| F|  |TAMS 0x0000000095100000, 0x0000000095100000| Untracked 
| 338|0x0000000095200000, 0x0000000095200000, 0x0000000095300000|  0%| F|  |TAMS 0x0000000095200000, 0x0000000095200000| Untracked 
| 339|0x0000000095300000, 0x0000000095300000, 0x0000000095400000|  0%| F|  |TAMS 0x0000000095300000, 0x0000000095300000| Untracked 
| 340|0x0000000095400000, 0x0000000095400000, 0x0000000095500000|  0%| F|  |TAMS 0x0000000095400000, 0x0000000095400000| Untracked 
| 341|0x0000000095500000, 0x0000000095500000, 0x0000000095600000|  0%| F|  |TAMS 0x0000000095500000, 0x0000000095500000| Untracked 
| 342|0x0000000095600000, 0x0000000095600000, 0x0000000095700000|  0%| F|  |TAMS 0x0000000095600000, 0x0000000095600000| Untracked 
| 343|0x0000000095700000, 0x0000000095700000, 0x0000000095800000|  0%| F|  |TAMS 0x0000000095700000, 0x0000000095700000| Untracked 
| 344|0x0000000095800000, 0x0000000095800000, 0x0000000095900000|  0%| F|  |TAMS 0x0000000095800000, 0x0000000095800000| Untracked 
| 345|0x0000000095900000, 0x00000000959abaa0, 0x0000000095a00000| 67%| E|  |TAMS 0x0000000095900000, 0x0000000095900000| Complete 
| 346|0x0000000095a00000, 0x0000000095b00000, 0x0000000095b00000|100%| E|CS|TAMS 0x0000000095a00000, 0x0000000095a00000| Complete 
| 347|0x0000000095b00000, 0x0000000095c00000, 0x0000000095c00000|100%| E|CS|TAMS 0x0000000095b00000, 0x0000000095b00000| Complete 
| 352|0x0000000096000000, 0x0000000096100000, 0x0000000096100000|100%| E|CS|TAMS 0x0000000096000000, 0x0000000096000000| Complete 
| 353|0x0000000096100000, 0x0000000096200000, 0x0000000096200000|100%| E|CS|TAMS 0x0000000096100000, 0x0000000096100000| Complete 

Card table byte_map: [0x000001db1f280000,0x000001db1f680000] _byte_map_base: 0x000001db1ee80000

Marking Bits (Prev, Next): (CMBitMap*) 0x000001db0bf4ead0, (CMBitMap*) 0x000001db0bf4ea90
 Prev Bits: [0x000001db21a80000, 0x000001db23a80000)
 Next Bits: [0x000001db1fa80000, 0x000001db21a80000)

Polling page: 0x000001db09eb0000

Metaspace:

Usage:
  Non-class:     70.71 MB used.
      Class:     10.93 MB used.
       Both:     81.63 MB used.

Virtual space:
  Non-class space:      128.00 MB reserved,      71.12 MB ( 56%) committed,  2 nodes.
      Class space:        1.00 GB reserved,      11.25 MB (  1%) committed,  1 nodes.
             Both:        1.12 GB reserved,      82.38 MB (  7%) committed. 

Chunk freelists:
   Non-Class:  8.61 MB
       Class:  4.70 MB
        Both:  13.31 MB

MaxMetaspaceSize: unlimited
CompressedClassSpaceSize: 1.00 GB
Initial GC threshold: 21.00 MB
Current GC threshold: 112.19 MB
CDS: off
MetaspaceReclaimPolicy: balanced
 - commit_granule_bytes: 65536.
 - commit_granule_words: 8192.
 - virtual_space_node_default_size: 8388608.
 - enlarge_chunks_in_place: 1.
 - new_chunks_are_fully_committed: 0.
 - uncommit_free_chunks: 1.
 - use_allocation_guard: 0.
 - handle_deallocations: 1.


Internal statistics:

num_allocs_failed_limit: 3.
num_arena_births: 906.
num_arena_deaths: 0.
num_vsnodes_births: 3.
num_vsnodes_deaths: 0.
num_space_committed: 1318.
num_space_uncommitted: 0.
num_chunks_returned_to_freelist: 3.
num_chunks_taken_from_freelist: 3969.
num_chunk_merges: 0.
num_chunk_splits: 2595.
num_chunks_enlarged: 1734.
num_inconsistent_stats: 0.

CodeHeap 'non-profiled nmethods': size=119168Kb used=4770Kb max_used=4770Kb free=114397Kb
 bounds [0x000001db16f60000, 0x000001db17410000, 0x000001db1e3c0000]
CodeHeap 'profiled nmethods': size=119104Kb used=16658Kb max_used=16658Kb free=102445Kb
 bounds [0x000001db0f3c0000, 0x000001db10410000, 0x000001db16810000]
CodeHeap 'non-nmethods': size=7488Kb used=4064Kb max_used=4099Kb free=3423Kb
 bounds [0x000001db16810000, 0x000001db16c20000, 0x000001db16f60000]
 total_blobs=9388 nmethods=8484 adapters=813
 compilation: enabled
              stopped_count=0, restarted_count=0
 full_count=0

Compilation events (20 events):
Event: 6.147 Thread 0x000001db27040920 nmethod 9182 0x000001db103e9390 code [0x000001db103e9540, 0x000001db103e9838]
Event: 6.147 Thread 0x000001db27040e40 nmethod 9184 0x000001db17404510 code [0x000001db174046a0, 0x000001db17404778]
Event: 6.147 Thread 0x000001db27043370 9185       3       org.apache.commons.lang.StringUtils::containsAny (128 bytes)
Event: 6.148 Thread 0x000001db27043370 nmethod 9185 0x000001db103e9990 code [0x000001db103e9ca0, 0x000001db103eb068]
Event: 6.148 Thread 0x000001db27043370 9186       1       org.gradle.api.internal.artifacts.configurations.DefaultConfigurationRole::isDeclarable (5 bytes)
Event: 6.148 Thread 0x000001db26e98d60 9187       1       org.gradle.api.internal.artifacts.configurations.DefaultConfiguration::getAttributes (5 bytes)
Event: 6.148 Thread 0x000001db27043370 nmethod 9186 0x000001db17404810 code [0x000001db174049a0, 0x000001db17404a78]
Event: 6.148 Thread 0x000001db26e98d60 nmethod 9187 0x000001db17404b10 code [0x000001db17404ca0, 0x000001db17404d78]
Event: 6.148 Thread 0x000001db27040920 9188   !   3       org.gradle.api.internal.model.NamedObjectInstantiator::named (56 bytes)
Event: 6.148 Thread 0x000001db26e98d60 9189   !   3       com.google.common.cache.LocalCache$LocalLoadingCache::getUnchecked (19 bytes)
Event: 6.148 Thread 0x000001db27040e40 9190       1       org.gradle.api.internal.artifacts.configurations.DefaultConfigurationRole::isConsumable (5 bytes)
Event: 6.149 Thread 0x000001db26e98d60 nmethod 9189 0x000001db103eb890 code [0x000001db103eba60, 0x000001db103ebe28]
Event: 6.149 Thread 0x000001db27043370 9191       1       org.gradle.api.internal.artifacts.configurations.DefaultConfigurationRole::isResolvable (5 bytes)
Event: 6.149 Thread 0x000001db27040e40 nmethod 9190 0x000001db17404e10 code [0x000001db17404fa0, 0x000001db17405078]
Event: 6.149 Thread 0x000001db27043370 nmethod 9191 0x000001db17405110 code [0x000001db174052a0, 0x000001db17405378]
Event: 6.149 Thread 0x000001db27040920 nmethod 9188 0x000001db103ec010 code [0x000001db103ec2a0, 0x000001db103ecf28]
Event: 6.149 Thread 0x000001db27427c60 nmethod 9177 0x000001db17405410 code [0x000001db174055c0, 0x000001db17405c28]
Event: 6.149 Thread 0x000001db27043370 9192       1       kotlin.collections.EmptyIterator::hasNext (2 bytes)
Event: 6.149 Thread 0x000001db27043370 nmethod 9192 0x000001db17406010 code [0x000001db174061a0, 0x000001db17406278]
Event: 6.149 Thread 0x000001db27043370 9193       1       org.jetbrains.kotlin.gradle.plugin.sources.KotlinSourceSetFactory::getProject (5 bytes)

GC Heap History (20 events):
Event: 4.152 GC heap before
{Heap before GC invocations=25 (full 0):
 garbage-first heap   total 150528K, used 106832K [0x0000000080000000, 0x0000000100000000)
  region size 1024K, 39 young (39936K), 4 survivors (4096K)
 Metaspace       used 58860K, committed 59520K, reserved 1114112K
  class space    used 8064K, committed 8384K, reserved 1048576K
}
Event: 4.155 GC heap after
{Heap after GC invocations=26 (full 0):
 garbage-first heap   total 150528K, used 74366K [0x0000000080000000, 0x0000000100000000)
  region size 1024K, 5 young (5120K), 5 survivors (5120K)
 Metaspace       used 58860K, committed 59520K, reserved 1114112K
  class space    used 8064K, committed 8384K, reserved 1048576K
}
Event: 4.184 GC heap before
{Heap before GC invocations=26 (full 0):
 garbage-first heap   total 150528K, used 76414K [0x0000000080000000, 0x0000000100000000)
  region size 1024K, 7 young (7168K), 5 survivors (5120K)
 Metaspace       used 59005K, committed 59648K, reserved 1114112K
  class space    used 8084K, committed 8384K, reserved 1048576K
}
Event: 4.185 GC heap after
{Heap after GC invocations=27 (full 0):
 garbage-first heap   total 150528K, used 74859K [0x0000000080000000, 0x0000000100000000)
  region size 1024K, 1 young (1024K), 1 survivors (1024K)
 Metaspace       used 59005K, committed 59648K, reserved 1114112K
  class space    used 8084K, committed 8384K, reserved 1048576K
}
Event: 4.412 GC heap before
{Heap before GC invocations=27 (full 0):
 garbage-first heap   total 150528K, used 110699K [0x0000000080000000, 0x0000000100000000)
  region size 1024K, 37 young (37888K), 1 survivors (1024K)
 Metaspace       used 59896K, committed 60544K, reserved 1114112K
  class space    used 8130K, committed 8448K, reserved 1048576K
}
Event: 4.414 GC heap after
{Heap after GC invocations=28 (full 0):
 garbage-first heap   total 150528K, used 80471K [0x0000000080000000, 0x0000000100000000)
  region size 1024K, 5 young (5120K), 5 survivors (5120K)
 Metaspace       used 59896K, committed 60544K, reserved 1114112K
  class space    used 8130K, committed 8448K, reserved 1048576K
}
Event: 4.545 GC heap before
{Heap before GC invocations=29 (full 0):
 garbage-first heap   total 150528K, used 120407K [0x0000000080000000, 0x0000000100000000)
  region size 1024K, 38 young (38912K), 5 survivors (5120K)
 Metaspace       used 60206K, committed 60864K, reserved 1114112K
  class space    used 8159K, committed 8512K, reserved 1048576K
}
Event: 4.548 GC heap after
{Heap after GC invocations=30 (full 0):
 garbage-first heap   total 181248K, used 90951K [0x0000000080000000, 0x0000000100000000)
  region size 1024K, 5 young (5120K), 5 survivors (5120K)
 Metaspace       used 60206K, committed 60864K, reserved 1114112K
  class space    used 8159K, committed 8512K, reserved 1048576K
}
Event: 4.558 GC heap before
{Heap before GC invocations=30 (full 0):
 garbage-first heap   total 181248K, used 97095K [0x0000000080000000, 0x0000000100000000)
  region size 1024K, 8 young (8192K), 5 survivors (5120K)
 Metaspace       used 60206K, committed 60864K, reserved 1114112K
  class space    used 8159K, committed 8512K, reserved 1048576K
}
Event: 4.561 GC heap after
{Heap after GC invocations=31 (full 0):
 garbage-first heap   total 181248K, used 96897K [0x0000000080000000, 0x0000000100000000)
  region size 1024K, 1 young (1024K), 1 survivors (1024K)
 Metaspace       used 60206K, committed 60864K, reserved 1114112K
  class space    used 8159K, committed 8512K, reserved 1048576K
}
Event: 4.562 GC heap before
{Heap before GC invocations=31 (full 0):
 garbage-first heap   total 181248K, used 96897K [0x0000000080000000, 0x0000000100000000)
  region size 1024K, 2 young (2048K), 1 survivors (1024K)
 Metaspace       used 60206K, committed 60864K, reserved 1114112K
  class space    used 8159K, committed 8512K, reserved 1048576K
}
Event: 4.563 GC heap after
{Heap after GC invocations=32 (full 0):
 garbage-first heap   total 181248K, used 97290K [0x0000000080000000, 0x0000000100000000)
  region size 1024K, 2 young (2048K), 2 survivors (2048K)
 Metaspace       used 60206K, committed 60864K, reserved 1114112K
  class space    used 8159K, committed 8512K, reserved 1048576K
}
Event: 4.776 GC heap before
{Heap before GC invocations=33 (full 0):
 garbage-first heap   total 181248K, used 143370K [0x0000000080000000, 0x0000000100000000)
  region size 1024K, 43 young (44032K), 2 survivors (2048K)
 Metaspace       used 63271K, committed 63936K, reserved 1114112K
  class space    used 8573K, committed 8896K, reserved 1048576K
}
Event: 4.778 GC heap after
{Heap after GC invocations=34 (full 0):
 garbage-first heap   total 181248K, used 103881K [0x0000000080000000, 0x0000000100000000)
  region size 1024K, 5 young (5120K), 5 survivors (5120K)
 Metaspace       used 63271K, committed 63936K, reserved 1114112K
  class space    used 8573K, committed 8896K, reserved 1048576K
}
Event: 4.791 GC heap before
{Heap before GC invocations=34 (full 0):
 garbage-first heap   total 181248K, used 106953K [0x0000000080000000, 0x0000000100000000)
  region size 1024K, 8 young (8192K), 5 survivors (5120K)
 Metaspace       used 63552K, committed 64256K, reserved 1114112K
  class space    used 8610K, committed 8960K, reserved 1048576K
}
Event: 4.793 GC heap after
{Heap after GC invocations=35 (full 0):
 garbage-first heap   total 181248K, used 103472K [0x0000000080000000, 0x0000000100000000)
  region size 1024K, 1 young (1024K), 1 survivors (1024K)
 Metaspace       used 63552K, committed 64256K, reserved 1114112K
  class space    used 8610K, committed 8960K, reserved 1048576K
}
Event: 5.000 GC heap before
{Heap before GC invocations=35 (full 0):
 garbage-first heap   total 181248K, used 142384K [0x0000000080000000, 0x0000000100000000)
  region size 1024K, 39 young (39936K), 1 survivors (1024K)
 Metaspace       used 68154K, committed 68800K, reserved 1114112K
  class space    used 9055K, committed 9344K, reserved 1048576K
}
Event: 5.002 GC heap after
{Heap after GC invocations=36 (full 0):
 garbage-first heap   total 362496K, used 104452K [0x0000000080000000, 0x0000000100000000)
  region size 1024K, 2 young (2048K), 2 survivors (2048K)
 Metaspace       used 68154K, committed 68800K, reserved 1114112K
  class space    used 9055K, committed 9344K, reserved 1048576K
}
Event: 6.124 GC heap before
{Heap before GC invocations=37 (full 0):
 garbage-first heap   total 358400K, used 275460K [0x0000000080000000, 0x0000000100000000)
  region size 1024K, 160 young (163840K), 2 survivors (2048K)
 Metaspace       used 83257K, committed 84032K, reserved 1179648K
  class space    used 11140K, committed 11520K, reserved 1048576K
}
Event: 6.129 GC heap after
{Heap after GC invocations=38 (full 0):
 garbage-first heap   total 358400K, used 119841K [0x0000000080000000, 0x0000000100000000)
  region size 1024K, 12 young (12288K), 12 survivors (12288K)
 Metaspace       used 83257K, committed 84032K, reserved 1179648K
  class space    used 11140K, committed 11520K, reserved 1048576K
}

Dll operation events (3 events):
Event: 0.007 Loaded shared library C:\Program Files\Android\Android Studio2\jbr\bin\java.dll
Event: 0.107 Loaded shared library C:\Program Files\Android\Android Studio2\jbr\bin\zip.dll
Event: 0.267 Loaded shared library C:\Program Files\Android\Android Studio2\jbr\bin\verify.dll

Deoptimization events (20 events):
Event: 6.028 Thread 0x000001db2cb6ced0 Uncommon trap: trap_request=0xffffff45 fr.pc=0x000001db16fd3cdc relative=0x000000000000033c
Event: 6.028 Thread 0x000001db2cb6ced0 Uncommon trap: reason=unstable_if action=reinterpret pc=0x000001db16fd3cdc method=java.lang.String.indexOf([BBILjava/lang/String;I)I @ 54 c2
Event: 6.028 Thread 0x000001db2cb6ced0 DEOPT PACKING pc=0x000001db16fd3cdc sp=0x000000adccef5a90
Event: 6.028 Thread 0x000001db2cb6ced0 DEOPT UNPACKING pc=0x000001db168669a3 sp=0x000000adccef59a0 mode 2
Event: 6.049 Thread 0x000001db2cb6ced0 Uncommon trap: trap_request=0xffffffde fr.pc=0x000001db173fd02c relative=0x000000000000054c
Event: 6.049 Thread 0x000001db2cb6ced0 Uncommon trap: reason=class_check action=maybe_recompile pc=0x000001db173fd02c method=kotlin.reflect.jvm.internal.impl.protobuf.CodedInputStream.tryRefillBuffer(I)Z @ 175 c2
Event: 6.049 Thread 0x000001db2cb6ced0 DEOPT PACKING pc=0x000001db173fd02c sp=0x000000adccef5aa0
Event: 6.049 Thread 0x000001db2cb6ced0 DEOPT UNPACKING pc=0x000001db168669a3 sp=0x000000adccef5988 mode 2
Event: 6.050 Thread 0x000001db2cb6ced0 Uncommon trap: trap_request=0xffffffde fr.pc=0x000001db173fd02c relative=0x000000000000054c
Event: 6.050 Thread 0x000001db2cb6ced0 Uncommon trap: reason=class_check action=maybe_recompile pc=0x000001db173fd02c method=kotlin.reflect.jvm.internal.impl.protobuf.CodedInputStream.tryRefillBuffer(I)Z @ 175 c2
Event: 6.050 Thread 0x000001db2cb6ced0 DEOPT PACKING pc=0x000001db173fd02c sp=0x000000adccef5aa0
Event: 6.050 Thread 0x000001db2cb6ced0 DEOPT UNPACKING pc=0x000001db168669a3 sp=0x000000adccef5988 mode 2
Event: 6.050 Thread 0x000001db2cb6ced0 Uncommon trap: trap_request=0xffffffde fr.pc=0x000001db173fd02c relative=0x000000000000054c
Event: 6.050 Thread 0x000001db2cb6ced0 Uncommon trap: reason=class_check action=maybe_recompile pc=0x000001db173fd02c method=kotlin.reflect.jvm.internal.impl.protobuf.CodedInputStream.tryRefillBuffer(I)Z @ 175 c2
Event: 6.050 Thread 0x000001db2cb6ced0 DEOPT PACKING pc=0x000001db173fd02c sp=0x000000adccef5b90
Event: 6.050 Thread 0x000001db2cb6ced0 DEOPT UNPACKING pc=0x000001db168669a3 sp=0x000000adccef5a78 mode 2
Event: 6.050 Thread 0x000001db2cb6ced0 Uncommon trap: trap_request=0xffffffde fr.pc=0x000001db173fd02c relative=0x000000000000054c
Event: 6.050 Thread 0x000001db2cb6ced0 Uncommon trap: reason=class_check action=maybe_recompile pc=0x000001db173fd02c method=kotlin.reflect.jvm.internal.impl.protobuf.CodedInputStream.tryRefillBuffer(I)Z @ 175 c2
Event: 6.050 Thread 0x000001db2cb6ced0 DEOPT PACKING pc=0x000001db173fd02c sp=0x000000adccef5b90
Event: 6.050 Thread 0x000001db2cb6ced0 DEOPT UNPACKING pc=0x000001db168669a3 sp=0x000000adccef5a78 mode 2

Classes unloaded (0 events):
No events

Classes redefined (0 events):
No events

Internal exceptions (20 events):
Event: 4.522 Thread 0x000001db2cb6ced0 Implicit null exception at 0x000001db17260514 to 0x000001db17260bd4
Event: 5.211 Thread 0x000001db2cb6ced0 Implicit null exception at 0x000001db171a600c to 0x000001db171a6142
Event: 5.273 Thread 0x000001db2cb6ced0 Exception <a 'sun/nio/fs/WindowsException'{0x0000000093ae08e8}> (0x0000000093ae08e8) 
thrown [s\src\hotspot\share\prims\jni.cpp, line 517]
Event: 5.685 Thread 0x000001db2cb6ced0 Exception <a 'java/lang/NoSuchMethodError'{0x00000000904f2050}: static Lorg/jetbrains/kotlin/gradle/plugin/internal/DefaultConfigurationTimePropertiesAccessorVariantFactory;.<clinit>()V> (0x00000000904f2050) 
thrown [s\src\hotspot\share\prims\jni.cpp, line 1108]
Event: 5.686 Thread 0x000001db2cb6ced0 Exception <a 'java/lang/NoSuchMethodError'{0x000000009030f998}: static Lorg/jetbrains/kotlin/gradle/plugin/internal/DefaultProjectIsolationStartParameterAccessorVariantFactory;.<clinit>()V> (0x000000009030f998) 
thrown [s\src\hotspot\share\prims\jni.cpp, line 1108]
Event: 5.687 Thread 0x000001db2cb6ced0 Exception <a 'java/lang/NoSuchMethodError'{0x0000000090336ec8}: static Lorg/jetbrains/kotlin/gradle/plugin/internal/DefaultArtifactTypeAttributeAccessorVariantFactory;.<clinit>()V> (0x0000000090336ec8) 
thrown [s\src\hotspot\share\prims\jni.cpp, line 1108]
Event: 5.687 Thread 0x000001db2cb6ced0 Exception <a 'java/lang/NoSuchMethodError'{0x000000009035e0f8}: static Lorg/jetbrains/kotlin/gradle/plugin/internal/DefaultCompatibilityConventionRegistrar$Factory;.<clinit>()V> (0x000000009035e0f8) 
thrown [s\src\hotspot\share\prims\jni.cpp, line 1108]
Event: 5.688 Thread 0x000001db2cb6ced0 Exception <a 'java/lang/NoSuchMethodError'{0x000000009037c0a0}: static Lorg/jetbrains/kotlin/gradle/plugin/internal/DefaultJavaSourceSetsAccessorVariantFactory;.<clinit>()V> (0x000000009037c0a0) 
thrown [s\src\hotspot\share\prims\jni.cpp, line 1108]
Event: 5.689 Thread 0x000001db2cb6ced0 Exception <a 'java/lang/NoSuchMethodError'{0x00000000903999a8}: static Lorg/jetbrains/kotlin/gradle/plugin/internal/DefaultIdeaSyncDetectorVariantFactory;.<clinit>()V> (0x00000000903999a8) 
thrown [s\src\hotspot\share\prims\jni.cpp, line 1108]
Event: 5.689 Thread 0x000001db2cb6ced0 Exception <a 'java/lang/NoSuchMethodError'{0x00000000903b84d8}: static Lorg/jetbrains/kotlin/gradle/plugin/internal/DefaultKotlinTestReportCompatibilityHelperVariantFactory;.<clinit>()V> (0x00000000903b84d8) 
thrown [s\src\hotspot\share\prims\jni.cpp, line 1108]
Event: 5.690 Thread 0x000001db2cb6ced0 Exception <a 'java/lang/NoSuchMethodError'{0x00000000903d6a08}: static Lorg/jetbrains/kotlin/gradle/plugin/internal/DefaultMppTestReportHelperVariantFactory;.<clinit>()V> (0x00000000903d6a08) 
thrown [s\src\hotspot\share\prims\jni.cpp, line 1108]
Event: 5.691 Thread 0x000001db2cb6ced0 Exception <a 'java/lang/NoSuchMethodError'{0x00000000903fe428}: static Lorg/jetbrains/kotlin/gradle/plugin/internal/DefaultConfigurationCacheStartParameterAccessorVariantFactory;.<clinit>()V> (0x00000000903fe428) 
thrown [s\src\hotspot\share\prims\jni.cpp, line 1108]
Event: 5.691 Thread 0x000001db2cb6ced0 Exception <a 'java/lang/NoSuchMethodError'{0x000000009021da78}: static Lorg/jetbrains/kotlin/gradle/plugin/internal/MavenPluginConfigurator$DefaultMavenPluginConfiguratorVariantFactory;.<clinit>()V> (0x000000009021da78) 
thrown [s\src\hotspot\share\prims\jni.cpp, line 1108]
Event: 5.692 Thread 0x000001db2cb6ced0 Exception <a 'java/lang/NoSuchMethodError'{0x000000009023b108}: static Lorg/jetbrains/kotlin/gradle/targets/js/nodejs/DefaultUnameExecutorVariantFactory;.<clinit>()V> (0x000000009023b108) 
thrown [s\src\hotspot\share\prims\jni.cpp, line 1108]
Event: 5.692 Thread 0x000001db2cb6ced0 Exception <a 'java/lang/NoSuchMethodError'{0x00000000902591c8}: static Lorg/jetbrains/kotlin/gradle/plugin/internal/DefaultBasePluginConfigurationVariantFactory;.<clinit>()V> (0x00000000902591c8) 
thrown [s\src\hotspot\share\prims\jni.cpp, line 1108]
Event: 5.705 Thread 0x000001db2cb6ced0 Exception <a 'java/lang/IncompatibleClassChangeError'{0x000000009010bd28}: Found class java.lang.Object, but interface was expected> (0x000000009010bd28) 
thrown [s\src\hotspot\share\interpreter\linkResolver.cpp, line 838]
Event: 5.802 Thread 0x000001db2cb6ced0 Implicit null exception at 0x000001db171a4cd9 to 0x000001db171a4e78
Event: 5.802 Thread 0x000001db2cb6ced0 Implicit null exception at 0x000001db173836ee to 0x000001db173839ec
Event: 5.922 Thread 0x000001db2cb6ced0 Implicit null exception at 0x000001db16fa9af2 to 0x000001db16faa0c4
Event: 5.973 Thread 0x000001db2cb6ced0 Implicit null exception at 0x000001db16faa6f2 to 0x000001db16faacd4

VM Operations (20 events):
Event: 5.024 Executing VM operation: G1PauseCleanup
Event: 5.024 Executing VM operation: G1PauseCleanup done
Event: 5.193 Executing VM operation: HandshakeAllThreads
Event: 5.193 Executing VM operation: HandshakeAllThreads done
Event: 5.217 Executing VM operation: HandshakeAllThreads
Event: 5.217 Executing VM operation: HandshakeAllThreads done
Event: 5.217 Executing VM operation: HandshakeAllThreads
Event: 5.218 Executing VM operation: HandshakeAllThreads done
Event: 5.218 Executing VM operation: HandshakeAllThreads
Event: 5.218 Executing VM operation: HandshakeAllThreads done
Event: 5.313 Executing VM operation: ICBufferFull
Event: 5.313 Executing VM operation: ICBufferFull done
Event: 5.669 Executing VM operation: ICBufferFull
Event: 5.669 Executing VM operation: ICBufferFull done
Event: 5.672 Executing VM operation: HandshakeAllThreads
Event: 5.672 Executing VM operation: HandshakeAllThreads done
Event: 5.848 Executing VM operation: HandshakeAllThreads
Event: 5.848 Executing VM operation: HandshakeAllThreads done
Event: 6.124 Executing VM operation: G1CollectForAllocation
Event: 6.129 Executing VM operation: G1CollectForAllocation done

Events (20 events):
Event: 5.772 loading class java/time/format/DateTimeFormatterBuilder$WeekBasedFieldPrinterParser done
Event: 5.777 loading class com/sun/jmx/mbeanserver/StandardMBeanSupport
Event: 5.778 loading class com/sun/jmx/mbeanserver/StandardMBeanSupport done
Event: 5.778 loading class com/sun/jmx/mbeanserver/StandardMBeanIntrospector
Event: 5.778 loading class com/sun/jmx/mbeanserver/StandardMBeanIntrospector done
Event: 5.782 Thread 0x000001db30e74230 Thread added: 0x000001db30e74230
Event: 5.801 loading class sun/reflect/misc/MethodUtil
Event: 5.802 loading class sun/reflect/misc/MethodUtil done
Event: 5.802 loading class sun/reflect/misc/MethodUtil$1
Event: 5.802 loading class sun/reflect/misc/MethodUtil$1 done
Event: 5.804 loading class java/nio/channels/Channels$1
Event: 5.804 loading class java/nio/channels/Channels$1 done
Event: 5.972 Thread 0x000001db2e6f69c0 Thread exited: 0x000001db2e6f69c0
Event: 5.972 Thread 0x000001db273d51e0 Thread exited: 0x000001db273d51e0
Event: 5.972 Thread 0x000001db27427c60 Thread exited: 0x000001db27427c60
Event: 6.006 Thread 0x000001db27427c60 Thread added: 0x000001db27427c60
Event: 6.035 loading class java/util/ArrayList$SubList$1
Event: 6.035 loading class java/util/ArrayList$SubList$1 done
Event: 6.044 loading class java/lang/Override
Event: 6.044 loading class java/lang/Override done


Dynamic libraries:
0x00007ff621960000 - 0x00007ff62196a000 	C:\Program Files\Android\Android Studio2\jbr\bin\java.exe
0x00007ffa77f70000 - 0x00007ffa78187000 	C:\WINDOWS\SYSTEM32\ntdll.dll
0x00007ffa76640000 - 0x00007ffa76704000 	C:\WINDOWS\System32\KERNEL32.DLL
0x00007ffa752b0000 - 0x00007ffa75667000 	C:\WINDOWS\System32\KERNELBASE.dll
0x00007ffa75b80000 - 0x00007ffa75c91000 	C:\WINDOWS\System32\ucrtbase.dll
0x00007ffa6c360000 - 0x00007ffa6c377000 	C:\Program Files\Android\Android Studio2\jbr\bin\jli.dll
0x00007ffa55660000 - 0x00007ffa5567b000 	C:\Program Files\Android\Android Studio2\jbr\bin\VCRUNTIME140.dll
0x00007ffa76290000 - 0x00007ffa7643f000 	C:\WINDOWS\System32\USER32.dll
0x00007ffa61aa0000 - 0x00007ffa61d33000 	C:\WINDOWS\WinSxS\amd64_microsoft.windows.common-controls_6595b64144ccf1df_6.0.22621.3672_none_2713b9d173822955\COMCTL32.dll
0x00007ffa75a60000 - 0x00007ffa75a86000 	C:\WINDOWS\System32\win32u.dll
0x00007ffa76870000 - 0x00007ffa76917000 	C:\WINDOWS\System32\msvcrt.dll
0x00007ffa77a60000 - 0x00007ffa77a89000 	C:\WINDOWS\System32\GDI32.dll
0x00007ffa75670000 - 0x00007ffa75788000 	C:\WINDOWS\System32\gdi32full.dll
0x00007ffa75790000 - 0x00007ffa7582a000 	C:\WINDOWS\System32\msvcp_win.dll
0x00007ffa76ad0000 - 0x00007ffa76b01000 	C:\WINDOWS\System32\IMM32.DLL
0x00007ffa61470000 - 0x00007ffa6147c000 	C:\Program Files\Android\Android Studio2\jbr\bin\vcruntime140_1.dll
0x00007ffa20c10000 - 0x00007ffa20c9d000 	C:\Program Files\Android\Android Studio2\jbr\bin\msvcp140.dll
0x00007ffa15620000 - 0x00007ffa162a3000 	C:\Program Files\Android\Android Studio2\jbr\bin\server\jvm.dll
0x00007ffa77020000 - 0x00007ffa770d2000 	C:\WINDOWS\System32\ADVAPI32.dll
0x00007ffa77140000 - 0x00007ffa771e8000 	C:\WINDOWS\System32\sechost.dll
0x00007ffa75280000 - 0x00007ffa752a8000 	C:\WINDOWS\System32\bcrypt.dll
0x00007ffa75d50000 - 0x00007ffa75e64000 	C:\WINDOWS\System32\RPCRT4.dll
0x00007ffa6e100000 - 0x00007ffa6e109000 	C:\WINDOWS\SYSTEM32\WSOCK32.dll
0x00007ffa6eda0000 - 0x00007ffa6edd4000 	C:\WINDOWS\SYSTEM32\WINMM.dll
0x00007ffa77e90000 - 0x00007ffa77f01000 	C:\WINDOWS\System32\WS2_32.dll
0x00007ffa740f0000 - 0x00007ffa7413d000 	C:\WINDOWS\SYSTEM32\POWRPROF.dll
0x00007ffa6b8b0000 - 0x00007ffa6b8ba000 	C:\WINDOWS\SYSTEM32\VERSION.dll
0x00007ffa740d0000 - 0x00007ffa740e3000 	C:\WINDOWS\SYSTEM32\UMPDC.dll
0x00007ffa74320000 - 0x00007ffa74338000 	C:\WINDOWS\SYSTEM32\kernel.appcore.dll
0x00007ffa700b0000 - 0x00007ffa700ba000 	C:\Program Files\Android\Android Studio2\jbr\bin\jimage.dll
0x00007ffa72aa0000 - 0x00007ffa72cd2000 	C:\WINDOWS\SYSTEM32\DBGHELP.DLL
0x00007ffa75ef0000 - 0x00007ffa7627e000 	C:\WINDOWS\System32\combase.dll
0x00007ffa76460000 - 0x00007ffa76537000 	C:\WINDOWS\System32\OLEAUT32.dll
0x00007ffa65ec0000 - 0x00007ffa65ef2000 	C:\WINDOWS\SYSTEM32\dbgcore.DLL
0x00007ffa75a90000 - 0x00007ffa75b0b000 	C:\WINDOWS\System32\bcryptPrimitives.dll
0x00007ffa5efd0000 - 0x00007ffa5efde000 	C:\Program Files\Android\Android Studio2\jbr\bin\instrument.dll
0x00007ffa6fca0000 - 0x00007ffa6fcc5000 	C:\Program Files\Android\Android Studio2\jbr\bin\java.dll
0x00007ffa6fc80000 - 0x00007ffa6fc98000 	C:\Program Files\Android\Android Studio2\jbr\bin\zip.dll
0x00007ffa771f0000 - 0x00007ffa77a59000 	C:\WINDOWS\System32\SHELL32.dll
0x00007ffa731b0000 - 0x00007ffa73aaf000 	C:\WINDOWS\SYSTEM32\windows.storage.dll
0x00007ffa73070000 - 0x00007ffa731af000 	C:\WINDOWS\SYSTEM32\wintypes.dll
0x00007ffa76540000 - 0x00007ffa76639000 	C:\WINDOWS\System32\SHCORE.dll
0x00007ffa77e30000 - 0x00007ffa77e8e000 	C:\WINDOWS\System32\shlwapi.dll
0x00007ffa751b0000 - 0x00007ffa751d7000 	C:\WINDOWS\SYSTEM32\profapi.dll
0x00007ffa6eee0000 - 0x00007ffa6eef9000 	C:\Program Files\Android\Android Studio2\jbr\bin\net.dll
0x00007ffa70cb0000 - 0x00007ffa70de6000 	C:\WINDOWS\SYSTEM32\WINHTTP.dll
0x00007ffa747e0000 - 0x00007ffa74849000 	C:\WINDOWS\system32\mswsock.dll
0x00007ffa6ee40000 - 0x00007ffa6ee56000 	C:\Program Files\Android\Android Studio2\jbr\bin\nio.dll
0x00007ffa6c610000 - 0x00007ffa6c620000 	C:\Program Files\Android\Android Studio2\jbr\bin\verify.dll
0x00007ffa2aec0000 - 0x00007ffa2aee7000 	C:\Users\Hashem Arenat\.gradle\native\c067742578af261105cb4f569cf0c3c89f3d7b1fecec35dd04571415982c5e48\windows-amd64\native-platform.dll
0x00007ffa1f7c0000 - 0x00007ffa1f904000 	C:\Users\Hashem Arenat\.gradle\native\38dada09dfb8b06ba9b0570ebf7e218e3eb74d4ef43ca46872605cf95ebc2f47\windows-amd64\native-platform-file-events.dll
0x00007ffa6e820000 - 0x00007ffa6e829000 	C:\Program Files\Android\Android Studio2\jbr\bin\management.dll
0x00007ffa6e5c0000 - 0x00007ffa6e5cb000 	C:\Program Files\Android\Android Studio2\jbr\bin\management_ext.dll
0x00007ffa76280000 - 0x00007ffa76288000 	C:\WINDOWS\System32\PSAPI.DLL
0x00007ffa74b30000 - 0x00007ffa74b4b000 	C:\WINDOWS\SYSTEM32\CRYPTSP.dll
0x00007ffa742e0000 - 0x00007ffa74315000 	C:\WINDOWS\system32\rsaenh.dll
0x00007ffa74880000 - 0x00007ffa748a8000 	C:\WINDOWS\SYSTEM32\USERENV.dll
0x00007ffa74b10000 - 0x00007ffa74b1c000 	C:\WINDOWS\SYSTEM32\CRYPTBASE.dll
0x00007ffa73d80000 - 0x00007ffa73dad000 	C:\WINDOWS\SYSTEM32\IPHLPAPI.DLL
0x00007ffa76440000 - 0x00007ffa76449000 	C:\WINDOWS\System32\NSI.dll
0x00007ffa70890000 - 0x00007ffa708a9000 	C:\WINDOWS\SYSTEM32\dhcpcsvc6.DLL
0x00007ffa70870000 - 0x00007ffa7088f000 	C:\WINDOWS\SYSTEM32\dhcpcsvc.DLL
0x00007ffa73df0000 - 0x00007ffa73ef2000 	C:\WINDOWS\SYSTEM32\DNSAPI.dll
0x00007ffa6fbe0000 - 0x00007ffa6fbe9000 	C:\Program Files\Android\Android Studio2\jbr\bin\extnet.dll
0x00007ffa65ff0000 - 0x00007ffa65ff8000 	C:\WINDOWS\system32\wshunix.dll

dbghelp: loaded successfully - version: 4.0.5 - missing functions: none
symbol engine: initialized successfully - sym options: 0x614 - pdb path: .;C:\Program Files\Android\Android Studio2\jbr\bin;C:\WINDOWS\SYSTEM32;C:\WINDOWS\WinSxS\amd64_microsoft.windows.common-controls_6595b64144ccf1df_6.0.22621.3672_none_2713b9d173822955;C:\Program Files\Android\Android Studio2\jbr\bin\server;C:\Users\Hashem Arenat\.gradle\native\c067742578af261105cb4f569cf0c3c89f3d7b1fecec35dd04571415982c5e48\windows-amd64;C:\Users\Hashem Arenat\.gradle\native\38dada09dfb8b06ba9b0570ebf7e218e3eb74d4ef43ca46872605cf95ebc2f47\windows-amd64

VM Arguments:
jvm_args: --add-opens=java.base/java.util=ALL-UNNAMED --add-opens=java.base/java.lang=ALL-UNNAMED --add-opens=java.base/java.lang.invoke=ALL-UNNAMED --add-opens=java.prefs/java.util.prefs=ALL-UNNAMED --add-opens=java.base/java.nio.charset=ALL-UNNAMED --add-opens=java.base/java.net=ALL-UNNAMED --add-opens=java.base/java.util.concurrent.atomic=ALL-UNNAMED -Xmx2048m -Dfile.encoding=UTF-8 -Duser.country=US -Duser.language=en -Duser.variant -javaagent:C:\Users\Hashem Arenat\.gradle\wrapper\dists\gradle-8.7-bin\bhs2wmbdwecv87pi65oeuq5iu\gradle-8.7\lib\agents\gradle-instrumentation-agent-8.7.jar 
java_command: org.gradle.launcher.daemon.bootstrap.GradleDaemon 8.7
java_class_path (initial): C:\Users\Hashem Arenat\.gradle\wrapper\dists\gradle-8.7-bin\bhs2wmbdwecv87pi65oeuq5iu\gradle-8.7\lib\gradle-launcher-8.7.jar
Launcher Type: SUN_STANDARD

[Global flags]
     intx CICompilerCount                          = 12                                        {product} {ergonomic}
     uint ConcGCThreads                            = 4                                         {product} {ergonomic}
     uint G1ConcRefinementThreads                  = 15                                        {product} {ergonomic}
   size_t G1HeapRegionSize                         = 1048576                                   {product} {ergonomic}
    uintx GCDrainStackTargetSize                   = 64                                        {product} {ergonomic}
   size_t InitialHeapSize                          = 264241152                                 {product} {ergonomic}
   size_t MarkStackSize                            = 4194304                                   {product} {ergonomic}
   size_t MaxHeapSize                              = 2147483648                                {product} {command line}
   size_t MaxNewSize                               = 1287651328                                {product} {ergonomic}
   size_t MinHeapDeltaBytes                        = 1048576                                   {product} {ergonomic}
   size_t MinHeapSize                              = 8388608                                   {product} {ergonomic}
    uintx NonNMethodCodeHeapSize                   = 7602480                                {pd product} {ergonomic}
    uintx NonProfiledCodeHeapSize                  = 122027880                              {pd product} {ergonomic}
    uintx ProfiledCodeHeapSize                     = 122027880                              {pd product} {ergonomic}
    uintx ReservedCodeCacheSize                    = 251658240                              {pd product} {ergonomic}
     bool SegmentedCodeCache                       = true                                      {product} {ergonomic}
   size_t SoftMaxHeapSize                          = 2147483648                             {manageable} {ergonomic}
     bool UseCompressedClassPointers               = true                           {product lp64_product} {ergonomic}
     bool UseCompressedOops                        = true                           {product lp64_product} {ergonomic}
     bool UseG1GC                                  = true                                      {product} {ergonomic}
     bool UseLargePagesIndividualAllocation        = false                                  {pd product} {ergonomic}

Logging:
Log output configuration:
 #0: stdout all=warning uptime,level,tags
 #1: stderr all=off uptime,level,tags

Environment Variables:
JAVA_HOME=C:\Program Files\Java\jdk-21
PATH=D:\DevSuiteHome_1\jdk\jre\bin\classic;D:\DevSuiteHome_1\jdk\jre\bin;D:\DevSuiteHome_1\jdk\jre\bin\client;D:\DevSuiteHome_1\jlib;D:\DevSuiteHome_1\bin;D:\DevSuiteHome_1\jre\1.4.2\bin\client;D:\DevSuiteHome_1\jre\1.4.2\bin;C:\Program Files\Common Files\Oracle\Java\javapath;C:\WINDOWS\system32;C:\WINDOWS;C:\WINDOWS\System32\Wbem;C:\WINDOWS\System32\WindowsPowerShell\v1.0\;C:\WINDOWS\System32\OpenSSH\;C:\MinGW\bin;C:\Program Files\Java\jdk-21\bin;C:\Program Files\nodejs;C:\Program Files\nodejs\node_modules\npm\bin;C:\Program Files\Git\cmd;C:\Program Files\dotnet\;C:\Users\Hashem Arenat\AppData\Local\Microsoft\WindowsApps;C:\AppServ\Apache24\bin;C:\AppServ\php7;C:\AppServ\MySQL\bin;C:\Program Files\Java\jdk-21\bin;C:\scrcpy-win64-v2.2;C:\dart-sdk\bin;C:\Users\Hashem Arenat\AppData\Local\Programs\Microsoft VS Code\bin;C:\flutter\bin;C:\Users\Hashem Arenat\Desktop\cmder\bin;C:\Users\Hashem Arenat\AppData\Roaming\npm;;C:\Program Files\JetBrains\IntelliJ IDEA Community Edition 2024.1.2\bin;;C:\Program Files\JetBrains\IntelliJ IDEA 2024.1.2\bin;
USERNAME=Hashem 1
OS=Windows_NT
PROCESSOR_IDENTIFIER=Intel64 Family 6 Model 154 Stepping 3, GenuineIntel
TMP=C:\Users\HASHEM~1\AppData\Local\Temp
TEMP=C:\Users\HASHEM~1\AppData\Local\Temp



Periodic native trim disabled

JNI global refs:
JNI global refs: 35, weak refs: 0

JNI global refs memory usage: 843, weak refs: 841

OOME stack traces (most recent first):
Classloader memory used:
Loader org.gradle.internal.classloader.VisitableURLClassLoader                         : 4327K
Loader bootstrap                                                                       : 2864K
Loader org.gradle.internal.classloader.VisitableURLClassLoader$InstrumentingVisitableURLClassLoader: 1768K
Loader org.gradle.initialization.MixInLegacyTypesClassLoader                           : 1223K
Loader org.gradle.internal.classloader.VisitableURLClassLoader                         : 108K
Loader jdk.internal.loader.ClassLoaders$PlatformClassLoader                            : 66430B
Loader jdk.internal.reflect.DelegatingClassLoader                                      : 52285B
Loader jdk.internal.loader.ClassLoaders$AppClassLoader                                 : 28771B
Loader org.gradle.groovy.scripts.internal.DefaultScriptCompilationHandler$ScriptClassLoader: 10932B
Loader org.codehaus.groovy.runtime.callsite.CallSiteClassLoader                        : 5853B
Loader sun.reflect.misc.MethodUtil                                                     : 373B

Classes loaded by more than one classloader:
Class Program                                                                         : loaded 4 times (x 72B)
Class org.gradle.internal.Cast                                                        : loaded 3 times (x 69B)
Class org.gradle.api.GradleException                                                  : loaded 3 times (x 80B)
Class org.objectweb.asm.ModuleVisitor                                                 : loaded 2 times (x 79B)
Class org.jetbrains.plugins.gradle.model.MavenRepositoryModel                         : loaded 2 times (x 68B)
Class [Lcom.google.common.collect.AbstractMapEntry;                                   : loaded 2 times (x 67B)
Class com.google.common.collect.SingletonImmutableList                                : loaded 2 times (x 167B)
Class com.google.common.cache.CacheLoader$SupplierToCacheLoader                       : loaded 2 times (x 73B)
Class org.gradle.internal.classpath.ClassPath                                         : loaded 2 times (x 68B)
Class com.google.common.cache.RemovalListener                                         : loaded 2 times (x 68B)
Class org.gradle.api.internal.classpath.DefaultModuleRegistry                         : loaded 2 times (x 84B)
Class org.gradle.internal.exceptions.NonGradleCauseExceptionsHolder                   : loaded 2 times (x 68B)
Class Settings_gradle$1$1                                                             : loaded 2 times (x 72B)
Class com.google.common.collect.ImmutableEnumSet                                      : loaded 2 times (x 144B)
Class com.google.common.collect.ListMultimap                                          : loaded 2 times (x 68B)
Class com.google.common.base.CharMatcher$JavaDigit                                    : loaded 2 times (x 109B)
Class com.google.common.base.CharMatcher$Digit                                        : loaded 2 times (x 110B)
Class com.google.common.collect.AbstractMultimap                                      : loaded 2 times (x 121B)
Class com.google.common.cache.CacheBuilder$OneWeigher                                 : loaded 2 times (x 80B)
Class org.gradle.api.Action                                                           : loaded 2 times (x 68B)
Class org.jetbrains.kotlin.idea.gradleTooling.model.samWithReceiver.SamWithReceiverModel: loaded 2 times (x 68B)
Class com.google.common.collect.ImmutableEntry                                        : loaded 2 times (x 80B)
Class com.google.common.collect.Lists$StringAsImmutableList                           : loaded 2 times (x 167B)
Class org.jetbrains.plugins.gradle.model.ExternalProject                              : loaded 2 times (x 68B)
Class com.google.common.cache.LocalCache$StrongEntry                                  : loaded 2 times (x 106B)
Class org.jetbrains.plugins.gradle.model.IntelliJSettings                             : loaded 2 times (x 68B)
Class org.objectweb.asm.FieldWriter                                                   : loaded 2 times (x 76B)
Class sync_studio_tooling4_b6an4j1xtfvyxv3acbi7c62c7                                  : loaded 2 times (x 177B)
Class com.google.common.base.CharMatcher                                              : loaded 2 times (x 109B)
Class com.google.common.base.CharMatcher$IsNot                                        : loaded 2 times (x 109B)
Class org.jetbrains.kotlin.tooling.core.Extras                                        : loaded 2 times (x 68B)
Class com.google.common.base.Splitter                                                 : loaded 2 times (x 70B)
Class [Lcom.google.common.cache.Weigher;                                              : loaded 2 times (x 67B)
Class com.google.common.collect.Iterators$ArrayItr                                    : loaded 2 times (x 95B)
Class com.google.common.cache.LocalCache$Segment                                      : loaded 2 times (x 152B)
Class org.jetbrains.kotlin.idea.gradleTooling.KotlinMPPGradleModel                    : loaded 2 times (x 68B)
Class org.gradle.api.internal.DefaultClassPathProvider                                : loaded 2 times (x 74B)
Class org.gradle.internal.installation.GradleInstallation$1                           : loaded 2 times (x 73B)
Class com.google.common.cache.LocalCache$AbstractReferenceEntry                       : loaded 2 times (x 105B)
Class org.objectweb.asm.Type                                                          : loaded 2 times (x 70B)
Class com.google.common.util.concurrent.AbstractFuture$Failure                        : loaded 2 times (x 70B)
Class com.google.common.base.CharMatcher$BitSetMatcher                                : loaded 2 times (x 110B)
Class com.google.common.collect.ImmutableMap$IteratorBasedImmutableMap                : loaded 2 times (x 123B)
Class org.gradle.internal.exceptions.DefaultMultiCauseException                       : loaded 2 times (x 93B)
Class com.google.common.collect.ImmutableMap                                          : loaded 2 times (x 118B)
Class com.google.common.base.Converter                                                : loaded 2 times (x 88B)
Class org.gradle.tooling.model.UnsupportedMethodException                             : loaded 2 times (x 80B)
Class com.google.common.collect.ImmutableSet$EmptySetBuilderImpl                      : loaded 2 times (x 74B)
Class com.google.common.base.Equivalence                                              : loaded 2 times (x 80B)
Class com.google.common.primitives.Ints                                               : loaded 2 times (x 69B)
Class com.google.common.cache.LocalCache$EntryFactory$1                               : loaded 2 times (x 81B)
Class com.google.common.cache.LocalCache$EntryFactory$2                               : loaded 2 times (x 81B)
Class com.google.common.cache.LocalCache$EntryFactory$3                               : loaded 2 times (x 81B)
Class com.google.common.cache.LocalCache$EntryFactory$4                               : loaded 2 times (x 81B)
Class com.google.common.cache.LocalCache$EntryFactory$5                               : loaded 2 times (x 81B)
Class com.google.common.cache.LocalCache$EntryFactory$6                               : loaded 2 times (x 81B)
Class com.google.common.cache.LocalCache$EntryFactory$7                               : loaded 2 times (x 81B)
Class org.gradle.internal.time.MonotonicClock                                         : loaded 2 times (x 75B)
Class com.google.common.cache.LocalCache$EntryFactory$8                               : loaded 2 times (x 81B)
Class com.google.common.base.Predicate                                                : loaded 2 times (x 68B)
Class com.google.common.cache.LocalCache$StrongValueReference                         : loaded 2 times (x 88B)
Class org.gradle.internal.classloader.FilteringClassLoader                            : loaded 2 times (x 103B)
Class com.google.common.collect.RegularImmutableSet                                   : loaded 2 times (x 146B)
Class org.gradle.tooling.model.Model                                                  : loaded 2 times (x 68B)
Class [Lcom.google.common.cache.LocalCache$Strength;                                  : loaded 2 times (x 67B)
Class org.gradle.internal.classpath.DefaultClassPath$ImmutableUniqueList$Builder      : loaded 2 times (x 73B)
Class com.google.common.collect.Maps$8                                                : loaded 2 times (x 80B)
Class [Lcom.google.common.cache.CacheBuilder$NullListener;                            : loaded 2 times (x 67B)
Class com.google.common.base.PatternCompiler                                          : loaded 2 times (x 68B)
Class com.google.common.base.CharMatcher$InRange                                      : loaded 2 times (x 109B)
Class org.jetbrains.kotlin.idea.gradleTooling.KotlinSourceSetContainer                : loaded 2 times (x 68B)
Class com.google.common.collect.Sets$SetView                                          : loaded 2 times (x 136B)
Class com.google.common.collect.BiMap                                                 : loaded 2 times (x 68B)
Class com.google.common.collect.Lists                                                 : loaded 2 times (x 69B)
Class org.objectweb.asm.AnnotationWriter                                              : loaded 2 times (x 77B)
Class com.google.common.math.IntMath$1                                                : loaded 2 times (x 69B)
Class org.gradle.internal.classloader.ClassLoaderVisitor                              : loaded 2 times (x 74B)
Class org.objectweb.asm.Label                                                         : loaded 2 times (x 71B)
Class com.google.common.cache.CacheBuilder$NullListener                               : loaded 2 times (x 80B)
Class com.google.common.math.MathPreconditions                                        : loaded 2 times (x 69B)
Class org.gradle.internal.time.DefaultCountdownTimer                                  : loaded 2 times (x 86B)
Class org.gradle.internal.service.DefaultServiceLocator                               : loaded 2 times (x 81B)
Class org.jetbrains.plugins.gradle.model.jar.JarTaskManifestConfiguration             : loaded 2 times (x 68B)
Class org.gradle.internal.service.UnknownServiceException                             : loaded 2 times (x 81B)
Class com.google.common.util.concurrent.AbstractFuture$SynchronizedHelper             : loaded 2 times (x 76B)
Class com.google.common.collect.ArrayListMultimap                                     : loaded 2 times (x 170B)
Class sync_studio_tooling4_b6an4j1xtfvyxv3acbi7c62c7$_run_closure1                    : loaded 2 times (x 137B)
Class com.google.common.base.Strings                                                  : loaded 2 times (x 69B)
Class org.jetbrains.plugins.gradle.model.DependencyAccessorsModel                     : loaded 2 times (x 68B)
Class com.google.common.cache.CacheLoader$InvalidCacheLoadException                   : loaded 2 times (x 80B)
Class org.gradle.internal.classloader.DefaultClassLoaderFactory                       : loaded 2 times (x 80B)
Class com.google.common.collect.UnmodifiableIterator                                  : loaded 2 times (x 78B)
Class com.google.common.base.Stopwatch                                                : loaded 2 times (x 70B)
Class com.google.common.base.Platform$JdkPatternCompiler                              : loaded 2 times (x 73B)
Class com.google.common.cache.LocalCache$LoadingValueReference                        : loaded 2 times (x 94B)
Class com.google.common.base.CharMatcher$SingleWidth                                  : loaded 2 times (x 110B)
Class com.google.common.collect.Hashing                                               : loaded 2 times (x 69B)
Class org.jetbrains.plugins.gradle.model.GradleExtensions                             : loaded 2 times (x 68B)
Class com.google.common.base.JdkPattern                                               : loaded 2 times (x 73B)
Class com.google.common.collect.Multimap                                              : loaded 2 times (x 68B)
Class com.google.common.base.FunctionalEquivalence                                    : loaded 2 times (x 81B)
Class org.objectweb.asm.AnnotationVisitor                                             : loaded 2 times (x 76B)
Class org.objectweb.asm.RecordComponentWriter                                         : loaded 2 times (x 76B)
Class com.google.common.cache.LocalCache$1                                            : loaded 2 times (x 87B)
Class com.google.common.cache.LocalCache$2                                            : loaded 2 times (x 140B)
Class com.google.common.collect.RegularImmutableBiMap                                 : loaded 2 times (x 146B)
Class org.jetbrains.plugins.gradle.model.VersionCatalogsModel                         : loaded 2 times (x 68B)
Class org.gradle.internal.classloader.VisitableURLClassLoader$Spec                    : loaded 2 times (x 72B)
Class org.gradle.tooling.model.ProjectModel                                           : loaded 2 times (x 68B)
Class com.google.common.collect.Iterators$MergingIterator                             : loaded 2 times (x 79B)
Class com.google.common.base.CharMatcher$JavaLetterOrDigit                            : loaded 2 times (x 109B)
Class org.gradle.tooling.internal.gradle.DefaultProjectIdentifier                     : loaded 2 times (x 84B)
Class org.gradle.api.internal.classpath.ModuleRegistry                                : loaded 2 times (x 68B)
Class com.google.common.cache.CacheBuilder                                            : loaded 2 times (x 70B)
Class org.objectweb.asm.ByteVector                                                    : loaded 2 times (x 77B)
Class com.google.common.collect.ImmutableCollection                                   : loaded 2 times (x 123B)
Class org.jetbrains.plugins.gradle.model.RepositoriesModel                            : loaded 2 times (x 68B)
Class com.google.common.base.PairwiseEquivalence                                      : loaded 2 times (x 81B)
Class org.gradle.util.GradleVersion                                                   : loaded 2 times (x 81B)
Class kotlin.jvm.internal.markers.KMappedMarker                                       : loaded 2 times (x 68B)
Class org.gradle.api.internal.ClassPathProvider                                       : loaded 2 times (x 68B)
Class com.google.common.base.Ascii                                                    : loaded 2 times (x 69B)
Class com.google.common.collect.RegularImmutableMap$Values                            : loaded 2 times (x 167B)
Class org.objectweb.asm.ModuleWriter                                                  : loaded 2 times (x 80B)
Class org.gradle.internal.classloader.ClasspathUtil$1                                 : loaded 2 times (x 74B)
Class com.google.common.collect.ImmutableEnumMap                                      : loaded 2 times (x 123B)
Class com.google.common.collect.ImmutableList$ReverseImmutableList                    : loaded 2 times (x 168B)
Class com.google.common.cache.AbstractCache$StatsCounter                              : loaded 2 times (x 68B)
Class org.objectweb.asm.FieldVisitor                                                  : loaded 2 times (x 75B)
Class org.objectweb.asm.Symbol                                                        : loaded 2 times (x 71B)
Class com.google.common.cache.LocalCache$Strength$1                                   : loaded 2 times (x 79B)
Class com.google.common.cache.LocalCache$Strength$2                                   : loaded 2 times (x 79B)
Class com.google.common.cache.LocalCache$Strength$3                                   : loaded 2 times (x 79B)
Class org.gradle.internal.classloader.ClassLoaderFactory                              : loaded 2 times (x 68B)
Class com.google.common.collect.ObjectArrays                                          : loaded 2 times (x 69B)
Class com.google.common.util.concurrent.AbstractFuture$Waiter                         : loaded 2 times (x 70B)
Class com.google.common.util.concurrent.Uninterruptibles                              : loaded 2 times (x 69B)
Class com.google.common.collect.Iterators$10                                          : loaded 2 times (x 79B)
Class com.google.common.collect.ImmutableList                                         : loaded 2 times (x 166B)
Class org.gradle.api.internal.classpath.ManifestUtil                                  : loaded 2 times (x 69B)
Class org.gradle.api.specs.Spec                                                       : loaded 2 times (x 68B)
Class com.google.common.cache.CacheLoader$UnsupportedLoadingOperationException        : loaded 2 times (x 80B)
Class com.google.common.base.CharMatcher$Whitespace                                   : loaded 2 times (x 110B)
Class com.google.common.util.concurrent.ListenableFuture                              : loaded 2 times (x 68B)
Class org.gradle.tooling.internal.gradle.GradleBuildIdentity                          : loaded 2 times (x 68B)
Class com.google.common.collect.Iterators$1                                           : loaded 2 times (x 79B)
Class com.google.common.collect.Iterators$4                                           : loaded 2 times (x 80B)
Class com.google.common.collect.RegularImmutableMap$BucketOverflowException           : loaded 2 times (x 80B)
Class com.google.common.collect.Iterators$5                                           : loaded 2 times (x 80B)
Class com.google.common.util.concurrent.AbstractFuture$UnsafeAtomicHelper             : loaded 2 times (x 76B)
Class com.google.common.base.Joiner                                                   : loaded 2 times (x 77B)
Class com.google.common.base.Equivalence$Equals                                       : loaded 2 times (x 80B)
Class com.google.common.base.Preconditions                                            : loaded 2 times (x 69B)
Class com.google.common.base.Function                                                 : loaded 2 times (x 68B)
Class com.google.common.collect.Iterators$9                                           : loaded 2 times (x 79B)
Class org.gradle.internal.IoActions                                                   : loaded 2 times (x 69B)
Class com.google.common.cache.ReferenceEntry                                          : loaded 2 times (x 68B)
Class com.google.common.collect.RegularImmutableMap$KeySet                            : loaded 2 times (x 148B)
Class com.google.common.collect.CollectPreconditions                                  : loaded 2 times (x 69B)
Class com.google.common.primitives.IntsMethodsForWeb                                  : loaded 2 times (x 69B)
Class com.google.common.collect.Maps                                                  : loaded 2 times (x 69B)
Class com.google.common.collect.RegularImmutableMap                                   : loaded 2 times (x 119B)
Class com.google.common.collect.AbstractIndexedListIterator                           : loaded 2 times (x 94B)
Class com.google.common.base.CharMatcher$None                                         : loaded 2 times (x 110B)
Class org.gradle.api.internal.classpath.EffectiveClassPath                            : loaded 2 times (x 88B)
Class com.google.common.collect.UnmodifiableListIterator                              : loaded 2 times (x 93B)
Class kotlin.jvm.internal.DefaultConstructorMarker                                    : loaded 2 times (x 69B)
Class com.google.common.cache.CacheLoader$FunctionToCacheLoader                       : loaded 2 times (x 73B)
Class com.google.common.cache.CacheBuilder$1                                          : loaded 2 times (x 83B)
Class com.google.common.cache.CacheBuilder$2                                          : loaded 2 times (x 70B)
Class com.google.common.collect.ImmutableList$1                                       : loaded 2 times (x 95B)
Class com.google.common.base.Splitter$Strategy                                        : loaded 2 times (x 68B)
Class com.google.common.collect.ImmutableMapEntrySet$RegularEntrySet                  : loaded 2 times (x 149B)
Class [Lcom.google.common.cache.RemovalListener;                                      : loaded 2 times (x 67B)
Class [Lcom.google.common.collect.ImmutableMapEntry;                                  : loaded 2 times (x 67B)
Class org.gradle.internal.exceptions.ResolutionProvider                               : loaded 2 times (x 68B)
Class org.jetbrains.kotlin.idea.gradleTooling.model.annotation.AnnotationBasedPluginModel: loaded 2 times (x 68B)
Class org.jetbrains.kotlin.idea.gradleTooling.model.assignment.AssignmentModel        : loaded 2 times (x 68B)
Class org.gradle.internal.installation.CurrentGradleInstallation                      : loaded 2 times (x 71B)
Class org.gradle.internal.agents.InstrumentingClassLoader                             : loaded 2 times (x 68B)
Class org.gradle.internal.installation.CurrentGradleInstallationLocator               : loaded 2 times (x 69B)
Class [Lcom.google.common.cache.LocalCache$Segment;                                   : loaded 2 times (x 67B)
Class org.gradle.api.internal.classpath.Module                                        : loaded 2 times (x 68B)
Class com.google.common.base.Splitter$1$1                                             : loaded 2 times (x 84B)
Class com.google.common.collect.ImmutableSet$JdkBackedSetBuilderImpl                  : loaded 2 times (x 74B)
Class com.google.common.collect.ImmutableSet$RegularSetBuilderImpl                    : loaded 2 times (x 75B)
Class [Lorg.objectweb.asm.AnnotationWriter;                                           : loaded 2 times (x 67B)
Class org.gradle.internal.service.CachingServiceLocator                               : loaded 2 times (x 80B)
Class org.gradle.internal.time.Timer                                                  : loaded 2 times (x 68B)
Class [Lcom.google.common.collect.ImmutableEntry;                                     : loaded 2 times (x 67B)
Class org.jetbrains.plugins.gradle.model.tests.ExternalTestsModel                     : loaded 2 times (x 68B)
Class org.jetbrains.kotlin.idea.gradleTooling.KotlinDslScriptAdditionalTask           : loaded 2 times (x 68B)
Class org.gradle.internal.classpath.DefaultClassPath                                  : loaded 2 times (x 88B)
Class com.google.common.util.concurrent.AbstractFuture$SetFuture                      : loaded 2 times (x 73B)
Class com.google.common.base.Splitter$SplittingIterator                               : loaded 2 times (x 82B)
Class com.intellij.openapi.externalSystem.model.project.dependencies.ProjectDependencies: loaded 2 times (x 68B)
Class com.google.common.cache.LocalCache$LocalManualCache$1                           : loaded 2 times (x 73B)
Class org.jetbrains.kotlin.idea.gradleTooling.PrepareKotlinIdeImportTaskModel         : loaded 2 times (x 68B)
Class org.gradle.internal.impldep.com.google.common.base.Preconditions                : loaded 2 times (x 69B)
Class kotlin.jvm.functions.Function1                                                  : loaded 2 times (x 68B)
Class org.objectweb.asm.SymbolTable$Entry                                             : loaded 2 times (x 72B)
Class [Lcom.google.common.cache.LocalCache$EntryFactory;                              : loaded 2 times (x 67B)
Class com.google.common.base.CharMatcher$Is                                           : loaded 2 times (x 109B)
Class com.google.common.base.Platform                                                 : loaded 2 times (x 69B)
Class com.google.common.collect.RegularImmutableAsList                                : loaded 2 times (x 176B)
Class com.google.common.collect.PeekingIterator                                       : loaded 2 times (x 68B)
Class org.gradle.internal.time.Time                                                   : loaded 2 times (x 69B)
Class org.gradle.internal.time.TimeSource$1                                           : loaded 2 times (x 75B)
Class com.google.common.collect.ImmutableMapEntrySet                                  : loaded 2 times (x 149B)
Class com.google.common.cache.CacheLoader                                             : loaded 2 times (x 72B)
Class com.google.common.collect.ImmutableBiMapFauxverideShim                          : loaded 2 times (x 118B)
Class org.objectweb.asm.MethodTooLargeException                                       : loaded 2 times (x 81B)
Class com.google.common.cache.Cache                                                   : loaded 2 times (x 68B)
Class org.gradle.internal.classloader.SystemClassLoaderSpec                           : loaded 2 times (x 69B)
Class com.google.common.util.concurrent.internal.InternalFutureFailureAccess          : loaded 2 times (x 70B)
Class com.google.common.base.Charsets                                                 : loaded 2 times (x 69B)
Class com.google.common.primitives.Ints$IntConverter                                  : loaded 2 times (x 88B)
Class com.google.common.collect.SingletonImmutableSet                                 : loaded 2 times (x 144B)
Class [Lcom.google.common.base.AbstractIterator$State;                                : loaded 2 times (x 67B)
Class com.google.common.collect.ImmutableMap$Builder                                  : loaded 2 times (x 80B)
Class com.google.common.base.AbstractIterator                                         : loaded 2 times (x 78B)
Class org.objectweb.asm.ClassWriter                                                   : loaded 2 times (x 104B)
Class com.google.common.base.AbstractIterator$1                                       : loaded 2 times (x 69B)
Class [Lcom.google.common.cache.CacheBuilder$OneWeigher;                              : loaded 2 times (x 67B)
Class kotlin.Function                                                                 : loaded 2 times (x 68B)
Class com.google.common.collect.Iterators                                             : loaded 2 times (x 69B)
Class com.google.common.base.CharMatcher$1                                            : loaded 2 times (x 111B)
Class com.google.common.base.CharMatcher$Ascii                                        : loaded 2 times (x 110B)
Class com.google.common.cache.LocalCache$ComputingValueReference                      : loaded 2 times (x 94B)
Class org.gradle.api.UncheckedIOException                                             : loaded 2 times (x 80B)
Class com.google.common.base.CharMatcher$And                                          : loaded 2 times (x 110B)
Class com.google.common.collect.IndexedImmutableSet                                   : loaded 2 times (x 148B)
Class com.google.common.collect.IndexedImmutableSet$1                                 : loaded 2 times (x 172B)
Class com.google.common.collect.AbstractListMultimap                                  : loaded 2 times (x 170B)
Class com.google.common.base.CharMatcher$Any                                          : loaded 2 times (x 110B)
Class com.google.common.base.Ticker                                                   : loaded 2 times (x 70B)
Class com.google.common.cache.LocalCache$Strength                                     : loaded 2 times (x 79B)
Class com.google.common.collect.ArrayListMultimapGwtSerializationDependencies         : loaded 2 times (x 170B)
Class com.google.common.base.CharMatcher$RangesMatcher                                : loaded 2 times (x 110B)
Class org.objectweb.asm.Handler                                                       : loaded 2 times (x 70B)
Class ijInit1_2yo0i9mdhobmu73n31lnjbv1f                                               : loaded 2 times (x 177B)
Class org.gradle.tooling.internal.gradle.GradleProjectIdentity                        : loaded 2 times (x 68B)
Class com.google.common.collect.ImmutableList$SubList                                 : loaded 2 times (x 168B)
Class com.google.common.cache.LocalCache$ValueReference                               : loaded 2 times (x 68B)
Class org.gradle.internal.time.CountdownTimer                                         : loaded 2 times (x 68B)
Class org.gradle.internal.time.Clock                                                  : loaded 2 times (x 68B)
Class org.gradle.internal.classloader.ClasspathUtil                                   : loaded 2 times (x 69B)
Class org.objectweb.asm.CurrentFrame                                                  : loaded 2 times (x 71B)
Class com.google.common.util.concurrent.AbstractFuture                                : loaded 2 times (x 93B)
Class org.jetbrains.kotlin.tooling.core.HasMutableExtras                              : loaded 2 times (x 68B)
Class org.gradle.tooling.model.BuildIdentifier                                        : loaded 2 times (x 68B)
Class com.google.common.base.Splitter$1                                               : loaded 2 times (x 75B)
Class com.google.common.base.Ticker$1                                                 : loaded 2 times (x 70B)
Class com.google.common.collect.Maps$BiMapConverter                                   : loaded 2 times (x 88B)
Class org.gradle.api.internal.DefaultClassPathRegistry                                : loaded 2 times (x 74B)
Class [Lorg.objectweb.asm.Symbol;                                                     : loaded 2 times (x 67B)
Class com.google.common.util.concurrent.AbstractFuture$Cancellation                   : loaded 2 times (x 70B)
Class com.google.common.collect.ImmutableSet$SetBuilderImpl                           : loaded 2 times (x 74B)
Class org.gradle.api.internal.classpath.DefaultModuleRegistry$DefaultModule           : loaded 2 times (x 84B)
Class com.google.common.base.CharMatcher$JavaIsoControl                               : loaded 2 times (x 110B)
Class com.google.common.collect.ImmutableMap$1                                        : loaded 2 times (x 79B)
Class com.google.common.base.CharMatcher$Or                                           : loaded 2 times (x 110B)
Class org.gradle.internal.time.TimeSource                                             : loaded 2 times (x 68B)
Class com.google.common.base.Suppliers$SupplierOfInstance                             : loaded 2 times (x 77B)
Class org.objectweb.asm.RecordComponentVisitor                                        : loaded 2 times (x 75B)
Class com.google.common.collect.Iterables                                             : loaded 2 times (x 69B)
Class org.jetbrains.kotlin.android.synthetic.idea.AndroidExtensionsGradleModel        : loaded 2 times (x 68B)
Class com.google.common.base.CharMatcher$JavaLowerCase                                : loaded 2 times (x 109B)
Class org.objectweb.asm.ClassTooLargeException                                        : loaded 2 times (x 81B)
Class org.gradle.api.internal.classpath.UnknownModuleException                        : loaded 2 times (x 80B)
Class com.google.common.util.concurrent.AbstractFuture$Listener                       : loaded 2 times (x 70B)
Class org.objectweb.asm.Edge                                                          : loaded 2 times (x 70B)
Class com.google.common.collect.Maps$EntryTransformer                                 : loaded 2 times (x 68B)
Class com.google.common.collect.ImmutableCollection$Builder                           : loaded 2 times (x 74B)
Class [Lorg.objectweb.asm.SymbolTable$Entry;                                          : loaded 2 times (x 67B)
Class com.google.common.collect.SingletonImmutableBiMap                               : loaded 2 times (x 141B)
Class com.google.common.base.CommonPattern                                            : loaded 2 times (x 72B)
Class com.google.common.base.Suppliers                                                : loaded 2 times (x 69B)
Class org.jetbrains.plugins.gradle.model.IntelliJProjectSettings                      : loaded 2 times (x 68B)
Class org.objectweb.asm.ClassVisitor                                                  : loaded 2 times (x 86B)
Class com.google.common.cache.LoadingCache                                            : loaded 2 times (x 68B)
Class org.gradle.internal.service.ServiceLookupException                              : loaded 2 times (x 80B)
Class org.gradle.cache.GlobalCache                                                    : loaded 2 times (x 68B)
Class org.jetbrains.kotlin.idea.gradleTooling.model.lombok.LombokModel                : loaded 2 times (x 68B)
Class org.gradle.tooling.model.ProjectIdentifier                                      : loaded 2 times (x 68B)
Class com.google.common.base.CharMatcher$NegatedFastMatcher                           : loaded 2 times (x 111B)
Class [Lorg.gradle.api.internal.ClassPathProvider;                                    : loaded 2 times (x 67B)
Class com.google.common.util.concurrent.AbstractFuture$SafeAtomicHelper               : loaded 2 times (x 77B)
Class org.gradle.internal.operations.MultipleBuildOperationFailures                   : loaded 2 times (x 93B)
Class org.gradle.util.internal.GUtil                                                  : loaded 2 times (x 69B)
Class org.jetbrains.plugins.gradle.model.AnnotationProcessingModel                    : loaded 2 times (x 68B)
Class com.google.common.math.IntMath                                                  : loaded 2 times (x 69B)
Class com.google.common.collect.AbstractIterator                                      : loaded 2 times (x 80B)
Class org.gradle.internal.classloader.ClassLoaderSpec                                 : loaded 2 times (x 69B)
Class com.google.common.base.NullnessCasts                                            : loaded 2 times (x 69B)
Class org.objectweb.asm.Frame                                                         : loaded 2 times (x 71B)
Class com.google.common.cache.LocalCache$LocalManualCache                             : loaded 2 times (x 97B)
Class com.google.common.collect.AbstractMapEntry                                      : loaded 2 times (x 79B)
Class com.google.common.base.CharMatcher$Negated                                      : loaded 2 times (x 111B)
Class com.google.common.cache.CacheLoader$1                                           : loaded 2 times (x 73B)
Class com.google.common.util.concurrent.AbstractFuture$TrustedFuture                  : loaded 2 times (x 95B)
Class com.google.common.collect.Sets                                                  : loaded 2 times (x 69B)
Class com.google.common.collect.ImmutableSet$Builder                                  : loaded 2 times (x 83B)
Class com.google.common.base.CharMatcher$ForPredicate                                 : loaded 2 times (x 110B)
Class com.google.common.collect.ImmutableMap$MapViewOfValuesAsSingletonSets           : loaded 2 times (x 123B)
Class com.google.common.base.MoreObjects                                              : loaded 2 times (x 69B)
Class com.google.common.collect.SortedMapDifference                                   : loaded 2 times (x 68B)
Class org.objectweb.asm.SymbolTable                                                   : loaded 2 times (x 70B)
Class [Lorg.objectweb.asm.AnnotationVisitor;                                          : loaded 2 times (x 67B)
Class com.google.common.cache.CacheStats                                              : loaded 2 times (x 69B)
Class org.objectweb.asm.Attribute                                                     : loaded 2 times (x 75B)
Class org.gradle.internal.classloader.VisitableURLClassLoader                         : loaded 2 times (x 115B)
Class com.google.common.cache.LocalCache$LocalLoadingCache                            : loaded 2 times (x 132B)
Class com.google.common.base.Supplier                                                 : loaded 2 times (x 68B)
Class com.google.common.util.concurrent.AbstractFuture$AtomicHelper                   : loaded 2 times (x 76B)
Class com.google.common.collect.ImmutableBiMap                                        : loaded 2 times (x 141B)
Class org.gradle.internal.installation.GradleInstallation                             : loaded 2 times (x 73B)
Class org.gradle.api.internal.ClassPathRegistry                                       : loaded 2 times (x 68B)
Class com.google.common.cache.LocalCache$EntryFactory                                 : loaded 2 times (x 81B)
Class com.google.common.util.concurrent.UncheckedExecutionException                   : loaded 2 times (x 80B)
Class com.google.common.collect.ImmutableSet                                          : loaded 2 times (x 143B)
Class org.gradle.internal.classloader.VisitableURLClassLoader$InstrumentingVisitableURLClassLoader: loaded 2 times (x 121B)
Class org.gradle.internal.classloader.ClassLoaderHierarchy                            : loaded 2 times (x 68B)
Class org.gradle.internal.exceptions.MultiCauseException                              : loaded 2 times (x 68B)
Class org.jetbrains.kotlin.idea.gradleTooling.model.parcelize.ParcelizeGradleModel    : loaded 2 times (x 68B)
Class [Lorg.objectweb.asm.Type;                                                       : loaded 2 times (x 67B)
Class com.google.common.base.AbstractIterator$State                                   : loaded 2 times (x 77B)
Class com.google.common.cache.Weigher                                                 : loaded 2 times (x 68B)
Class com.google.common.base.CharMatcher$NamedFastMatcher                             : loaded 2 times (x 110B)
Class org.gradle.internal.InternalTransformer                                         : loaded 2 times (x 68B)
Class org.jetbrains.kotlin.idea.gradleTooling.model.noarg.NoArgModel                  : loaded 2 times (x 68B)
Class org.jetbrains.kotlin.idea.gradleTooling.KotlinGradleModel                       : loaded 2 times (x 68B)
Class org.gradle.tooling.internal.gradle.DefaultBuildIdentifier                       : loaded 2 times (x 77B)
Class org.gradle.internal.service.ServiceLocator                                      : loaded 2 times (x 68B)
Class Settings_gradle$1                                                               : loaded 2 times (x 72B)
Class com.google.common.util.concurrent.SettableFuture                                : loaded 2 times (x 95B)
Class com.google.common.collect.ImmutableMapEntry                                     : loaded 2 times (x 83B)
Class org.jetbrains.kotlin.idea.gradleTooling.model.allopen.AllOpenModel              : loaded 2 times (x 68B)
Class com.google.common.base.CharMatcher$Invisible                                    : loaded 2 times (x 110B)
Class com.google.common.base.Joiner$1                                                 : loaded 2 times (x 78B)
Class com.google.common.base.Joiner$2                                                 : loaded 2 times (x 77B)
Class com.google.common.base.CharMatcher$FastMatcher                                  : loaded 2 times (x 109B)
Class org.gradle.internal.classpath.DefaultClassPath$ImmutableUniqueList              : loaded 2 times (x 159B)
Class org.gradle.internal.time.DefaultTimer                                           : loaded 2 times (x 78B)
Class com.google.common.base.CharMatcher$JavaLetter                                   : loaded 2 times (x 109B)
Class org.gradle.internal.classpath.TransformedClassPath                              : loaded 2 times (x 94B)
Class com.google.common.collect.MapDifference                                         : loaded 2 times (x 68B)
Class org.jetbrains.kotlin.tooling.core.HasExtras                                     : loaded 2 times (x 68B)
Class com.google.common.collect.Sets$1                                                : loaded 2 times (x 137B)
Class com.google.common.collect.Sets$2                                                : loaded 2 times (x 137B)
Class com.google.common.util.concurrent.AbstractFuture$Trusted                        : loaded 2 times (x 68B)
Class com.google.common.collect.Sets$3                                                : loaded 2 times (x 137B)
Class com.google.common.collect.Sets$4                                                : loaded 2 times (x 137B)
Class Settings_gradle                                                                 : loaded 2 times (x 126B)
Class org.objectweb.asm.MethodWriter                                                  : loaded 2 times (x 104B)
Class com.google.common.collect.Platform                                              : loaded 2 times (x 69B)
Class com.google.common.collect.ImmutableAsList                                       : loaded 2 times (x 169B)
Class com.google.common.util.concurrent.ExecutionError                                : loaded 2 times (x 80B)
Class com.google.common.base.Equivalence$Identity                                     : loaded 2 times (x 80B)
Class com.google.common.base.CharMatcher$AnyOf                                        : loaded 2 times (x 110B)
Class com.google.common.base.CharMatcher$IsEither                                     : loaded 2 times (x 109B)
Class com.google.common.cache.LocalCache                                              : loaded 2 times (x 185B)
Class com.google.common.collect.RegularImmutableList                                  : loaded 2 times (x 172B)
Class com.google.common.util.concurrent.AbstractFuture$UnsafeAtomicHelper$1           : loaded 2 times (x 74B)
Class com.google.common.base.CharMatcher$JavaUpperCase                                : loaded 2 times (x 109B)
Class com.google.common.collect.Multiset                                              : loaded 2 times (x 68B)
Class com.google.common.collect.ImmutableSet$CachingAsList                            : loaded 2 times (x 145B)
Class org.objectweb.asm.MethodVisitor                                                 : loaded 2 times (x 103B)
Class com.google.common.collect.ImmutableMapEntry$NonTerminalImmutableMapEntry        : loaded 2 times (x 83B)
Class com.google.common.collect.AbstractMapBasedMultimap                              : loaded 2 times (x 137B)


---------------  S Y S T E M  ---------------

OS:
 Windows 11 , 64 bit Build 22621 (10.0.22621.3958)
OS uptime: 4 days 13:29 hours
Hyper-V role detected

CPU: total 20 (initial active 20) (10 cores per cpu, 2 threads per core) family 6 model 154 stepping 3 microcode 0x429, cx8, cmov, fxsr, ht, mmx, 3dnowpref, sse, sse2, sse3, ssse3, sse4.1, sse4.2, popcnt, lzcnt, tsc, tscinvbit, avx, avx2, aes, erms, clmul, bmi1, bmi2, adx, sha, fma, vzeroupper, clflush, clflushopt, clwb, hv
Processor Information for all 20 processors :
  Max Mhz: 2300, Current Mhz: 2300, Mhz Limit: 2300

Memory: 4k page, system-wide physical 16004M (5239M free)
TotalPageFile size 18052M (AvailPageFile size 4M)
current process WorkingSet (physical memory assigned to process): 579M, peak: 579M
current process commit charge ("private bytes"): 650M, peak: 650M

vm_info: OpenJDK 64-Bit Server VM (17.0.10+0--11609105) for windows-amd64 JRE (17.0.10+0--11609105), built on Mar 21 2024 19:10:56 by "androidbuild" with MS VC++ 16.10 / 16.11 (VS2019)

END.
