#
# There is insufficient memory for the Java Runtime Environment to continue.
# Native memory allocation (malloc) failed to allocate 1980016 bytes for Chunk::new
# Possible reasons:
#   The system is out of physical RAM or swap space
#   The process is running with CompressedOops enabled, and the Java Heap may be blocking the growth of the native heap
# Possible solutions:
#   Reduce memory load on the system
#   Increase physical memory or swap space
#   Check if swap backing store is full
#   Decrease Java heap size (-Xmx/-Xms)
#   Decrease number of Java threads
#   Decrease Java thread stack sizes (-Xss)
#   Set larger code cache with -XX:ReservedCodeCacheSize=
#   JVM is running with Unscaled Compressed Oops mode in which the Java heap is
#     placed in the first 4GB address space. The Java Heap base address is the
#     maximum limit for the native heap growth. Please use -XX:HeapBaseMinAddress
#     to set the Java Heap base and to place the Java Heap above 4GB virtual address.
# This output file may be truncated or incomplete.
#
#  Out of Memory Error (arena.cpp:191), pid=24232, tid=29676
#
# JRE version: OpenJDK Runtime Environment (17.0.10) (build 17.0.10+0--11609105)
# Java VM: OpenJDK 64-Bit Server VM (17.0.10+0--11609105, mixed mode, tiered, compressed oops, compressed class ptrs, g1 gc, windows-amd64)
# No core dump will be written. Minidumps are not enabled by default on client versions of Windows
#

---------------  S U M M A R Y ------------

Command Line: --add-opens=java.base/java.util=ALL-UNNAMED --add-opens=java.base/java.lang=ALL-UNNAMED --add-opens=java.base/java.lang.invoke=ALL-UNNAMED --add-opens=java.prefs/java.util.prefs=ALL-UNNAMED --add-opens=java.base/java.nio.charset=ALL-UNNAMED --add-opens=java.base/java.net=ALL-UNNAMED --add-opens=java.base/java.util.concurrent.atomic=ALL-UNNAMED -Xmx2048M -Dfile.encoding=UTF-8 -Duser.country=US -Duser.language=en -Duser.variant -javaagent:C:\Users\Hashem Arenat\.gradle\wrapper\dists\gradle-8.7-bin\bhs2wmbdwecv87pi65oeuq5iu\gradle-8.7\lib\agents\gradle-instrumentation-agent-8.7.jar org.gradle.launcher.daemon.bootstrap.GradleDaemon 8.7

Host: 12th Gen Intel(R) Core(TM) i7-12700H, 20 cores, 15G,  Windows 11 , 64 bit Build 22621 (10.0.22621.3958)
Time: Fri Nov  8 19:44:03 2024 Jerusalem Standard Time elapsed time: 15.470406 seconds (0d 0h 0m 15s)

---------------  T H R E A D  ---------------

Current thread (0x000002cca26db1e0):  JavaThread "C2 CompilerThread1" daemon [_thread_in_native, id=29676, stack(0x000000d353500000,0x000000d353600000)]


Current CompileTask:
C2:  15470 19402       4       dagger.internal.codegen.binding.InjectionSiteFactory$InjectionSiteVisitor::visit (38 bytes)

Stack: [0x000000d353500000,0x000000d353600000]
Native frames: (J=compiled Java code, j=interpreted, Vv=VM code, C=native code)
V  [jvm.dll+0x688de9]
V  [jvm.dll+0x8423da]
V  [jvm.dll+0x84401e]
V  [jvm.dll+0x844683]
V  [jvm.dll+0x24be0f]
V  [jvm.dll+0xac524]
V  [jvm.dll+0xacb6c]
V  [jvm.dll+0x36bd67]
V  [jvm.dll+0x33615a]
V  [jvm.dll+0x3355fa]
V  [jvm.dll+0x21daa1]
V  [jvm.dll+0x21cec1]
V  [jvm.dll+0x1a60ad]
V  [jvm.dll+0x22cd78]
V  [jvm.dll+0x22aeb0]
V  [jvm.dll+0x7f6877]
V  [jvm.dll+0x7f0c7a]
V  [jvm.dll+0x687c65]
C  [ucrtbase.dll+0x29333]
C  [KERNEL32.DLL+0x1257d]
C  [ntdll.dll+0x5af08]


---------------  P R O C E S S  ---------------

Threads class SMR info:
_java_thread_list=0x000002ccacf1cc00, length=296, elements={
0x000002cc874ed000, 0x000002cca2426010, 0x000002cca2426e90, 0x000002cca2413610,
0x000002cca24141d0, 0x000002cca2451140, 0x000002cca2451b00, 0x000002cca24527f0,
0x000002cca24532a0, 0x000002cca2455cb0, 0x000002cca255d4f0, 0x000002cca261d890,
0x000002cca25c5fd0, 0x000002cca26db730, 0x000002cca26db1e0, 0x000002cca73fc750,
0x000002cca8d2e0c0, 0x000002cca98b8130, 0x000002cca9a21490, 0x000002cca99e2040,
0x000002cca99e2520, 0x000002cca93e0630, 0x000002cca8af8c00, 0x000002cca898c1a0,
0x000002cca8989e30, 0x000002cca89889f0, 0x000002cca898bc90, 0x000002cca8988f00,
0x000002cca8989410, 0x000002cca898a340, 0x000002cca898a850, 0x000002cca898ad60,
0x000002cca898b270, 0x000002ccab785080, 0x000002ccab782800, 0x000002ccab785590,
0x000002ccab784150, 0x000002ccab785aa0, 0x000002ccab7809a0, 0x000002ccab783220,
0x000002ccab77fa70, 0x000002ccab780490, 0x000002ccab783730, 0x000002ccab77e630,
0x000002ccab784660, 0x000002ccab77ff80, 0x000002ccab77eb40, 0x000002ccab782d10,
0x000002ccab781de0, 0x000002ccab7813c0, 0x000002ccab784b70, 0x000002ccab780eb0,
0x000002ccab785fb0, 0x000002ccab7818d0, 0x000002ccab77f050, 0x000002ccab7822f0,
0x000002ccab77f560, 0x000002ccac83edf0, 0x000002ccac83cf90, 0x000002ccac83e3d0,
0x000002ccac83f300, 0x000002ccac83e8e0, 0x000002ccac83f810, 0x000002ccac83d4a0,
0x000002ccac83dec0, 0x000002ccac83d9b0, 0x000002ccac83c060, 0x000002ccac83c570,
0x000002ccac83ca80, 0x000002cca98529e0, 0x000002cca9850160, 0x000002cca9850670,
0x000002cca9852ef0, 0x000002cca984fc50, 0x000002cca98524d0, 0x000002cca9855c80,
0x000002cca9850b80, 0x000002cca984ed20, 0x000002cca9851090, 0x000002cca984f740,
0x000002cca984e810, 0x000002cca984f230, 0x000002cca9853e20, 0x000002cca9854d50,
0x000002cca98addc0, 0x000002cca98ace90, 0x000002cca98b1a80, 0x000002cca98b0640,
0x000002cca98ae7e0, 0x000002cca98b0b50, 0x000002cca98ac980, 0x000002cca98b1060,
0x000002cca98af200, 0x000002cca98ae2d0, 0x000002cca98aecf0, 0x000002cca98b1570,
0x000002cca898b780, 0x000002ccb41de8b0, 0x000002ccb41d8880, 0x000002ccb41dd980,
0x000002ccb41dabf0, 0x000002ccb41d7440, 0x000002ccb41dcf60, 0x000002ccb41dd470,
0x000002ccb41d7e60, 0x000002ccb41d8d90, 0x000002ccb41da1d0, 0x000002ccb41d9cc0,
0x000002ccb41dc030, 0x000002ccb41d8370, 0x000002ccb41da6e0, 0x000002ccb41db610,
0x000002ccb41d97b0, 0x000002ccb41dbb20, 0x000002ccb41dde90, 0x000002ccb41d92a0,
0x000002ccb41db100, 0x000002ccb41dc540, 0x000002ccb41dca50, 0x000002ccb41de3a0,
0x000002ccae36d970, 0x000002ccae36abe0, 0x000002ccae369cb0, 0x000002ccae3697a0,
0x000002ccae36cf50, 0x000002ccae36d460, 0x000002ccae36e8a0, 0x000002ccae36bb10,
0x000002ccae36b0f0, 0x000002ccae36b600, 0x000002ccae368d80, 0x000002ccae36a1c0,
0x000002ccae36a6d0, 0x000002ccae36f7d0, 0x000002ccae36de80, 0x000002ccae36e390,
0x000002ccae36edb0, 0x000002ccae368360, 0x000002ccae368870, 0x000002ccae369290,
0x000002ccae36f2c0, 0x000002ccae36c020, 0x000002ccae36c530, 0x000002ccae36fce0,
0x000002ccae36ca40, 0x000002cca7d303e0, 0x000002cca7d32240, 0x000002cca7d2ea90,
0x000002cca7d345b0, 0x000002cca7d31310, 0x000002cca7d32c60, 0x000002cca7d34ac0,
0x000002cca7d34fd0, 0x000002cca7d340a0, 0x000002cca7d2db60, 0x000002cca7d354e0,
0x000002cca7d32750, 0x000002cca7d2e070, 0x000002cca7d2e580, 0x000002cca7d2efa0,
0x000002cca7d2f4b0, 0x000002cca7d31820, 0x000002cca7d2f9c0, 0x000002cca7d308f0,
0x000002cca7d30e00, 0x000002cca7d31d30, 0x000002cca7d33680, 0x000002cca7d33b90,
0x000002ccac4e5da0, 0x000002ccac4e6cd0, 0x000002ccac4e4e70, 0x000002ccac4e62b0,
0x000002ccac4e71e0, 0x000002ccac4e67c0, 0x000002ccac4e7c00, 0x000002ccac4e8110,
0x000002ccac4e8620, 0x000002ccac4e76f0, 0x000002ccac4e5380, 0x000002ccac4e5890,
0x000002ccb332c490, 0x000002ccb332a120, 0x000002ccb33282c0, 0x000002ccb332ceb0,
0x000002ccb33287d0, 0x000002ccb332ab40, 0x000002ccb3329c10, 0x000002ccb3328ce0,
0x000002ccb3326e80, 0x000002ccb3327390, 0x000002ccb332a630, 0x000002ccb3326460,
0x000002ccb33278a0, 0x000002ccb332ba70, 0x000002ccb33291f0, 0x000002ccb332c9a0,
0x000002ccb332b050, 0x000002ccb332b560, 0x000002ccb3326970, 0x000002ccb332bf80,
0x000002ccb332d3c0, 0x000002ccb3329700, 0x000002ccb3325f50, 0x000002ccb332d8d0,
0x000002ccb3327db0, 0x000002cca9853910, 0x000002cca98ac470, 0x000002ccb5d11d80,
0x000002ccb5d15530, 0x000002ccb5d12290, 0x000002ccb5d15a40, 0x000002ccb5d127a0,
0x000002ccb5d11360, 0x000002ccb5d15f50, 0x000002ccb5d16460, 0x000002ccb5d12cb0,
0x000002ccb5d15020, 0x000002ccb5d136d0, 0x000002ccb5d131c0, 0x000002ccb5d16970,
0x000002ccb5d13be0, 0x000002ccb5d0ff20, 0x000002ccb5d16e80, 0x000002ccb5d140f0,
0x000002ccb5d10940, 0x000002ccb5d14600, 0x000002ccb5d0fa10, 0x000002ccb5d14b10,
0x000002ccb5d178a0, 0x000002ccb5d17390, 0x000002ccb5d11870, 0x000002ccb5d10430,
0x000002ccb5d17db0, 0x000002ccb5d182c0, 0x000002ccb5d10e50, 0x000002ccb5d1ab40,
0x000002ccb5d1b050, 0x000002ccb5d187d0, 0x000002ccb5d1a630, 0x000002ccb5d1b560,
0x000002ccb5d1c490, 0x000002ccb5d1ceb0, 0x000002ccb5d1d3c0, 0x000002ccb5d1e800,
0x000002ccb5d18ce0, 0x000002ccb5d19c10, 0x000002ccb5d191f0, 0x000002ccb5d1ed10,
0x000002ccb5d1c9a0, 0x000002ccb5d1d8d0, 0x000002ccb5d1ba70, 0x000002ccb5d1f220,
0x000002ccb5d1dde0, 0x000002ccb5d1e2f0, 0x000002ccb5d19700, 0x000002ccb5d1a120,
0x000002ccb5d1bf80, 0x000002ccb4f248f0, 0x000002ccb4f20210, 0x000002ccb4f23ed0,
0x000002ccb4f20720, 0x000002ccb4f243e0, 0x000002ccb4f22a90, 0x000002ccb4f20c30,
0x000002ccb4f21b60, 0x000002ccb4f22580, 0x000002ccb4f1fd00, 0x000002ccb4f21140,
0x000002ccb4f1e8c0, 0x000002ccb590da50, 0x000002ccb590aa80, 0x000002ccb5908ff0,
0x000002ccb4f21650, 0x000002ccb4f22070, 0x000002ccb4f24e00, 0x000002ccb4f1e3b0,
0x000002ccb4f25310, 0x000002ccb4f25820, 0x000002ccb4f25d30, 0x000002ccb4f26240,
0x000002ccb4f1edd0, 0x000002ccb4f2c780, 0x000002ccb4f2c270, 0x000002ccb4f2dbc0,
0x000002ccb4f27b90, 0x000002ccb4f299f0, 0x000002ccb4f29f00, 0x000002ccb4f28ac0,
0x000002ccb4f2b850, 0x000002ccb4f2cc90, 0x000002ccb4f2d1a0, 0x000002ccb4f26c60,
0x000002ccb5909a90, 0x000002ccb590c510, 0x000002ccb4f2a410, 0x000002ccb5909540
}

Java Threads: ( => current thread )
  0x000002cc874ed000 JavaThread "main" [_thread_blocked, id=17188, stack(0x000000d352000000,0x000000d352100000)]
  0x000002cca2426010 JavaThread "Reference Handler" daemon [_thread_blocked, id=23120, stack(0x000000d352700000,0x000000d352800000)]
  0x000002cca2426e90 JavaThread "Finalizer" daemon [_thread_blocked, id=2672, stack(0x000000d352800000,0x000000d352900000)]
  0x000002cca2413610 JavaThread "Signal Dispatcher" daemon [_thread_blocked, id=28712, stack(0x000000d352900000,0x000000d352a00000)]
  0x000002cca24141d0 JavaThread "Attach Listener" daemon [_thread_blocked, id=29436, stack(0x000000d352a00000,0x000000d352b00000)]
  0x000002cca2451140 JavaThread "Service Thread" daemon [_thread_blocked, id=5380, stack(0x000000d352b00000,0x000000d352c00000)]
  0x000002cca2451b00 JavaThread "Monitor Deflation Thread" daemon [_thread_blocked, id=20564, stack(0x000000d352c00000,0x000000d352d00000)]
  0x000002cca24527f0 JavaThread "C2 CompilerThread0" daemon [_thread_in_native, id=11092, stack(0x000000d352d00000,0x000000d352e00000)]
  0x000002cca24532a0 JavaThread "C1 CompilerThread0" daemon [_thread_blocked, id=27924, stack(0x000000d352e00000,0x000000d352f00000)]
  0x000002cca2455cb0 JavaThread "Sweeper thread" daemon [_thread_blocked, id=26996, stack(0x000000d352f00000,0x000000d353000000)]
  0x000002cca255d4f0 JavaThread "Common-Cleaner" daemon [_thread_blocked, id=18700, stack(0x000000d353000000,0x000000d353100000)]
  0x000002cca261d890 JavaThread "C1 CompilerThread1" daemon [_thread_blocked, id=22572, stack(0x000000d353100000,0x000000d353200000)]
  0x000002cca25c5fd0 JavaThread "C1 CompilerThread2" daemon [_thread_blocked, id=29644, stack(0x000000d353200000,0x000000d353300000)]
  0x000002cca26db730 JavaThread "Notification Thread" daemon [_thread_blocked, id=3448, stack(0x000000d353300000,0x000000d353400000)]
=>0x000002cca26db1e0 JavaThread "C2 CompilerThread1" daemon [_thread_in_native, id=29676, stack(0x000000d353500000,0x000000d353600000)]
  0x000002cca73fc750 JavaThread "C1 CompilerThread3" daemon [_thread_blocked, id=21204, stack(0x000000d353e00000,0x000000d353f00000)]
  0x000002cca8d2e0c0 JavaThread "Daemon health stats" [_thread_blocked, id=17040, stack(0x000000d353f00000,0x000000d354000000)]
  0x000002cca98b8130 JavaThread "Incoming local TCP Connector on port 61296" [_thread_in_native, id=28332, stack(0x000000d354000000,0x000000d354100000)]
  0x000002cca9a21490 JavaThread "Daemon periodic checks" [_thread_blocked, id=28144, stack(0x000000d354100000,0x000000d354200000)]
  0x000002cca99e2040 JavaThread "Daemon" [_thread_blocked, id=11732, stack(0x000000d354200000,0x000000d354300000)]
  0x000002cca99e2520 JavaThread "Handler for socket connection from /127.0.0.1:61296 to /127.0.0.1:61297" [_thread_in_native, id=10480, stack(0x000000d354300000,0x000000d354400000)]
  0x000002cca93e0630 JavaThread "Cancel handler" [_thread_blocked, id=29168, stack(0x000000d354400000,0x000000d354500000)]
  0x000002cca8af8c00 JavaThread "Daemon worker" [_thread_blocked, id=27744, stack(0x000000d354500000,0x000000d354600000)]
  0x000002cca898c1a0 JavaThread "Asynchronous log dispatcher for DefaultDaemonConnection: socket connection from /127.0.0.1:61296 to /127.0.0.1:61297" [_thread_blocked, id=27268, stack(0x000000d354600000,0x000000d354700000)]
  0x000002cca8989e30 JavaThread "Stdin handler" [_thread_blocked, id=17172, stack(0x000000d354700000,0x000000d354800000)]
  0x000002cca89889f0 JavaThread "Daemon client event forwarder" [_thread_blocked, id=25156, stack(0x000000d354800000,0x000000d354900000)]
  0x000002cca898bc90 JavaThread "Cache worker for journal cache (C:\Users\Hashem Arenat\.gradle\caches\journal-1)" [_thread_blocked, id=19708, stack(0x000000d355500000,0x000000d355600000)]
  0x000002cca8988f00 JavaThread "File lock request listener" [_thread_in_native, id=27096, stack(0x000000d355600000,0x000000d355700000)]
  0x000002cca8989410 JavaThread "Cache worker for file hash cache (C:\Users\Hashem Arenat\.gradle\caches\8.7\fileHashes)" [_thread_blocked, id=27568, stack(0x000000d355700000,0x000000d355800000)]
  0x000002cca898a340 JavaThread "Cache worker for file hash cache (C:\Users\Hashem Arenat\AndroidStudioProjects\ECommerce\.gradle\8.7\fileHashes)" [_thread_blocked, id=22696, stack(0x000000d355800000,0x000000d355900000)]
  0x000002cca898a850 JavaThread "File watcher server" daemon [_thread_in_native, id=19328, stack(0x000000d355900000,0x000000d355a00000)]
  0x000002cca898ad60 JavaThread "File watcher consumer" daemon [_thread_blocked, id=7052, stack(0x000000d355a00000,0x000000d355b00000)]
  0x000002cca898b270 JavaThread "Cache worker for checksums cache (C:\Users\Hashem Arenat\AndroidStudioProjects\ECommerce\.gradle\8.7\checksums)" [_thread_blocked, id=29600, stack(0x000000d355b00000,0x000000d355c00000)]
  0x000002ccab785080 JavaThread "Cache worker for cache directory md-supplier (C:\Users\Hashem Arenat\.gradle\caches\8.7\md-supplier)" [_thread_blocked, id=22888, stack(0x000000d355c00000,0x000000d355d00000)]
  0x000002ccab782800 JavaThread "Cache worker for cache directory md-rule (C:\Users\Hashem Arenat\.gradle\caches\8.7\md-rule)" [_thread_blocked, id=8828, stack(0x000000d355d00000,0x000000d355e00000)]
  0x000002ccab785590 JavaThread "Cache worker for file content cache (C:\Users\Hashem Arenat\.gradle\caches\8.7\fileContent)" [_thread_blocked, id=1800, stack(0x000000d355e00000,0x000000d355f00000)]
  0x000002ccab784150 JavaThread "Cache worker for Build Output Cleanup Cache (C:\Users\Hashem Arenat\AndroidStudioProjects\ECommerce\.gradle\buildOutputCleanup)" [_thread_blocked, id=27692, stack(0x000000d355f00000,0x000000d356000000)]
  0x000002ccab785aa0 JavaThread "Unconstrained build operations" [_thread_blocked, id=10192, stack(0x000000d356000000,0x000000d356100000)]
  0x000002ccab7809a0 JavaThread "Unconstrained build operations Thread 2" [_thread_blocked, id=12244, stack(0x000000d356100000,0x000000d356200000)]
  0x000002ccab783220 JavaThread "Unconstrained build operations Thread 3" [_thread_blocked, id=11452, stack(0x000000d356200000,0x000000d356300000)]
  0x000002ccab77fa70 JavaThread "Unconstrained build operations Thread 4" [_thread_blocked, id=29076, stack(0x000000d356300000,0x000000d356400000)]
  0x000002ccab780490 JavaThread "Unconstrained build operations Thread 5" [_thread_blocked, id=26092, stack(0x000000d356400000,0x000000d356500000)]
  0x000002ccab783730 JavaThread "Unconstrained build operations Thread 6" [_thread_blocked, id=12420, stack(0x000000d356500000,0x000000d356600000)]
  0x000002ccab77e630 JavaThread "Unconstrained build operations Thread 7" [_thread_blocked, id=14912, stack(0x000000d356600000,0x000000d356700000)]
  0x000002ccab784660 JavaThread "Unconstrained build operations Thread 8" [_thread_blocked, id=13080, stack(0x000000d356700000,0x000000d356800000)]
  0x000002ccab77ff80 JavaThread "Unconstrained build operations Thread 9" [_thread_blocked, id=26920, stack(0x000000d356800000,0x000000d356900000)]
  0x000002ccab77eb40 JavaThread "Unconstrained build operations Thread 10" [_thread_blocked, id=29300, stack(0x000000d356900000,0x000000d356a00000)]
  0x000002ccab782d10 JavaThread "Unconstrained build operations Thread 11" [_thread_blocked, id=13112, stack(0x000000d356a00000,0x000000d356b00000)]
  0x000002ccab781de0 JavaThread "Unconstrained build operations Thread 12" [_thread_blocked, id=23496, stack(0x000000d356b00000,0x000000d356c00000)]
  0x000002ccab7813c0 JavaThread "Unconstrained build operations Thread 13" [_thread_blocked, id=22956, stack(0x000000d356c00000,0x000000d356d00000)]
  0x000002ccab784b70 JavaThread "Unconstrained build operations Thread 14" [_thread_blocked, id=17536, stack(0x000000d356d00000,0x000000d356e00000)]
  0x000002ccab780eb0 JavaThread "Unconstrained build operations Thread 15" [_thread_blocked, id=6344, stack(0x000000d356e00000,0x000000d356f00000)]
  0x000002ccab785fb0 JavaThread "Unconstrained build operations Thread 16" [_thread_blocked, id=29584, stack(0x000000d356f00000,0x000000d357000000)]
  0x000002ccab7818d0 JavaThread "Unconstrained build operations Thread 17" [_thread_blocked, id=19544, stack(0x000000d357000000,0x000000d357100000)]
  0x000002ccab77f050 JavaThread "Unconstrained build operations Thread 18" [_thread_blocked, id=23920, stack(0x000000d357100000,0x000000d357200000)]
  0x000002ccab7822f0 JavaThread "Unconstrained build operations Thread 19" [_thread_blocked, id=26588, stack(0x000000d357200000,0x000000d357300000)]
  0x000002ccab77f560 JavaThread "Unconstrained build operations Thread 20" [_thread_blocked, id=19116, stack(0x000000d357300000,0x000000d357400000)]
  0x000002ccac83edf0 JavaThread "Unconstrained build operations Thread 21" [_thread_blocked, id=22380, stack(0x000000d357400000,0x000000d357500000)]
  0x000002ccac83cf90 JavaThread "Unconstrained build operations Thread 22" [_thread_blocked, id=28612, stack(0x000000d357500000,0x000000d357600000)]
  0x000002ccac83e3d0 JavaThread "Unconstrained build operations Thread 23" [_thread_blocked, id=19532, stack(0x000000d357600000,0x000000d357700000)]
  0x000002ccac83f300 JavaThread "Unconstrained build operations Thread 24" [_thread_blocked, id=28212, stack(0x000000d357700000,0x000000d357800000)]
  0x000002ccac83e8e0 JavaThread "Unconstrained build operations Thread 25" [_thread_blocked, id=14476, stack(0x000000d357800000,0x000000d357900000)]
  0x000002ccac83f810 JavaThread "Unconstrained build operations Thread 26" [_thread_blocked, id=12572, stack(0x000000d357900000,0x000000d357a00000)]
  0x000002ccac83d4a0 JavaThread "Unconstrained build operations Thread 27" [_thread_blocked, id=6024, stack(0x000000d357a00000,0x000000d357b00000)]
  0x000002ccac83dec0 JavaThread "Unconstrained build operations Thread 28" [_thread_blocked, id=29680, stack(0x000000d357b00000,0x000000d357c00000)]
  0x000002ccac83d9b0 JavaThread "Unconstrained build operations Thread 29" [_thread_blocked, id=21184, stack(0x000000d357c00000,0x000000d357d00000)]
  0x000002ccac83c060 JavaThread "Unconstrained build operations Thread 30" [_thread_blocked, id=14364, stack(0x000000d357d00000,0x000000d357e00000)]
  0x000002ccac83c570 JavaThread "Unconstrained build operations Thread 31" [_thread_blocked, id=22612, stack(0x000000d357e00000,0x000000d357f00000)]
  0x000002ccac83ca80 JavaThread "Unconstrained build operations Thread 32" [_thread_blocked, id=13520, stack(0x000000d357f00000,0x000000d358000000)]
  0x000002cca98529e0 JavaThread "Unconstrained build operations Thread 33" [_thread_blocked, id=14724, stack(0x000000d358000000,0x000000d358100000)]
  0x000002cca9850160 JavaThread "Unconstrained build operations Thread 34" [_thread_blocked, id=20100, stack(0x000000d358100000,0x000000d358200000)]
  0x000002cca9850670 JavaThread "Unconstrained build operations Thread 35" [_thread_blocked, id=20592, stack(0x000000d358200000,0x000000d358300000)]
  0x000002cca9852ef0 JavaThread "Unconstrained build operations Thread 36" [_thread_blocked, id=29236, stack(0x000000d358300000,0x000000d358400000)]
  0x000002cca984fc50 JavaThread "Unconstrained build operations Thread 37" [_thread_blocked, id=25452, stack(0x000000d358400000,0x000000d358500000)]
  0x000002cca98524d0 JavaThread "Unconstrained build operations Thread 38" [_thread_blocked, id=22012, stack(0x000000d358500000,0x000000d358600000)]
  0x000002cca9855c80 JavaThread "Unconstrained build operations Thread 39" [_thread_blocked, id=28808, stack(0x000000d358600000,0x000000d358700000)]
  0x000002cca9850b80 JavaThread "Unconstrained build operations Thread 40" [_thread_blocked, id=19200, stack(0x000000d358700000,0x000000d358800000)]
  0x000002cca984ed20 JavaThread "Unconstrained build operations Thread 41" [_thread_blocked, id=24276, stack(0x000000d358800000,0x000000d358900000)]
  0x000002cca9851090 JavaThread "Unconstrained build operations Thread 42" [_thread_blocked, id=2836, stack(0x000000d358900000,0x000000d358a00000)]
  0x000002cca984f740 JavaThread "Unconstrained build operations Thread 43" [_thread_blocked, id=17144, stack(0x000000d358a00000,0x000000d358b00000)]
  0x000002cca984e810 JavaThread "Unconstrained build operations Thread 44" [_thread_blocked, id=26280, stack(0x000000d358b00000,0x000000d358c00000)]
  0x000002cca984f230 JavaThread "build event listener" [_thread_blocked, id=4916, stack(0x000000d353800000,0x000000d353900000)]
  0x000002cca9853e20 JavaThread "Memory manager" [_thread_blocked, id=24156, stack(0x000000d358c00000,0x000000d358d00000)]
  0x000002cca9854d50 JavaThread "build event listener" [_thread_blocked, id=21884, stack(0x000000d358d00000,0x000000d358e00000)]
  0x000002cca98addc0 JavaThread "pool-3-thread-1" [_thread_blocked, id=6232, stack(0x000000d359000000,0x000000d359100000)]
  0x000002cca98ace90 JavaThread "build event listener" [_thread_blocked, id=2096, stack(0x000000d359100000,0x000000d359200000)]
  0x000002cca98b1a80 JavaThread "included builds" [_thread_blocked, id=22836, stack(0x000000d359200000,0x000000d359300000)]
  0x000002cca98b0640 JavaThread "Execution worker" [_thread_blocked, id=11740, stack(0x000000d359300000,0x000000d359400000)]
  0x000002cca98ae7e0 JavaThread "Execution worker Thread 2" [_thread_blocked, id=21228, stack(0x000000d359400000,0x000000d359500000)]
  0x000002cca98b0b50 JavaThread "Execution worker Thread 3" [_thread_blocked, id=24940, stack(0x000000d359500000,0x000000d359600000)]
  0x000002cca98ac980 JavaThread "Execution worker Thread 4" [_thread_blocked, id=28992, stack(0x000000d359600000,0x000000d359700000)]
  0x000002cca98b1060 JavaThread "Execution worker Thread 5" [_thread_blocked, id=29424, stack(0x000000d359700000,0x000000d359800000)]
  0x000002cca98af200 JavaThread "Execution worker Thread 6" [_thread_blocked, id=23836, stack(0x000000d359800000,0x000000d359900000)]
  0x000002cca98ae2d0 JavaThread "Execution worker Thread 7" [_thread_blocked, id=14588, stack(0x000000d359900000,0x000000d359a00000)]
  0x000002cca98aecf0 JavaThread "Execution worker Thread 8" [_thread_blocked, id=23760, stack(0x000000d359a00000,0x000000d359b00000)]
  0x000002cca98b1570 JavaThread "Execution worker Thread 9" [_thread_blocked, id=27460, stack(0x000000d359b00000,0x000000d359c00000)]
  0x000002cca898b780 JavaThread "Execution worker Thread 10" [_thread_in_vm, id=15188, stack(0x000000d359c00000,0x000000d359d00000)]
  0x000002ccb41de8b0 JavaThread "Execution worker Thread 11" [_thread_blocked, id=24240, stack(0x000000d359d00000,0x000000d359e00000)]
  0x000002ccb41d8880 JavaThread "Execution worker Thread 12" [_thread_blocked, id=24560, stack(0x000000d359e00000,0x000000d359f00000)]
  0x000002ccb41dd980 JavaThread "Execution worker Thread 13" [_thread_blocked, id=14044, stack(0x000000d359f00000,0x000000d35a000000)]
  0x000002ccb41dabf0 JavaThread "Execution worker Thread 14" [_thread_blocked, id=24252, stack(0x000000d35a000000,0x000000d35a100000)]
  0x000002ccb41d7440 JavaThread "Execution worker Thread 15" [_thread_blocked, id=28788, stack(0x000000d35a100000,0x000000d35a200000)]
  0x000002ccb41dcf60 JavaThread "Execution worker Thread 16" [_thread_blocked, id=10692, stack(0x000000d35a200000,0x000000d35a300000)]
  0x000002ccb41dd470 JavaThread "Execution worker Thread 17" [_thread_blocked, id=9848, stack(0x000000d35a300000,0x000000d35a400000)]
  0x000002ccb41d7e60 JavaThread "Execution worker Thread 18" [_thread_blocked, id=21092, stack(0x000000d35a400000,0x000000d35a500000)]
  0x000002ccb41d8d90 JavaThread "Execution worker Thread 19" [_thread_blocked, id=4936, stack(0x000000d35a500000,0x000000d35a600000)]
  0x000002ccb41da1d0 JavaThread "Cache worker for execution history cache (C:\Users\Hashem Arenat\AndroidStudioProjects\ECommerce\.gradle\8.7\executionHistory)" [_thread_blocked, id=28636, stack(0x000000d35a600000,0x000000d35a700000)]
  0x000002ccb41d9cc0 JavaThread "Unconstrained build operations Thread 45" [_thread_blocked, id=472, stack(0x000000d35a700000,0x000000d35a800000)]
  0x000002ccb41dc030 JavaThread "Unconstrained build operations Thread 46" [_thread_blocked, id=13728, stack(0x000000d35a800000,0x000000d35a900000)]
  0x000002ccb41d8370 JavaThread "Unconstrained build operations Thread 47" [_thread_blocked, id=29660, stack(0x000000d35a900000,0x000000d35aa00000)]
  0x000002ccb41da6e0 JavaThread "Unconstrained build operations Thread 48" [_thread_blocked, id=26528, stack(0x000000d35aa00000,0x000000d35ab00000)]
  0x000002ccb41db610 JavaThread "Unconstrained build operations Thread 49" [_thread_blocked, id=28292, stack(0x000000d35ab00000,0x000000d35ac00000)]
  0x000002ccb41d97b0 JavaThread "Unconstrained build operations Thread 50" [_thread_blocked, id=23244, stack(0x000000d35ac00000,0x000000d35ad00000)]
  0x000002ccb41dbb20 JavaThread "Unconstrained build operations Thread 51" [_thread_blocked, id=17376, stack(0x000000d35ad00000,0x000000d35ae00000)]
  0x000002ccb41dde90 JavaThread "Unconstrained build operations Thread 52" [_thread_blocked, id=28284, stack(0x000000d35ae00000,0x000000d35af00000)]
  0x000002ccb41d92a0 JavaThread "Unconstrained build operations Thread 53" [_thread_blocked, id=21636, stack(0x000000d35af00000,0x000000d35b000000)]
  0x000002ccb41db100 JavaThread "Unconstrained build operations Thread 54" [_thread_blocked, id=12376, stack(0x000000d35b000000,0x000000d35b100000)]
  0x000002ccb41dc540 JavaThread "Unconstrained build operations Thread 55" [_thread_blocked, id=9968, stack(0x000000d35b100000,0x000000d35b200000)]
  0x000002ccb41dca50 JavaThread "Unconstrained build operations Thread 56" [_thread_blocked, id=11612, stack(0x000000d35b200000,0x000000d35b300000)]
  0x000002ccb41de3a0 JavaThread "Unconstrained build operations Thread 57" [_thread_blocked, id=19096, stack(0x000000d35b300000,0x000000d35b400000)]
  0x000002ccae36d970 JavaThread "Unconstrained build operations Thread 58" [_thread_blocked, id=13524, stack(0x000000d35b400000,0x000000d35b500000)]
  0x000002ccae36abe0 JavaThread "Unconstrained build operations Thread 59" [_thread_blocked, id=25544, stack(0x000000d35b500000,0x000000d35b600000)]
  0x000002ccae369cb0 JavaThread "Unconstrained build operations Thread 60" [_thread_blocked, id=29388, stack(0x000000d35b600000,0x000000d35b700000)]
  0x000002ccae3697a0 JavaThread "Unconstrained build operations Thread 61" [_thread_blocked, id=18096, stack(0x000000d35b700000,0x000000d35b800000)]
  0x000002ccae36cf50 JavaThread "Unconstrained build operations Thread 62" [_thread_blocked, id=18560, stack(0x000000d35b800000,0x000000d35b900000)]
  0x000002ccae36d460 JavaThread "Unconstrained build operations Thread 63" [_thread_blocked, id=10148, stack(0x000000d35b900000,0x000000d35ba00000)]
  0x000002ccae36e8a0 JavaThread "Unconstrained build operations Thread 64" [_thread_blocked, id=24792, stack(0x000000d35bc00000,0x000000d35bd00000)]
  0x000002ccae36bb10 JavaThread "Unconstrained build operations Thread 65" [_thread_blocked, id=15024, stack(0x000000d35bd00000,0x000000d35be00000)]
  0x000002ccae36b0f0 JavaThread "Unconstrained build operations Thread 66" [_thread_blocked, id=13504, stack(0x000000d35be00000,0x000000d35bf00000)]
  0x000002ccae36b600 JavaThread "Unconstrained build operations Thread 67" [_thread_blocked, id=25232, stack(0x000000d35bf00000,0x000000d35c000000)]
  0x000002ccae368d80 JavaThread "Unconstrained build operations Thread 68" [_thread_blocked, id=16396, stack(0x000000d35c000000,0x000000d35c100000)]
  0x000002ccae36a1c0 JavaThread "Unconstrained build operations Thread 69" [_thread_blocked, id=15160, stack(0x000000d35c100000,0x000000d35c200000)]
  0x000002ccae36a6d0 JavaThread "Unconstrained build operations Thread 70" [_thread_blocked, id=13548, stack(0x000000d35c200000,0x000000d35c300000)]
  0x000002ccae36f7d0 JavaThread "Unconstrained build operations Thread 71" [_thread_blocked, id=3316, stack(0x000000d35c300000,0x000000d35c400000)]
  0x000002ccae36de80 JavaThread "Unconstrained build operations Thread 72" [_thread_blocked, id=17336, stack(0x000000d35c400000,0x000000d35c500000)]
  0x000002ccae36e390 JavaThread "Unconstrained build operations Thread 73" [_thread_blocked, id=28052, stack(0x000000d35c500000,0x000000d35c600000)]
  0x000002ccae36edb0 JavaThread "Unconstrained build operations Thread 74" [_thread_blocked, id=29136, stack(0x000000d35c600000,0x000000d35c700000)]
  0x000002ccae368360 JavaThread "Unconstrained build operations Thread 75" [_thread_blocked, id=28932, stack(0x000000d35c700000,0x000000d35c800000)]
  0x000002ccae368870 JavaThread "Unconstrained build operations Thread 76" [_thread_blocked, id=27820, stack(0x000000d35c800000,0x000000d35c900000)]
  0x000002ccae369290 JavaThread "Unconstrained build operations Thread 77" [_thread_blocked, id=13976, stack(0x000000d35c900000,0x000000d35ca00000)]
  0x000002ccae36f2c0 JavaThread "Unconstrained build operations Thread 78" [_thread_blocked, id=20536, stack(0x000000d35ca00000,0x000000d35cb00000)]
  0x000002ccae36c020 JavaThread "Unconstrained build operations Thread 79" [_thread_blocked, id=25176, stack(0x000000d35cb00000,0x000000d35cc00000)]
  0x000002ccae36c530 JavaThread "Unconstrained build operations Thread 80" [_thread_blocked, id=26160, stack(0x000000d35cc00000,0x000000d35cd00000)]
  0x000002ccae36fce0 JavaThread "Unconstrained build operations Thread 81" [_thread_blocked, id=16444, stack(0x000000d35cd00000,0x000000d35ce00000)]
  0x000002ccae36ca40 JavaThread "Unconstrained build operations Thread 82" [_thread_blocked, id=24428, stack(0x000000d35ce00000,0x000000d35cf00000)]
  0x000002cca7d303e0 JavaThread "Unconstrained build operations Thread 83" [_thread_blocked, id=29060, stack(0x000000d35cf00000,0x000000d35d000000)]
  0x000002cca7d32240 JavaThread "Unconstrained build operations Thread 84" [_thread_blocked, id=11580, stack(0x000000d35d000000,0x000000d35d100000)]
  0x000002cca7d2ea90 JavaThread "Unconstrained build operations Thread 85" [_thread_blocked, id=20624, stack(0x000000d35d100000,0x000000d35d200000)]
  0x000002cca7d345b0 JavaThread "Unconstrained build operations Thread 86" [_thread_blocked, id=7656, stack(0x000000d35d200000,0x000000d35d300000)]
  0x000002cca7d31310 JavaThread "Unconstrained build operations Thread 87" [_thread_blocked, id=24016, stack(0x000000d35d300000,0x000000d35d400000)]
  0x000002cca7d32c60 JavaThread "Unconstrained build operations Thread 88" [_thread_blocked, id=28024, stack(0x000000d35d400000,0x000000d35d500000)]
  0x000002cca7d34ac0 JavaThread "Unconstrained build operations Thread 89" [_thread_blocked, id=5512, stack(0x000000d35d500000,0x000000d35d600000)]
  0x000002cca7d34fd0 JavaThread "Unconstrained build operations Thread 90" [_thread_blocked, id=7772, stack(0x000000d35d600000,0x000000d35d700000)]
  0x000002cca7d340a0 JavaThread "Unconstrained build operations Thread 91" [_thread_blocked, id=24660, stack(0x000000d35d700000,0x000000d35d800000)]
  0x000002cca7d2db60 JavaThread "Unconstrained build operations Thread 92" [_thread_blocked, id=17972, stack(0x000000d35d800000,0x000000d35d900000)]
  0x000002cca7d354e0 JavaThread "Unconstrained build operations Thread 93" [_thread_blocked, id=22952, stack(0x000000d35d900000,0x000000d35da00000)]
  0x000002cca7d32750 JavaThread "Unconstrained build operations Thread 94" [_thread_blocked, id=18156, stack(0x000000d35da00000,0x000000d35db00000)]
  0x000002cca7d2e070 JavaThread "Unconstrained build operations Thread 95" [_thread_blocked, id=8680, stack(0x000000d35db00000,0x000000d35dc00000)]
  0x000002cca7d2e580 JavaThread "Unconstrained build operations Thread 96" [_thread_blocked, id=16408, stack(0x000000d35dc00000,0x000000d35dd00000)]
  0x000002cca7d2efa0 JavaThread "Unconstrained build operations Thread 97" [_thread_blocked, id=24512, stack(0x000000d35dd00000,0x000000d35de00000)]
  0x000002cca7d2f4b0 JavaThread "Unconstrained build operations Thread 98" [_thread_blocked, id=28116, stack(0x000000d35de00000,0x000000d35df00000)]
  0x000002cca7d31820 JavaThread "Unconstrained build operations Thread 99" [_thread_blocked, id=29012, stack(0x000000d35df00000,0x000000d35e000000)]
  0x000002cca7d2f9c0 JavaThread "Unconstrained build operations Thread 100" [_thread_blocked, id=27088, stack(0x000000d35e000000,0x000000d35e100000)]
  0x000002cca7d308f0 JavaThread "Unconstrained build operations Thread 101" [_thread_blocked, id=22752, stack(0x000000d35e100000,0x000000d35e200000)]
  0x000002cca7d30e00 JavaThread "Unconstrained build operations Thread 102" [_thread_blocked, id=2000, stack(0x000000d35e200000,0x000000d35e300000)]
  0x000002cca7d31d30 JavaThread "Unconstrained build operations Thread 103" [_thread_blocked, id=27380, stack(0x000000d35e300000,0x000000d35e400000)]
  0x000002cca7d33680 JavaThread "Unconstrained build operations Thread 104" [_thread_blocked, id=4736, stack(0x000000d35e400000,0x000000d35e500000)]
  0x000002cca7d33b90 JavaThread "Unconstrained build operations Thread 105" [_thread_blocked, id=17932, stack(0x000000d35e500000,0x000000d35e600000)]
  0x000002ccac4e5da0 JavaThread "Unconstrained build operations Thread 106" [_thread_blocked, id=23684, stack(0x000000d35e600000,0x000000d35e700000)]
  0x000002ccac4e6cd0 JavaThread "Unconstrained build operations Thread 107" [_thread_blocked, id=26148, stack(0x000000d35e700000,0x000000d35e800000)]
  0x000002ccac4e4e70 JavaThread "Unconstrained build operations Thread 108" [_thread_blocked, id=27428, stack(0x000000d35e800000,0x000000d35e900000)]
  0x000002ccac4e62b0 JavaThread "Unconstrained build operations Thread 109" [_thread_blocked, id=20992, stack(0x000000d35e900000,0x000000d35ea00000)]
  0x000002ccac4e71e0 JavaThread "Unconstrained build operations Thread 110" [_thread_blocked, id=4776, stack(0x000000d35ea00000,0x000000d35eb00000)]
  0x000002ccac4e67c0 JavaThread "Unconstrained build operations Thread 111" [_thread_blocked, id=27036, stack(0x000000d35eb00000,0x000000d35ec00000)]
  0x000002ccac4e7c00 JavaThread "Unconstrained build operations Thread 112" [_thread_blocked, id=26388, stack(0x000000d35ec00000,0x000000d35ed00000)]
  0x000002ccac4e8110 JavaThread "Unconstrained build operations Thread 113" [_thread_blocked, id=13236, stack(0x000000d35ed00000,0x000000d35ee00000)]
  0x000002ccac4e8620 JavaThread "Unconstrained build operations Thread 114" [_thread_blocked, id=25488, stack(0x000000d35ee00000,0x000000d35ef00000)]
  0x000002ccac4e76f0 JavaThread "Unconstrained build operations Thread 115" [_thread_blocked, id=12772, stack(0x000000d35ef00000,0x000000d35f000000)]
  0x000002ccac4e5380 JavaThread "Unconstrained build operations Thread 116" [_thread_blocked, id=19224, stack(0x000000d35f000000,0x000000d35f100000)]
  0x000002ccac4e5890 JavaThread "Unconstrained build operations Thread 117" [_thread_blocked, id=5308, stack(0x000000d35f100000,0x000000d35f200000)]
  0x000002ccb332c490 JavaThread "Unconstrained build operations Thread 118" [_thread_blocked, id=28336, stack(0x000000d35f200000,0x000000d35f300000)]
  0x000002ccb332a120 JavaThread "Unconstrained build operations Thread 119" [_thread_blocked, id=17980, stack(0x000000d35f300000,0x000000d35f400000)]
  0x000002ccb33282c0 JavaThread "Unconstrained build operations Thread 120" [_thread_blocked, id=15584, stack(0x000000d35f400000,0x000000d35f500000)]
  0x000002ccb332ceb0 JavaThread "Unconstrained build operations Thread 121" [_thread_blocked, id=10332, stack(0x000000d35f500000,0x000000d35f600000)]
  0x000002ccb33287d0 JavaThread "Unconstrained build operations Thread 122" [_thread_blocked, id=26780, stack(0x000000d35f600000,0x000000d35f700000)]
  0x000002ccb332ab40 JavaThread "Unconstrained build operations Thread 123" [_thread_blocked, id=10292, stack(0x000000d35f700000,0x000000d35f800000)]
  0x000002ccb3329c10 JavaThread "Unconstrained build operations Thread 124" [_thread_blocked, id=28544, stack(0x000000d35f800000,0x000000d35f900000)]
  0x000002ccb3328ce0 JavaThread "Unconstrained build operations Thread 125" [_thread_blocked, id=25344, stack(0x000000d35f900000,0x000000d35fa00000)]
  0x000002ccb3326e80 JavaThread "Unconstrained build operations Thread 126" [_thread_blocked, id=26708, stack(0x000000d35fa00000,0x000000d35fb00000)]
  0x000002ccb3327390 JavaThread "Unconstrained build operations Thread 127" [_thread_blocked, id=26720, stack(0x000000d35fb00000,0x000000d35fc00000)]
  0x000002ccb332a630 JavaThread "Unconstrained build operations Thread 128" [_thread_blocked, id=23556, stack(0x000000d35fc00000,0x000000d35fd00000)]
  0x000002ccb3326460 JavaThread "Unconstrained build operations Thread 129" [_thread_blocked, id=1340, stack(0x000000d35fd00000,0x000000d35fe00000)]
  0x000002ccb33278a0 JavaThread "Unconstrained build operations Thread 130" [_thread_blocked, id=11140, stack(0x000000d35fe00000,0x000000d35ff00000)]
  0x000002ccb332ba70 JavaThread "Unconstrained build operations Thread 131" [_thread_blocked, id=15524, stack(0x000000d35ff00000,0x000000d360000000)]
  0x000002ccb33291f0 JavaThread "Unconstrained build operations Thread 132" [_thread_blocked, id=13320, stack(0x000000d360000000,0x000000d360100000)]
  0x000002ccb332c9a0 JavaThread "Unconstrained build operations Thread 133" [_thread_blocked, id=14632, stack(0x000000d360100000,0x000000d360200000)]
  0x000002ccb332b050 JavaThread "Unconstrained build operations Thread 134" [_thread_blocked, id=3152, stack(0x000000d360200000,0x000000d360300000)]
  0x000002ccb332b560 JavaThread "Unconstrained build operations Thread 135" [_thread_blocked, id=3928, stack(0x000000d360300000,0x000000d360400000)]
  0x000002ccb3326970 JavaThread "Unconstrained build operations Thread 136" [_thread_blocked, id=24296, stack(0x000000d360400000,0x000000d360500000)]
  0x000002ccb332bf80 JavaThread "Unconstrained build operations Thread 137" [_thread_blocked, id=1756, stack(0x000000d360500000,0x000000d360600000)]
  0x000002ccb332d3c0 JavaThread "Unconstrained build operations Thread 138" [_thread_blocked, id=28936, stack(0x000000d360600000,0x000000d360700000)]
  0x000002ccb3329700 JavaThread "Unconstrained build operations Thread 139" [_thread_blocked, id=28680, stack(0x000000d360700000,0x000000d360800000)]
  0x000002ccb3325f50 JavaThread "Unconstrained build operations Thread 140" [_thread_blocked, id=28620, stack(0x000000d360800000,0x000000d360900000)]
  0x000002ccb332d8d0 JavaThread "Unconstrained build operations Thread 141" [_thread_blocked, id=3116, stack(0x000000d360900000,0x000000d360a00000)]
  0x000002ccb3327db0 JavaThread "Unconstrained build operations Thread 142" [_thread_blocked, id=10612, stack(0x000000d360a00000,0x000000d360b00000)]
  0x000002cca9853910 JavaThread "Unconstrained build operations Thread 143" [_thread_blocked, id=20168, stack(0x000000d360b00000,0x000000d360c00000)]
  0x000002cca98ac470 JavaThread "Unconstrained build operations Thread 144" [_thread_blocked, id=23332, stack(0x000000d360c00000,0x000000d360d00000)]
  0x000002ccb5d11d80 JavaThread "Unconstrained build operations Thread 145" [_thread_blocked, id=27344, stack(0x000000d360d00000,0x000000d360e00000)]
  0x000002ccb5d15530 JavaThread "Unconstrained build operations Thread 146" [_thread_blocked, id=27708, stack(0x000000d360e00000,0x000000d360f00000)]
  0x000002ccb5d12290 JavaThread "Unconstrained build operations Thread 147" [_thread_blocked, id=18664, stack(0x000000d360f00000,0x000000d361000000)]
  0x000002ccb5d15a40 JavaThread "Unconstrained build operations Thread 148" [_thread_blocked, id=4424, stack(0x000000d361000000,0x000000d361100000)]
  0x000002ccb5d127a0 JavaThread "Unconstrained build operations Thread 149" [_thread_blocked, id=16436, stack(0x000000d361100000,0x000000d361200000)]
  0x000002ccb5d11360 JavaThread "Unconstrained build operations Thread 150" [_thread_blocked, id=29552, stack(0x000000d361200000,0x000000d361300000)]
  0x000002ccb5d15f50 JavaThread "Unconstrained build operations Thread 151" [_thread_blocked, id=20064, stack(0x000000d361300000,0x000000d361400000)]
  0x000002ccb5d16460 JavaThread "Unconstrained build operations Thread 152" [_thread_blocked, id=29484, stack(0x000000d361400000,0x000000d361500000)]
  0x000002ccb5d12cb0 JavaThread "Unconstrained build operations Thread 153" [_thread_blocked, id=1652, stack(0x000000d361500000,0x000000d361600000)]
  0x000002ccb5d15020 JavaThread "Unconstrained build operations Thread 154" [_thread_blocked, id=28368, stack(0x000000d361600000,0x000000d361700000)]
  0x000002ccb5d136d0 JavaThread "Unconstrained build operations Thread 155" [_thread_blocked, id=25720, stack(0x000000d361700000,0x000000d361800000)]
  0x000002ccb5d131c0 JavaThread "Unconstrained build operations Thread 156" [_thread_blocked, id=22660, stack(0x000000d361800000,0x000000d361900000)]
  0x000002ccb5d16970 JavaThread "Unconstrained build operations Thread 157" [_thread_blocked, id=13168, stack(0x000000d361900000,0x000000d361a00000)]
  0x000002ccb5d13be0 JavaThread "Unconstrained build operations Thread 158" [_thread_blocked, id=18516, stack(0x000000d361a00000,0x000000d361b00000)]
  0x000002ccb5d0ff20 JavaThread "Unconstrained build operations Thread 159" [_thread_blocked, id=10708, stack(0x000000d361b00000,0x000000d361c00000)]
  0x000002ccb5d16e80 JavaThread "Unconstrained build operations Thread 160" [_thread_blocked, id=28956, stack(0x000000d361e00000,0x000000d361f00000)]
  0x000002ccb5d140f0 JavaThread "Unconstrained build operations Thread 161" [_thread_blocked, id=29636, stack(0x000000d361f00000,0x000000d362000000)]
  0x000002ccb5d10940 JavaThread "Unconstrained build operations Thread 162" [_thread_blocked, id=16176, stack(0x000000d362000000,0x000000d362100000)]
  0x000002ccb5d14600 JavaThread "Unconstrained build operations Thread 163" [_thread_blocked, id=18768, stack(0x000000d362100000,0x000000d362200000)]
  0x000002ccb5d0fa10 JavaThread "Unconstrained build operations Thread 164" [_thread_blocked, id=18252, stack(0x000000d362200000,0x000000d362300000)]
  0x000002ccb5d14b10 JavaThread "Unconstrained build operations Thread 165" [_thread_blocked, id=23092, stack(0x000000d362300000,0x000000d362400000)]
  0x000002ccb5d178a0 JavaThread "Unconstrained build operations Thread 166" [_thread_blocked, id=1684, stack(0x000000d362400000,0x000000d362500000)]
  0x000002ccb5d17390 JavaThread "Unconstrained build operations Thread 167" [_thread_blocked, id=14680, stack(0x000000d362500000,0x000000d362600000)]
  0x000002ccb5d11870 JavaThread "Unconstrained build operations Thread 168" [_thread_blocked, id=18708, stack(0x000000d362600000,0x000000d362700000)]
  0x000002ccb5d10430 JavaThread "Unconstrained build operations Thread 169" [_thread_blocked, id=12532, stack(0x000000d362700000,0x000000d362800000)]
  0x000002ccb5d17db0 JavaThread "Unconstrained build operations Thread 170" [_thread_blocked, id=12580, stack(0x000000d362800000,0x000000d362900000)]
  0x000002ccb5d182c0 JavaThread "Unconstrained build operations Thread 171" [_thread_blocked, id=15120, stack(0x000000d362900000,0x000000d362a00000)]
  0x000002ccb5d10e50 JavaThread "Unconstrained build operations Thread 172" [_thread_blocked, id=29232, stack(0x000000d362a00000,0x000000d362b00000)]
  0x000002ccb5d1ab40 JavaThread "Unconstrained build operations Thread 173" [_thread_blocked, id=16248, stack(0x000000d362b00000,0x000000d362c00000)]
  0x000002ccb5d1b050 JavaThread "Unconstrained build operations Thread 174" [_thread_blocked, id=5800, stack(0x000000d362c00000,0x000000d362d00000)]
  0x000002ccb5d187d0 JavaThread "Unconstrained build operations Thread 175" [_thread_blocked, id=22672, stack(0x000000d362d00000,0x000000d362e00000)]
  0x000002ccb5d1a630 JavaThread "Unconstrained build operations Thread 176" [_thread_blocked, id=4780, stack(0x000000d362e00000,0x000000d362f00000)]
  0x000002ccb5d1b560 JavaThread "Unconstrained build operations Thread 177" [_thread_blocked, id=15700, stack(0x000000d362f00000,0x000000d363000000)]
  0x000002ccb5d1c490 JavaThread "Unconstrained build operations Thread 178" [_thread_blocked, id=4152, stack(0x000000d363000000,0x000000d363100000)]
  0x000002ccb5d1ceb0 JavaThread "Unconstrained build operations Thread 179" [_thread_blocked, id=29188, stack(0x000000d363100000,0x000000d363200000)]
  0x000002ccb5d1d3c0 JavaThread "Unconstrained build operations Thread 180" [_thread_blocked, id=28468, stack(0x000000d363200000,0x000000d363300000)]
  0x000002ccb5d1e800 JavaThread "Unconstrained build operations Thread 181" [_thread_blocked, id=29196, stack(0x000000d363300000,0x000000d363400000)]
  0x000002ccb5d18ce0 JavaThread "Unconstrained build operations Thread 182" [_thread_blocked, id=15988, stack(0x000000d363400000,0x000000d363500000)]
  0x000002ccb5d19c10 JavaThread "Unconstrained build operations Thread 183" [_thread_blocked, id=332, stack(0x000000d363500000,0x000000d363600000)]
  0x000002ccb5d191f0 JavaThread "Unconstrained build operations Thread 184" [_thread_blocked, id=29324, stack(0x000000d363600000,0x000000d363700000)]
  0x000002ccb5d1ed10 JavaThread "Unconstrained build operations Thread 185" [_thread_blocked, id=29140, stack(0x000000d363700000,0x000000d363800000)]
  0x000002ccb5d1c9a0 JavaThread "Unconstrained build operations Thread 186" [_thread_blocked, id=26988, stack(0x000000d363800000,0x000000d363900000)]
  0x000002ccb5d1d8d0 JavaThread "Unconstrained build operations Thread 187" [_thread_blocked, id=19360, stack(0x000000d363900000,0x000000d363a00000)]
  0x000002ccb5d1ba70 JavaThread "Unconstrained build operations Thread 188" [_thread_blocked, id=29052, stack(0x000000d363a00000,0x000000d363b00000)]
  0x000002ccb5d1f220 JavaThread "Unconstrained build operations Thread 189" [_thread_blocked, id=18732, stack(0x000000d363b00000,0x000000d363c00000)]
  0x000002ccb5d1dde0 JavaThread "Unconstrained build operations Thread 190" [_thread_blocked, id=25752, stack(0x000000d363c00000,0x000000d363d00000)]
  0x000002ccb5d1e2f0 JavaThread "Unconstrained build operations Thread 191" [_thread_blocked, id=16052, stack(0x000000d363d00000,0x000000d363e00000)]
  0x000002ccb5d19700 JavaThread "Unconstrained build operations Thread 192" [_thread_blocked, id=29440, stack(0x000000d363e00000,0x000000d363f00000)]
  0x000002ccb5d1a120 JavaThread "Unconstrained build operations Thread 193" [_thread_blocked, id=20944, stack(0x000000d363f00000,0x000000d364000000)]
  0x000002ccb5d1bf80 JavaThread "Unconstrained build operations Thread 194" [_thread_blocked, id=25936, stack(0x000000d364000000,0x000000d364100000)]
  0x000002ccb4f248f0 JavaThread "Unconstrained build operations Thread 195" [_thread_blocked, id=29464, stack(0x000000d364100000,0x000000d364200000)]
  0x000002ccb4f20210 JavaThread "Unconstrained build operations Thread 196" [_thread_blocked, id=28064, stack(0x000000d364200000,0x000000d364300000)]
  0x000002ccb4f23ed0 JavaThread "Unconstrained build operations Thread 197" [_thread_blocked, id=820, stack(0x000000d364300000,0x000000d364400000)]
  0x000002ccb4f20720 JavaThread "Unconstrained build operations Thread 198" [_thread_blocked, id=18808, stack(0x000000d364400000,0x000000d364500000)]
  0x000002ccb4f243e0 JavaThread "Unconstrained build operations Thread 199" [_thread_blocked, id=29420, stack(0x000000d364500000,0x000000d364600000)]
  0x000002ccb4f22a90 JavaThread "Unconstrained build operations Thread 200" [_thread_blocked, id=6872, stack(0x000000d364600000,0x000000d364700000)]
  0x000002ccb4f20c30 JavaThread "WorkerExecutor Queue" [_thread_blocked, id=10376, stack(0x000000d364700000,0x000000d364800000)]
  0x000002ccb4f21b60 JavaThread "RMI Scheduler(0)" daemon [_thread_blocked, id=23196, stack(0x000000d364800000,0x000000d364900000)]
  0x000002ccb4f22580 JavaThread "RMI GC Daemon" daemon [_thread_blocked, id=12844, stack(0x000000d364a00000,0x000000d364b00000)]
  0x000002ccb4f1fd00 JavaThread "RMI TCP Accept-0" daemon [_thread_in_native, id=15072, stack(0x000000d364b00000,0x000000d364c00000)]
  0x000002ccb4f21140 JavaThread "RMI Reaper" [_thread_blocked, id=8288, stack(0x000000d364c00000,0x000000d364d00000)]
  0x000002ccb4f1e8c0 JavaThread "RMI TCP Connection(1)-127.0.0.1" daemon [_thread_in_native, id=17372, stack(0x000000d364d00000,0x000000d364e00000)]
  0x000002ccb590da50 JavaThread "C2 CompilerThread2" daemon [_thread_in_native, id=26100, stack(0x000000d353600000,0x000000d353700000)]
  0x000002ccb590aa80 JavaThread "C2 CompilerThread3" daemon [_thread_in_native, id=25788, stack(0x000000d353700000,0x000000d353800000)]
  0x000002ccb5908ff0 JavaThread "C2 CompilerThread4" daemon [_thread_in_native, id=21532, stack(0x000000d358e00000,0x000000d358f00000)]
  0x000002ccb4f21650 JavaThread "Cache worker for Java compile cache (C:\Users\Hashem Arenat\.gradle\caches\8.7\javaCompile)" [_thread_blocked, id=3716, stack(0x000000d358f00000,0x000000d359000000)]
  0x000002ccb4f22070 JavaThread "Build operations" [_thread_blocked, id=8300, stack(0x000000d35ba00000,0x000000d35bb00000)]
  0x000002ccb4f24e00 JavaThread "Build operations Thread 2" [_thread_blocked, id=11968, stack(0x000000d35bb00000,0x000000d35bc00000)]
  0x000002ccb4f1e3b0 JavaThread "Build operations Thread 3" [_thread_blocked, id=24048, stack(0x000000d364e00000,0x000000d364f00000)]
  0x000002ccb4f25310 JavaThread "Build operations Thread 4" [_thread_blocked, id=29360, stack(0x000000d364f00000,0x000000d365000000)]
  0x000002ccb4f25820 JavaThread "Build operations Thread 5" [_thread_blocked, id=20848, stack(0x000000d365000000,0x000000d365100000)]
  0x000002ccb4f25d30 JavaThread "Build operations Thread 6" [_thread_blocked, id=24992, stack(0x000000d365100000,0x000000d365200000)]
  0x000002ccb4f26240 JavaThread "Build operations Thread 7" [_thread_blocked, id=23944, stack(0x000000d365200000,0x000000d365300000)]
  0x000002ccb4f1edd0 JavaThread "Build operations Thread 8" [_thread_blocked, id=28588, stack(0x000000d365300000,0x000000d365400000)]
  0x000002ccb4f2c780 JavaThread "Build operations Thread 9" [_thread_blocked, id=24348, stack(0x000000d365400000,0x000000d365500000)]
  0x000002ccb4f2c270 JavaThread "Build operations Thread 10" [_thread_blocked, id=9264, stack(0x000000d365500000,0x000000d365600000)]
  0x000002ccb4f2dbc0 JavaThread "Build operations Thread 11" [_thread_blocked, id=11376, stack(0x000000d365600000,0x000000d365700000)]
  0x000002ccb4f27b90 JavaThread "Build operations Thread 12" [_thread_blocked, id=8308, stack(0x000000d365700000,0x000000d365800000)]
  0x000002ccb4f299f0 JavaThread "Build operations Thread 13" [_thread_blocked, id=29288, stack(0x000000d365800000,0x000000d365900000)]
  0x000002ccb4f29f00 JavaThread "Build operations Thread 14" [_thread_blocked, id=29612, stack(0x000000d365900000,0x000000d365a00000)]
  0x000002ccb4f28ac0 JavaThread "Build operations Thread 15" [_thread_blocked, id=26916, stack(0x000000d365a00000,0x000000d365b00000)]
  0x000002ccb4f2b850 JavaThread "Build operations Thread 16" [_thread_blocked, id=21300, stack(0x000000d365b00000,0x000000d365c00000)]
  0x000002ccb4f2cc90 JavaThread "Build operations Thread 17" [_thread_blocked, id=29008, stack(0x000000d365c00000,0x000000d365d00000)]
  0x000002ccb4f2d1a0 JavaThread "Build operations Thread 18" [_thread_blocked, id=8752, stack(0x000000d365d00000,0x000000d365e00000)]
  0x000002ccb4f26c60 JavaThread "Build operations Thread 19" [_thread_blocked, id=17452, stack(0x000000d365e00000,0x000000d365f00000)]
  0x000002ccb5909a90 JavaThread "C2 CompilerThread5" daemon [_thread_in_native, id=15924, stack(0x000000d365f00000,0x000000d366000000)]
  0x000002ccb590c510 JavaThread "C2 CompilerThread6" daemon [_thread_in_native, id=8956, stack(0x000000d366000000,0x000000d366100000)]
  0x000002ccb4f2a410 JavaThread "Build operations Thread 20" [_thread_blocked, id=6692, stack(0x000000d364900000,0x000000d364a00000)]
  0x000002ccb5909540 JavaThread "C2 CompilerThread7" daemon [_thread_in_native, id=17124, stack(0x000000d366100000,0x000000d366200000)]

Other Threads:
  0x000002cca22161e0 VMThread "VM Thread" [stack: 0x000000d352600000,0x000000d352700000] [id=12024]
  0x000002cc874ede80 WatcherThread [stack: 0x000000d353400000,0x000000d353500000] [id=24588]
  0x000002cc8754b050 GCTaskThread "GC Thread#0" [stack: 0x000000d352100000,0x000000d352200000] [id=1384]
  0x000002cca8d512d0 GCTaskThread "GC Thread#1" [stack: 0x000000d353900000,0x000000d353a00000] [id=12996]
  0x000002cca8d50630 GCTaskThread "GC Thread#2" [stack: 0x000000d353a00000,0x000000d353b00000] [id=28068]
  0x000002cca8744ff0 GCTaskThread "GC Thread#3" [stack: 0x000000d353b00000,0x000000d353c00000] [id=15696]
  0x000002cca87452b0 GCTaskThread "GC Thread#4" [stack: 0x000000d353c00000,0x000000d353d00000] [id=17328]
  0x000002cca8745570 GCTaskThread "GC Thread#5" [stack: 0x000000d353d00000,0x000000d353e00000] [id=12708]
  0x000002cca971b510 GCTaskThread "GC Thread#6" [stack: 0x000000d354900000,0x000000d354a00000] [id=27236]
  0x000002cca971acd0 GCTaskThread "GC Thread#7" [stack: 0x000000d354a00000,0x000000d354b00000] [id=18176]
  0x000002cca971af90 GCTaskThread "GC Thread#8" [stack: 0x000000d354b00000,0x000000d354c00000] [id=27412]
  0x000002cca971c850 GCTaskThread "GC Thread#9" [stack: 0x000000d354c00000,0x000000d354d00000] [id=25052]
  0x000002cca971c590 GCTaskThread "GC Thread#10" [stack: 0x000000d354d00000,0x000000d354e00000] [id=20960]
  0x000002cca971b250 GCTaskThread "GC Thread#11" [stack: 0x000000d354e00000,0x000000d354f00000] [id=16016]
  0x000002cca971c010 GCTaskThread "GC Thread#12" [stack: 0x000000d354f00000,0x000000d355000000] [id=17500]
  0x000002cca971b7d0 GCTaskThread "GC Thread#13" [stack: 0x000000d355000000,0x000000d355100000] [id=29316]
  0x000002cca971ba90 GCTaskThread "GC Thread#14" [stack: 0x000000d355100000,0x000000d355200000] [id=23324]
  0x000002cc8755bfa0 ConcurrentGCThread "G1 Main Marker" [stack: 0x000000d352200000,0x000000d352300000] [id=15096]
  0x000002cc8755c9c0 ConcurrentGCThread "G1 Conc#0" [stack: 0x000000d352300000,0x000000d352400000] [id=12632]
  0x000002cca971bd50 ConcurrentGCThread "G1 Conc#1" [stack: 0x000000d355200000,0x000000d355300000] [id=24076]
  0x000002cca971c2d0 ConcurrentGCThread "G1 Conc#2" [stack: 0x000000d355300000,0x000000d355400000] [id=20408]
  0x000002cca98cc6f0 ConcurrentGCThread "G1 Conc#3" [stack: 0x000000d355400000,0x000000d355500000] [id=13332]
  0x000002cca2148a40 ConcurrentGCThread "G1 Refine#0" [stack: 0x000000d352400000,0x000000d352500000] [id=20744]
  0x000002ccab9b1d80 ConcurrentGCThread "G1 Refine#1" [stack: 0x000000d366200000,0x000000d366300000] [id=13528]
  0x000002cca2149470 ConcurrentGCThread "G1 Service" [stack: 0x000000d352500000,0x000000d352600000] [id=28876]

Threads with active compile tasks:
C2 CompilerThread0    15483 19707       4       java.lang.String::split (327 bytes)
C2 CompilerThread1    15483 19402       4       dagger.internal.codegen.binding.InjectionSiteFactory$InjectionSiteVisitor::visit (38 bytes)
C2 CompilerThread2    15483 19251       4       com.sun.tools.javac.code.ClassFinder::includeClassFile (307 bytes)
C2 CompilerThread3    15483 19097       4       dagger.spi.internal.shaded.androidx.room.compiler.processing.javac.JavacElement::getAllAnnotations (245 bytes)
C2 CompilerThread4    15483 19422       4       dagger.internal.codegen.binding.InjectionSiteFactory$InjectionSiteVisitor::visitMethod (137 bytes)
C2 CompilerThread5    15483 19375       4       com.sun.tools.javac.code.Symtab::enterClass (124 bytes)
C2 CompilerThread6    15484 19842       4       java.util.HashMap::keySet (25 bytes)
C2 CompilerThread7    15484 19497       4       com.google.common.collect.LinkedHashMultimap::put (7 bytes)

VM state: not at safepoint (normal execution)

VM Mutex/Monitor currently owned by a thread: None

Heap address: 0x0000000080000000, size: 2048 MB, Compressed Oops mode: 32-bit

CDS archive(s) not mapped
Compressed class space mapped at: 0x0000000100000000-0x0000000140000000, reserved size: 1073741824
Narrow klass base: 0x0000000000000000, Narrow klass shift: 3, Narrow klass range: 0x140000000

GC Precious Log:
 CPUs: 20 total, 20 available
 Memory: 16004M
 Large Page Support: Disabled
 NUMA Support: Disabled
 Compressed Oops: Enabled (32-bit)
 Heap Region Size: 1M
 Heap Min Capacity: 8M
 Heap Initial Capacity: 252M
 Heap Max Capacity: 2G
 Pre-touch: Disabled
 Parallel Workers: 15
 Concurrent Workers: 4
 Concurrent Refinement Workers: 15
 Periodic GC: Disabled

Heap:
 garbage-first heap   total 406528K, used 254881K [0x0000000080000000, 0x0000000100000000)
  region size 1024K, 74 young (75776K), 21 survivors (21504K)
 Metaspace       used 139973K, committed 141056K, reserved 1179648K
  class space    used 18721K, committed 19200K, reserved 1048576K

Heap Regions: E=young(eden), S=young(survivor), O=old, HS=humongous(starts), HC=humongous(continues), CS=collection set, F=free, OA=open archive, CA=closed archive, TAMS=top-at-mark-start (previous, next)
|   0|0x0000000080000000, 0x0000000080100000, 0x0000000080100000|100%|HS|  |TAMS 0x0000000080100000, 0x0000000080000000| Complete 
|   1|0x0000000080100000, 0x0000000080200000, 0x0000000080200000|100%|HC|  |TAMS 0x0000000080200000, 0x0000000080100000| Complete 
|   2|0x0000000080200000, 0x0000000080300000, 0x0000000080300000|100%|HC|  |TAMS 0x0000000080300000, 0x0000000080200000| Complete 
|   3|0x0000000080300000, 0x0000000080400000, 0x0000000080400000|100%|HC|  |TAMS 0x0000000080400000, 0x0000000080300000| Complete 
|   4|0x0000000080400000, 0x0000000080500000, 0x0000000080500000|100%| O|  |TAMS 0x0000000080500000, 0x0000000080400000| Untracked 
|   5|0x0000000080500000, 0x0000000080600000, 0x0000000080600000|100%| O|  |TAMS 0x0000000080600000, 0x0000000080500000| Untracked 
|   6|0x0000000080600000, 0x0000000080700000, 0x0000000080700000|100%| O|  |TAMS 0x0000000080700000, 0x0000000080600000| Untracked 
|   7|0x0000000080700000, 0x0000000080800000, 0x0000000080800000|100%| O|  |TAMS 0x0000000080800000, 0x0000000080700000| Untracked 
|   8|0x0000000080800000, 0x0000000080900000, 0x0000000080900000|100%| O|  |TAMS 0x0000000080900000, 0x0000000080800000| Untracked 
|   9|0x0000000080900000, 0x0000000080a00000, 0x0000000080a00000|100%| O|  |TAMS 0x0000000080a00000, 0x0000000080900000| Untracked 
|  10|0x0000000080a00000, 0x0000000080b00000, 0x0000000080b00000|100%| O|  |TAMS 0x0000000080b00000, 0x0000000080a00000| Untracked 
|  11|0x0000000080b00000, 0x0000000080c00000, 0x0000000080c00000|100%| O|  |TAMS 0x0000000080c00000, 0x0000000080b00000| Untracked 
|  12|0x0000000080c00000, 0x0000000080d00000, 0x0000000080d00000|100%| O|  |TAMS 0x0000000080d00000, 0x0000000080c00000| Untracked 
|  13|0x0000000080d00000, 0x0000000080e00000, 0x0000000080e00000|100%| O|  |TAMS 0x0000000080e00000, 0x0000000080d00000| Untracked 
|  14|0x0000000080e00000, 0x0000000080f00000, 0x0000000080f00000|100%| O|  |TAMS 0x0000000080f00000, 0x0000000080e00000| Untracked 
|  15|0x0000000080f00000, 0x0000000081000000, 0x0000000081000000|100%| O|  |TAMS 0x0000000081000000, 0x0000000080f00000| Untracked 
|  16|0x0000000081000000, 0x0000000081100000, 0x0000000081100000|100%| O|  |TAMS 0x0000000081100000, 0x0000000081000000| Untracked 
|  17|0x0000000081100000, 0x0000000081200000, 0x0000000081200000|100%| O|  |TAMS 0x0000000081200000, 0x0000000081100000| Untracked 
|  18|0x0000000081200000, 0x0000000081300000, 0x0000000081300000|100%| O|  |TAMS 0x0000000081300000, 0x0000000081200000| Untracked 
|  19|0x0000000081300000, 0x0000000081400000, 0x0000000081400000|100%| O|  |TAMS 0x0000000081400000, 0x0000000081300000| Untracked 
|  20|0x0000000081400000, 0x0000000081500000, 0x0000000081500000|100%| O|  |TAMS 0x0000000081500000, 0x0000000081400000| Untracked 
|  21|0x0000000081500000, 0x0000000081600000, 0x0000000081600000|100%| O|  |TAMS 0x0000000081600000, 0x0000000081500000| Untracked 
|  22|0x0000000081600000, 0x0000000081700000, 0x0000000081700000|100%| O|  |TAMS 0x0000000081700000, 0x0000000081600000| Untracked 
|  23|0x0000000081700000, 0x0000000081800000, 0x0000000081800000|100%| O|  |TAMS 0x0000000081800000, 0x0000000081700000| Untracked 
|  24|0x0000000081800000, 0x0000000081900000, 0x0000000081900000|100%| O|  |TAMS 0x0000000081900000, 0x0000000081800000| Untracked 
|  25|0x0000000081900000, 0x0000000081a00000, 0x0000000081a00000|100%| O|  |TAMS 0x0000000081a00000, 0x0000000081900000| Untracked 
|  26|0x0000000081a00000, 0x0000000081b00000, 0x0000000081b00000|100%| O|  |TAMS 0x0000000081b00000, 0x0000000081a00000| Untracked 
|  27|0x0000000081b00000, 0x0000000081c00000, 0x0000000081c00000|100%| O|  |TAMS 0x0000000081c00000, 0x0000000081b00000| Untracked 
|  28|0x0000000081c00000, 0x0000000081d00000, 0x0000000081d00000|100%| O|  |TAMS 0x0000000081d00000, 0x0000000081c00000| Untracked 
|  29|0x0000000081d00000, 0x0000000081e00000, 0x0000000081e00000|100%| O|  |TAMS 0x0000000081e00000, 0x0000000081d00000| Untracked 
|  30|0x0000000081e00000, 0x0000000081f00000, 0x0000000081f00000|100%| O|  |TAMS 0x0000000081f00000, 0x0000000081e00000| Untracked 
|  31|0x0000000081f00000, 0x0000000082000000, 0x0000000082000000|100%| O|  |TAMS 0x0000000082000000, 0x0000000081f00000| Untracked 
|  32|0x0000000082000000, 0x0000000082100000, 0x0000000082100000|100%| O|  |TAMS 0x0000000082100000, 0x0000000082000000| Untracked 
|  33|0x0000000082100000, 0x0000000082200000, 0x0000000082200000|100%| O|  |TAMS 0x0000000082200000, 0x0000000082100000| Untracked 
|  34|0x0000000082200000, 0x0000000082300000, 0x0000000082300000|100%| O|  |TAMS 0x0000000082300000, 0x0000000082200000| Untracked 
|  35|0x0000000082300000, 0x0000000082400000, 0x0000000082400000|100%| O|  |TAMS 0x0000000082400000, 0x0000000082300000| Untracked 
|  36|0x0000000082400000, 0x0000000082500000, 0x0000000082500000|100%| O|  |TAMS 0x0000000082500000, 0x0000000082400000| Untracked 
|  37|0x0000000082500000, 0x0000000082600000, 0x0000000082600000|100%| O|  |TAMS 0x0000000082600000, 0x0000000082500000| Untracked 
|  38|0x0000000082600000, 0x0000000082700000, 0x0000000082700000|100%| O|  |TAMS 0x0000000082700000, 0x0000000082600000| Untracked 
|  39|0x0000000082700000, 0x0000000082800000, 0x0000000082800000|100%|HS|  |TAMS 0x0000000082800000, 0x0000000082700000| Complete 
|  40|0x0000000082800000, 0x0000000082900000, 0x0000000082900000|100%|HS|  |TAMS 0x0000000082900000, 0x0000000082800000| Complete 
|  41|0x0000000082900000, 0x0000000082a00000, 0x0000000082a00000|100%|HS|  |TAMS 0x0000000082a00000, 0x0000000082900000| Complete 
|  42|0x0000000082a00000, 0x0000000082b00000, 0x0000000082b00000|100%|HC|  |TAMS 0x0000000082b00000, 0x0000000082a00000| Complete 
|  43|0x0000000082b00000, 0x0000000082c00000, 0x0000000082c00000|100%|HS|  |TAMS 0x0000000082c00000, 0x0000000082b00000| Complete 
|  44|0x0000000082c00000, 0x0000000082d00000, 0x0000000082d00000|100%|HC|  |TAMS 0x0000000082d00000, 0x0000000082c00000| Complete 
|  45|0x0000000082d00000, 0x0000000082e00000, 0x0000000082e00000|100%| O|  |TAMS 0x0000000082e00000, 0x0000000082d00000| Untracked 
|  46|0x0000000082e00000, 0x0000000082f00000, 0x0000000082f00000|100%|HS|  |TAMS 0x0000000082f00000, 0x0000000082e00000| Complete 
|  47|0x0000000082f00000, 0x0000000083000000, 0x0000000083000000|100%|HS|  |TAMS 0x0000000083000000, 0x0000000082f00000| Complete 
|  48|0x0000000083000000, 0x0000000083100000, 0x0000000083100000|100%|HC|  |TAMS 0x0000000083100000, 0x0000000083000000| Complete 
|  49|0x0000000083100000, 0x0000000083200000, 0x0000000083200000|100%|HC|  |TAMS 0x0000000083200000, 0x0000000083100000| Complete 
|  50|0x0000000083200000, 0x0000000083300000, 0x0000000083300000|100%|HC|  |TAMS 0x0000000083300000, 0x0000000083200000| Complete 
|  51|0x0000000083300000, 0x0000000083400000, 0x0000000083400000|100%|HS|  |TAMS 0x0000000083400000, 0x0000000083300000| Complete 
|  52|0x0000000083400000, 0x0000000083500000, 0x0000000083500000|100%|HS|  |TAMS 0x0000000083500000, 0x0000000083400000| Complete 
|  53|0x0000000083500000, 0x0000000083600000, 0x0000000083600000|100%|HS|  |TAMS 0x0000000083600000, 0x0000000083500000| Complete 
|  54|0x0000000083600000, 0x0000000083700000, 0x0000000083700000|100%| O|  |TAMS 0x0000000083600000, 0x0000000083600000| Untracked 
|  55|0x0000000083700000, 0x0000000083800000, 0x0000000083800000|100%| O|  |TAMS 0x0000000083800000, 0x0000000083700000| Untracked 
|  56|0x0000000083800000, 0x0000000083900000, 0x0000000083900000|100%| O|  |TAMS 0x0000000083900000, 0x0000000083800000| Untracked 
|  57|0x0000000083900000, 0x0000000083a00000, 0x0000000083a00000|100%| O|  |TAMS 0x0000000083a00000, 0x0000000083900000| Untracked 
|  58|0x0000000083a00000, 0x0000000083b00000, 0x0000000083b00000|100%| O|  |TAMS 0x0000000083a00000, 0x0000000083a00000| Untracked 
|  59|0x0000000083b00000, 0x0000000083c00000, 0x0000000083c00000|100%| O|  |TAMS 0x0000000083b00000, 0x0000000083b00000| Untracked 
|  60|0x0000000083c00000, 0x0000000083d00000, 0x0000000083d00000|100%| O|  |TAMS 0x0000000083d00000, 0x0000000083c00000| Untracked 
|  61|0x0000000083d00000, 0x0000000083e00000, 0x0000000083e00000|100%| O|  |TAMS 0x0000000083e00000, 0x0000000083d00000| Untracked 
|  62|0x0000000083e00000, 0x0000000083f00000, 0x0000000083f00000|100%| O|  |TAMS 0x0000000083f00000, 0x0000000083e00000| Untracked 
|  63|0x0000000083f00000, 0x0000000084000000, 0x0000000084000000|100%| O|  |TAMS 0x0000000084000000, 0x0000000083f00000| Untracked 
|  64|0x0000000084000000, 0x0000000084100000, 0x0000000084100000|100%| O|  |TAMS 0x0000000084100000, 0x0000000084000000| Untracked 
|  65|0x0000000084100000, 0x0000000084200000, 0x0000000084200000|100%| O|  |TAMS 0x0000000084200000, 0x0000000084100000| Untracked 
|  66|0x0000000084200000, 0x0000000084300000, 0x0000000084300000|100%| O|  |TAMS 0x0000000084300000, 0x0000000084200000| Untracked 
|  67|0x0000000084300000, 0x0000000084400000, 0x0000000084400000|100%|HS|  |TAMS 0x0000000084400000, 0x0000000084300000| Complete 
|  68|0x0000000084400000, 0x0000000084500000, 0x0000000084500000|100%| O|  |TAMS 0x0000000084400000, 0x0000000084400000| Untracked 
|  69|0x0000000084500000, 0x0000000084600000, 0x0000000084600000|100%| O|  |TAMS 0x0000000084600000, 0x0000000084500000| Untracked 
|  70|0x0000000084600000, 0x0000000084700000, 0x0000000084700000|100%| O|  |TAMS 0x0000000084700000, 0x0000000084600000| Untracked 
|  71|0x0000000084700000, 0x0000000084800000, 0x0000000084800000|100%| O|  |TAMS 0x0000000084800000, 0x0000000084700000| Untracked 
|  72|0x0000000084800000, 0x0000000084900000, 0x0000000084900000|100%|HS|  |TAMS 0x0000000084900000, 0x0000000084800000| Complete 
|  73|0x0000000084900000, 0x0000000084a00000, 0x0000000084a00000|100%|HC|  |TAMS 0x0000000084a00000, 0x0000000084900000| Complete 
|  74|0x0000000084a00000, 0x0000000084b00000, 0x0000000084b00000|100%|HC|  |TAMS 0x0000000084b00000, 0x0000000084a00000| Complete 
|  75|0x0000000084b00000, 0x0000000084c00000, 0x0000000084c00000|100%|HC|  |TAMS 0x0000000084c00000, 0x0000000084b00000| Complete 
|  76|0x0000000084c00000, 0x0000000084d00000, 0x0000000084d00000|100%| O|  |TAMS 0x0000000084d00000, 0x0000000084c00000| Untracked 
|  77|0x0000000084d00000, 0x0000000084e00000, 0x0000000084e00000|100%| O|  |TAMS 0x0000000084e00000, 0x0000000084d00000| Untracked 
|  78|0x0000000084e00000, 0x0000000084f00000, 0x0000000084f00000|100%| O|  |TAMS 0x0000000084f00000, 0x0000000084e00000| Untracked 
|  79|0x0000000084f00000, 0x0000000085000000, 0x0000000085000000|100%| O|  |TAMS 0x0000000085000000, 0x0000000084f00000| Untracked 
|  80|0x0000000085000000, 0x0000000085100000, 0x0000000085100000|100%| O|  |TAMS 0x0000000085100000, 0x0000000085000000| Untracked 
|  81|0x0000000085100000, 0x0000000085200000, 0x0000000085200000|100%| O|  |TAMS 0x0000000085200000, 0x0000000085100000| Untracked 
|  82|0x0000000085200000, 0x0000000085300000, 0x0000000085300000|100%| O|  |TAMS 0x0000000085300000, 0x0000000085200000| Untracked 
|  83|0x0000000085300000, 0x0000000085400000, 0x0000000085400000|100%| O|  |TAMS 0x0000000085400000, 0x0000000085300000| Untracked 
|  84|0x0000000085400000, 0x0000000085500000, 0x0000000085500000|100%| O|  |TAMS 0x0000000085500000, 0x0000000085400000| Untracked 
|  85|0x0000000085500000, 0x0000000085600000, 0x0000000085600000|100%| O|  |TAMS 0x0000000085600000, 0x0000000085500000| Untracked 
|  86|0x0000000085600000, 0x0000000085700000, 0x0000000085700000|100%| O|  |TAMS 0x0000000085700000, 0x0000000085600000| Untracked 
|  87|0x0000000085700000, 0x0000000085800000, 0x0000000085800000|100%| O|  |TAMS 0x0000000085800000, 0x0000000085700000| Untracked 
|  88|0x0000000085800000, 0x0000000085900000, 0x0000000085900000|100%| O|  |TAMS 0x0000000085900000, 0x0000000085800000| Untracked 
|  89|0x0000000085900000, 0x0000000085a00000, 0x0000000085a00000|100%| O|  |TAMS 0x0000000085a00000, 0x0000000085900000| Untracked 
|  90|0x0000000085a00000, 0x0000000085b00000, 0x0000000085b00000|100%| O|  |TAMS 0x0000000085b00000, 0x0000000085a00000| Untracked 
|  91|0x0000000085b00000, 0x0000000085c00000, 0x0000000085c00000|100%| O|  |TAMS 0x0000000085c00000, 0x0000000085b00000| Untracked 
|  92|0x0000000085c00000, 0x0000000085d00000, 0x0000000085d00000|100%| O|  |TAMS 0x0000000085d00000, 0x0000000085c00000| Untracked 
|  93|0x0000000085d00000, 0x0000000085e00000, 0x0000000085e00000|100%| O|  |TAMS 0x0000000085e00000, 0x0000000085d00000| Untracked 
|  94|0x0000000085e00000, 0x0000000085f00000, 0x0000000085f00000|100%| O|  |TAMS 0x0000000085f00000, 0x0000000085e00000| Untracked 
|  95|0x0000000085f00000, 0x0000000086000000, 0x0000000086000000|100%| O|  |TAMS 0x0000000086000000, 0x0000000085f00000| Untracked 
|  96|0x0000000086000000, 0x0000000086100000, 0x0000000086100000|100%| O|  |TAMS 0x0000000086100000, 0x0000000086000000| Untracked 
|  97|0x0000000086100000, 0x0000000086200000, 0x0000000086200000|100%| O|  |TAMS 0x0000000086108000, 0x0000000086100000| Untracked 
|  98|0x0000000086200000, 0x0000000086300000, 0x0000000086300000|100%| O|  |TAMS 0x0000000086200000, 0x0000000086200000| Untracked 
|  99|0x0000000086300000, 0x0000000086400000, 0x0000000086400000|100%| O|  |TAMS 0x0000000086300000, 0x0000000086300000| Untracked 
| 100|0x0000000086400000, 0x0000000086500000, 0x0000000086500000|100%| O|  |TAMS 0x0000000086400000, 0x0000000086400000| Untracked 
| 101|0x0000000086500000, 0x0000000086600000, 0x0000000086600000|100%| O|  |TAMS 0x0000000086500000, 0x0000000086500000| Untracked 
| 102|0x0000000086600000, 0x0000000086700000, 0x0000000086700000|100%| O|  |TAMS 0x0000000086600000, 0x0000000086600000| Untracked 
| 103|0x0000000086700000, 0x0000000086800000, 0x0000000086800000|100%| O|  |TAMS 0x0000000086700000, 0x0000000086700000| Untracked 
| 104|0x0000000086800000, 0x0000000086900000, 0x0000000086900000|100%| O|  |TAMS 0x0000000086800000, 0x0000000086800000| Untracked 
| 105|0x0000000086900000, 0x0000000086a00000, 0x0000000086a00000|100%| O|  |TAMS 0x0000000086900000, 0x0000000086900000| Untracked 
| 106|0x0000000086a00000, 0x0000000086b00000, 0x0000000086b00000|100%| O|  |TAMS 0x0000000086a00000, 0x0000000086a00000| Untracked 
| 107|0x0000000086b00000, 0x0000000086c00000, 0x0000000086c00000|100%| O|  |TAMS 0x0000000086b00000, 0x0000000086b00000| Untracked 
| 108|0x0000000086c00000, 0x0000000086d00000, 0x0000000086d00000|100%| O|  |TAMS 0x0000000086c00000, 0x0000000086c00000| Untracked 
| 109|0x0000000086d00000, 0x0000000086e00000, 0x0000000086e00000|100%| O|  |TAMS 0x0000000086d00000, 0x0000000086d00000| Untracked 
| 110|0x0000000086e00000, 0x0000000086f00000, 0x0000000086f00000|100%| O|  |TAMS 0x0000000086e00000, 0x0000000086e00000| Untracked 
| 111|0x0000000086f00000, 0x0000000087000000, 0x0000000087000000|100%| O|  |TAMS 0x0000000086f00000, 0x0000000086f00000| Untracked 
| 112|0x0000000087000000, 0x0000000087100000, 0x0000000087100000|100%| O|  |TAMS 0x0000000087000000, 0x0000000087000000| Untracked 
| 113|0x0000000087100000, 0x0000000087200000, 0x0000000087200000|100%| O|  |TAMS 0x0000000087100000, 0x0000000087100000| Untracked 
| 114|0x0000000087200000, 0x0000000087300000, 0x0000000087300000|100%| O|  |TAMS 0x0000000087200000, 0x0000000087200000| Untracked 
| 115|0x0000000087300000, 0x0000000087400000, 0x0000000087400000|100%| O|  |TAMS 0x0000000087300000, 0x0000000087300000| Untracked 
| 116|0x0000000087400000, 0x0000000087500000, 0x0000000087500000|100%| O|  |TAMS 0x0000000087400000, 0x0000000087400000| Untracked 
| 117|0x0000000087500000, 0x0000000087600000, 0x0000000087600000|100%| O|  |TAMS 0x0000000087500000, 0x0000000087500000| Untracked 
| 118|0x0000000087600000, 0x0000000087700000, 0x0000000087700000|100%| O|  |TAMS 0x0000000087600000, 0x0000000087600000| Untracked 
| 119|0x0000000087700000, 0x0000000087800000, 0x0000000087800000|100%| O|  |TAMS 0x0000000087700000, 0x0000000087700000| Untracked 
| 120|0x0000000087800000, 0x0000000087900000, 0x0000000087900000|100%| O|  |TAMS 0x0000000087800000, 0x0000000087800000| Untracked 
| 121|0x0000000087900000, 0x0000000087a00000, 0x0000000087a00000|100%| O|  |TAMS 0x0000000087900000, 0x0000000087900000| Untracked 
| 122|0x0000000087a00000, 0x0000000087b00000, 0x0000000087b00000|100%| O|  |TAMS 0x0000000087a00000, 0x0000000087a00000| Untracked 
| 123|0x0000000087b00000, 0x0000000087c00000, 0x0000000087c00000|100%| O|  |TAMS 0x0000000087b00000, 0x0000000087b00000| Untracked 
| 124|0x0000000087c00000, 0x0000000087d00000, 0x0000000087d00000|100%| O|  |TAMS 0x0000000087c00000, 0x0000000087c00000| Untracked 
| 125|0x0000000087d00000, 0x0000000087e00000, 0x0000000087e00000|100%| O|  |TAMS 0x0000000087d00000, 0x0000000087d00000| Untracked 
| 126|0x0000000087e00000, 0x0000000087f00000, 0x0000000087f00000|100%| O|  |TAMS 0x0000000087e00000, 0x0000000087e00000| Untracked 
| 127|0x0000000087f00000, 0x0000000088000000, 0x0000000088000000|100%| O|  |TAMS 0x0000000087f00000, 0x0000000087f00000| Untracked 
| 128|0x0000000088000000, 0x0000000088100000, 0x0000000088100000|100%| O|  |TAMS 0x0000000088000000, 0x0000000088000000| Untracked 
| 129|0x0000000088100000, 0x0000000088200000, 0x0000000088200000|100%| O|  |TAMS 0x0000000088100000, 0x0000000088100000| Untracked 
| 130|0x0000000088200000, 0x0000000088300000, 0x0000000088300000|100%| O|  |TAMS 0x0000000088200000, 0x0000000088200000| Untracked 
| 131|0x0000000088300000, 0x0000000088400000, 0x0000000088400000|100%| O|  |TAMS 0x0000000088300000, 0x0000000088300000| Untracked 
| 132|0x0000000088400000, 0x0000000088500000, 0x0000000088500000|100%| O|  |TAMS 0x0000000088400000, 0x0000000088400000| Untracked 
| 133|0x0000000088500000, 0x0000000088600000, 0x0000000088600000|100%| O|  |TAMS 0x0000000088500000, 0x0000000088500000| Untracked 
| 134|0x0000000088600000, 0x0000000088700000, 0x0000000088700000|100%| O|  |TAMS 0x0000000088600000, 0x0000000088600000| Untracked 
| 135|0x0000000088700000, 0x0000000088800000, 0x0000000088800000|100%| O|  |TAMS 0x0000000088700000, 0x0000000088700000| Untracked 
| 136|0x0000000088800000, 0x0000000088900000, 0x0000000088900000|100%| O|  |TAMS 0x0000000088800000, 0x0000000088800000| Untracked 
| 137|0x0000000088900000, 0x0000000088a00000, 0x0000000088a00000|100%| O|  |TAMS 0x0000000088900000, 0x0000000088900000| Untracked 
| 138|0x0000000088a00000, 0x0000000088b00000, 0x0000000088b00000|100%| O|  |TAMS 0x0000000088a00000, 0x0000000088a00000| Untracked 
| 139|0x0000000088b00000, 0x0000000088c00000, 0x0000000088c00000|100%|HS|  |TAMS 0x0000000088b00000, 0x0000000088b00000| Complete 
| 140|0x0000000088c00000, 0x0000000088d00000, 0x0000000088d00000|100%|HC|  |TAMS 0x0000000088c00000, 0x0000000088c00000| Complete 
| 141|0x0000000088d00000, 0x0000000088e00000, 0x0000000088e00000|100%| O|  |TAMS 0x0000000088d00000, 0x0000000088d00000| Untracked 
| 142|0x0000000088e00000, 0x0000000088f00000, 0x0000000088f00000|100%| O|  |TAMS 0x0000000088e00000, 0x0000000088e00000| Untracked 
| 143|0x0000000088f00000, 0x0000000089000000, 0x0000000089000000|100%| O|  |TAMS 0x0000000088f00000, 0x0000000088f00000| Untracked 
| 144|0x0000000089000000, 0x0000000089100000, 0x0000000089100000|100%| O|  |TAMS 0x0000000089000000, 0x0000000089000000| Untracked 
| 145|0x0000000089100000, 0x0000000089200000, 0x0000000089200000|100%| O|  |TAMS 0x0000000089100000, 0x0000000089100000| Untracked 
| 146|0x0000000089200000, 0x0000000089300000, 0x0000000089300000|100%| O|  |TAMS 0x0000000089200000, 0x0000000089200000| Untracked 
| 147|0x0000000089300000, 0x0000000089400000, 0x0000000089400000|100%| O|  |TAMS 0x0000000089300000, 0x0000000089300000| Untracked 
| 148|0x0000000089400000, 0x0000000089500000, 0x0000000089500000|100%| O|  |TAMS 0x0000000089400000, 0x0000000089400000| Untracked 
| 149|0x0000000089500000, 0x0000000089600000, 0x0000000089600000|100%| O|  |TAMS 0x0000000089500000, 0x0000000089500000| Untracked 
| 150|0x0000000089600000, 0x0000000089700000, 0x0000000089700000|100%| O|  |TAMS 0x0000000089600000, 0x0000000089600000| Untracked 
| 151|0x0000000089700000, 0x0000000089800000, 0x0000000089800000|100%| O|  |TAMS 0x0000000089700000, 0x0000000089700000| Untracked 
| 152|0x0000000089800000, 0x0000000089900000, 0x0000000089900000|100%| O|  |TAMS 0x0000000089800000, 0x0000000089800000| Untracked 
| 153|0x0000000089900000, 0x0000000089a00000, 0x0000000089a00000|100%| O|  |TAMS 0x0000000089900000, 0x0000000089900000| Untracked 
| 154|0x0000000089a00000, 0x0000000089b00000, 0x0000000089b00000|100%| O|  |TAMS 0x0000000089a00000, 0x0000000089a00000| Untracked 
| 155|0x0000000089b00000, 0x0000000089c00000, 0x0000000089c00000|100%| O|  |TAMS 0x0000000089b00000, 0x0000000089b00000| Untracked 
| 156|0x0000000089c00000, 0x0000000089d00000, 0x0000000089d00000|100%| O|  |TAMS 0x0000000089c00000, 0x0000000089c00000| Untracked 
| 157|0x0000000089d00000, 0x0000000089e00000, 0x0000000089e00000|100%| O|  |TAMS 0x0000000089d00000, 0x0000000089d00000| Untracked 
| 158|0x0000000089e00000, 0x0000000089f00000, 0x0000000089f00000|100%| O|  |TAMS 0x0000000089e00000, 0x0000000089e00000| Untracked 
| 159|0x0000000089f00000, 0x000000008a000000, 0x000000008a000000|100%| O|  |TAMS 0x0000000089f00000, 0x0000000089f00000| Untracked 
| 160|0x000000008a000000, 0x000000008a000000, 0x000000008a100000|  0%| F|  |TAMS 0x000000008a000000, 0x000000008a000000| Untracked 
| 161|0x000000008a100000, 0x000000008a100000, 0x000000008a200000|  0%| F|  |TAMS 0x000000008a100000, 0x000000008a100000| Untracked 
| 162|0x000000008a200000, 0x000000008a300000, 0x000000008a300000|100%| O|  |TAMS 0x000000008a200000, 0x000000008a200000| Untracked 
| 163|0x000000008a300000, 0x000000008a400000, 0x000000008a400000|100%| O|  |TAMS 0x000000008a300000, 0x000000008a300000| Untracked 
| 164|0x000000008a400000, 0x000000008a500000, 0x000000008a500000|100%| O|  |TAMS 0x000000008a400000, 0x000000008a400000| Untracked 
| 165|0x000000008a500000, 0x000000008a600000, 0x000000008a600000|100%| O|  |TAMS 0x000000008a500000, 0x000000008a500000| Untracked 
| 166|0x000000008a600000, 0x000000008a700000, 0x000000008a700000|100%| O|  |TAMS 0x000000008a600000, 0x000000008a600000| Untracked 
| 167|0x000000008a700000, 0x000000008a800000, 0x000000008a800000|100%| O|  |TAMS 0x000000008a700000, 0x000000008a700000| Untracked 
| 168|0x000000008a800000, 0x000000008a900000, 0x000000008a900000|100%| O|  |TAMS 0x000000008a800000, 0x000000008a800000| Untracked 
| 169|0x000000008a900000, 0x000000008aa00000, 0x000000008aa00000|100%| O|  |TAMS 0x000000008a900000, 0x000000008a900000| Untracked 
| 170|0x000000008aa00000, 0x000000008ab00000, 0x000000008ab00000|100%| O|  |TAMS 0x000000008aa00000, 0x000000008aa00000| Untracked 
| 171|0x000000008ab00000, 0x000000008ac00000, 0x000000008ac00000|100%| O|  |TAMS 0x000000008ab00000, 0x000000008ab00000| Untracked 
| 172|0x000000008ac00000, 0x000000008ad00000, 0x000000008ad00000|100%| O|  |TAMS 0x000000008ac00000, 0x000000008ac00000| Untracked 
| 173|0x000000008ad00000, 0x000000008ae00000, 0x000000008ae00000|100%| O|  |TAMS 0x000000008ad00000, 0x000000008ad00000| Untracked 
| 174|0x000000008ae00000, 0x000000008af00000, 0x000000008af00000|100%| O|  |TAMS 0x000000008ae00000, 0x000000008ae00000| Untracked 
| 175|0x000000008af00000, 0x000000008b000000, 0x000000008b000000|100%| O|  |TAMS 0x000000008af00000, 0x000000008af00000| Untracked 
| 176|0x000000008b000000, 0x000000008b100000, 0x000000008b100000|100%| O|  |TAMS 0x000000008b000000, 0x000000008b000000| Untracked 
| 177|0x000000008b100000, 0x000000008b1e8600, 0x000000008b200000| 90%| O|  |TAMS 0x000000008b100000, 0x000000008b100000| Untracked 
| 178|0x000000008b200000, 0x000000008b200000, 0x000000008b300000|  0%| F|  |TAMS 0x000000008b200000, 0x000000008b200000| Untracked 
| 179|0x000000008b300000, 0x000000008b300000, 0x000000008b400000|  0%| F|  |TAMS 0x000000008b300000, 0x000000008b300000| Untracked 
| 180|0x000000008b400000, 0x000000008b400000, 0x000000008b500000|  0%| F|  |TAMS 0x000000008b400000, 0x000000008b400000| Untracked 
| 181|0x000000008b500000, 0x000000008b500000, 0x000000008b600000|  0%| F|  |TAMS 0x000000008b500000, 0x000000008b500000| Untracked 
| 182|0x000000008b600000, 0x000000008b600000, 0x000000008b700000|  0%| F|  |TAMS 0x000000008b600000, 0x000000008b600000| Untracked 
| 183|0x000000008b700000, 0x000000008b700000, 0x000000008b800000|  0%| F|  |TAMS 0x000000008b700000, 0x000000008b700000| Untracked 
| 184|0x000000008b800000, 0x000000008b800000, 0x000000008b900000|  0%| F|  |TAMS 0x000000008b800000, 0x000000008b800000| Untracked 
| 185|0x000000008b900000, 0x000000008b900000, 0x000000008ba00000|  0%| F|  |TAMS 0x000000008b900000, 0x000000008b900000| Untracked 
| 186|0x000000008ba00000, 0x000000008ba00000, 0x000000008bb00000|  0%| F|  |TAMS 0x000000008ba00000, 0x000000008ba00000| Untracked 
| 187|0x000000008bb00000, 0x000000008bb00000, 0x000000008bc00000|  0%| F|  |TAMS 0x000000008bb00000, 0x000000008bb00000| Untracked 
| 188|0x000000008bc00000, 0x000000008bc00000, 0x000000008bd00000|  0%| F|  |TAMS 0x000000008bc00000, 0x000000008bc00000| Untracked 
| 189|0x000000008bd00000, 0x000000008bd00000, 0x000000008be00000|  0%| F|  |TAMS 0x000000008bd00000, 0x000000008bd00000| Untracked 
| 190|0x000000008be00000, 0x000000008be00000, 0x000000008bf00000|  0%| F|  |TAMS 0x000000008be00000, 0x000000008be00000| Untracked 
| 191|0x000000008bf00000, 0x000000008bf00000, 0x000000008c000000|  0%| F|  |TAMS 0x000000008bf00000, 0x000000008bf00000| Untracked 
| 192|0x000000008c000000, 0x000000008c000000, 0x000000008c100000|  0%| F|  |TAMS 0x000000008c000000, 0x000000008c000000| Untracked 
| 193|0x000000008c100000, 0x000000008c100000, 0x000000008c200000|  0%| F|  |TAMS 0x000000008c100000, 0x000000008c100000| Untracked 
| 194|0x000000008c200000, 0x000000008c200000, 0x000000008c300000|  0%| F|  |TAMS 0x000000008c200000, 0x000000008c200000| Untracked 
| 195|0x000000008c300000, 0x000000008c300000, 0x000000008c400000|  0%| F|  |TAMS 0x000000008c300000, 0x000000008c300000| Untracked 
| 196|0x000000008c400000, 0x000000008c400000, 0x000000008c500000|  0%| F|  |TAMS 0x000000008c400000, 0x000000008c400000| Untracked 
| 197|0x000000008c500000, 0x000000008c500000, 0x000000008c600000|  0%| F|  |TAMS 0x000000008c500000, 0x000000008c500000| Untracked 
| 198|0x000000008c600000, 0x000000008c600000, 0x000000008c700000|  0%| F|  |TAMS 0x000000008c600000, 0x000000008c600000| Untracked 
| 199|0x000000008c700000, 0x000000008c700000, 0x000000008c800000|  0%| F|  |TAMS 0x000000008c700000, 0x000000008c700000| Untracked 
| 200|0x000000008c800000, 0x000000008c800000, 0x000000008c900000|  0%| F|  |TAMS 0x000000008c800000, 0x000000008c800000| Untracked 
| 201|0x000000008c900000, 0x000000008c900000, 0x000000008ca00000|  0%| F|  |TAMS 0x000000008c900000, 0x000000008c900000| Untracked 
| 202|0x000000008ca00000, 0x000000008ca00000, 0x000000008cb00000|  0%| F|  |TAMS 0x000000008ca00000, 0x000000008ca00000| Untracked 
| 203|0x000000008cb00000, 0x000000008cb00000, 0x000000008cc00000|  0%| F|  |TAMS 0x000000008cb00000, 0x000000008cb00000| Untracked 
| 204|0x000000008cc00000, 0x000000008cc00000, 0x000000008cd00000|  0%| F|  |TAMS 0x000000008cc00000, 0x000000008cc00000| Untracked 
| 205|0x000000008cd00000, 0x000000008cd00000, 0x000000008ce00000|  0%| F|  |TAMS 0x000000008cd00000, 0x000000008cd00000| Untracked 
| 206|0x000000008ce00000, 0x000000008ce00000, 0x000000008cf00000|  0%| F|  |TAMS 0x000000008ce00000, 0x000000008ce00000| Untracked 
| 207|0x000000008cf00000, 0x000000008cf00000, 0x000000008d000000|  0%| F|  |TAMS 0x000000008cf00000, 0x000000008cf00000| Untracked 
| 208|0x000000008d000000, 0x000000008d000000, 0x000000008d100000|  0%| F|  |TAMS 0x000000008d000000, 0x000000008d000000| Untracked 
| 209|0x000000008d100000, 0x000000008d100000, 0x000000008d200000|  0%| F|  |TAMS 0x000000008d100000, 0x000000008d100000| Untracked 
| 210|0x000000008d200000, 0x000000008d200000, 0x000000008d300000|  0%| F|  |TAMS 0x000000008d200000, 0x000000008d200000| Untracked 
| 211|0x000000008d300000, 0x000000008d300000, 0x000000008d400000|  0%| F|  |TAMS 0x000000008d300000, 0x000000008d300000| Untracked 
| 212|0x000000008d400000, 0x000000008d400000, 0x000000008d500000|  0%| F|  |TAMS 0x000000008d400000, 0x000000008d400000| Untracked 
| 213|0x000000008d500000, 0x000000008d600000, 0x000000008d600000|100%| S|CS|TAMS 0x000000008d500000, 0x000000008d500000| Complete 
| 214|0x000000008d600000, 0x000000008d700000, 0x000000008d700000|100%| S|CS|TAMS 0x000000008d600000, 0x000000008d600000| Complete 
| 215|0x000000008d700000, 0x000000008d800000, 0x000000008d800000|100%| S|CS|TAMS 0x000000008d700000, 0x000000008d700000| Complete 
| 216|0x000000008d800000, 0x000000008d800000, 0x000000008d900000|  0%| F|  |TAMS 0x000000008d800000, 0x000000008d800000| Untracked 
| 217|0x000000008d900000, 0x000000008d900000, 0x000000008da00000|  0%| F|  |TAMS 0x000000008d900000, 0x000000008d900000| Untracked 
| 218|0x000000008da00000, 0x000000008da00000, 0x000000008db00000|  0%| F|  |TAMS 0x000000008da00000, 0x000000008da00000| Untracked 
| 219|0x000000008db00000, 0x000000008db00000, 0x000000008dc00000|  0%| F|  |TAMS 0x000000008db00000, 0x000000008db00000| Untracked 
| 220|0x000000008dc00000, 0x000000008dc00000, 0x000000008dd00000|  0%| F|  |TAMS 0x000000008dc00000, 0x000000008dc00000| Untracked 
| 221|0x000000008dd00000, 0x000000008dd00000, 0x000000008de00000|  0%| F|  |TAMS 0x000000008dd00000, 0x000000008dd00000| Untracked 
| 222|0x000000008de00000, 0x000000008de00000, 0x000000008df00000|  0%| F|  |TAMS 0x000000008de00000, 0x000000008de00000| Untracked 
| 223|0x000000008df00000, 0x000000008df00000, 0x000000008e000000|  0%| F|  |TAMS 0x000000008df00000, 0x000000008df00000| Untracked 
| 224|0x000000008e000000, 0x000000008e000000, 0x000000008e100000|  0%| F|  |TAMS 0x000000008e000000, 0x000000008e000000| Untracked 
| 225|0x000000008e100000, 0x000000008e100000, 0x000000008e200000|  0%| F|  |TAMS 0x000000008e100000, 0x000000008e100000| Untracked 
| 226|0x000000008e200000, 0x000000008e200000, 0x000000008e300000|  0%| F|  |TAMS 0x000000008e200000, 0x000000008e200000| Untracked 
| 227|0x000000008e300000, 0x000000008e300000, 0x000000008e400000|  0%| F|  |TAMS 0x000000008e300000, 0x000000008e300000| Untracked 
| 228|0x000000008e400000, 0x000000008e400000, 0x000000008e500000|  0%| F|  |TAMS 0x000000008e400000, 0x000000008e400000| Untracked 
| 229|0x000000008e500000, 0x000000008e500000, 0x000000008e600000|  0%| F|  |TAMS 0x000000008e500000, 0x000000008e500000| Untracked 
| 230|0x000000008e600000, 0x000000008e700000, 0x000000008e700000|100%| S|CS|TAMS 0x000000008e600000, 0x000000008e600000| Complete 
| 231|0x000000008e700000, 0x000000008e800000, 0x000000008e800000|100%| S|CS|TAMS 0x000000008e700000, 0x000000008e700000| Complete 
| 232|0x000000008e800000, 0x000000008e900000, 0x000000008e900000|100%| S|CS|TAMS 0x000000008e800000, 0x000000008e800000| Complete 
| 233|0x000000008e900000, 0x000000008ea00000, 0x000000008ea00000|100%| S|CS|TAMS 0x000000008e900000, 0x000000008e900000| Complete 
| 234|0x000000008ea00000, 0x000000008eb00000, 0x000000008eb00000|100%| S|CS|TAMS 0x000000008ea00000, 0x000000008ea00000| Complete 
| 235|0x000000008eb00000, 0x000000008ec00000, 0x000000008ec00000|100%| S|CS|TAMS 0x000000008eb00000, 0x000000008eb00000| Complete 
| 236|0x000000008ec00000, 0x000000008ed00000, 0x000000008ed00000|100%| S|CS|TAMS 0x000000008ec00000, 0x000000008ec00000| Complete 
| 237|0x000000008ed00000, 0x000000008ee00000, 0x000000008ee00000|100%| S|CS|TAMS 0x000000008ed00000, 0x000000008ed00000| Complete 
| 238|0x000000008ee00000, 0x000000008ef00000, 0x000000008ef00000|100%| S|CS|TAMS 0x000000008ee00000, 0x000000008ee00000| Complete 
| 239|0x000000008ef00000, 0x000000008ef00000, 0x000000008f000000|  0%| F|  |TAMS 0x000000008ef00000, 0x000000008ef00000| Untracked 
| 240|0x000000008f000000, 0x000000008f000000, 0x000000008f100000|  0%| F|  |TAMS 0x000000008f000000, 0x000000008f000000| Untracked 
| 241|0x000000008f100000, 0x000000008f200000, 0x000000008f200000|100%| S|CS|TAMS 0x000000008f100000, 0x000000008f100000| Complete 
| 242|0x000000008f200000, 0x000000008f300000, 0x000000008f300000|100%| S|CS|TAMS 0x000000008f200000, 0x000000008f200000| Complete 
| 243|0x000000008f300000, 0x000000008f400000, 0x000000008f400000|100%| S|CS|TAMS 0x000000008f300000, 0x000000008f300000| Complete 
| 244|0x000000008f400000, 0x000000008f500000, 0x000000008f500000|100%| S|CS|TAMS 0x000000008f400000, 0x000000008f400000| Complete 
| 245|0x000000008f500000, 0x000000008f600000, 0x000000008f600000|100%| S|CS|TAMS 0x000000008f500000, 0x000000008f500000| Complete 
| 246|0x000000008f600000, 0x000000008f700000, 0x000000008f700000|100%| S|CS|TAMS 0x000000008f600000, 0x000000008f600000| Complete 
| 247|0x000000008f700000, 0x000000008f800000, 0x000000008f800000|100%| S|CS|TAMS 0x000000008f700000, 0x000000008f700000| Complete 
| 248|0x000000008f800000, 0x000000008f900000, 0x000000008f900000|100%| S|CS|TAMS 0x000000008f800000, 0x000000008f800000| Complete 
| 249|0x000000008f900000, 0x000000008fa00000, 0x000000008fa00000|100%| S|CS|TAMS 0x000000008f900000, 0x000000008f900000| Complete 
| 250|0x000000008fa00000, 0x000000008fa00000, 0x000000008fb00000|  0%| F|  |TAMS 0x000000008fa00000, 0x000000008fa00000| Untracked 
| 251|0x000000008fb00000, 0x000000008fb00000, 0x000000008fc00000|  0%| F|  |TAMS 0x000000008fb00000, 0x000000008fb00000| Untracked 
| 252|0x000000008fc00000, 0x000000008fc00000, 0x000000008fd00000|  0%| F|  |TAMS 0x000000008fc00000, 0x000000008fc00000| Untracked 
| 253|0x000000008fd00000, 0x000000008fd00000, 0x000000008fe00000|  0%| F|  |TAMS 0x000000008fd00000, 0x000000008fd00000| Untracked 
| 254|0x000000008fe00000, 0x000000008fe00000, 0x000000008ff00000|  0%| F|  |TAMS 0x000000008fe00000, 0x000000008fe00000| Untracked 
| 255|0x000000008ff00000, 0x000000008ff00000, 0x0000000090000000|  0%| F|  |TAMS 0x000000008ff00000, 0x000000008ff00000| Untracked 
| 256|0x0000000090000000, 0x0000000090000000, 0x0000000090100000|  0%| F|  |TAMS 0x0000000090000000, 0x0000000090000000| Untracked 
| 257|0x0000000090100000, 0x0000000090100000, 0x0000000090200000|  0%| F|  |TAMS 0x0000000090100000, 0x0000000090100000| Untracked 
| 258|0x0000000090200000, 0x0000000090200000, 0x0000000090300000|  0%| F|  |TAMS 0x0000000090200000, 0x0000000090200000| Untracked 
| 259|0x0000000090300000, 0x0000000090300000, 0x0000000090400000|  0%| F|  |TAMS 0x0000000090300000, 0x0000000090300000| Untracked 
| 260|0x0000000090400000, 0x0000000090400000, 0x0000000090500000|  0%| F|  |TAMS 0x0000000090400000, 0x0000000090400000| Untracked 
| 261|0x0000000090500000, 0x0000000090500000, 0x0000000090600000|  0%| F|  |TAMS 0x0000000090500000, 0x0000000090500000| Untracked 
| 262|0x0000000090600000, 0x0000000090600000, 0x0000000090700000|  0%| F|  |TAMS 0x0000000090600000, 0x0000000090600000| Untracked 
| 263|0x0000000090700000, 0x0000000090700000, 0x0000000090800000|  0%| F|  |TAMS 0x0000000090700000, 0x0000000090700000| Untracked 
| 264|0x0000000090800000, 0x0000000090800000, 0x0000000090900000|  0%| F|  |TAMS 0x0000000090800000, 0x0000000090800000| Untracked 
| 265|0x0000000090900000, 0x0000000090900000, 0x0000000090a00000|  0%| F|  |TAMS 0x0000000090900000, 0x0000000090900000| Untracked 
| 266|0x0000000090a00000, 0x0000000090a00000, 0x0000000090b00000|  0%| F|  |TAMS 0x0000000090a00000, 0x0000000090a00000| Untracked 
| 267|0x0000000090b00000, 0x0000000090b00000, 0x0000000090c00000|  0%| F|  |TAMS 0x0000000090b00000, 0x0000000090b00000| Untracked 
| 268|0x0000000090c00000, 0x0000000090c00000, 0x0000000090d00000|  0%| F|  |TAMS 0x0000000090c00000, 0x0000000090c00000| Untracked 
| 269|0x0000000090d00000, 0x0000000090d00000, 0x0000000090e00000|  0%| F|  |TAMS 0x0000000090d00000, 0x0000000090d00000| Untracked 
| 270|0x0000000090e00000, 0x0000000090e00000, 0x0000000090f00000|  0%| F|  |TAMS 0x0000000090e00000, 0x0000000090e00000| Untracked 
| 271|0x0000000090f00000, 0x0000000090f00000, 0x0000000091000000|  0%| F|  |TAMS 0x0000000090f00000, 0x0000000090f00000| Untracked 
| 272|0x0000000091000000, 0x0000000091000000, 0x0000000091100000|  0%| F|  |TAMS 0x0000000091000000, 0x0000000091000000| Untracked 
| 273|0x0000000091100000, 0x0000000091100000, 0x0000000091200000|  0%| F|  |TAMS 0x0000000091100000, 0x0000000091100000| Untracked 
| 274|0x0000000091200000, 0x0000000091200000, 0x0000000091300000|  0%| F|  |TAMS 0x0000000091200000, 0x0000000091200000| Untracked 
| 275|0x0000000091300000, 0x0000000091300000, 0x0000000091400000|  0%| F|  |TAMS 0x0000000091300000, 0x0000000091300000| Untracked 
| 276|0x0000000091400000, 0x0000000091400000, 0x0000000091500000|  0%| F|  |TAMS 0x0000000091400000, 0x0000000091400000| Untracked 
| 277|0x0000000091500000, 0x0000000091500000, 0x0000000091600000|  0%| F|  |TAMS 0x0000000091500000, 0x0000000091500000| Untracked 
| 278|0x0000000091600000, 0x0000000091600000, 0x0000000091700000|  0%| F|  |TAMS 0x0000000091600000, 0x0000000091600000| Untracked 
| 279|0x0000000091700000, 0x0000000091700000, 0x0000000091800000|  0%| F|  |TAMS 0x0000000091700000, 0x0000000091700000| Untracked 
| 280|0x0000000091800000, 0x0000000091800000, 0x0000000091900000|  0%| F|  |TAMS 0x0000000091800000, 0x0000000091800000| Untracked 
| 281|0x0000000091900000, 0x0000000091900000, 0x0000000091a00000|  0%| F|  |TAMS 0x0000000091900000, 0x0000000091900000| Untracked 
| 282|0x0000000091a00000, 0x0000000091a00000, 0x0000000091b00000|  0%| F|  |TAMS 0x0000000091a00000, 0x0000000091a00000| Untracked 
| 283|0x0000000091b00000, 0x0000000091b00000, 0x0000000091c00000|  0%| F|  |TAMS 0x0000000091b00000, 0x0000000091b00000| Untracked 
| 284|0x0000000091c00000, 0x0000000091c00000, 0x0000000091d00000|  0%| F|  |TAMS 0x0000000091c00000, 0x0000000091c00000| Untracked 
| 285|0x0000000091d00000, 0x0000000091d00000, 0x0000000091e00000|  0%| F|  |TAMS 0x0000000091d00000, 0x0000000091d00000| Untracked 
| 286|0x0000000091e00000, 0x0000000091e00000, 0x0000000091f00000|  0%| F|  |TAMS 0x0000000091e00000, 0x0000000091e00000| Untracked 
| 287|0x0000000091f00000, 0x0000000091f00000, 0x0000000092000000|  0%| F|  |TAMS 0x0000000091f00000, 0x0000000091f00000| Untracked 
| 288|0x0000000092000000, 0x0000000092000000, 0x0000000092100000|  0%| F|  |TAMS 0x0000000092000000, 0x0000000092000000| Untracked 
| 289|0x0000000092100000, 0x0000000092100000, 0x0000000092200000|  0%| F|  |TAMS 0x0000000092100000, 0x0000000092100000| Untracked 
| 290|0x0000000092200000, 0x0000000092200000, 0x0000000092300000|  0%| F|  |TAMS 0x0000000092200000, 0x0000000092200000| Untracked 
| 291|0x0000000092300000, 0x0000000092300000, 0x0000000092400000|  0%| F|  |TAMS 0x0000000092300000, 0x0000000092300000| Untracked 
| 292|0x0000000092400000, 0x0000000092400000, 0x0000000092500000|  0%| F|  |TAMS 0x0000000092400000, 0x0000000092400000| Untracked 
| 293|0x0000000092500000, 0x0000000092500000, 0x0000000092600000|  0%| F|  |TAMS 0x0000000092500000, 0x0000000092500000| Untracked 
| 294|0x0000000092600000, 0x0000000092600000, 0x0000000092700000|  0%| F|  |TAMS 0x0000000092600000, 0x0000000092600000| Untracked 
| 295|0x0000000092700000, 0x0000000092700000, 0x0000000092800000|  0%| F|  |TAMS 0x0000000092700000, 0x0000000092700000| Untracked 
| 296|0x0000000092800000, 0x0000000092800000, 0x0000000092900000|  0%| F|  |TAMS 0x0000000092800000, 0x0000000092800000| Untracked 
| 297|0x0000000092900000, 0x0000000092900000, 0x0000000092a00000|  0%| F|  |TAMS 0x0000000092900000, 0x0000000092900000| Untracked 
| 298|0x0000000092a00000, 0x0000000092a00000, 0x0000000092b00000|  0%| F|  |TAMS 0x0000000092a00000, 0x0000000092a00000| Untracked 
| 299|0x0000000092b00000, 0x0000000092b00000, 0x0000000092c00000|  0%| F|  |TAMS 0x0000000092b00000, 0x0000000092b00000| Untracked 
| 300|0x0000000092c00000, 0x0000000092c00000, 0x0000000092d00000|  0%| F|  |TAMS 0x0000000092c00000, 0x0000000092c00000| Untracked 
| 301|0x0000000092d00000, 0x0000000092d00000, 0x0000000092e00000|  0%| F|  |TAMS 0x0000000092d00000, 0x0000000092d00000| Untracked 
| 302|0x0000000092e00000, 0x0000000092e00000, 0x0000000092f00000|  0%| F|  |TAMS 0x0000000092e00000, 0x0000000092e00000| Untracked 
| 303|0x0000000092f00000, 0x0000000092f00000, 0x0000000093000000|  0%| F|  |TAMS 0x0000000092f00000, 0x0000000092f00000| Untracked 
| 304|0x0000000093000000, 0x0000000093000000, 0x0000000093100000|  0%| F|  |TAMS 0x0000000093000000, 0x0000000093000000| Untracked 
| 305|0x0000000093100000, 0x0000000093100000, 0x0000000093200000|  0%| F|  |TAMS 0x0000000093100000, 0x0000000093100000| Untracked 
| 306|0x0000000093200000, 0x0000000093200000, 0x0000000093300000|  0%| F|  |TAMS 0x0000000093200000, 0x0000000093200000| Untracked 
| 307|0x0000000093300000, 0x0000000093300000, 0x0000000093400000|  0%| F|  |TAMS 0x0000000093300000, 0x0000000093300000| Untracked 
| 308|0x0000000093400000, 0x0000000093400000, 0x0000000093500000|  0%| F|  |TAMS 0x0000000093400000, 0x0000000093400000| Untracked 
| 309|0x0000000093500000, 0x0000000093500000, 0x0000000093600000|  0%| F|  |TAMS 0x0000000093500000, 0x0000000093500000| Untracked 
| 310|0x0000000093600000, 0x0000000093600000, 0x0000000093700000|  0%| F|  |TAMS 0x0000000093600000, 0x0000000093600000| Untracked 
| 311|0x0000000093700000, 0x0000000093700000, 0x0000000093800000|  0%| F|  |TAMS 0x0000000093700000, 0x0000000093700000| Untracked 
| 312|0x0000000093800000, 0x0000000093800000, 0x0000000093900000|  0%| F|  |TAMS 0x0000000093800000, 0x0000000093800000| Untracked 
| 313|0x0000000093900000, 0x0000000093900000, 0x0000000093a00000|  0%| F|  |TAMS 0x0000000093900000, 0x0000000093900000| Untracked 
| 314|0x0000000093a00000, 0x0000000093a00000, 0x0000000093b00000|  0%| F|  |TAMS 0x0000000093a00000, 0x0000000093a00000| Untracked 
| 315|0x0000000093b00000, 0x0000000093b00000, 0x0000000093c00000|  0%| F|  |TAMS 0x0000000093b00000, 0x0000000093b00000| Untracked 
| 316|0x0000000093c00000, 0x0000000093c00000, 0x0000000093d00000|  0%| F|  |TAMS 0x0000000093c00000, 0x0000000093c00000| Untracked 
| 317|0x0000000093d00000, 0x0000000093d00000, 0x0000000093e00000|  0%| F|  |TAMS 0x0000000093d00000, 0x0000000093d00000| Untracked 
| 318|0x0000000093e00000, 0x0000000093e00000, 0x0000000093f00000|  0%| F|  |TAMS 0x0000000093e00000, 0x0000000093e00000| Untracked 
| 319|0x0000000093f00000, 0x0000000093f00000, 0x0000000094000000|  0%| F|  |TAMS 0x0000000093f00000, 0x0000000093f00000| Untracked 
| 320|0x0000000094000000, 0x0000000094000000, 0x0000000094100000|  0%| F|  |TAMS 0x0000000094000000, 0x0000000094000000| Untracked 
| 321|0x0000000094100000, 0x0000000094100000, 0x0000000094200000|  0%| F|  |TAMS 0x0000000094100000, 0x0000000094100000| Untracked 
| 322|0x0000000094200000, 0x0000000094200000, 0x0000000094300000|  0%| F|  |TAMS 0x0000000094200000, 0x0000000094200000| Untracked 
| 323|0x0000000094300000, 0x0000000094300000, 0x0000000094400000|  0%| F|  |TAMS 0x0000000094300000, 0x0000000094300000| Untracked 
| 324|0x0000000094400000, 0x0000000094400000, 0x0000000094500000|  0%| F|  |TAMS 0x0000000094400000, 0x0000000094400000| Untracked 
| 325|0x0000000094500000, 0x0000000094500000, 0x0000000094600000|  0%| F|  |TAMS 0x0000000094500000, 0x0000000094500000| Untracked 
| 326|0x0000000094600000, 0x0000000094600000, 0x0000000094700000|  0%| F|  |TAMS 0x0000000094600000, 0x0000000094600000| Untracked 
| 327|0x0000000094700000, 0x0000000094700000, 0x0000000094800000|  0%| F|  |TAMS 0x0000000094700000, 0x0000000094700000| Untracked 
| 328|0x0000000094800000, 0x0000000094800000, 0x0000000094900000|  0%| F|  |TAMS 0x0000000094800000, 0x0000000094800000| Untracked 
| 329|0x0000000094900000, 0x0000000094900000, 0x0000000094a00000|  0%| F|  |TAMS 0x0000000094900000, 0x0000000094900000| Untracked 
| 330|0x0000000094a00000, 0x0000000094a00000, 0x0000000094b00000|  0%| F|  |TAMS 0x0000000094a00000, 0x0000000094a00000| Untracked 
| 331|0x0000000094b00000, 0x0000000094b00000, 0x0000000094c00000|  0%| F|  |TAMS 0x0000000094b00000, 0x0000000094b00000| Untracked 
| 332|0x0000000094c00000, 0x0000000094c00000, 0x0000000094d00000|  0%| F|  |TAMS 0x0000000094c00000, 0x0000000094c00000| Untracked 
| 333|0x0000000094d00000, 0x0000000094d00000, 0x0000000094e00000|  0%| F|  |TAMS 0x0000000094d00000, 0x0000000094d00000| Untracked 
| 334|0x0000000094e00000, 0x0000000094e00000, 0x0000000094f00000|  0%| F|  |TAMS 0x0000000094e00000, 0x0000000094e00000| Untracked 
| 335|0x0000000094f00000, 0x0000000094f00000, 0x0000000095000000|  0%| F|  |TAMS 0x0000000094f00000, 0x0000000094f00000| Untracked 
| 336|0x0000000095000000, 0x0000000095000000, 0x0000000095100000|  0%| F|  |TAMS 0x0000000095000000, 0x0000000095000000| Untracked 
| 337|0x0000000095100000, 0x0000000095100000, 0x0000000095200000|  0%| F|  |TAMS 0x0000000095100000, 0x0000000095100000| Untracked 
| 338|0x0000000095200000, 0x0000000095200000, 0x0000000095300000|  0%| F|  |TAMS 0x0000000095200000, 0x0000000095200000| Untracked 
| 339|0x0000000095300000, 0x0000000095300000, 0x0000000095400000|  0%| F|  |TAMS 0x0000000095300000, 0x0000000095300000| Untracked 
| 340|0x0000000095400000, 0x0000000095400000, 0x0000000095500000|  0%| F|  |TAMS 0x0000000095400000, 0x0000000095400000| Untracked 
| 341|0x0000000095500000, 0x0000000095500000, 0x0000000095600000|  0%| F|  |TAMS 0x0000000095500000, 0x0000000095500000| Untracked 
| 342|0x0000000095600000, 0x0000000095600000, 0x0000000095700000|  0%| F|  |TAMS 0x0000000095600000, 0x0000000095600000| Untracked 
| 343|0x0000000095700000, 0x0000000095700000, 0x0000000095800000|  0%| F|  |TAMS 0x0000000095700000, 0x0000000095700000| Untracked 
| 344|0x0000000095800000, 0x0000000095882cd8, 0x0000000095900000| 51%| E|  |TAMS 0x0000000095800000, 0x0000000095800000| Complete 
| 345|0x0000000095900000, 0x0000000095a00000, 0x0000000095a00000|100%| E|CS|TAMS 0x0000000095900000, 0x0000000095900000| Complete 
| 346|0x0000000095a00000, 0x0000000095b00000, 0x0000000095b00000|100%| E|CS|TAMS 0x0000000095a00000, 0x0000000095a00000| Complete 
| 347|0x0000000095b00000, 0x0000000095c00000, 0x0000000095c00000|100%| E|CS|TAMS 0x0000000095b00000, 0x0000000095b00000| Complete 
| 348|0x0000000095c00000, 0x0000000095d00000, 0x0000000095d00000|100%| E|CS|TAMS 0x0000000095c00000, 0x0000000095c00000| Complete 
| 349|0x0000000095d00000, 0x0000000095e00000, 0x0000000095e00000|100%| E|CS|TAMS 0x0000000095d00000, 0x0000000095d00000| Complete 
| 350|0x0000000095e00000, 0x0000000095f00000, 0x0000000095f00000|100%| E|CS|TAMS 0x0000000095e00000, 0x0000000095e00000| Complete 
| 351|0x0000000095f00000, 0x0000000096000000, 0x0000000096000000|100%| E|CS|TAMS 0x0000000095f00000, 0x0000000095f00000| Complete 
| 352|0x0000000096000000, 0x0000000096100000, 0x0000000096100000|100%| E|CS|TAMS 0x0000000096000000, 0x0000000096000000| Complete 
| 353|0x0000000096100000, 0x0000000096200000, 0x0000000096200000|100%| E|CS|TAMS 0x0000000096100000, 0x0000000096100000| Complete 
| 354|0x0000000096200000, 0x0000000096300000, 0x0000000096300000|100%| E|CS|TAMS 0x0000000096200000, 0x0000000096200000| Complete 
| 355|0x0000000096300000, 0x0000000096400000, 0x0000000096400000|100%| E|CS|TAMS 0x0000000096300000, 0x0000000096300000| Complete 
| 356|0x0000000096400000, 0x0000000096500000, 0x0000000096500000|100%| E|CS|TAMS 0x0000000096400000, 0x0000000096400000| Complete 
| 357|0x0000000096500000, 0x0000000096600000, 0x0000000096600000|100%| E|CS|TAMS 0x0000000096500000, 0x0000000096500000| Complete 
| 358|0x0000000096600000, 0x0000000096700000, 0x0000000096700000|100%| E|CS|TAMS 0x0000000096600000, 0x0000000096600000| Complete 
| 359|0x0000000096700000, 0x0000000096800000, 0x0000000096800000|100%| E|CS|TAMS 0x0000000096700000, 0x0000000096700000| Complete 
| 360|0x0000000096800000, 0x0000000096900000, 0x0000000096900000|100%| E|CS|TAMS 0x0000000096800000, 0x0000000096800000| Complete 
| 361|0x0000000096900000, 0x0000000096a00000, 0x0000000096a00000|100%| E|CS|TAMS 0x0000000096900000, 0x0000000096900000| Complete 
| 362|0x0000000096a00000, 0x0000000096b00000, 0x0000000096b00000|100%| E|CS|TAMS 0x0000000096a00000, 0x0000000096a00000| Complete 
| 363|0x0000000096b00000, 0x0000000096c00000, 0x0000000096c00000|100%| E|CS|TAMS 0x0000000096b00000, 0x0000000096b00000| Complete 
| 364|0x0000000096c00000, 0x0000000096d00000, 0x0000000096d00000|100%| E|CS|TAMS 0x0000000096c00000, 0x0000000096c00000| Complete 
| 365|0x0000000096d00000, 0x0000000096e00000, 0x0000000096e00000|100%| E|CS|TAMS 0x0000000096d00000, 0x0000000096d00000| Complete 
| 366|0x0000000096e00000, 0x0000000096f00000, 0x0000000096f00000|100%| E|CS|TAMS 0x0000000096e00000, 0x0000000096e00000| Complete 
| 367|0x0000000096f00000, 0x0000000097000000, 0x0000000097000000|100%| E|CS|TAMS 0x0000000096f00000, 0x0000000096f00000| Complete 
| 368|0x0000000097000000, 0x0000000097100000, 0x0000000097100000|100%| E|CS|TAMS 0x0000000097000000, 0x0000000097000000| Complete 
| 369|0x0000000097100000, 0x0000000097200000, 0x0000000097200000|100%| E|CS|TAMS 0x0000000097100000, 0x0000000097100000| Complete 
| 370|0x0000000097200000, 0x0000000097300000, 0x0000000097300000|100%| E|CS|TAMS 0x0000000097200000, 0x0000000097200000| Complete 
| 371|0x0000000097300000, 0x0000000097400000, 0x0000000097400000|100%| E|CS|TAMS 0x0000000097300000, 0x0000000097300000| Complete 
| 372|0x0000000097400000, 0x0000000097500000, 0x0000000097500000|100%| E|CS|TAMS 0x0000000097400000, 0x0000000097400000| Complete 
| 373|0x0000000097500000, 0x0000000097600000, 0x0000000097600000|100%| E|CS|TAMS 0x0000000097500000, 0x0000000097500000| Complete 
| 374|0x0000000097600000, 0x0000000097700000, 0x0000000097700000|100%| E|CS|TAMS 0x0000000097600000, 0x0000000097600000| Complete 
| 375|0x0000000097700000, 0x0000000097800000, 0x0000000097800000|100%| E|CS|TAMS 0x0000000097700000, 0x0000000097700000| Complete 
| 376|0x0000000097800000, 0x0000000097900000, 0x0000000097900000|100%| E|CS|TAMS 0x0000000097800000, 0x0000000097800000| Complete 
| 377|0x0000000097900000, 0x0000000097a00000, 0x0000000097a00000|100%| E|CS|TAMS 0x0000000097900000, 0x0000000097900000| Complete 
| 378|0x0000000097a00000, 0x0000000097b00000, 0x0000000097b00000|100%| E|CS|TAMS 0x0000000097a00000, 0x0000000097a00000| Complete 
| 379|0x0000000097b00000, 0x0000000097c00000, 0x0000000097c00000|100%| E|CS|TAMS 0x0000000097b00000, 0x0000000097b00000| Complete 
| 380|0x0000000097c00000, 0x0000000097d00000, 0x0000000097d00000|100%| E|CS|TAMS 0x0000000097c00000, 0x0000000097c00000| Complete 
| 381|0x0000000097d00000, 0x0000000097e00000, 0x0000000097e00000|100%| E|CS|TAMS 0x0000000097d00000, 0x0000000097d00000| Complete 
| 382|0x0000000097e00000, 0x0000000097f00000, 0x0000000097f00000|100%| E|CS|TAMS 0x0000000097e00000, 0x0000000097e00000| Complete 
| 383|0x0000000097f00000, 0x0000000098000000, 0x0000000098000000|100%| E|CS|TAMS 0x0000000097f00000, 0x0000000097f00000| Complete 
| 384|0x0000000098000000, 0x0000000098100000, 0x0000000098100000|100%| E|CS|TAMS 0x0000000098000000, 0x0000000098000000| Complete 
| 385|0x0000000098100000, 0x0000000098200000, 0x0000000098200000|100%| E|CS|TAMS 0x0000000098100000, 0x0000000098100000| Complete 
| 386|0x0000000098200000, 0x0000000098300000, 0x0000000098300000|100%| E|CS|TAMS 0x0000000098200000, 0x0000000098200000| Complete 
| 387|0x0000000098300000, 0x0000000098400000, 0x0000000098400000|100%| E|CS|TAMS 0x0000000098300000, 0x0000000098300000| Complete 
| 388|0x0000000098400000, 0x0000000098500000, 0x0000000098500000|100%| E|CS|TAMS 0x0000000098400000, 0x0000000098400000| Complete 
| 389|0x0000000098500000, 0x0000000098600000, 0x0000000098600000|100%| E|CS|TAMS 0x0000000098500000, 0x0000000098500000| Complete 
| 390|0x0000000098600000, 0x0000000098700000, 0x0000000098700000|100%| E|CS|TAMS 0x0000000098600000, 0x0000000098600000| Complete 
| 391|0x0000000098700000, 0x0000000098800000, 0x0000000098800000|100%| E|CS|TAMS 0x0000000098700000, 0x0000000098700000| Complete 
| 392|0x0000000098800000, 0x0000000098900000, 0x0000000098900000|100%| E|CS|TAMS 0x0000000098800000, 0x0000000098800000| Complete 
| 393|0x0000000098900000, 0x0000000098a00000, 0x0000000098a00000|100%| E|CS|TAMS 0x0000000098900000, 0x0000000098900000| Complete 
| 394|0x0000000098a00000, 0x0000000098b00000, 0x0000000098b00000|100%| E|CS|TAMS 0x0000000098a00000, 0x0000000098a00000| Complete 
| 395|0x0000000098b00000, 0x0000000098c00000, 0x0000000098c00000|100%| E|CS|TAMS 0x0000000098b00000, 0x0000000098b00000| Complete 
| 396|0x0000000098c00000, 0x0000000098d00000, 0x0000000098d00000|100%| E|CS|TAMS 0x0000000098c00000, 0x0000000098c00000| Complete 

Card table byte_map: [0x000002cc9a860000,0x000002cc9ac60000] _byte_map_base: 0x000002cc9a460000

Marking Bits (Prev, Next): (CMBitMap*) 0x000002cc8754b670, (CMBitMap*) 0x000002cc8754b6b0
 Prev Bits: [0x000002cc9b060000, 0x000002cc9d060000)
 Next Bits: [0x000002cc9d060000, 0x000002cc9f060000)

Polling page: 0x000002cc85440000

Metaspace:

Usage:
  Non-class:    118.43 MB used.
      Class:     18.29 MB used.
       Both:    136.72 MB used.

Virtual space:
  Non-class space:      128.00 MB reserved,     119.00 MB ( 93%) committed,  2 nodes.
      Class space:        1.00 GB reserved,      18.75 MB (  2%) committed,  1 nodes.
             Both:        1.12 GB reserved,     137.75 MB ( 12%) committed. 

Chunk freelists:
   Non-Class:  8.58 MB
       Class:  13.27 MB
        Both:  21.84 MB

MaxMetaspaceSize: unlimited
CompressedClassSpaceSize: 1.00 GB
Initial GC threshold: 21.00 MB
Current GC threshold: 156.69 MB
CDS: off
MetaspaceReclaimPolicy: balanced
 - commit_granule_bytes: 65536.
 - commit_granule_words: 8192.
 - virtual_space_node_default_size: 8388608.
 - enlarge_chunks_in_place: 1.
 - new_chunks_are_fully_committed: 0.
 - uncommit_free_chunks: 1.
 - use_allocation_guard: 0.
 - handle_deallocations: 1.


Internal statistics:

num_allocs_failed_limit: 6.
num_arena_births: 1516.
num_arena_deaths: 0.
num_vsnodes_births: 3.
num_vsnodes_deaths: 0.
num_space_committed: 2203.
num_space_uncommitted: 0.
num_chunks_returned_to_freelist: 6.
num_chunks_taken_from_freelist: 7035.
num_chunk_merges: 3.
num_chunk_splits: 4694.
num_chunks_enlarged: 3112.
num_inconsistent_stats: 0.

CodeHeap 'non-profiled nmethods': size=119168Kb used=13106Kb max_used=13106Kb free=106061Kb
 bounds [0x000002cc92560000, 0x000002cc93230000, 0x000002cc999c0000]
CodeHeap 'profiled nmethods': size=119104Kb used=33881Kb max_used=33881Kb free=85222Kb
 bounds [0x000002cc8a9c0000, 0x000002cc8cae0000, 0x000002cc91e10000]
CodeHeap 'non-nmethods': size=7488Kb used=4138Kb max_used=4243Kb free=3349Kb
 bounds [0x000002cc91e10000, 0x000002cc92240000, 0x000002cc92560000]
 total_blobs=17733 nmethods=16735 adapters=907
 compilation: enabled
              stopped_count=0, restarted_count=0
 full_count=0

Compilation events (20 events):
Event: 15.461 Thread 0x000002cca261d890 nmethod 19840 0x000002cc9321cb10 code [0x000002cc9321cca0, 0x000002cc9321cd78]
Event: 15.461 Thread 0x000002cca24532a0 nmethod 19845 0x000002cc8cad2110 code [0x000002cc8cad22e0, 0x000002cc8cad2648]
Event: 15.461 Thread 0x000002cca73fc750 nmethod 19846 0x000002cc9321ce10 code [0x000002cc9321cfa0, 0x000002cc9321d078]
Event: 15.464 Thread 0x000002cca73fc750 19848       3       com.google.common.collect.CompactHashing::maskCombine (10 bytes)
Event: 15.464 Thread 0x000002cca25c5fd0 19849       3       com.google.common.collect.CompactHashSet::requireTable (8 bytes)
Event: 15.464 Thread 0x000002cca24532a0 19850       3       com.google.common.collect.CompactHashing::tableGet (42 bytes)
Event: 15.464 Thread 0x000002cca73fc750 nmethod 19848 0x000002cc8cad2790 code [0x000002cc8cad2920, 0x000002cc8cad2a18]
Event: 15.464 Thread 0x000002cca261d890 19851       3       java.util.stream.Collectors$$Lambda$1754/0x0000000100e457e0::accept (14 bytes)
Event: 15.464 Thread 0x000002cca73fc750 19853       3       com.google.common.collect.CompactHashSet::delegateOrNull (20 bytes)
Event: 15.464 Thread 0x000002cca25c5fd0 nmethod 19849 0x000002cc8cad2a90 code [0x000002cc8cad2c40, 0x000002cc8cad2ea8]
Event: 15.464 Thread 0x000002cca25c5fd0 19852       3       java.util.stream.Collectors::lambda$mapping$13 (15 bytes)
Event: 15.465 Thread 0x000002cca261d890 nmethod 19851 0x000002cc8cad2f90 code [0x000002cc8cad3140, 0x000002cc8cad3438]
Event: 15.465 Thread 0x000002cca73fc750 nmethod 19853 0x000002cc8cad4010 code [0x000002cc8cad41c0, 0x000002cc8cad4538]
Event: 15.465 Thread 0x000002cca24532a0 nmethod 19850 0x000002cc8cad3590 code [0x000002cc8cad3780, 0x000002cc8cad3e58]
Event: 15.465 Thread 0x000002cca261d890 19854       3       com.google.common.collect.CompactHashing::tableSet (44 bytes)
Event: 15.465 Thread 0x000002cca25c5fd0 nmethod 19852 0x000002cc8cad4610 code [0x000002cc8cad47c0, 0x000002cc8cad4a38]
Event: 15.465 Thread 0x000002cca261d890 nmethod 19854 0x000002cc8cad4b90 code [0x000002cc8cad4d80, 0x000002cc8cad5458]
Event: 15.466 Thread 0x000002cca24532a0 19855       3       dagger.internal.codegen.binding.AutoValue_ComponentNodeImpl::hashCode (34 bytes)
Event: 15.467 Thread 0x000002cca24532a0 nmethod 19855 0x000002cc8cad5610 code [0x000002cc8cad57c0, 0x000002cc8cad5998]
Event: 15.468 Thread 0x000002cca261d890 19856   !   3       dagger.internal.codegen.binding.AutoValue_MembersInjectionBinding::hashCode (46 bytes)

GC Heap History (20 events):
Event: 8.661 GC heap before
{Heap before GC invocations=38 (full 0):
 garbage-first heap   total 227328K, used 183416K [0x0000000080000000, 0x0000000100000000)
  region size 1024K, 65 young (66560K), 9 survivors (9216K)
 Metaspace       used 110329K, committed 111296K, reserved 1179648K
  class space    used 15060K, committed 15488K, reserved 1048576K
}
Event: 8.663 GC heap after
{Heap after GC invocations=39 (full 0):
 garbage-first heap   total 227328K, used 129000K [0x0000000080000000, 0x0000000100000000)
  region size 1024K, 5 young (5120K), 5 survivors (5120K)
 Metaspace       used 110329K, committed 111296K, reserved 1179648K
  class space    used 15060K, committed 15488K, reserved 1048576K
}
Event: 8.738 GC heap before
{Heap before GC invocations=39 (full 0):
 garbage-first heap   total 227328K, used 185320K [0x0000000080000000, 0x0000000100000000)
  region size 1024K, 61 young (62464K), 5 survivors (5120K)
 Metaspace       used 110407K, committed 111360K, reserved 1179648K
  class space    used 15060K, committed 15488K, reserved 1048576K
}
Event: 8.739 GC heap after
{Heap after GC invocations=40 (full 0):
 garbage-first heap   total 227328K, used 129835K [0x0000000080000000, 0x0000000100000000)
  region size 1024K, 5 young (5120K), 5 survivors (5120K)
 Metaspace       used 110407K, committed 111360K, reserved 1179648K
  class space    used 15060K, committed 15488K, reserved 1048576K
}
Event: 8.984 GC heap before
{Heap before GC invocations=40 (full 0):
 garbage-first heap   total 227328K, used 188203K [0x0000000080000000, 0x0000000100000000)
  region size 1024K, 62 young (63488K), 5 survivors (5120K)
 Metaspace       used 111403K, committed 112320K, reserved 1179648K
  class space    used 15198K, committed 15616K, reserved 1048576K
}
Event: 8.987 GC heap after
{Heap after GC invocations=41 (full 0):
 garbage-first heap   total 406528K, used 132617K [0x0000000080000000, 0x0000000100000000)
  region size 1024K, 7 young (7168K), 7 survivors (7168K)
 Metaspace       used 111403K, committed 112320K, reserved 1179648K
  class space    used 15198K, committed 15616K, reserved 1048576K
}
Event: 9.368 GC heap before
{Heap before GC invocations=41 (full 0):
 garbage-first heap   total 406528K, used 331273K [0x0000000080000000, 0x0000000100000000)
  region size 1024K, 201 young (205824K), 7 survivors (7168K)
 Metaspace       used 111817K, committed 112768K, reserved 1179648K
  class space    used 15241K, committed 15680K, reserved 1048576K
}
Event: 9.371 GC heap after
{Heap after GC invocations=42 (full 0):
 garbage-first heap   total 406528K, used 138827K [0x0000000080000000, 0x0000000100000000)
  region size 1024K, 13 young (13312K), 13 survivors (13312K)
 Metaspace       used 111817K, committed 112768K, reserved 1179648K
  class space    used 15241K, committed 15680K, reserved 1048576K
}
Event: 9.932 GC heap before
{Heap before GC invocations=42 (full 0):
 garbage-first heap   total 406528K, used 330315K [0x0000000080000000, 0x0000000100000000)
  region size 1024K, 201 young (205824K), 13 survivors (13312K)
 Metaspace       used 112491K, committed 113408K, reserved 1179648K
  class space    used 15322K, committed 15744K, reserved 1048576K
}
Event: 9.936 GC heap after
{Heap after GC invocations=43 (full 0):
 garbage-first heap   total 406528K, used 144763K [0x0000000080000000, 0x0000000100000000)
  region size 1024K, 19 young (19456K), 19 survivors (19456K)
 Metaspace       used 112491K, committed 113408K, reserved 1179648K
  class space    used 15322K, committed 15744K, reserved 1048576K
}
Event: 10.566 GC heap before
{Heap before GC invocations=43 (full 0):
 garbage-first heap   total 406528K, used 333179K [0x0000000080000000, 0x0000000100000000)
  region size 1024K, 204 young (208896K), 19 survivors (19456K)
 Metaspace       used 116174K, committed 117184K, reserved 1179648K
  class space    used 15751K, committed 16192K, reserved 1048576K
}
Event: 10.571 GC heap after
{Heap after GC invocations=44 (full 0):
 garbage-first heap   total 406528K, used 152112K [0x0000000080000000, 0x0000000100000000)
  region size 1024K, 16 young (16384K), 16 survivors (16384K)
 Metaspace       used 116174K, committed 117184K, reserved 1179648K
  class space    used 15751K, committed 16192K, reserved 1048576K
}
Event: 12.812 GC heap before
{Heap before GC invocations=44 (full 0):
 garbage-first heap   total 406528K, used 335408K [0x0000000080000000, 0x0000000100000000)
  region size 1024K, 196 young (200704K), 16 survivors (16384K)
 Metaspace       used 121145K, committed 122176K, reserved 1179648K
  class space    used 16493K, committed 16960K, reserved 1048576K
}
Event: 12.821 GC heap after
{Heap after GC invocations=45 (full 0):
 garbage-first heap   total 406528K, used 167371K [0x0000000080000000, 0x0000000100000000)
  region size 1024K, 25 young (25600K), 25 survivors (25600K)
 Metaspace       used 121145K, committed 122176K, reserved 1179648K
  class space    used 16493K, committed 16960K, reserved 1048576K
}
Event: 13.620 GC heap before
{Heap before GC invocations=45 (full 0):
 garbage-first heap   total 406528K, used 330187K [0x0000000080000000, 0x0000000100000000)
  region size 1024K, 183 young (187392K), 25 survivors (25600K)
 Metaspace       used 126310K, committed 127296K, reserved 1179648K
  class space    used 17084K, committed 17536K, reserved 1048576K
}
Event: 13.625 GC heap after
{Heap after GC invocations=46 (full 0):
 garbage-first heap   total 406528K, used 172770K [0x0000000080000000, 0x0000000100000000)
  region size 1024K, 9 young (9216K), 9 survivors (9216K)
 Metaspace       used 126310K, committed 127296K, reserved 1179648K
  class space    used 17084K, committed 17536K, reserved 1048576K
}
Event: 14.023 GC heap before
{Heap before GC invocations=46 (full 0):
 garbage-first heap   total 406528K, used 331490K [0x0000000080000000, 0x0000000100000000)
  region size 1024K, 165 young (168960K), 9 survivors (9216K)
 Metaspace       used 126507K, committed 127552K, reserved 1179648K
  class space    used 17113K, committed 17600K, reserved 1048576K
}
Event: 14.029 GC heap after
{Heap after GC invocations=47 (full 0):
 garbage-first heap   total 406528K, used 177755K [0x0000000080000000, 0x0000000100000000)
  region size 1024K, 16 young (16384K), 16 survivors (16384K)
 Metaspace       used 126507K, committed 127552K, reserved 1179648K
  class space    used 17113K, committed 17600K, reserved 1048576K
}
Event: 15.043 GC heap before
{Heap before GC invocations=47 (full 0):
 garbage-first heap   total 406528K, used 332379K [0x0000000080000000, 0x0000000100000000)
  region size 1024K, 163 young (166912K), 16 survivors (16384K)
 Metaspace       used 138305K, committed 139392K, reserved 1179648K
  class space    used 18505K, committed 19008K, reserved 1048576K
}
Event: 15.053 GC heap after
{Heap after GC invocations=48 (full 0):
 garbage-first heap   total 406528K, used 201633K [0x0000000080000000, 0x0000000100000000)
  region size 1024K, 21 young (21504K), 21 survivors (21504K)
 Metaspace       used 138305K, committed 139392K, reserved 1179648K
  class space    used 18505K, committed 19008K, reserved 1048576K
}

Dll operation events (3 events):
Event: 0.004 Loaded shared library C:\Program Files\Android\Android Studio2\jbr\bin\java.dll
Event: 0.070 Loaded shared library C:\Program Files\Android\Android Studio2\jbr\bin\zip.dll
Event: 0.223 Loaded shared library C:\Program Files\Android\Android Studio2\jbr\bin\verify.dll

Deoptimization events (20 events):
Event: 15.333 Thread 0x000002cca898b780 Uncommon trap: trap_request=0xffffffde fr.pc=0x000002cc931a8194 relative=0x0000000000000074
Event: 15.333 Thread 0x000002cca898b780 Uncommon trap: reason=class_check action=maybe_recompile pc=0x000002cc931a8194 method=dagger.spi.internal.shaded.auto.common.MoreTypes$AsElementVisitor.visitDeclared(Ljavax/lang/model/type/DeclaredType;Ljava/lang/Void;)Ljavax/lang/model/element/Element; @
Event: 15.333 Thread 0x000002cca898b780 DEOPT PACKING pc=0x000002cc931a8194 sp=0x000000d359cf8220
Event: 15.333 Thread 0x000002cca898b780 DEOPT UNPACKING pc=0x000002cc91e669a3 sp=0x000000d359cf8128 mode 2
Event: 15.340 Thread 0x000002cca898b780 Uncommon trap: trap_request=0xffffffde fr.pc=0x000002cc931aa408 relative=0x0000000000000068
Event: 15.340 Thread 0x000002cca898b780 Uncommon trap: reason=class_check action=maybe_recompile pc=0x000002cc931aa408 method=dagger.spi.internal.shaded.auto.common.MoreTypes.asElement(Ljavax/lang/model/type/TypeMirror;)Ljavax/lang/model/element/Element; @ 5 c2
Event: 15.340 Thread 0x000002cca898b780 DEOPT PACKING pc=0x000002cc931aa408 sp=0x000000d359cf8320
Event: 15.340 Thread 0x000002cca898b780 DEOPT UNPACKING pc=0x000002cc91e669a3 sp=0x000000d359cf8240 mode 2
Event: 15.340 Thread 0x000002cca898b780 Uncommon trap: trap_request=0xffffffde fr.pc=0x000002cc931a8194 relative=0x0000000000000074
Event: 15.340 Thread 0x000002cca898b780 Uncommon trap: reason=class_check action=maybe_recompile pc=0x000002cc931a8194 method=dagger.spi.internal.shaded.auto.common.MoreTypes$AsElementVisitor.visitDeclared(Ljavax/lang/model/type/DeclaredType;Ljava/lang/Void;)Ljavax/lang/model/element/Element; @
Event: 15.340 Thread 0x000002cca898b780 DEOPT PACKING pc=0x000002cc931a8194 sp=0x000000d359cf8220
Event: 15.340 Thread 0x000002cca898b780 DEOPT UNPACKING pc=0x000002cc91e669a3 sp=0x000000d359cf8128 mode 2
Event: 15.344 Thread 0x000002cca898b780 Uncommon trap: trap_request=0xffffffde fr.pc=0x000002cc931aa408 relative=0x0000000000000068
Event: 15.344 Thread 0x000002cca898b780 Uncommon trap: reason=class_check action=maybe_recompile pc=0x000002cc931aa408 method=dagger.spi.internal.shaded.auto.common.MoreTypes.asElement(Ljavax/lang/model/type/TypeMirror;)Ljavax/lang/model/element/Element; @ 5 c2
Event: 15.344 Thread 0x000002cca898b780 DEOPT PACKING pc=0x000002cc931aa408 sp=0x000000d359cf8320
Event: 15.344 Thread 0x000002cca898b780 DEOPT UNPACKING pc=0x000002cc91e669a3 sp=0x000000d359cf8240 mode 2
Event: 15.344 Thread 0x000002cca898b780 Uncommon trap: trap_request=0xffffffde fr.pc=0x000002cc931a8194 relative=0x0000000000000074
Event: 15.344 Thread 0x000002cca898b780 Uncommon trap: reason=class_check action=maybe_recompile pc=0x000002cc931a8194 method=dagger.spi.internal.shaded.auto.common.MoreTypes$AsElementVisitor.visitDeclared(Ljavax/lang/model/type/DeclaredType;Ljava/lang/Void;)Ljavax/lang/model/element/Element; @
Event: 15.344 Thread 0x000002cca898b780 DEOPT PACKING pc=0x000002cc931a8194 sp=0x000000d359cf8220
Event: 15.344 Thread 0x000002cca898b780 DEOPT UNPACKING pc=0x000002cc91e669a3 sp=0x000000d359cf8128 mode 2

Classes unloaded (0 events):
No events

Classes redefined (0 events):
No events

Internal exceptions (20 events):
Event: 15.309 Thread 0x000002cca898b780 Exception <a 'sun/nio/fs/WindowsException'{0x0000000096ed1088}> (0x0000000096ed1088) 
thrown [s\src\hotspot\share\prims\jni.cpp, line 517]
Event: 15.309 Thread 0x000002cca898b780 Exception <a 'sun/nio/fs/WindowsException'{0x0000000096ed1288}> (0x0000000096ed1288) 
thrown [s\src\hotspot\share\prims\jni.cpp, line 517]
Event: 15.309 Thread 0x000002cca898b780 Exception <a 'sun/nio/fs/WindowsException'{0x0000000096ed4618}> (0x0000000096ed4618) 
thrown [s\src\hotspot\share\prims\jni.cpp, line 517]
Event: 15.309 Thread 0x000002cca898b780 Exception <a 'sun/nio/fs/WindowsException'{0x0000000096ed4888}> (0x0000000096ed4888) 
thrown [s\src\hotspot\share\prims\jni.cpp, line 517]
Event: 15.310 Thread 0x000002cca898b780 Exception <a 'sun/nio/fs/WindowsException'{0x0000000096ed8620}> (0x0000000096ed8620) 
thrown [s\src\hotspot\share\prims\jni.cpp, line 517]
Event: 15.310 Thread 0x000002cca898b780 Exception <a 'sun/nio/fs/WindowsException'{0x0000000096ed8868}> (0x0000000096ed8868) 
thrown [s\src\hotspot\share\prims\jni.cpp, line 517]
Event: 15.310 Thread 0x000002cca898b780 Exception <a 'sun/nio/fs/WindowsException'{0x0000000096ee7ab8}> (0x0000000096ee7ab8) 
thrown [s\src\hotspot\share\prims\jni.cpp, line 517]
Event: 15.310 Thread 0x000002cca898b780 Exception <a 'sun/nio/fs/WindowsException'{0x0000000096ee7cd0}> (0x0000000096ee7cd0) 
thrown [s\src\hotspot\share\prims\jni.cpp, line 517]
Event: 15.310 Thread 0x000002cca898b780 Exception <a 'sun/nio/fs/WindowsException'{0x0000000096eeb028}> (0x0000000096eeb028) 
thrown [s\src\hotspot\share\prims\jni.cpp, line 517]
Event: 15.310 Thread 0x000002cca898b780 Exception <a 'sun/nio/fs/WindowsException'{0x0000000096eeb240}> (0x0000000096eeb240) 
thrown [s\src\hotspot\share\prims\jni.cpp, line 517]
Event: 15.311 Thread 0x000002cca898b780 Exception <a 'sun/nio/fs/WindowsException'{0x0000000096eee600}> (0x0000000096eee600) 
thrown [s\src\hotspot\share\prims\jni.cpp, line 517]
Event: 15.311 Thread 0x000002cca898b780 Exception <a 'sun/nio/fs/WindowsException'{0x0000000096eee888}> (0x0000000096eee888) 
thrown [s\src\hotspot\share\prims\jni.cpp, line 517]
Event: 15.311 Thread 0x000002cca898b780 Exception <a 'sun/nio/fs/WindowsException'{0x0000000096ef26b8}> (0x0000000096ef26b8) 
thrown [s\src\hotspot\share\prims\jni.cpp, line 517]
Event: 15.311 Thread 0x000002cca898b780 Exception <a 'sun/nio/fs/WindowsException'{0x0000000096ef2928}> (0x0000000096ef2928) 
thrown [s\src\hotspot\share\prims\jni.cpp, line 517]
Event: 15.311 Thread 0x000002cca898b780 Exception <a 'sun/nio/fs/WindowsException'{0x0000000096d050a0}> (0x0000000096d050a0) 
thrown [s\src\hotspot\share\prims\jni.cpp, line 517]
Event: 15.311 Thread 0x000002cca898b780 Exception <a 'sun/nio/fs/WindowsException'{0x0000000096d052d0}> (0x0000000096d052d0) 
thrown [s\src\hotspot\share\prims\jni.cpp, line 517]
Event: 15.311 Thread 0x000002cca898b780 Exception <a 'sun/nio/fs/WindowsException'{0x0000000096d08658}> (0x0000000096d08658) 
thrown [s\src\hotspot\share\prims\jni.cpp, line 517]
Event: 15.311 Thread 0x000002cca898b780 Exception <a 'sun/nio/fs/WindowsException'{0x0000000096d08888}> (0x0000000096d08888) 
thrown [s\src\hotspot\share\prims\jni.cpp, line 517]
Event: 15.312 Thread 0x000002cca898b780 Exception <a 'sun/nio/fs/WindowsException'{0x0000000096d0bc78}> (0x0000000096d0bc78) 
thrown [s\src\hotspot\share\prims\jni.cpp, line 517]
Event: 15.312 Thread 0x000002cca898b780 Exception <a 'sun/nio/fs/WindowsException'{0x0000000096d0bf18}> (0x0000000096d0bf18) 
thrown [s\src\hotspot\share\prims\jni.cpp, line 517]

VM Operations (20 events):
Event: 14.728 Executing VM operation: HandshakeAllThreads
Event: 14.728 Executing VM operation: HandshakeAllThreads done
Event: 14.803 Executing VM operation: HandshakeAllThreads
Event: 14.804 Executing VM operation: HandshakeAllThreads done
Event: 14.854 Executing VM operation: ICBufferFull
Event: 14.854 Executing VM operation: ICBufferFull done
Event: 15.004 Executing VM operation: ICBufferFull
Event: 15.004 Executing VM operation: ICBufferFull done
Event: 15.011 Executing VM operation: HandshakeAllThreads
Event: 15.011 Executing VM operation: HandshakeAllThreads done
Event: 15.043 Executing VM operation: G1CollectForAllocation
Event: 15.053 Executing VM operation: G1CollectForAllocation done
Event: 15.145 Executing VM operation: HandshakeAllThreads
Event: 15.145 Executing VM operation: HandshakeAllThreads done
Event: 15.239 Executing VM operation: HandshakeAllThreads
Event: 15.240 Executing VM operation: HandshakeAllThreads done
Event: 15.253 Executing VM operation: HandshakeAllThreads
Event: 15.254 Executing VM operation: HandshakeAllThreads done
Event: 15.301 Executing VM operation: ICBufferFull
Event: 15.301 Executing VM operation: ICBufferFull done

Events (20 events):
Event: 14.002 Thread 0x000002cca2455cb0 flushing nmethod 0x000002cc8b690590
Event: 14.002 Thread 0x000002cca2455cb0 flushing nmethod 0x000002cc8b713f10
Event: 14.006 Thread 0x000002cca2455cb0 flushing nmethod 0x000002cc8c2c6590
Event: 14.007 Thread 0x000002cca2455cb0 flushing nmethod 0x000002cc8c581510
Event: 14.178 Thread 0x000002ccb5907ab0 Thread exited: 0x000002ccb5907ab0
Event: 14.379 loading class java/util/regex/Pattern$LineEnding
Event: 14.379 loading class java/util/regex/Pattern$LineEnding done
Event: 14.448 loading class java/io/FilterWriter
Event: 14.448 loading class java/io/FilterWriter done
Event: 14.449 loading class java/util/Collections$UnmodifiableList$1
Event: 14.449 loading class java/util/Collections$UnmodifiableList$1 done
Event: 14.576 loading class java/lang/annotation/Repeatable
Event: 14.577 loading class java/lang/annotation/Repeatable done
Event: 14.719 loading class java/util/regex/Matcher$ImmutableMatchResult
Event: 14.720 loading class java/util/regex/Matcher$ImmutableMatchResult done
Event: 14.910 loading class java/util/Comparators$NullComparator
Event: 14.910 loading class java/util/Comparators$NullComparator done
Event: 15.175 loading class java/util/AbstractList$RandomAccessSpliterator
Event: 15.175 loading class java/util/AbstractList$RandomAccessSpliterator done
Event: 15.390 Thread 0x000002ccb5909540 Thread added: 0x000002ccb5909540


Dynamic libraries:
0x00007ff621960000 - 0x00007ff62196a000 	C:\Program Files\Android\Android Studio2\jbr\bin\java.exe
0x00007ffa77f70000 - 0x00007ffa78187000 	C:\WINDOWS\SYSTEM32\ntdll.dll
0x00007ffa76640000 - 0x00007ffa76704000 	C:\WINDOWS\System32\KERNEL32.DLL
0x00007ffa752b0000 - 0x00007ffa75667000 	C:\WINDOWS\System32\KERNELBASE.dll
0x00007ffa75b80000 - 0x00007ffa75c91000 	C:\WINDOWS\System32\ucrtbase.dll
0x00007ffa6c360000 - 0x00007ffa6c377000 	C:\Program Files\Android\Android Studio2\jbr\bin\jli.dll
0x00007ffa55660000 - 0x00007ffa5567b000 	C:\Program Files\Android\Android Studio2\jbr\bin\VCRUNTIME140.dll
0x00007ffa76290000 - 0x00007ffa7643f000 	C:\WINDOWS\System32\USER32.dll
0x00007ffa75a60000 - 0x00007ffa75a86000 	C:\WINDOWS\System32\win32u.dll
0x00007ffa77a60000 - 0x00007ffa77a89000 	C:\WINDOWS\System32\GDI32.dll
0x00007ffa61aa0000 - 0x00007ffa61d33000 	C:\WINDOWS\WinSxS\amd64_microsoft.windows.common-controls_6595b64144ccf1df_6.0.22621.3672_none_2713b9d173822955\COMCTL32.dll
0x00007ffa75670000 - 0x00007ffa75788000 	C:\WINDOWS\System32\gdi32full.dll
0x00007ffa75790000 - 0x00007ffa7582a000 	C:\WINDOWS\System32\msvcp_win.dll
0x00007ffa76870000 - 0x00007ffa76917000 	C:\WINDOWS\System32\msvcrt.dll
0x00007ffa76ad0000 - 0x00007ffa76b01000 	C:\WINDOWS\System32\IMM32.DLL
0x00007ffa61470000 - 0x00007ffa6147c000 	C:\Program Files\Android\Android Studio2\jbr\bin\vcruntime140_1.dll
0x00007ffa20c10000 - 0x00007ffa20c9d000 	C:\Program Files\Android\Android Studio2\jbr\bin\msvcp140.dll
0x00007ffa15620000 - 0x00007ffa162a3000 	C:\Program Files\Android\Android Studio2\jbr\bin\server\jvm.dll
0x00007ffa77020000 - 0x00007ffa770d2000 	C:\WINDOWS\System32\ADVAPI32.dll
0x00007ffa77140000 - 0x00007ffa771e8000 	C:\WINDOWS\System32\sechost.dll
0x00007ffa75280000 - 0x00007ffa752a8000 	C:\WINDOWS\System32\bcrypt.dll
0x00007ffa75d50000 - 0x00007ffa75e64000 	C:\WINDOWS\System32\RPCRT4.dll
0x00007ffa740f0000 - 0x00007ffa7413d000 	C:\WINDOWS\SYSTEM32\POWRPROF.dll
0x00007ffa6e100000 - 0x00007ffa6e109000 	C:\WINDOWS\SYSTEM32\WSOCK32.dll
0x00007ffa6eda0000 - 0x00007ffa6edd4000 	C:\WINDOWS\SYSTEM32\WINMM.dll
0x00007ffa6b8b0000 - 0x00007ffa6b8ba000 	C:\WINDOWS\SYSTEM32\VERSION.dll
0x00007ffa77e90000 - 0x00007ffa77f01000 	C:\WINDOWS\System32\WS2_32.dll
0x00007ffa740d0000 - 0x00007ffa740e3000 	C:\WINDOWS\SYSTEM32\UMPDC.dll
0x00007ffa74320000 - 0x00007ffa74338000 	C:\WINDOWS\SYSTEM32\kernel.appcore.dll
0x00007ffa700b0000 - 0x00007ffa700ba000 	C:\Program Files\Android\Android Studio2\jbr\bin\jimage.dll
0x00007ffa72aa0000 - 0x00007ffa72cd2000 	C:\WINDOWS\SYSTEM32\DBGHELP.DLL
0x00007ffa75ef0000 - 0x00007ffa7627e000 	C:\WINDOWS\System32\combase.dll
0x00007ffa76460000 - 0x00007ffa76537000 	C:\WINDOWS\System32\OLEAUT32.dll
0x00007ffa65ec0000 - 0x00007ffa65ef2000 	C:\WINDOWS\SYSTEM32\dbgcore.DLL
0x00007ffa75a90000 - 0x00007ffa75b0b000 	C:\WINDOWS\System32\bcryptPrimitives.dll
0x00007ffa6c600000 - 0x00007ffa6c60e000 	C:\Program Files\Android\Android Studio2\jbr\bin\instrument.dll
0x00007ffa6fca0000 - 0x00007ffa6fcc5000 	C:\Program Files\Android\Android Studio2\jbr\bin\java.dll
0x00007ffa6fc80000 - 0x00007ffa6fc98000 	C:\Program Files\Android\Android Studio2\jbr\bin\zip.dll
0x00007ffa771f0000 - 0x00007ffa77a59000 	C:\WINDOWS\System32\SHELL32.dll
0x00007ffa731b0000 - 0x00007ffa73aaf000 	C:\WINDOWS\SYSTEM32\windows.storage.dll
0x00007ffa73070000 - 0x00007ffa731af000 	C:\WINDOWS\SYSTEM32\wintypes.dll
0x00007ffa76540000 - 0x00007ffa76639000 	C:\WINDOWS\System32\SHCORE.dll
0x00007ffa77e30000 - 0x00007ffa77e8e000 	C:\WINDOWS\System32\shlwapi.dll
0x00007ffa751b0000 - 0x00007ffa751d7000 	C:\WINDOWS\SYSTEM32\profapi.dll
0x00007ffa6eee0000 - 0x00007ffa6eef9000 	C:\Program Files\Android\Android Studio2\jbr\bin\net.dll
0x00007ffa70cb0000 - 0x00007ffa70de6000 	C:\WINDOWS\SYSTEM32\WINHTTP.dll
0x00007ffa747e0000 - 0x00007ffa74849000 	C:\WINDOWS\system32\mswsock.dll
0x00007ffa6ee40000 - 0x00007ffa6ee56000 	C:\Program Files\Android\Android Studio2\jbr\bin\nio.dll
0x00007ffa6c610000 - 0x00007ffa6c620000 	C:\Program Files\Android\Android Studio2\jbr\bin\verify.dll
0x00007ffa51db0000 - 0x00007ffa51dd7000 	C:\Users\Hashem Arenat\.gradle\native\c067742578af261105cb4f569cf0c3c89f3d7b1fecec35dd04571415982c5e48\windows-amd64\native-platform.dll
0x00007ffa32330000 - 0x00007ffa32474000 	C:\Users\Hashem Arenat\.gradle\native\38dada09dfb8b06ba9b0570ebf7e218e3eb74d4ef43ca46872605cf95ebc2f47\windows-amd64\native-platform-file-events.dll
0x00007ffa6e820000 - 0x00007ffa6e829000 	C:\Program Files\Android\Android Studio2\jbr\bin\management.dll
0x00007ffa6e5c0000 - 0x00007ffa6e5cb000 	C:\Program Files\Android\Android Studio2\jbr\bin\management_ext.dll
0x00007ffa76280000 - 0x00007ffa76288000 	C:\WINDOWS\System32\PSAPI.DLL
0x00007ffa74b30000 - 0x00007ffa74b4b000 	C:\WINDOWS\SYSTEM32\CRYPTSP.dll
0x00007ffa742e0000 - 0x00007ffa74315000 	C:\WINDOWS\system32\rsaenh.dll
0x00007ffa74880000 - 0x00007ffa748a8000 	C:\WINDOWS\SYSTEM32\USERENV.dll
0x00007ffa74b10000 - 0x00007ffa74b1c000 	C:\WINDOWS\SYSTEM32\CRYPTBASE.dll
0x00007ffa73d80000 - 0x00007ffa73dad000 	C:\WINDOWS\SYSTEM32\IPHLPAPI.DLL
0x00007ffa76440000 - 0x00007ffa76449000 	C:\WINDOWS\System32\NSI.dll
0x00007ffa70890000 - 0x00007ffa708a9000 	C:\WINDOWS\SYSTEM32\dhcpcsvc6.DLL
0x00007ffa70870000 - 0x00007ffa7088f000 	C:\WINDOWS\SYSTEM32\dhcpcsvc.DLL
0x00007ffa73df0000 - 0x00007ffa73ef2000 	C:\WINDOWS\SYSTEM32\DNSAPI.dll
0x00007ffa6fbe0000 - 0x00007ffa6fbe9000 	C:\Program Files\Android\Android Studio2\jbr\bin\extnet.dll
0x00007ffa65ff0000 - 0x00007ffa65ff8000 	C:\WINDOWS\system32\wshunix.dll
0x00007ffa1fe10000 - 0x00007ffa1fe27000 	C:\WINDOWS\system32\napinsp.dll
0x00007ffa1fe50000 - 0x00007ffa1fe6b000 	C:\WINDOWS\system32\pnrpnsp.dll
0x00007ffa1fe30000 - 0x00007ffa1fe41000 	C:\WINDOWS\System32\winrnr.dll
0x00007ffa6ec50000 - 0x00007ffa6ec65000 	C:\WINDOWS\system32\wshbth.dll
0x00007ffa1fe70000 - 0x00007ffa1fe97000 	C:\WINDOWS\system32\nlansp_c.dll
0x00007ffa700c0000 - 0x00007ffa700ca000 	C:\Windows\System32\rasadhlp.dll
0x00007ffa6f770000 - 0x00007ffa6f7f3000 	C:\WINDOWS\System32\fwpuclnt.dll
0x00007ffa4f3f0000 - 0x00007ffa4f3f7000 	C:\Program Files\Android\Android Studio2\jbr\bin\rmi.dll

dbghelp: loaded successfully - version: 4.0.5 - missing functions: none
symbol engine: initialized successfully - sym options: 0x614 - pdb path: .;C:\Program Files\Android\Android Studio2\jbr\bin;C:\WINDOWS\SYSTEM32;C:\WINDOWS\WinSxS\amd64_microsoft.windows.common-controls_6595b64144ccf1df_6.0.22621.3672_none_2713b9d173822955;C:\Program Files\Android\Android Studio2\jbr\bin\server;C:\Users\Hashem Arenat\.gradle\native\c067742578af261105cb4f569cf0c3c89f3d7b1fecec35dd04571415982c5e48\windows-amd64;C:\Users\Hashem Arenat\.gradle\native\38dada09dfb8b06ba9b0570ebf7e218e3eb74d4ef43ca46872605cf95ebc2f47\windows-amd64

VM Arguments:
jvm_args: --add-opens=java.base/java.util=ALL-UNNAMED --add-opens=java.base/java.lang=ALL-UNNAMED --add-opens=java.base/java.lang.invoke=ALL-UNNAMED --add-opens=java.prefs/java.util.prefs=ALL-UNNAMED --add-opens=java.base/java.nio.charset=ALL-UNNAMED --add-opens=java.base/java.net=ALL-UNNAMED --add-opens=java.base/java.util.concurrent.atomic=ALL-UNNAMED -Xmx2048M -Dfile.encoding=UTF-8 -Duser.country=US -Duser.language=en -Duser.variant -javaagent:C:\Users\Hashem Arenat\.gradle\wrapper\dists\gradle-8.7-bin\bhs2wmbdwecv87pi65oeuq5iu\gradle-8.7\lib\agents\gradle-instrumentation-agent-8.7.jar 
java_command: org.gradle.launcher.daemon.bootstrap.GradleDaemon 8.7
java_class_path (initial): C:\Users\Hashem Arenat\.gradle\wrapper\dists\gradle-8.7-bin\bhs2wmbdwecv87pi65oeuq5iu\gradle-8.7\lib\gradle-launcher-8.7.jar
Launcher Type: SUN_STANDARD

[Global flags]
     intx CICompilerCount                          = 12                                        {product} {ergonomic}
     uint ConcGCThreads                            = 4                                         {product} {ergonomic}
     uint G1ConcRefinementThreads                  = 15                                        {product} {ergonomic}
   size_t G1HeapRegionSize                         = 1048576                                   {product} {ergonomic}
    uintx GCDrainStackTargetSize                   = 64                                        {product} {ergonomic}
   size_t InitialHeapSize                          = 264241152                                 {product} {ergonomic}
   size_t MarkStackSize                            = 4194304                                   {product} {ergonomic}
   size_t MaxHeapSize                              = 2147483648                                {product} {command line}
   size_t MaxNewSize                               = 1287651328                                {product} {ergonomic}
   size_t MinHeapDeltaBytes                        = 1048576                                   {product} {ergonomic}
   size_t MinHeapSize                              = 8388608                                   {product} {ergonomic}
    uintx NonNMethodCodeHeapSize                   = 7602480                                {pd product} {ergonomic}
    uintx NonProfiledCodeHeapSize                  = 122027880                              {pd product} {ergonomic}
    uintx ProfiledCodeHeapSize                     = 122027880                              {pd product} {ergonomic}
    uintx ReservedCodeCacheSize                    = 251658240                              {pd product} {ergonomic}
     bool SegmentedCodeCache                       = true                                      {product} {ergonomic}
   size_t SoftMaxHeapSize                          = 2147483648                             {manageable} {ergonomic}
     bool UseCompressedClassPointers               = true                           {product lp64_product} {ergonomic}
     bool UseCompressedOops                        = true                           {product lp64_product} {ergonomic}
     bool UseG1GC                                  = true                                      {product} {ergonomic}
     bool UseLargePagesIndividualAllocation        = false                                  {pd product} {ergonomic}

Logging:
Log output configuration:
 #0: stdout all=warning uptime,level,tags
 #1: stderr all=off uptime,level,tags

Environment Variables:
JAVA_HOME=C:\Program Files\Java\jdk-21
PATH=D:\DevSuiteHome_1\jdk\jre\bin\classic;D:\DevSuiteHome_1\jdk\jre\bin;D:\DevSuiteHome_1\jdk\jre\bin\client;D:\DevSuiteHome_1\jlib;D:\DevSuiteHome_1\bin;D:\DevSuiteHome_1\jre\1.4.2\bin\client;D:\DevSuiteHome_1\jre\1.4.2\bin;C:\Program Files\Common Files\Oracle\Java\javapath;C:\WINDOWS\system32;C:\WINDOWS;C:\WINDOWS\System32\Wbem;C:\WINDOWS\System32\WindowsPowerShell\v1.0\;C:\WINDOWS\System32\OpenSSH\;C:\MinGW\bin;C:\Program Files\Java\jdk-21\bin;C:\Program Files\nodejs;C:\Program Files\nodejs\node_modules\npm\bin;C:\Program Files\Git\cmd;C:\Program Files\dotnet\;C:\Users\Hashem Arenat\AppData\Local\Microsoft\WindowsApps;C:\AppServ\Apache24\bin;C:\AppServ\php7;C:\AppServ\MySQL\bin;C:\Program Files\Java\jdk-21\bin;C:\scrcpy-win64-v2.2;C:\dart-sdk\bin;C:\Users\Hashem Arenat\AppData\Local\Programs\Microsoft VS Code\bin;C:\flutter\bin;C:\Users\Hashem Arenat\Desktop\cmder\bin;C:\Users\Hashem Arenat\AppData\Roaming\npm;;C:\Program Files\JetBrains\IntelliJ IDEA Community Edition 2024.1.2\bin;;C:\Program Files\JetBrains\IntelliJ IDEA 2024.1.2\bin;
USERNAME=Hashem 1
OS=Windows_NT
PROCESSOR_IDENTIFIER=Intel64 Family 6 Model 154 Stepping 3, GenuineIntel
TMP=C:\Users\HASHEM~1\AppData\Local\Temp
TEMP=C:\Users\HASHEM~1\AppData\Local\Temp



Periodic native trim disabled

JNI global refs:
JNI global refs: 40, weak refs: 0

JNI global refs memory usage: 843, weak refs: 841

OOME stack traces (most recent first):
Classloader memory used:
Loader org.gradle.internal.classloader.VisitableURLClassLoader                         : 5372K
Loader org.gradle.internal.classloader.VisitableURLClassLoader$InstrumentingVisitableURLClassLoader: 4343K
Loader bootstrap                                                                       : 3347K
Loader java.net.URLClassLoader                                                         : 1595K
Loader org.gradle.initialization.MixInLegacyTypesClassLoader                           : 1500K
Loader jdk.internal.loader.ClassLoaders$AppClassLoader                                 : 1060K
Loader jdk.internal.reflect.DelegatingClassLoader                                      : 118K
Loader jdk.internal.loader.ClassLoaders$PlatformClassLoader                            : 113K
Loader org.codehaus.groovy.runtime.callsite.CallSiteClassLoader                        : 32128B
Loader org.gradle.internal.classloader.VisitableURLClassLoader                         : 19365B
Loader sun.reflect.misc.MethodUtil                                                     : 373B

Classes loaded by more than one classloader:
Class Program                                                                         : loaded 5 times (x 70B)
Class com.google.common.collect.AbstractMapBasedMultimap$KeySet$1                     : loaded 3 times (x 80B)
Class com.google.common.collect.ImmutableSet$CachingAsList                            : loaded 3 times (x 146B)
Class com.google.common.collect.Iterators$MergingIterator                             : loaded 3 times (x 79B)
Class com.google.common.collect.Multiset                                              : loaded 3 times (x 68B)
Class com.google.common.collect.RegularImmutableList                                  : loaded 3 times (x 173B)
Class com.google.common.base.CharMatcher$IsEither                                     : loaded 3 times (x 109B)
Class com.google.common.base.CharMatcher$AnyOf                                        : loaded 3 times (x 110B)
Class com.google.common.base.Equivalence$Identity                                     : loaded 3 times (x 80B)
Class com.google.common.collect.ImmutableAsList                                       : loaded 3 times (x 169B)
Class com.google.common.collect.Platform                                              : loaded 3 times (x 69B)
Class com.google.common.collect.Sets$4                                                : loaded 3 times (x 137B)
Class [Lcom.google.common.collect.AbstractMapEntry;                                   : loaded 3 times (x 67B)
Class com.google.common.collect.Sets$3                                                : loaded 3 times (x 137B)
Class com.google.common.collect.SingletonImmutableList                                : loaded 3 times (x 167B)
Class com.google.common.collect.Sets$2                                                : loaded 3 times (x 137B)
Class com.google.common.collect.Sets$1                                                : loaded 3 times (x 137B)
Class com.google.common.collect.MapDifference                                         : loaded 3 times (x 68B)
Class com.google.common.base.CharMatcher$FastMatcher                                  : loaded 3 times (x 109B)
Class com.google.common.base.Joiner$2                                                 : loaded 3 times (x 77B)
Class com.google.common.base.Joiner$1                                                 : loaded 3 times (x 78B)
Class com.google.common.collect.ImmutableMapEntry                                     : loaded 3 times (x 83B)
Class com.google.common.base.CharMatcher$NamedFastMatcher                             : loaded 3 times (x 110B)
Class com.google.common.collect.ImmutableSet                                          : loaded 3 times (x 143B)
Class com.google.common.collect.ImmutableBiMap                                        : loaded 3 times (x 141B)
Class com.google.common.base.Objects                                                  : loaded 3 times (x 69B)
Class com.google.common.base.Supplier                                                 : loaded 3 times (x 68B)
Class com.google.common.collect.SortedMapDifference                                   : loaded 3 times (x 68B)
Class com.google.common.collect.ImmutableEnumSet                                      : loaded 3 times (x 144B)
Class com.google.common.collect.ListMultimap                                          : loaded 3 times (x 68B)
Class com.google.common.base.MoreObjects                                              : loaded 3 times (x 69B)
Class com.google.common.collect.ImmutableMap$MapViewOfValuesAsSingletonSets           : loaded 3 times (x 124B)
Class com.google.common.base.CharMatcher$ForPredicate                                 : loaded 3 times (x 110B)
Class com.google.common.collect.AbstractMultimap                                      : loaded 3 times (x 121B)
Class com.google.common.collect.ImmutableSet$Builder                                  : loaded 3 times (x 83B)
Class com.google.common.collect.Sets                                                  : loaded 3 times (x 69B)
Class com.google.common.base.CharMatcher$Negated                                      : loaded 3 times (x 111B)
Class com.google.common.collect.ImmutableList$Builder                                 : loaded 3 times (x 75B)
Class com.google.common.collect.AbstractMapEntry                                      : loaded 3 times (x 79B)
Class com.google.common.base.NullnessCasts                                            : loaded 3 times (x 69B)
Class com.google.common.collect.AbstractIterator                                      : loaded 3 times (x 80B)
Class com.google.common.math.IntMath                                                  : loaded 3 times (x 69B)
Class com.google.common.base.CharMatcher$NegatedFastMatcher                           : loaded 3 times (x 111B)
Class com.google.common.collect.Lists$StringAsImmutableList                           : loaded 3 times (x 167B)
Class com.google.common.collect.ImmutableEntry                                        : loaded 3 times (x 80B)
Class com.google.common.cache.LoadingCache                                            : loaded 3 times (x 68B)
Class com.google.common.base.Suppliers                                                : loaded 3 times (x 69B)
Class com.google.common.base.CommonPattern                                            : loaded 3 times (x 72B)
Class com.google.common.collect.SingletonImmutableBiMap                               : loaded 3 times (x 141B)
Class com.google.common.collect.ImmutableCollection$Builder                           : loaded 3 times (x 74B)
Class com.google.common.collect.Maps$EntryTransformer                                 : loaded 3 times (x 68B)
Class com.google.common.collect.Iterables                                             : loaded 3 times (x 69B)
Class com.google.common.base.CharMatcher$Or                                           : loaded 3 times (x 110B)
Class com.google.common.base.CharMatcher                                              : loaded 3 times (x 109B)
Class com.google.common.collect.ImmutableMap$1                                        : loaded 3 times (x 79B)
Class com.google.common.collect.ImmutableSet$SetBuilderImpl                           : loaded 3 times (x 74B)
Class com.google.common.base.CharMatcher$IsNot                                        : loaded 3 times (x 109B)
Class com.google.common.collect.Maps$BiMapConverter                                   : loaded 3 times (x 88B)
Class android.databinding.tool.writer.JavaFileWriter                                  : loaded 3 times (x 72B)
Class com.google.common.collect.Maps$IteratorBasedAbstractMap                         : loaded 3 times (x 123B)
Class com.google.common.collect.ImmutableList$SubList                                 : loaded 3 times (x 169B)
Class com.google.common.collect.ArrayListMultimapGwtSerializationDependencies         : loaded 3 times (x 170B)
Class com.google.common.collect.AbstractMapBasedMultimap$KeySet                       : loaded 3 times (x 135B)
Class com.google.common.collect.AbstractMapBasedMultimap                              : loaded 3 times (x 137B)
Class com.google.common.collect.AbstractListMultimap                                  : loaded 3 times (x 170B)
Class com.google.common.collect.IndexedImmutableSet$1                                 : loaded 3 times (x 173B)
Class com.google.common.collect.Iterators$ArrayItr                                    : loaded 3 times (x 95B)
Class com.google.common.base.ExtraObjectsMethodsForWeb                                : loaded 3 times (x 69B)
Class com.google.common.collect.IndexedImmutableSet                                   : loaded 3 times (x 150B)
Class com.google.common.base.CharMatcher$And                                          : loaded 3 times (x 110B)
Class com.google.common.base.CharMatcher$1                                            : loaded 3 times (x 111B)
Class com.google.common.collect.Iterators                                             : loaded 3 times (x 69B)
Class com.google.common.collect.ImmutableMap$Builder                                  : loaded 3 times (x 80B)
Class com.google.common.collect.SingletonImmutableSet                                 : loaded 3 times (x 144B)
Class com.google.common.cache.Cache                                                   : loaded 3 times (x 68B)
Class com.google.common.base.CharMatcher$BitSetMatcher                                : loaded 3 times (x 110B)
Class com.google.common.collect.ImmutableMap$IteratorBasedImmutableMap                : loaded 3 times (x 124B)
Class com.google.common.collect.ImmutableMapEntrySet                                  : loaded 3 times (x 150B)
Class com.google.common.collect.ImmutableMap                                          : loaded 3 times (x 118B)
Class com.google.common.collect.PeekingIterator                                       : loaded 3 times (x 68B)
Class com.google.common.collect.RegularImmutableAsList                                : loaded 3 times (x 177B)
Class com.google.common.base.Converter                                                : loaded 3 times (x 88B)
Class com.google.common.base.CharMatcher$Is                                           : loaded 3 times (x 109B)
Class com.google.common.collect.ImmutableSet$EmptySetBuilderImpl                      : loaded 3 times (x 74B)
Class com.google.common.collect.ImmutableMapEntry$NonTerminalImmutableMapEntry        : loaded 3 times (x 83B)
Class com.google.common.collect.Sets$ImprovedAbstractSet                              : loaded 3 times (x 133B)
Class [Lcom.google.common.collect.ImmutableEntry;                                     : loaded 3 times (x 67B)
Class com.google.common.base.Equivalence                                              : loaded 3 times (x 80B)
Class com.google.common.primitives.Ints                                               : loaded 3 times (x 69B)
Class com.google.common.collect.ImmutableSet$RegularSetBuilderImpl                    : loaded 3 times (x 75B)
Class com.google.common.collect.ImmutableSet$JdkBackedSetBuilderImpl                  : loaded 3 times (x 74B)
Class [Lcom.google.common.collect.ImmutableMapEntry;                                  : loaded 3 times (x 67B)
Class com.google.common.collect.ImmutableMapEntrySet$RegularEntrySet                  : loaded 3 times (x 150B)
Class com.google.common.collect.ImmutableList$1                                       : loaded 3 times (x 95B)
Class com.google.common.collect.UnmodifiableListIterator                              : loaded 3 times (x 93B)
Class com.google.common.collect.AbstractIndexedListIterator                           : loaded 3 times (x 94B)
Class com.google.common.collect.RegularImmutableMap                                   : loaded 3 times (x 119B)
Class com.google.common.collect.Maps                                                  : loaded 3 times (x 69B)
Class com.google.common.primitives.IntsMethodsForWeb                                  : loaded 3 times (x 69B)
Class com.google.common.collect.CollectPreconditions                                  : loaded 3 times (x 69B)
Class com.google.common.base.Predicate                                                : loaded 3 times (x 68B)
Class com.google.common.collect.RegularImmutableMap$KeySet                            : loaded 3 times (x 150B)
Class com.google.common.collect.Iterators$9                                           : loaded 3 times (x 79B)
Class com.google.common.base.Function                                                 : loaded 3 times (x 68B)
Class com.google.common.base.Preconditions                                            : loaded 3 times (x 69B)
Class com.google.common.base.Equivalence$Equals                                       : loaded 3 times (x 80B)
Class com.google.common.collect.RegularImmutableSet                                   : loaded 3 times (x 147B)
Class com.google.common.base.Joiner                                                   : loaded 3 times (x 77B)
Class com.google.common.collect.Iterators$5                                           : loaded 3 times (x 80B)
Class com.google.common.collect.Iterators$4                                           : loaded 3 times (x 80B)
Class com.google.common.collect.RegularImmutableMap$BucketOverflowException           : loaded 3 times (x 80B)
Class com.google.common.collect.Iterators$1                                           : loaded 3 times (x 79B)
Class com.google.common.collect.ImmutableList                                         : loaded 3 times (x 166B)
Class com.google.common.collect.ObjectArrays                                          : loaded 3 times (x 69B)
Class com.google.common.collect.Maps$8                                                : loaded 3 times (x 80B)
Class com.google.common.collect.ImmutableList$ReverseImmutableList                    : loaded 3 times (x 169B)
Class com.google.common.collect.ImmutableEnumMap                                      : loaded 3 times (x 124B)
Class javax.xml.bind.JAXBException                                                    : loaded 3 times (x 83B)
Class com.google.common.base.Ascii                                                    : loaded 3 times (x 69B)
Class com.google.common.collect.RegularImmutableMap$Values                            : loaded 3 times (x 167B)
Class com.google.common.base.CharMatcher$InRange                                      : loaded 3 times (x 109B)
Class com.google.common.base.PairwiseEquivalence                                      : loaded 3 times (x 81B)
Class com.google.common.base.Ticker                                                   : loaded 3 times (x 70B)
Class com.google.common.collect.ImmutableCollection                                   : loaded 3 times (x 123B)
Class com.google.common.cache.CacheBuilder                                            : loaded 3 times (x 70B)
Class com.google.common.collect.Maps$KeySet                                           : loaded 3 times (x 135B)
Class com.google.common.collect.ForwardingObject                                      : loaded 3 times (x 70B)
Class com.google.common.collect.RegularImmutableBiMap                                 : loaded 3 times (x 147B)
Class com.google.common.collect.Sets$SetView                                          : loaded 3 times (x 136B)
Class com.google.common.base.FunctionalEquivalence                                    : loaded 3 times (x 81B)
Class com.google.common.collect.Multimap                                              : loaded 3 times (x 68B)
Class com.google.common.collect.Lists                                                 : loaded 3 times (x 69B)
Class com.google.common.base.JdkPattern                                               : loaded 3 times (x 73B)
Class com.google.common.collect.BiMap                                                 : loaded 3 times (x 68B)
Class com.google.common.collect.Hashing                                               : loaded 3 times (x 69B)
Class com.google.common.collect.UnmodifiableIterator                                  : loaded 3 times (x 78B)
Class com.google.common.collect.ArrayListMultimap                                     : loaded 3 times (x 170B)
Class com.google.common.math.MathPreconditions                                        : loaded 3 times (x 69B)
Class com.google.common.math.IntMath$1                                                : loaded 3 times (x 69B)
Class org.apache.commons.io.output.ThresholdingOutputStream                           : loaded 2 times (x 92B)
Class org.gradle.internal.classloader.ClassLoaderVisitor                              : loaded 2 times (x 74B)
Class [Lcom.google.common.collect.HashBiMap$BiEntry;                                  : loaded 2 times (x 67B)
Class org.apache.http.HttpEntityEnclosingRequest                                      : loaded 2 times (x 68B)
Class org.objectweb.asm.Label                                                         : loaded 2 times (x 71B)
Class com.google.common.cache.CacheBuilder$NullListener                               : loaded 2 times (x 80B)
Class kotlin.reflect.jvm.internal.KPropertyImpl$Companion                             : loaded 2 times (x 69B)
Class com.google.common.collect.ImmutableMultimap                                     : loaded 2 times (x 145B)
Class [Lkotlin.reflect.KProperty;                                                     : loaded 2 times (x 67B)
Class kotlin.jvm.internal.markers.KMutableIterable                                    : loaded 2 times (x 68B)
Class org.apache.commons.io.filefilter.IOFileFilter                                   : loaded 2 times (x 68B)
Class kotlin.reflect.jvm.internal.KTypeParameterOwnerImpl                             : loaded 2 times (x 68B)
Class kotlin.text.StringsKt__RegexExtensionsKt                                        : loaded 2 times (x 69B)
Class kotlin.reflect.jvm.internal.KCallableImpl$_parameters$1                         : loaded 2 times (x 77B)
Class kotlin.reflect.jvm.internal.KClassImpl$Data$supertypes$2                        : loaded 2 times (x 77B)
Class org.gradle.internal.service.DefaultServiceLocator                               : loaded 2 times (x 81B)
Class kotlin.text.StringsKt__StringBuilderJVMKt                                       : loaded 2 times (x 69B)
Class org.gradle.internal.service.UnknownServiceException                             : loaded 2 times (x 81B)
Class kotlin.collections.SetsKt___SetsKt                                              : loaded 2 times (x 69B)
Class org.apache.http.client.methods.HttpUriRequest                                   : loaded 2 times (x 68B)
Class com.google.common.collect.ImmutableListMultimap$Builder                         : loaded 2 times (x 81B)
Class org.objectweb.asm.AnnotationWriter                                              : loaded 2 times (x 77B)
Class com.google.common.util.concurrent.AbstractFuture$SynchronizedHelper             : loaded 2 times (x 76B)
Class com.google.common.collect.Collections2$FilteredCollection                       : loaded 2 times (x 117B)
Class kotlin.reflect.jvm.internal.impl.builtins.jvm.JavaToKotlinClassMap$PlatformMutabilityMapping: loaded 2 times (x 70B)
Class kotlin.text.StringsKt__StringsJVMKt                                             : loaded 2 times (x 69B)
Class com.google.common.base.Strings                                                  : loaded 2 times (x 69B)
Class com.google.common.collect.HashMultimapGwtSerializationDependencies              : loaded 2 times (x 172B)
Class kotlin.reflect.jvm.internal.impl.name.Name                                      : loaded 2 times (x 73B)
Class com.google.common.cache.CacheLoader$InvalidCacheLoadException                   : loaded 2 times (x 80B)
Class org.gradle.internal.classloader.DefaultClassLoaderFactory                       : loaded 2 times (x 80B)
Class kotlin.reflect.jvm.internal.impl.name.ClassId                                   : loaded 2 times (x 70B)
Class kotlin.reflect.KClass                                                           : loaded 2 times (x 68B)
Class com.google.common.base.Stopwatch                                                : loaded 2 times (x 70B)
Class kotlin.reflect.jvm.internal.impl.name.FqNamesUtilKt                             : loaded 2 times (x 69B)
Class com.google.common.base.Platform$JdkPatternCompiler                              : loaded 2 times (x 73B)
Class kotlin.collections.CollectionsKt__MutableCollectionsKt                          : loaded 2 times (x 69B)
Class com.google.common.cache.LocalCache$LoadingValueReference                        : loaded 2 times (x 94B)
Class kotlin.reflect.jvm.internal.KPropertyImpl$_descriptor$1                         : loaded 2 times (x 77B)
Class org.apache.commons.io.output.ByteArrayOutputStream                              : loaded 2 times (x 100B)
Class kotlin.ResultKt                                                                 : loaded 2 times (x 69B)
Class com.google.common.base.CharMatcher$SingleWidth                                  : loaded 2 times (x 110B)
Class kotlin.jvm.internal.markers.KMutableMap                                         : loaded 2 times (x 68B)
Class kotlin.collections.IntIterator                                                  : loaded 2 times (x 80B)
Class com.google.common.collect.NullsFirstOrdering                                    : loaded 2 times (x 113B)
Class kotlin.reflect.jvm.internal.KotlinReflectionInternalError                       : loaded 2 times (x 80B)
Class kotlin.collections.CollectionsKt__ReversedViewsKt                               : loaded 2 times (x 69B)
Class com.google.common.collect.NaturalOrdering                                       : loaded 2 times (x 113B)
Class kotlin.collections.builders.ListBuilderKt                                       : loaded 2 times (x 69B)
Class com.google.common.collect.ByFunctionOrdering                                    : loaded 2 times (x 113B)
Class com.google.common.base.Optional                                                 : loaded 2 times (x 78B)
Class com.google.common.collect.AbstractMapBasedMultimap$AsMap$AsMapIterator          : loaded 2 times (x 81B)
Class kotlin.jvm.internal.markers.KMutableIterator                                    : loaded 2 times (x 68B)
Class org.objectweb.asm.AnnotationVisitor                                             : loaded 2 times (x 76B)
Class org.objectweb.asm.RecordComponentWriter                                         : loaded 2 times (x 76B)
Class kotlin.sequences.SequenceScope                                                  : loaded 2 times (x 71B)
Class com.google.common.cache.LocalCache$1                                            : loaded 2 times (x 87B)
Class com.google.common.cache.LocalCache$2                                            : loaded 2 times (x 140B)
Class [Lcom.google.common.collect.LinkedHashMultimap$ValueEntry;                      : loaded 2 times (x 67B)
Class com.google.common.collect.ImmutableMultimap$EntryCollection                     : loaded 2 times (x 126B)
Class kotlin.sequences.SequencesKt__SequenceBuilderKt                                 : loaded 2 times (x 69B)
Class kotlin.text.StringsKt__StringNumberConversionsKt                                : loaded 2 times (x 69B)
Class org.gradle.internal.classloader.VisitableURLClassLoader$Spec                    : loaded 2 times (x 72B)
Class org.gradle.api.GradleException                                                  : loaded 2 times (x 80B)
Class com.google.common.base.CharMatcher$JavaLetterOrDigit                            : loaded 2 times (x 109B)
Class kotlin.reflect.jvm.internal.KCallableImpl$_annotations$1                        : loaded 2 times (x 77B)
Class org.gradle.api.internal.classpath.ModuleRegistry                                : loaded 2 times (x 68B)
Class kotlin.Result$Companion                                                         : loaded 2 times (x 69B)
Class com.google.common.collect.CompoundOrdering                                      : loaded 2 times (x 113B)
Class kotlin.Result$Failure                                                           : loaded 2 times (x 70B)
Class com.google.common.collect.HashMultimap                                          : loaded 2 times (x 172B)
Class org.objectweb.asm.ByteVector                                                    : loaded 2 times (x 77B)
Class kotlin.collections.ArrayAsCollection                                            : loaded 2 times (x 103B)
Class kotlin.jvm.internal.markers.KMutableCollection                                  : loaded 2 times (x 68B)
Class kotlin.reflect.jvm.internal.KCallableImpl$_typeParameters$1                     : loaded 2 times (x 77B)
Class com.google.common.collect.Sets$1$1                                              : loaded 2 times (x 80B)
Class kotlin.reflect.jvm.internal.KClassImpl$Data$allMembers$2                        : loaded 2 times (x 77B)
Class [Lkotlin.annotation.AnnotationRetention;                                        : loaded 2 times (x 67B)
Class kotlin.jvm.internal.markers.KMappedMarker                                       : loaded 2 times (x 68B)
Class org.gradle.api.internal.ClassPathProvider                                       : loaded 2 times (x 68B)
Class com.google.common.base.PatternCompiler                                          : loaded 2 times (x 68B)
Class [Lcom.google.common.cache.CacheBuilder$NullListener;                            : loaded 2 times (x 67B)
Class org.objectweb.asm.ModuleWriter                                                  : loaded 2 times (x 80B)
Class org.gradle.internal.classloader.ClasspathUtil$1                                 : loaded 2 times (x 74B)
Class com.google.common.collect.Sets$3$1                                              : loaded 2 times (x 80B)
Class kotlin.reflect.jvm.internal.KPackageImpl$data$1                                 : loaded 2 times (x 77B)
Class com.google.common.collect.Maps$9                                                : loaded 2 times (x 74B)
Class kotlin.collections.CollectionsKt__MutableCollectionsJVMKt                       : loaded 2 times (x 69B)
Class kotlin.collections.EmptyList                                                    : loaded 2 times (x 134B)
Class com.google.common.cache.AbstractCache$StatsCounter                              : loaded 2 times (x 68B)
Class com.google.common.collect.Maps$EntryFunction$1                                  : loaded 2 times (x 89B)
Class dagger.hilt.processor.internal.optionvalues.GradleProjectType                   : loaded 2 times (x 77B)
Class com.google.common.collect.Maps$EntryFunction$2                                  : loaded 2 times (x 89B)
Class org.objectweb.asm.FieldVisitor                                                  : loaded 2 times (x 75B)
Class org.objectweb.asm.Symbol                                                        : loaded 2 times (x 71B)
Class Build_gradle$1$1                                                                : loaded 2 times (x 76B)
Class com.google.common.collect.Ordering                                              : loaded 2 times (x 112B)
Class kotlin.reflect.jvm.internal.ReflectProperties$Val$1                             : loaded 2 times (x 69B)
Class com.google.common.cache.LocalCache$Strength$1                                   : loaded 2 times (x 79B)
Class com.google.common.collect.EmptyImmutableListMultimap                            : loaded 2 times (x 174B)
Class com.google.common.cache.LocalCache$Strength$2                                   : loaded 2 times (x 79B)
Class com.google.common.cache.LocalCache$Strength$3                                   : loaded 2 times (x 79B)
Class org.gradle.internal.classloader.ClassLoaderFactory                              : loaded 2 times (x 68B)
Class com.google.common.collect.SortedSetMultimap                                     : loaded 2 times (x 68B)
Class [Lkotlin.reflect.jvm.internal.impl.name.FqName;                                 : loaded 2 times (x 67B)
Class com.google.common.base.Absent                                                   : loaded 2 times (x 78B)
Class com.google.common.util.concurrent.AbstractFuture$Waiter                         : loaded 2 times (x 70B)
Class kotlin.jvm.internal.FunctionReference                                           : loaded 2 times (x 120B)
Class com.google.common.util.concurrent.Uninterruptibles                              : loaded 2 times (x 69B)
Class com.google.common.collect.Iterators$10                                          : loaded 2 times (x 79B)
Class kotlin.coroutines.EmptyCoroutineContext                                         : loaded 2 times (x 75B)
Class kotlin.reflect.jvm.internal.impl.builtins.PrimitiveType$arrayTypeFqName$2       : loaded 2 times (x 77B)
Class com.google.common.collect.Iterators$EmptyModifiableIterator                     : loaded 2 times (x 84B)
Class kotlin.UninitializedPropertyAccessException                                     : loaded 2 times (x 80B)
Class org.gradle.api.internal.classpath.ManifestUtil                                  : loaded 2 times (x 69B)
Class org.gradle.api.specs.Spec                                                       : loaded 2 times (x 68B)
Class kotlin.reflect.jvm.internal.impl.name.FqNameUnsafe$1                            : loaded 2 times (x 72B)
Class kotlin.jvm.internal.Intrinsics                                                  : loaded 2 times (x 69B)
Class com.google.common.cache.CacheLoader$UnsupportedLoadingOperationException        : loaded 2 times (x 80B)
Class com.google.common.base.CharMatcher$Whitespace                                   : loaded 2 times (x 110B)
Class kotlin.jvm.internal.ReflectionFactory                                           : loaded 2 times (x 89B)
Class com.google.common.collect.Maps$TransformedEntriesMap                            : loaded 2 times (x 125B)
Class kotlin.reflect.jvm.internal.impl.name.SpecialNames                              : loaded 2 times (x 69B)
Class com.google.common.util.concurrent.ListenableFuture                              : loaded 2 times (x 68B)
Class org.apache.http.client.methods.AbortableHttpRequest                             : loaded 2 times (x 68B)
Class kotlin.text.StringsKt___StringsJvmKt                                            : loaded 2 times (x 69B)
Class com.google.common.collect.ExplicitOrdering                                      : loaded 2 times (x 113B)
Class kotlin.collections.builders.ListBuilder$Companion                               : loaded 2 times (x 69B)
Class com.google.common.collect.BaseImmutableMultimap                                 : loaded 2 times (x 121B)
Class org.gradle.internal.classpath.DefaultClassPath$ImmutableUniqueList$Builder      : loaded 2 times (x 73B)
Class [Lcom.google.common.cache.LocalCache$Strength;                                  : loaded 2 times (x 67B)
Class kotlin.reflect.KCallable                                                        : loaded 2 times (x 68B)
Class kotlin.ranges.OpenEndRange                                                      : loaded 2 times (x 68B)
Class com.google.common.collect.Iterators$6                                           : loaded 2 times (x 79B)
Class com.google.common.util.concurrent.AbstractFuture$UnsafeAtomicHelper             : loaded 2 times (x 76B)
Class kotlin.jvm.internal.Lambda                                                      : loaded 2 times (x 73B)
Class kotlin.collections.AbstractMutableList                                          : loaded 2 times (x 166B)
Class com.google.common.collect.AbstractMapBasedMultimap$WrappedCollection            : loaded 2 times (x 122B)
Class org.gradle.internal.classloader.FilteringClassLoader                            : loaded 2 times (x 103B)
Class com.google.common.cache.LocalCache$StrongValueReference                         : loaded 2 times (x 88B)
Class kotlin.reflect.full.IllegalPropertyDelegateAccessException                      : loaded 2 times (x 80B)
Class [Lkotlin.reflect.KClassifier;                                                   : loaded 2 times (x 67B)
Class kotlin.coroutines.CoroutineContext                                              : loaded 2 times (x 68B)
Class [Lkotlin.reflect.KClass;                                                        : loaded 2 times (x 67B)
Class kotlin.jvm.internal.Reflection                                                  : loaded 2 times (x 69B)
Class org.gradle.internal.IoActions                                                   : loaded 2 times (x 69B)
Class [Lcom.google.common.collect.LinkedHashMultimap$ValueSetLink;                    : loaded 2 times (x 67B)
Class com.google.common.collect.AllEqualOrdering                                      : loaded 2 times (x 112B)
Class com.google.common.collect.ComparatorOrdering                                    : loaded 2 times (x 113B)
Class kotlin.reflect.jvm.internal.KProperty1Impl$_getter$1                            : loaded 2 times (x 77B)
Class com.google.common.cache.ReferenceEntry                                          : loaded 2 times (x 68B)
Class org.apache.http.HttpMessage                                                     : loaded 2 times (x 68B)
Class kotlin.text.StringsKt                                                           : loaded 2 times (x 69B)
Class kotlin.reflect.KDeclarationContainer                                            : loaded 2 times (x 68B)
Class kotlin.reflect.jvm.internal.impl.name.FqName                                    : loaded 2 times (x 70B)
Class [Lcom.google.common.base.Function;                                              : loaded 2 times (x 67B)
Class kotlin.sequences.SequencesKt                                                    : loaded 2 times (x 69B)
Class com.google.common.collect.LexicographicalOrdering                               : loaded 2 times (x 113B)
Class com.google.common.cache.LocalCache$EntryFactory$8                               : loaded 2 times (x 81B)
Class kotlin.jvm.internal.PropertyReference1Impl                                      : loaded 2 times (x 125B)
Class kotlin.collections.EmptyIterator                                                : loaded 2 times (x 87B)
Class com.google.common.cache.LocalCache$EntryFactory$7                               : loaded 2 times (x 81B)
Class com.google.common.cache.LocalCache$EntryFactory$6                               : loaded 2 times (x 81B)
Class kotlin.reflect.jvm.internal.KClassImpl$Data$sealedSubclasses$2                  : loaded 2 times (x 77B)
Class org.apache.http.HttpEntity                                                      : loaded 2 times (x 68B)
Class com.google.common.cache.LocalCache$EntryFactory$5                               : loaded 2 times (x 81B)
Class com.google.common.collect.ImmutableMultimap$Builder                             : loaded 2 times (x 81B)
Class com.google.common.base.CharMatcher$None                                         : loaded 2 times (x 110B)
Class [Lorg.apache.commons.io.StandardLineSeparator;                                  : loaded 2 times (x 67B)
Class kotlin.reflect.KType                                                            : loaded 2 times (x 68B)
Class org.gradle.api.internal.classpath.EffectiveClassPath                            : loaded 2 times (x 88B)
Class com.google.common.cache.LocalCache$EntryFactory$4                               : loaded 2 times (x 81B)
Class org.apache.commons.io.StandardLineSeparator                                     : loaded 2 times (x 77B)
Class org.apache.commons.io.output.AppendableWriter                                   : loaded 2 times (x 98B)
Class org.apache.http.client.methods.Configurable                                     : loaded 2 times (x 68B)
Class kotlin.jvm.internal.DefaultConstructorMarker                                    : loaded 2 times (x 69B)
Class com.google.common.collect.LinkedHashMultimap$ValueSet                           : loaded 2 times (x 140B)
Class [Lkotlin.reflect.jvm.internal.impl.builtins.jvm.JavaToKotlinClassMap$PlatformMutabilityMapping;: loaded 2 times (x 67B)
Class com.google.common.cache.CacheLoader$FunctionToCacheLoader                       : loaded 2 times (x 73B)
Class com.google.common.cache.CacheBuilder$1                                          : loaded 2 times (x 83B)
Class [Lcom.google.common.collect.Maps$EntryFunction;                                 : loaded 2 times (x 67B)
Class com.google.common.cache.CacheBuilder$2                                          : loaded 2 times (x 70B)
Class com.google.common.base.Splitter$Strategy                                        : loaded 2 times (x 68B)
Class com.google.common.cache.CacheBuilder$3                                          : loaded 2 times (x 70B)
Class kotlin.reflect.jvm.internal.KClassImpl$Data$constructors$2                      : loaded 2 times (x 77B)
Class com.google.common.cache.LocalCache$EntryFactory$3                               : loaded 2 times (x 81B)
Class com.google.common.base.Predicates$CompositionPredicate                          : loaded 2 times (x 86B)
Class com.google.common.cache.LocalCache$EntryFactory$2                               : loaded 2 times (x 81B)
Class kotlin.reflect.jvm.internal.KClassImpl                                          : loaded 2 times (x 113B)
Class [Lcom.google.common.cache.RemovalListener;                                      : loaded 2 times (x 67B)
Class kotlin.reflect.jvm.internal.KClassImpl$Data$nestedClasses$2                     : loaded 2 times (x 77B)
Class [Lkotlin.reflect.KDeclarationContainer;                                         : loaded 2 times (x 67B)
Class kotlin.LazyKt__LazyJVMKt$WhenMappings                                           : loaded 2 times (x 69B)
Class kotlin.reflect.jvm.internal.KProperty1Impl                                      : loaded 2 times (x 126B)
Class kotlin.jvm.internal.ClassBasedDeclarationContainer                              : loaded 2 times (x 68B)
Class org.gradle.internal.installation.CurrentGradleInstallation                      : loaded 2 times (x 71B)
Class com.google.common.collect.Iterators$ConcatenatedIterator                        : loaded 2 times (x 80B)
Class kotlin.reflect.jvm.internal.KClassImpl$Data$typeParameters$2                    : loaded 2 times (x 77B)
Class kotlin.Metadata                                                                 : loaded 2 times (x 68B)
Class org.gradle.internal.agents.InstrumentingClassLoader                             : loaded 2 times (x 68B)
Class org.gradle.internal.installation.CurrentGradleInstallationLocator               : loaded 2 times (x 69B)
Class kotlin.reflect.jvm.internal.KClassImpl$Data$inheritedNonStaticMembers$2         : loaded 2 times (x 77B)
Class kotlin.collections.CollectionsKt__IteratorsJVMKt                                : loaded 2 times (x 69B)
Class [Lcom.google.common.cache.LocalCache$Segment;                                   : loaded 2 times (x 67B)
Class org.gradle.api.internal.classpath.Module                                        : loaded 2 times (x 68B)
Class com.google.common.collect.ImmutableSortedSet                                    : loaded 2 times (x 234B)
Class kotlin.reflect.KProperty                                                        : loaded 2 times (x 68B)
Class kotlin.annotation.Target                                                        : loaded 2 times (x 68B)
Class com.google.common.base.Splitter$1$1                                             : loaded 2 times (x 84B)
Class com.google.common.collect.FluentIterable$3$1                                    : loaded 2 times (x 96B)
Class kotlin.sequences.SequencesKt__SequencesKt                                       : loaded 2 times (x 69B)
Class kotlin.reflect.jvm.internal.impl.descriptors.runtime.structure.ReflectClassUtilKt: loaded 2 times (x 69B)
Class kotlin.jvm.internal.MutablePropertyReference0                                   : loaded 2 times (x 135B)
Class kotlin.sequences.SequencesKt__SequencesJVMKt                                    : loaded 2 times (x 69B)
Class kotlin.jvm.internal.MutablePropertyReference1                                   : loaded 2 times (x 135B)
Class kotlin.LazyKt                                                                   : loaded 2 times (x 69B)
Class kotlin.jvm.internal.MutablePropertyReference2                                   : loaded 2 times (x 135B)
Class kotlin.collections.ArraysKt__ArraysKt                                           : loaded 2 times (x 69B)
Class kotlin.reflect.jvm.internal.KClassImpl$Data$qualifiedName$2                     : loaded 2 times (x 77B)
Class kotlin.collections.builders.ListBuilder$Itr                                     : loaded 2 times (x 92B)
Class com.google.common.cache.LocalCache$EntryFactory$1                               : loaded 2 times (x 81B)
Class [Lorg.objectweb.asm.AnnotationWriter;                                           : loaded 2 times (x 67B)
Class org.gradle.internal.service.CachingServiceLocator                               : loaded 2 times (x 80B)
Class kotlin.NoWhenBranchMatchedException                                             : loaded 2 times (x 80B)
Class org.apache.http.client.methods.HttpPut                                          : loaded 2 times (x 151B)
Class kotlin.coroutines.jvm.internal.RestrictedSuspendLambda                          : loaded 2 times (x 89B)
Class kotlin.text.StringsKt__StringBuilderKt                                          : loaded 2 times (x 69B)
Class kotlin.collections.CollectionsKt__CollectionsKt                                 : loaded 2 times (x 69B)
Class com.google.common.collect.AbstractMapBasedMultimap$AsMap                        : loaded 2 times (x 126B)
Class org.gradle.internal.classpath.DefaultClassPath                                  : loaded 2 times (x 88B)
Class kotlin.reflect.jvm.internal.KDeclarationContainerImpl$Data                      : loaded 2 times (x 70B)
Class com.google.common.collect.AbstractSetMultimap                                   : loaded 2 times (x 172B)
Class com.google.common.collect.AbstractMapBasedMultimap$2                            : loaded 2 times (x 83B)
Class kotlin.reflect.jvm.internal.ReflectProperties$LazySoftVal                       : loaded 2 times (x 76B)
Class kotlin.Result                                                                   : loaded 2 times (x 70B)
Class kotlin.reflect.jvm.internal.KClassImpl$Data$objectInstance$2                    : loaded 2 times (x 77B)
Class kotlin.annotation.Retention                                                     : loaded 2 times (x 68B)
Class com.google.common.util.concurrent.AbstractFuture$SetFuture                      : loaded 2 times (x 73B)
Class kotlin.collections.CollectionsKt__CollectionsJVMKt                              : loaded 2 times (x 69B)
Class kotlin.sequences.SequencesKt___SequencesKt                                      : loaded 2 times (x 69B)
Class kotlin.annotation.MustBeDocumented                                              : loaded 2 times (x 68B)
Class kotlin.reflect.jvm.internal.impl.utils.CollectionsKt                            : loaded 2 times (x 69B)
Class kotlin.collections.SetsKt__SetsJVMKt                                            : loaded 2 times (x 69B)
Class com.google.common.collect.TransformedIterator                                   : loaded 2 times (x 78B)
Class kotlin.reflect.jvm.internal.KPropertyImpl                                       : loaded 2 times (x 113B)
Class kotlin.collections.MapsKt___MapsJvmKt                                           : loaded 2 times (x 69B)
Class com.google.common.base.Splitter$SplittingIterator                               : loaded 2 times (x 82B)
Class kotlin.annotation.AnnotationRetention                                           : loaded 2 times (x 77B)
Class com.google.common.collect.ImmutableMultisetGwtSerializationDependencies         : loaded 2 times (x 123B)
Class kotlin.reflect.KTypeParameter                                                   : loaded 2 times (x 68B)
Class com.google.common.collect.ImmutableListMultimap                                 : loaded 2 times (x 174B)
Class kotlin.reflect.jvm.internal.KClassImpl$Data$allNonStaticMembers$2               : loaded 2 times (x 77B)
Class kotlin.Lazy                                                                     : loaded 2 times (x 68B)
Class com.google.common.cache.LocalCache$LocalManualCache$1                           : loaded 2 times (x 73B)
Class kotlin.ranges.IntProgressionIterator                                            : loaded 2 times (x 80B)
Class kotlin.reflect.jvm.internal.impl.builtins.jvm.JavaToKotlinClassMap              : loaded 2 times (x 69B)
Class Build_gradle$1                                                                  : loaded 2 times (x 72B)
Class kotlin.jvm.JvmClassMappingKt                                                    : loaded 2 times (x 69B)
Class Build_gradle$2                                                                  : loaded 2 times (x 76B)
Class kotlin.reflect.jvm.internal.KClassImpl$data$1                                   : loaded 2 times (x 77B)
Class kotlin.jvm.functions.Function0                                                  : loaded 2 times (x 68B)
Class com.google.common.collect.Lists$RandomAccessReverseList                         : loaded 2 times (x 160B)
Class kotlin.jvm.functions.Function1                                                  : loaded 2 times (x 68B)
Class kotlin.jvm.functions.Function2                                                  : loaded 2 times (x 68B)
Class [Lcom.google.common.collect.AbstractIterator$State;                             : loaded 2 times (x 67B)
Class kotlin.jvm.functions.Function3                                                  : loaded 2 times (x 68B)
Class org.objectweb.asm.SymbolTable$Entry                                             : loaded 2 times (x 72B)
Class [Lcom.google.common.cache.LocalCache$EntryFactory;                              : loaded 2 times (x 67B)
Class kotlin.jvm.functions.Function4                                                  : loaded 2 times (x 68B)
Class kotlin.reflect.jvm.internal.KClassImpl$Data$declaredNonStaticMembers$2          : loaded 2 times (x 77B)
Class kotlin.jvm.functions.Function5                                                  : loaded 2 times (x 68B)
Class kotlin.jvm.functions.Function6                                                  : loaded 2 times (x 68B)
Class kotlin.jvm.functions.Function7                                                  : loaded 2 times (x 68B)
Class kotlin.jvm.functions.Function8                                                  : loaded 2 times (x 68B)
Class com.google.common.collect.ImmutableMapEntry$NonTerminalImmutableBiMapEntry      : loaded 2 times (x 83B)
Class kotlin.jvm.functions.Function9                                                  : loaded 2 times (x 68B)
Class com.google.common.collect.Maps$AbstractFilteredMap                              : loaded 2 times (x 125B)
Class com.google.common.collect.AbstractMapBasedMultimap$Itr                          : loaded 2 times (x 81B)
Class com.google.common.base.Platform                                                 : loaded 2 times (x 69B)
Class com.google.common.base.Suppliers$NonSerializableMemoizingSupplier               : loaded 2 times (x 77B)
Class kotlin.jvm.internal.CallableReference                                           : loaded 2 times (x 104B)
Class kotlin.reflect.jvm.internal.KProperty1Impl$delegateSource$1                     : loaded 2 times (x 77B)
Class com.google.common.collect.ImmutableSetMultimap                                  : loaded 2 times (x 178B)
Class kotlin._Assertions                                                              : loaded 2 times (x 69B)
Class [Lkotlin.coroutines.intrinsics.CoroutineSingletons;                             : loaded 2 times (x 67B)
Class com.google.common.collect.AbstractMapBasedMultimap$WrappedSet                   : loaded 2 times (x 140B)
Class kotlin.reflect.jvm.internal.KClassImpl$Data$descriptor$2                        : loaded 2 times (x 77B)
Class kotlin.ranges.ClosedRange                                                       : loaded 2 times (x 68B)
Class kotlin.KotlinNullPointerException                                               : loaded 2 times (x 81B)
Class com.google.common.collect.LinkedHashMultimap                                    : loaded 2 times (x 173B)
Class kotlin.ranges.IntProgression                                                    : loaded 2 times (x 79B)
Class kotlin.reflect.jvm.internal.KClassImpl$Data$annotations$2                       : loaded 2 times (x 77B)
Class com.google.common.cache.CacheLoader                                             : loaded 2 times (x 72B)
Class com.google.common.collect.Count                                                 : loaded 2 times (x 69B)
Class com.google.common.collect.ImmutableBiMapFauxverideShim                          : loaded 2 times (x 118B)
Class kotlin.reflect.KAnnotatedElement                                                : loaded 2 times (x 68B)
Class kotlin.jvm.internal.SpreadBuilder                                               : loaded 2 times (x 74B)
Class org.objectweb.asm.MethodTooLargeException                                       : loaded 2 times (x 81B)
Class kotlin.text.CharsKt                                                             : loaded 2 times (x 69B)
Class com.google.common.base.CaseFormat$StringConverter                               : loaded 2 times (x 88B)
Class kotlin.ranges.RangesKt___RangesKt                                               : loaded 2 times (x 69B)
Class com.google.common.collect.HashBiMap$Inverse                                     : loaded 2 times (x 140B)
Class kotlin.collections.CollectionsKt___CollectionsKt                                : loaded 2 times (x 69B)
Class com.google.common.util.concurrent.AbstractFuture$Failure                        : loaded 2 times (x 70B)
Class kotlin.sequences.SequencesKt__SequenceBuilderKt$sequence$$inlined$Sequence$1    : loaded 2 times (x 73B)
Class com.google.common.collect.Maps$EntrySet                                         : loaded 2 times (x 134B)
Class kotlin.UNINITIALIZED_VALUE                                                      : loaded 2 times (x 69B)
Class org.gradle.internal.classloader.SystemClassLoaderSpec                           : loaded 2 times (x 69B)
Class com.google.common.util.concurrent.internal.InternalFutureFailureAccess          : loaded 2 times (x 70B)
Class [Lkotlin.reflect.KCallable;                                                     : loaded 2 times (x 67B)
Class com.google.common.base.Charsets                                                 : loaded 2 times (x 69B)
Class com.google.common.primitives.Ints$IntConverter                                  : loaded 2 times (x 88B)
Class kotlin.collections.CollectionsKt___CollectionsKt$withIndex$1                    : loaded 2 times (x 77B)
Class org.objectweb.asm.Type                                                          : loaded 2 times (x 70B)
Class [Lcom.google.common.base.AbstractIterator$State;                                : loaded 2 times (x 67B)
Class org.apache.http.client.methods.HttpEntityEnclosingRequestBase                   : loaded 2 times (x 151B)
Class com.google.common.cache.LocalCache$AbstractReferenceEntry                       : loaded 2 times (x 105B)
Class com.google.common.base.AbstractIterator                                         : loaded 2 times (x 78B)
Class org.objectweb.asm.ClassWriter                                                   : loaded 2 times (x 104B)
Class com.google.common.base.Equivalence$Wrapper                                      : loaded 2 times (x 70B)
Class org.apache.commons.io.IOUtils                                                   : loaded 2 times (x 69B)
Class com.google.common.base.AbstractIterator$1                                       : loaded 2 times (x 69B)
Class kotlin.collections.SetsKt                                                       : loaded 2 times (x 69B)
Class kotlin.jvm.internal.FunctionBase                                                : loaded 2 times (x 68B)
Class kotlin.collections.MapWithDefault                                               : loaded 2 times (x 68B)
Class kotlin.Function                                                                 : loaded 2 times (x 68B)
Class [Lcom.google.common.cache.CacheBuilder$OneWeigher;                              : loaded 2 times (x 67B)
Class com.google.common.collect.Maps$FilteredEntryMap                                 : loaded 2 times (x 126B)
Class [Lkotlin.DeprecationLevel;                                                      : loaded 2 times (x 67B)
Class com.google.common.base.CharMatcher$Ascii                                        : loaded 2 times (x 110B)
Class com.google.common.cache.LocalCache$ComputingValueReference                      : loaded 2 times (x 94B)
Class kotlin.reflect.jvm.internal.impl.builtins.PrimitiveType                         : loaded 2 times (x 77B)
Class org.gradle.api.UncheckedIOException                                             : loaded 2 times (x 80B)
Class kotlin.collections.builders.ListBuilder                                         : loaded 2 times (x 167B)
Class org.gradle.internal.installation.GradleInstallation$1                           : loaded 2 times (x 73B)
Class kotlin.coroutines.jvm.internal.RestrictedContinuationImpl                       : loaded 2 times (x 85B)
Class org.gradle.api.internal.DefaultClassPathProvider                                : loaded 2 times (x 74B)
Class com.google.common.cache.LocalCache$Segment                                      : loaded 2 times (x 152B)
Class [Lkotlin.annotation.AnnotationTarget;                                           : loaded 2 times (x 67B)
Class com.google.common.base.Functions                                                : loaded 2 times (x 69B)
Class com.google.common.collect.ForwardingCollection                                  : loaded 2 times (x 128B)
Class kotlin.reflect.full.IllegalCallableAccessException                              : loaded 2 times (x 80B)
Class [Lkotlin.LazyThreadSafetyMode;                                                  : loaded 2 times (x 67B)
Class [Lcom.google.common.cache.Weigher;                                              : loaded 2 times (x 67B)
Class com.google.common.base.CharMatcher$Any                                          : loaded 2 times (x 110B)
Class com.google.common.base.Splitter                                                 : loaded 2 times (x 70B)
Class org.apache.commons.io.output.UnsynchronizedByteArrayOutputStream                : loaded 2 times (x 100B)
Class kotlin.reflect.jvm.internal.ReflectProperties$Val                               : loaded 2 times (x 72B)
Class com.google.common.cache.LocalCache$Strength                                     : loaded 2 times (x 79B)
Class com.google.common.base.CaseFormat                                               : loaded 2 times (x 81B)
Class kotlin.reflect.KProperty$Getter                                                 : loaded 2 times (x 68B)
Class com.google.common.collect.SortedIterable                                        : loaded 2 times (x 68B)
Class com.google.common.collect.SetMultimap                                           : loaded 2 times (x 68B)
Class kotlin.Unit                                                                     : loaded 2 times (x 69B)
Class com.google.common.base.CharMatcher$RangesMatcher                                : loaded 2 times (x 110B)
Class com.google.common.collect.AbstractMapBasedMultimap$RandomAccessWrappedList      : loaded 2 times (x 165B)
Class kotlin.reflect.jvm.internal.KClassImpl$Data$simpleName$2                        : loaded 2 times (x 77B)
Class org.objectweb.asm.Handler                                                       : loaded 2 times (x 70B)
Class kotlin.reflect.jvm.internal.impl.name.FqNameUnsafe                              : loaded 2 times (x 70B)
Class kotlin.collections.CollectionsKt                                                : loaded 2 times (x 69B)
Class com.google.common.collect.ImmutableSortedSet$Builder                            : loaded 2 times (x 84B)
Class kotlin.collections.ArraysKt___ArraysJvmKt                                       : loaded 2 times (x 69B)
Class com.google.common.base.Verify                                                   : loaded 2 times (x 69B)
Class kotlin.jvm.internal.markers.KMutableList                                        : loaded 2 times (x 68B)
Class kotlin.collections.CollectionsKt___CollectionsJvmKt                             : loaded 2 times (x 69B)
Class com.google.common.cache.LocalCache$ValueReference                               : loaded 2 times (x 68B)
Class com.google.common.collect.CollectSpliterators                                   : loaded 2 times (x 69B)
Class kotlin.reflect.jvm.internal.KMutableProperty1Impl$_setter$1                     : loaded 2 times (x 77B)
Class org.gradle.internal.classloader.ClasspathUtil                                   : loaded 2 times (x 69B)
Class kotlin.ranges.RangesKt__RangesKt                                                : loaded 2 times (x 69B)
Class org.objectweb.asm.CurrentFrame                                                  : loaded 2 times (x 71B)
Class com.google.common.util.concurrent.AbstractFuture                                : loaded 2 times (x 93B)
Class kotlin.NotImplementedError                                                      : loaded 2 times (x 80B)
Class com.google.common.base.CaseFormat$1                                             : loaded 2 times (x 81B)
Class kotlin.collections.CollectionsKt__IteratorsKt                                   : loaded 2 times (x 69B)
Class com.google.common.base.Splitter$1                                               : loaded 2 times (x 75B)
Class com.google.common.collect.ReverseOrdering                                       : loaded 2 times (x 113B)
Class com.google.common.base.CaseFormat$2                                             : loaded 2 times (x 81B)
Class kotlin.reflect.jvm.internal.impl.resolve.jvm.JvmPrimitiveType                   : loaded 2 times (x 77B)
Class com.google.common.base.CaseFormat$3                                             : loaded 2 times (x 81B)
Class com.google.common.base.CaseFormat$4                                             : loaded 2 times (x 81B)
Class kotlin.reflect.jvm.internal.impl.builtins.CompanionObjectMapping                : loaded 2 times (x 69B)
Class com.google.common.collect.RegularImmutableSortedSet                             : loaded 2 times (x 234B)
Class com.google.common.base.Ticker$1                                                 : loaded 2 times (x 70B)
Class org.gradle.api.internal.DefaultClassPathRegistry                                : loaded 2 times (x 74B)
Class com.google.common.base.CaseFormat$5                                             : loaded 2 times (x 81B)
Class com.google.common.collect.AbstractIterator$State                                : loaded 2 times (x 77B)
Class [Lorg.objectweb.asm.Symbol;                                                     : loaded 2 times (x 67B)
Class com.google.common.util.concurrent.AbstractFuture$Cancellation                   : loaded 2 times (x 70B)
Class com.google.common.collect.Multimaps$Entries                                     : loaded 2 times (x 116B)
Class com.google.common.base.Predicates                                               : loaded 2 times (x 69B)
Class kotlin.sequences.SequenceBuilderIterator                                        : loaded 2 times (x 83B)
Class kotlin.reflect.jvm.internal.KPackageImpl                                        : loaded 2 times (x 83B)
Class org.gradle.api.internal.classpath.DefaultModuleRegistry$DefaultModule           : loaded 2 times (x 84B)
Class com.google.common.base.CharMatcher$JavaIsoControl                               : loaded 2 times (x 110B)
Class kotlin.reflect.jvm.internal.KClassImpl$Data                                     : loaded 2 times (x 70B)
Class com.google.common.base.Functions$ConstantFunction                               : loaded 2 times (x 82B)
Class kotlin.reflect.jvm.internal.KClassImpl$Data$inheritedStaticMembers$2            : loaded 2 times (x 77B)
Class kotlin.jvm.internal.CallableReference$NoReceiver                                : loaded 2 times (x 69B)
Class kotlin.reflect.KMutableProperty                                                 : loaded 2 times (x 68B)
Class kotlin.reflect.KClassifier                                                      : loaded 2 times (x 68B)
Class com.google.common.collect.ImmutableSortedAsList                                 : loaded 2 times (x 181B)
Class com.google.common.collect.Maps$FilteredEntryMap$EntrySet$1                      : loaded 2 times (x 80B)
Class kotlin.text.StringsKt__StringsKt                                                : loaded 2 times (x 69B)
Class com.google.common.base.Suppliers$SupplierOfInstance                             : loaded 2 times (x 77B)
Class org.objectweb.asm.RecordComponentVisitor                                        : loaded 2 times (x 75B)
Class kotlin.text.Regex$Companion                                                     : loaded 2 times (x 69B)
Class com.google.common.collect.LinkedHashMultimapGwtSerializationDependencies        : loaded 2 times (x 172B)
Class org.objectweb.asm.FieldWriter                                                   : loaded 2 times (x 76B)
Class com.google.common.base.CharMatcher$JavaLowerCase                                : loaded 2 times (x 109B)
Class org.objectweb.asm.ClassTooLargeException                                        : loaded 2 times (x 81B)
Class android.databinding.annotationprocessor.ProcessDataBinding                      : loaded 2 times (x 85B)
Class org.gradle.api.internal.classpath.UnknownModuleException                        : loaded 2 times (x 80B)
Class kotlin.coroutines.intrinsics.IntrinsicsKt__IntrinsicsJvmKt                      : loaded 2 times (x 69B)
Class com.google.common.collect.FluentIterable                                        : loaded 2 times (x 79B)
Class kotlin.collections.MapsKt__MapsJVMKt                                            : loaded 2 times (x 69B)
Class com.google.common.util.concurrent.AbstractFuture$Listener                       : loaded 2 times (x 70B)
Class kotlin.reflect.KProperty0                                                       : loaded 2 times (x 68B)
Class kotlin.reflect.KProperty1                                                       : loaded 2 times (x 68B)
Class org.apache.commons.io.output.AbstractByteArrayOutputStream                      : loaded 2 times (x 100B)
Class kotlin.reflect.KProperty2                                                       : loaded 2 times (x 68B)
Class com.google.common.collect.Iterables$5                                           : loaded 2 times (x 79B)
Class org.objectweb.asm.Edge                                                          : loaded 2 times (x 70B)
Class com.google.common.cache.LocalCache$StrongEntry                                  : loaded 2 times (x 106B)
Class android.databinding.tool.writer.AnnotationJavaFileWriter                        : loaded 2 times (x 73B)
Class kotlin.text.StringsKt__AppendableKt                                             : loaded 2 times (x 69B)
Class kotlin.collections.ArraysKt___ArraysKt                                          : loaded 2 times (x 69B)
Class kotlin.coroutines.Continuation                                                  : loaded 2 times (x 68B)
Class kotlin.text.StringsKt__StringNumberConversionsJVMKt                             : loaded 2 times (x 69B)
Class [Lorg.objectweb.asm.SymbolTable$Entry;                                          : loaded 2 times (x 67B)
Class kotlin.jvm.internal.PropertyReference2                                          : loaded 2 times (x 125B)
Class kotlin.ranges.IntProgression$Companion                                          : loaded 2 times (x 69B)
Class kotlin.TuplesKt                                                                 : loaded 2 times (x 69B)
Class kotlin.text.CharsKt__CharJVMKt                                                  : loaded 2 times (x 69B)
Class kotlin.jvm.internal.PropertyReference1                                          : loaded 2 times (x 125B)
Class org.apache.commons.io.file.PathFilter                                           : loaded 2 times (x 68B)
Class com.google.common.collect.CollectSpliterators$1WithCharacteristics              : loaded 2 times (x 88B)
Class com.google.common.base.Suppliers$MemoizingSupplier                              : loaded 2 times (x 77B)
Class kotlin.jvm.internal.PropertyReference0                                          : loaded 2 times (x 125B)
Class kotlin.reflect.jvm.internal.KDeclarationContainerImpl$Data$moduleData$2         : loaded 2 times (x 77B)
Class kotlin.reflect.jvm.internal.KClassifierImpl                                     : loaded 2 times (x 68B)
Class kotlin.jvm.internal.MutablePropertyReference1Impl                               : loaded 2 times (x 135B)
Class [Lcom.google.common.collect.Iterators$EmptyModifiableIterator;                  : loaded 2 times (x 67B)
Class kotlin.text.StringsKt__IndentKt                                                 : loaded 2 times (x 69B)
Class kotlin.LazyKt__LazyJVMKt                                                        : loaded 2 times (x 69B)
Class org.objectweb.asm.ClassVisitor                                                  : loaded 2 times (x 86B)
Class kotlin.enums.EnumEntriesKt                                                      : loaded 2 times (x 69B)
Class org.gradle.internal.service.ServiceLookupException                              : loaded 2 times (x 80B)
Class kotlin.SafePublicationLazyImpl$Companion                                        : loaded 2 times (x 69B)
Class kotlin.collections.MapsKt__MapWithDefaultKt                                     : loaded 2 times (x 69B)
Class org.gradle.cache.GlobalCache                                                    : loaded 2 times (x 68B)
Class com.google.common.base.Present                                                  : loaded 2 times (x 79B)
Class com.google.common.collect.ReverseNaturalOrdering                                : loaded 2 times (x 112B)
Class kotlin.reflect.jvm.internal.KMutableProperty1Impl                               : loaded 2 times (x 133B)
Class kotlin.collections.EmptySet                                                     : loaded 2 times (x 120B)
Class kotlin.reflect.jvm.internal.EmptyContainerForLocal                              : loaded 2 times (x 82B)
Class kotlin.ranges.RangesKt                                                          : loaded 2 times (x 69B)
Class [Lorg.gradle.api.internal.ClassPathProvider;                                    : loaded 2 times (x 67B)
Class com.google.common.util.concurrent.AbstractFuture$SafeAtomicHelper               : loaded 2 times (x 77B)
Class com.google.common.collect.ImmutableMultimap$Values                              : loaded 2 times (x 124B)
Class com.google.common.collect.AbstractMapBasedMultiset                              : loaded 2 times (x 161B)
Class kotlin.collections.MapsKt                                                       : loaded 2 times (x 69B)
Class org.gradle.util.internal.GUtil                                                  : loaded 2 times (x 69B)
Class kotlin.jvm.internal.CollectionToArray                                           : loaded 2 times (x 69B)
Class kotlin.reflect.jvm.internal.ReflectProperties                                   : loaded 2 times (x 69B)
Class com.google.common.collect.ImmutableBiMap$Builder                                : loaded 2 times (x 80B)
Class kotlin.coroutines.intrinsics.IntrinsicsKt__IntrinsicsKt                         : loaded 2 times (x 69B)
Class org.gradle.internal.classloader.ClassLoaderSpec                                 : loaded 2 times (x 69B)
Class org.gradle.api.Action                                                           : loaded 2 times (x 68B)
Class com.google.common.cache.CacheBuilder$OneWeigher                                 : loaded 2 times (x 80B)
Class org.objectweb.asm.Frame                                                         : loaded 2 times (x 71B)
Class com.google.common.cache.LocalCache$LocalManualCache                             : loaded 2 times (x 97B)
Class kotlin.text.StringsKt__RegexExtensionsJVMKt                                     : loaded 2 times (x 69B)
Class kotlin.enums.EnumEntries                                                        : loaded 2 times (x 68B)
Class com.google.common.collect.LinkedHashMultimap$ValueSet$1                         : loaded 2 times (x 80B)
Class [Lkotlin.reflect.KAnnotatedElement;                                             : loaded 2 times (x 67B)
Class com.google.common.cache.CacheLoader$1                                           : loaded 2 times (x 73B)
Class com.google.common.collect.LinkedHashMultimap$ValueEntry                         : loaded 2 times (x 87B)
Class com.google.common.util.concurrent.AbstractFuture$TrustedFuture                  : loaded 2 times (x 95B)
Class kotlin.collections.IndexedValue                                                 : loaded 2 times (x 70B)
Class kotlin.SafePublicationLazyImpl                                                  : loaded 2 times (x 74B)
Class kotlin.reflect.KProperty$Accessor                                               : loaded 2 times (x 68B)
Class com.google.common.collect.AbstractMultiset                                      : loaded 2 times (x 157B)
Class com.google.common.collect.Maps$ViewCachingAbstractMap                           : loaded 2 times (x 123B)
Class com.google.common.collect.ForwardingSet                                         : loaded 2 times (x 149B)
Class kotlin.annotation.AnnotationTarget                                              : loaded 2 times (x 77B)
Class kotlin.text.Regex                                                               : loaded 2 times (x 70B)
Class kotlin.reflect.jvm.internal.KClassImpl$Data$declaredMembers$2                   : loaded 2 times (x 77B)
Class com.google.common.collect.Sets$FilteredSet                                      : loaded 2 times (x 135B)
Class com.google.common.base.CharMatcher$Digit                                        : loaded 2 times (x 110B)
Class [Lcom.google.common.base.CaseFormat;                                            : loaded 2 times (x 67B)
Class com.google.common.collect.ImmutableMapKeySet                                    : loaded 2 times (x 150B)
Class org.apache.commons.io.output.StringBuilderWriter                                : loaded 2 times (x 98B)
Class com.google.common.base.CharMatcher$JavaDigit                                    : loaded 2 times (x 109B)
Class kotlin.reflect.jvm.internal.KCallableImpl                                       : loaded 2 times (x 103B)
Class Settings_gradle$1$1                                                             : loaded 2 times (x 72B)
Class kotlin.collections.ArraysUtilJVM                                                : loaded 2 times (x 69B)
Class org.objectweb.asm.SymbolTable                                                   : loaded 2 times (x 70B)
Class kotlin.reflect.KMutableProperty0                                                : loaded 2 times (x 68B)
Class kotlin.reflect.KMutableProperty1                                                : loaded 2 times (x 68B)
Class [Lorg.objectweb.asm.AnnotationVisitor;                                          : loaded 2 times (x 67B)
Class kotlin.reflect.KMutableProperty2                                                : loaded 2 times (x 68B)
Class com.google.common.cache.CacheStats                                              : loaded 2 times (x 69B)
Class kotlin.coroutines.jvm.internal.BaseContinuationImpl                             : loaded 2 times (x 85B)
Class org.objectweb.asm.Attribute                                                     : loaded 2 times (x 75B)
Class org.gradle.internal.classloader.VisitableURLClassLoader                         : loaded 2 times (x 115B)
Class com.google.common.cache.LocalCache$LocalLoadingCache                            : loaded 2 times (x 132B)
Class kotlin.reflect.jvm.internal.RuntimeTypeMapper                                   : loaded 2 times (x 69B)
Class com.google.common.collect.FluentIterable$3                                      : loaded 2 times (x 79B)
Class kotlin.reflect.jvm.internal.KCallableImpl$_returnType$1                         : loaded 2 times (x 77B)
Class com.google.common.collect.HashBiMap$BiEntry                                     : loaded 2 times (x 81B)
Class kotlin.reflect.jvm.internal.KPropertyImpl$_javaField$1                          : loaded 2 times (x 77B)
Class com.google.common.collect.FluentIterable$2                                      : loaded 2 times (x 79B)
Class com.google.common.collect.ImmutableMultimap$Keys                                : loaded 2 times (x 164B)
Class com.google.common.collect.FluentIterable$1                                      : loaded 2 times (x 79B)
Class com.google.common.util.concurrent.AbstractFuture$AtomicHelper                   : loaded 2 times (x 76B)
Class org.gradle.internal.Cast                                                        : loaded 2 times (x 69B)
Class kotlin.reflect.KMutableProperty$Setter                                          : loaded 2 times (x 68B)
Class com.google.common.collect.NullnessCasts                                         : loaded 2 times (x 69B)
Class Build_gradle                                                                    : loaded 2 times (x 128B)
Class kotlin.reflect.jvm.internal.ReflectionFactoryImpl                               : loaded 2 times (x 89B)
Class org.gradle.api.internal.ClassPathRegistry                                       : loaded 2 times (x 68B)
Class com.google.common.collect.RegularImmutableBiMap$Inverse                         : loaded 2 times (x 141B)
Class com.google.common.cache.LocalCache$EntryFactory                                 : loaded 2 times (x 81B)
Class org.gradle.api.internal.classpath.DefaultModuleRegistry                         : loaded 2 times (x 84B)
Class com.google.common.util.concurrent.UncheckedExecutionException                   : loaded 2 times (x 80B)
Class org.gradle.internal.classloader.VisitableURLClassLoader$InstrumentingVisitableURLClassLoader: loaded 2 times (x 121B)
Class kotlin.coroutines.jvm.internal.DebugProbesKt                                    : loaded 2 times (x 69B)
Class org.gradle.internal.classloader.ClassLoaderHierarchy                            : loaded 2 times (x 68B)
Class com.google.common.collect.Maps$FilteredEntryMap$EntrySet                        : loaded 2 times (x 150B)
Class kotlin.sequences.SequencesKt___SequencesJvmKt                                   : loaded 2 times (x 69B)
Class kotlin.collections.MapsKt__MapsKt                                               : loaded 2 times (x 69B)
Class kotlin.jvm.internal.MutablePropertyReference                                    : loaded 2 times (x 117B)
Class kotlin.collections.ArraysKt                                                     : loaded 2 times (x 69B)
Class kotlin.collections.builders.MapBuilder                                          : loaded 2 times (x 110B)
Class kotlin.text.CharsKt__CharKt                                                     : loaded 2 times (x 69B)
Class com.google.common.collect.Lists$ReverseList                                     : loaded 2 times (x 160B)
Class kotlin.collections.MapsKt___MapsKt                                              : loaded 2 times (x 69B)
Class com.google.common.collect.AbstractMapBasedMultimap$WrappedList                  : loaded 2 times (x 165B)
Class [Lorg.objectweb.asm.Type;                                                       : loaded 2 times (x 67B)
Class com.google.common.collect.Lists$ReverseList$1                                   : loaded 2 times (x 97B)
Class com.google.common.base.AbstractIterator$State                                   : loaded 2 times (x 77B)
Class com.google.common.cache.Weigher                                                 : loaded 2 times (x 68B)
Class kotlin.collections.IndexingIterator                                             : loaded 2 times (x 77B)
Class org.apache.http.message.AbstractHttpMessage                                     : loaded 2 times (x 106B)
Class com.google.common.cache.RemovalListener                                         : loaded 2 times (x 68B)
Class kotlin.collections.IndexingIterable                                             : loaded 2 times (x 77B)
Class org.gradle.internal.InternalTransformer                                         : loaded 2 times (x 68B)
Class com.google.common.collect.AbstractMapBasedMultimap$AsMap$AsMapEntries           : loaded 2 times (x 136B)
Class org.apache.commons.io.output.NullOutputStream                                   : loaded 2 times (x 83B)
Class kotlin.sequences.Sequence                                                       : loaded 2 times (x 68B)
Class kotlin.reflect.jvm.internal.impl.builtins.StandardNames$FqNames                 : loaded 2 times (x 69B)
Class org.gradle.internal.service.ServiceLocator                                      : loaded 2 times (x 68B)
Class Settings_gradle$1                                                               : loaded 2 times (x 72B)
Class com.google.common.util.concurrent.SettableFuture                                : loaded 2 times (x 95B)
Class com.google.common.collect.HashMultiset                                          : loaded 2 times (x 161B)
Class kotlin.reflect.jvm.internal.KClassImpl$Data$declaredStaticMembers$2             : loaded 2 times (x 77B)
Class org.gradle.internal.classpath.ClassPath                                         : loaded 2 times (x 68B)
Class com.google.common.collect.Maps$EntryFunction                                    : loaded 2 times (x 89B)
Class kotlin.coroutines.jvm.internal.CoroutineStackFrame                              : loaded 2 times (x 68B)
Class [Lkotlin.reflect.jvm.internal.impl.builtins.PrimitiveType;                      : loaded 2 times (x 67B)
Class kotlin.internal.ProgressionUtilKt                                               : loaded 2 times (x 69B)
Class com.google.common.base.CharMatcher$Invisible                                    : loaded 2 times (x 110B)
Class kotlin.reflect.KFunction                                                        : loaded 2 times (x 68B)
Class com.google.common.collect.LinkedHashMultimap$ValueSetLink                       : loaded 2 times (x 68B)
Class com.google.common.cache.CacheLoader$SupplierToCacheLoader                       : loaded 2 times (x 73B)
Class org.apache.http.client.methods.AbstractExecutionAwareRequest                    : loaded 2 times (x 126B)
Class kotlin.jvm.KotlinReflectionNotSupportedError                                    : loaded 2 times (x 80B)
Class kotlin.LazyKt__LazyKt                                                           : loaded 2 times (x 69B)
Class com.google.common.collect.HashBiMap                                             : loaded 2 times (x 141B)
Class org.apache.http.client.methods.HttpRequestBase                                  : loaded 2 times (x 143B)
Class com.google.common.collect.ImmutableMultiset                                     : loaded 2 times (x 161B)
Class kotlin.reflect.jvm.internal.impl.builtins.PrimitiveType$typeFqName$2            : loaded 2 times (x 77B)
Class kotlin.reflect.jvm.internal.KDeclarationContainerImpl                           : loaded 2 times (x 82B)
Class org.gradle.internal.classpath.DefaultClassPath$ImmutableUniqueList              : loaded 2 times (x 159B)
Class com.google.common.base.CharMatcher$JavaLetter                                   : loaded 2 times (x 109B)
Class com.google.common.collect.ImmutableMultimap$1                                   : loaded 2 times (x 80B)
Class com.google.common.collect.ImmutableMultimap$2                                   : loaded 2 times (x 79B)
Class org.gradle.internal.classpath.TransformedClassPath                              : loaded 2 times (x 94B)
Class kotlin.coroutines.jvm.internal.SuspendFunction                                  : loaded 2 times (x 68B)
Class [Lkotlin.reflect.jvm.internal.impl.resolve.jvm.JvmPrimitiveType;                : loaded 2 times (x 67B)
Class kotlin.reflect.jvm.internal.impl.builtins.StandardNames                         : loaded 2 times (x 69B)
Class com.google.common.util.concurrent.AbstractFuture$Trusted                        : loaded 2 times (x 68B)
Class com.google.common.base.VerifyException                                          : loaded 2 times (x 80B)
Class com.google.common.graph.SuccessorsFunction                                      : loaded 2 times (x 68B)
Class kotlin.LazyThreadSafetyMode                                                     : loaded 2 times (x 77B)
Class kotlin.collections.CollectionsKt__IterablesKt                                   : loaded 2 times (x 69B)
Class kotlin.reflect.jvm.internal.KClassImpl$Data$allStaticMembers$2                  : loaded 2 times (x 77B)
Class [Ldagger.hilt.processor.internal.optionvalues.GradleProjectType;                : loaded 2 times (x 67B)
Class kotlin.text.StringsKt___StringsKt                                               : loaded 2 times (x 69B)
Class Settings_gradle                                                                 : loaded 2 times (x 126B)
Class kotlin.jvm.functions.Function10                                                 : loaded 2 times (x 68B)
Class com.google.common.collect.SortedIterables                                       : loaded 2 times (x 69B)
Class kotlin.jvm.functions.Function11                                                 : loaded 2 times (x 68B)
Class kotlin.coroutines.intrinsics.CoroutineSingletons                                : loaded 2 times (x 77B)
Class kotlin.jvm.functions.Function12                                                 : loaded 2 times (x 68B)
Class kotlin.jvm.functions.Function13                                                 : loaded 2 times (x 68B)
Class kotlin.Pair                                                                     : loaded 2 times (x 70B)
Class kotlin.jvm.functions.Function14                                                 : loaded 2 times (x 68B)
Class com.google.common.collect.AbstractMapBasedMultimap$WrappedCollection$WrappedIterator: loaded 2 times (x 82B)
Class kotlin.jvm.functions.Function15                                                 : loaded 2 times (x 68B)
Class kotlin.jvm.functions.Function16                                                 : loaded 2 times (x 68B)
Class org.objectweb.asm.MethodWriter                                                  : loaded 2 times (x 104B)
Class kotlin.jvm.functions.Function17                                                 : loaded 2 times (x 68B)
Class kotlin.jvm.functions.Function18                                                 : loaded 2 times (x 68B)
Class kotlin.jvm.functions.Function19                                                 : loaded 2 times (x 68B)
Class kotlin.collections.AbstractList$Companion                                       : loaded 2 times (x 69B)
Class kotlin.coroutines.intrinsics.IntrinsicsKt                                       : loaded 2 times (x 69B)
Class com.google.common.collect.Multimaps                                             : loaded 2 times (x 69B)
Class com.google.common.collect.Maps$IteratorBasedAbstractMap$1                       : loaded 2 times (x 136B)
Class kotlin.jvm.internal.markers.KMutableListIterator                                : loaded 2 times (x 68B)
Class kotlin.reflect.jvm.internal.impl.builtins.PrimitiveType$Companion               : loaded 2 times (x 69B)
Class com.google.common.collect.Maps$13                                               : loaded 2 times (x 83B)
Class kotlin.SynchronizedLazyImpl                                                     : loaded 2 times (x 74B)
Class com.google.common.util.concurrent.ExecutionError                                : loaded 2 times (x 80B)
Class com.google.common.collect.Maps$12                                               : loaded 2 times (x 80B)
Class org.objectweb.asm.ModuleVisitor                                                 : loaded 2 times (x 79B)
Class kotlin.collections.ArraysKt__ArraysJVMKt                                        : loaded 2 times (x 69B)
Class kotlin.ranges.IntRange                                                          : loaded 2 times (x 91B)
Class kotlin.collections.SetsKt__SetsKt                                               : loaded 2 times (x 69B)
Class com.google.common.collect.AbstractIterator$1                                    : loaded 2 times (x 69B)
Class kotlin.DeprecationLevel                                                         : loaded 2 times (x 77B)
Class org.apache.http.client.methods.HttpExecutionAware                               : loaded 2 times (x 68B)
Class com.google.common.cache.LocalCache                                              : loaded 2 times (x 185B)
Class kotlin.jvm.internal.PropertyReference                                           : loaded 2 times (x 113B)
Class android.databinding.annotationprocessor.ProcessDataBinding$Callback             : loaded 2 times (x 68B)
Class kotlin.ranges.IntRange$Companion                                                : loaded 2 times (x 69B)
Class kotlin.jvm.functions.Function20                                                 : loaded 2 times (x 68B)
Class kotlin.collections.AbstractCollection                                           : loaded 2 times (x 115B)
Class kotlin.jvm.functions.Function21                                                 : loaded 2 times (x 68B)
Class kotlin.jvm.functions.Function22                                                 : loaded 2 times (x 68B)
Class com.google.common.util.concurrent.AbstractFuture$UnsafeAtomicHelper$1           : loaded 2 times (x 74B)
Class com.google.common.base.CharMatcher$JavaUpperCase                                : loaded 2 times (x 109B)
Class kotlin.collections.AbstractList                                                 : loaded 2 times (x 157B)
Class com.google.common.collect.UsingToStringOrdering                                 : loaded 2 times (x 112B)
Class com.google.common.collect.AbstractMultimap$Entries                              : loaded 2 times (x 118B)
Class kotlin.reflect.jvm.internal.KDeclarationContainerImpl$Companion                 : loaded 2 times (x 69B)
Class kotlin.collections.EmptyMap                                                     : loaded 2 times (x 107B)
Class kotlin.collections.builders.MapBuilder$Companion                                : loaded 2 times (x 69B)
Class com.google.common.collect.NullsLastOrdering                                     : loaded 2 times (x 113B)
Class org.apache.http.HttpRequest                                                     : loaded 2 times (x 68B)
Class org.objectweb.asm.MethodVisitor                                                 : loaded 2 times (x 103B)
Class org.gradle.internal.installation.GradleInstallation                             : loaded 2 times (x 73B)
Class kotlin.enums.EnumEntriesList                                                    : loaded 2 times (x 183B)
Class kotlin.io.CloseableKt                                                           : loaded 2 times (x 69B)


---------------  S Y S T E M  ---------------

OS:
 Windows 11 , 64 bit Build 22621 (10.0.22621.3958)
OS uptime: 4 days 12:48 hours
Hyper-V role detected

CPU: total 20 (initial active 20) (10 cores per cpu, 2 threads per core) family 6 model 154 stepping 3 microcode 0x429, cx8, cmov, fxsr, ht, mmx, 3dnowpref, sse, sse2, sse3, ssse3, sse4.1, sse4.2, popcnt, lzcnt, tsc, tscinvbit, avx, avx2, aes, erms, clmul, bmi1, bmi2, adx, sha, fma, vzeroupper, clflush, clflushopt, clwb, hv
Processor Information for all 20 processors :
  Max Mhz: 2300, Current Mhz: 2300, Mhz Limit: 2300

Memory: 4k page, system-wide physical 16004M (5221M free)
TotalPageFile size 18052M (AvailPageFile size 5M)
current process WorkingSet (physical memory assigned to process): 830M, peak: 834M
current process commit charge ("private bytes"): 894M, peak: 897M

vm_info: OpenJDK 64-Bit Server VM (17.0.10+0--11609105) for windows-amd64 JRE (17.0.10+0--11609105), built on Mar 21 2024 19:10:56 by "androidbuild" with MS VC++ 16.10 / 16.11 (VS2019)

END.
