#
# There is insufficient memory for the Java Runtime Environment to continue.
# Native memory allocation (malloc) failed to allocate 1110048 bytes for Chunk::new
# Possible reasons:
#   The system is out of physical RAM or swap space
#   The process is running with CompressedOops enabled, and the Java Heap may be blocking the growth of the native heap
# Possible solutions:
#   Reduce memory load on the system
#   Increase physical memory or swap space
#   Check if swap backing store is full
#   Decrease Java heap size (-Xmx/-Xms)
#   Decrease number of Java threads
#   Decrease Java thread stack sizes (-Xss)
#   Set larger code cache with -XX:ReservedCodeCacheSize=
#   JVM is running with Unscaled Compressed Oops mode in which the Java heap is
#     placed in the first 4GB address space. The Java Heap base address is the
#     maximum limit for the native heap growth. Please use -XX:HeapBaseMinAddress
#     to set the Java Heap base and to place the Java Heap above 4GB virtual address.
# This output file may be truncated or incomplete.
#
#  Out of Memory Error (arena.cpp:191), pid=15732, tid=2492
#
# JRE version: OpenJDK Runtime Environment (17.0.10) (build 17.0.10+0--11609105)
# Java VM: OpenJDK 64-Bit Server VM (17.0.10+0--11609105, mixed mode, tiered, compressed oops, compressed class ptrs, g1 gc, windows-amd64)
# No core dump will be written. Minidumps are not enabled by default on client versions of Windows
#

---------------  S U M M A R Y ------------

Command Line: --add-opens=java.base/java.util=ALL-UNNAMED --add-opens=java.base/java.lang=ALL-UNNAMED --add-opens=java.base/java.lang.invoke=ALL-UNNAMED --add-opens=java.prefs/java.util.prefs=ALL-UNNAMED --add-opens=java.base/java.nio.charset=ALL-UNNAMED --add-opens=java.base/java.net=ALL-UNNAMED --add-opens=java.base/java.util.concurrent.atomic=ALL-UNNAMED -Xmx1536M -Dfile.encoding=UTF-8 -Duser.country=US -Duser.language=en -Duser.variant -javaagent:C:\Users\Hashem Arenat\.gradle\wrapper\dists\gradle-8.7-bin\bhs2wmbdwecv87pi65oeuq5iu\gradle-8.7\lib\agents\gradle-instrumentation-agent-8.7.jar org.gradle.launcher.daemon.bootstrap.GradleDaemon 8.7

Host: 12th Gen Intel(R) Core(TM) i7-12700H, 20 cores, 15G,  Windows 11 , 64 bit Build 22621 (10.0.22621.3958)
Time: Thu Oct 31 14:06:49 2024 Jerusalem Standard Time elapsed time: 12.927375 seconds (0d 0h 0m 12s)

---------------  T H R E A D  ---------------

Current thread (0x000001b71809aae0):  JavaThread "C2 CompilerThread2" daemon [_thread_in_native, id=2492, stack(0x0000006367c00000,0x0000006367d00000)]


Current CompileTask:
C2:  12927 11390       4       org.gradle.internal.classloader.VisitableURLClassLoader$InstrumentingVisitableURLClassLoader::instrumentClass (10 bytes)

Stack: [0x0000006367c00000,0x0000006367d00000]
Native frames: (J=compiled Java code, j=interpreted, Vv=VM code, C=native code)
V  [jvm.dll+0x688de9]
V  [jvm.dll+0x8423da]
V  [jvm.dll+0x84401e]
V  [jvm.dll+0x844683]
V  [jvm.dll+0x24be0f]
V  [jvm.dll+0xac524]
V  [jvm.dll+0xacb6c]
V  [jvm.dll+0x36bd67]
V  [jvm.dll+0x33615a]
V  [jvm.dll+0x3355fa]
V  [jvm.dll+0x21daa1]
V  [jvm.dll+0x21cec1]
V  [jvm.dll+0x1a60ad]
V  [jvm.dll+0x22cd78]
V  [jvm.dll+0x22aeb0]
V  [jvm.dll+0x7f6877]
V  [jvm.dll+0x7f0c7a]
V  [jvm.dll+0x687c65]
C  [ucrtbase.dll+0x29333]
C  [KERNEL32.DLL+0x1257d]
C  [ntdll.dll+0x5af08]


---------------  P R O C E S S  ---------------

Threads class SMR info:
_java_thread_list=0x000001b715ec6000, length=86, elements={
0x000001b77685c8e0, 0x000001b77f4432b0, 0x000001b77f443d80, 0x000001b77f48c6b0,
0x000001b77f48d270, 0x000001b77f48fd40, 0x000001b77f492710, 0x000001b77f49b4c0,
0x000001b77f49fa80, 0x000001b77f4a0480, 0x000001b77f29ae50, 0x000001b77f658010,
0x000001b77f658530, 0x000001b77f658a50, 0x000001b77f718cb0, 0x000001b77f7a22b0,
0x000001b7171e6410, 0x000001b7171e7850, 0x000001b7171e59f0, 0x000001b7171e4ac0,
0x000001b7171e6920, 0x000001b7171e6e30, 0x000001b7171e40a0, 0x000001b7171e45b0,
0x000001b7171e4fd0, 0x000001b7171e5f00, 0x000001b7171e7340, 0x000001b7175cfba0,
0x000001b7175cd830, 0x000001b7175d0fe0, 0x000001b7175cf180, 0x000001b7175d14f0,
0x000001b7175d1a00, 0x000001b7175ce250, 0x000001b7175ce760, 0x000001b7175cc900,
0x000001b71809aae0, 0x000001b7175cd320, 0x000001b7175cb4c0, 0x000001b7175ca590,
0x000001b7175cf690, 0x000001b7175d00b0, 0x000001b7175cafb0, 0x000001b7175cce10,
0x000001b7175d1f10, 0x000001b7175d05c0, 0x000001b7175caaa0, 0x000001b7175cbee0,
0x000001b7175cc3f0, 0x000001b7175d0ad0, 0x000001b7175cdd40, 0x000001b719121a70,
0x000001b71911b020, 0x000001b719121560, 0x000001b7191229a0, 0x000001b71911b530,
0x000001b719121050, 0x000001b71911f1f0, 0x000001b719121f80, 0x000001b71911c970,
0x000001b71911ce80, 0x000001b71911d390, 0x000001b719120120, 0x000001b71911d8a0,
0x000001b71911c460, 0x000001b71911ddb0, 0x000001b719122490, 0x000001b71911ba40,
0x000001b71911fc10, 0x000001b71911bf50, 0x000001b71911e2c0, 0x000001b719120630,
0x000001b71911e7d0, 0x000001b71911ece0, 0x000001b71911f700, 0x000001b719120b40,
0x000001b71aaab490, 0x000001b71aaaec40, 0x000001b71aaa9120, 0x000001b71aaaaf80,
0x000001b71aaa9b40, 0x000001b71aaac8d0, 0x000001b71aaabeb0, 0x000001b71aaacde0,
0x000001b71aaaa560, 0x000001b7158395a0
}

Java Threads: ( => current thread )
  0x000001b77685c8e0 JavaThread "main" [_thread_blocked, id=23100, stack(0x0000006364000000,0x0000006364100000)]
  0x000001b77f4432b0 JavaThread "Reference Handler" daemon [_thread_blocked, id=17336, stack(0x0000006364700000,0x0000006364800000)]
  0x000001b77f443d80 JavaThread "Finalizer" daemon [_thread_blocked, id=2288, stack(0x0000006364800000,0x0000006364900000)]
  0x000001b77f48c6b0 JavaThread "Signal Dispatcher" daemon [_thread_blocked, id=6568, stack(0x0000006364900000,0x0000006364a00000)]
  0x000001b77f48d270 JavaThread "Attach Listener" daemon [_thread_blocked, id=12220, stack(0x0000006364a00000,0x0000006364b00000)]
  0x000001b77f48fd40 JavaThread "Service Thread" daemon [_thread_blocked, id=11668, stack(0x0000006364b00000,0x0000006364c00000)]
  0x000001b77f492710 JavaThread "Monitor Deflation Thread" daemon [_thread_blocked, id=7212, stack(0x0000006364c00000,0x0000006364d00000)]
  0x000001b77f49b4c0 JavaThread "C2 CompilerThread0" daemon [_thread_blocked, id=2748, stack(0x0000006364d00000,0x0000006364e00000)]
  0x000001b77f49fa80 JavaThread "C1 CompilerThread0" daemon [_thread_blocked, id=23364, stack(0x0000006364e00000,0x0000006364f00000)]
  0x000001b77f4a0480 JavaThread "Sweeper thread" daemon [_thread_blocked, id=24140, stack(0x0000006364f00000,0x0000006365000000)]
  0x000001b77f29ae50 JavaThread "Common-Cleaner" daemon [_thread_blocked, id=20728, stack(0x0000006365000000,0x0000006365100000)]
  0x000001b77f658010 JavaThread "C1 CompilerThread1" daemon [_thread_blocked, id=22632, stack(0x0000006365100000,0x0000006365200000)]
  0x000001b77f658530 JavaThread "C1 CompilerThread2" daemon [_thread_blocked, id=8752, stack(0x0000006365200000,0x0000006365300000)]
  0x000001b77f658a50 JavaThread "C1 CompilerThread3" daemon [_thread_blocked, id=17768, stack(0x0000006365300000,0x0000006365400000)]
  0x000001b77f718cb0 JavaThread "Notification Thread" daemon [_thread_blocked, id=15260, stack(0x0000006365400000,0x0000006365500000)]
  0x000001b77f7a22b0 JavaThread "C2 CompilerThread1" daemon [_thread_in_native, id=13616, stack(0x0000006365600000,0x0000006365700000)]
  0x000001b7171e6410 JavaThread "Daemon health stats" [_thread_blocked, id=23288, stack(0x0000006365900000,0x0000006365a00000)]
  0x000001b7171e7850 JavaThread "Incoming local TCP Connector on port 51747" [_thread_in_native, id=23608, stack(0x0000006365700000,0x0000006365800000)]
  0x000001b7171e59f0 JavaThread "Daemon periodic checks" [_thread_blocked, id=18728, stack(0x0000006365800000,0x0000006365900000)]
  0x000001b7171e4ac0 JavaThread "Daemon" [_thread_blocked, id=3068, stack(0x0000006365f00000,0x0000006366000000)]
  0x000001b7171e6920 JavaThread "Handler for socket connection from /127.0.0.1:51747 to /127.0.0.1:51748" [_thread_in_native, id=22976, stack(0x0000006366000000,0x0000006366100000)]
  0x000001b7171e6e30 JavaThread "Cancel handler" [_thread_blocked, id=23776, stack(0x0000006366100000,0x0000006366200000)]
  0x000001b7171e40a0 JavaThread "Daemon worker" [_thread_in_native, id=3736, stack(0x0000006366200000,0x0000006366300000)]
  0x000001b7171e45b0 JavaThread "Asynchronous log dispatcher for DefaultDaemonConnection: socket connection from /127.0.0.1:51747 to /127.0.0.1:51748" [_thread_blocked, id=3504, stack(0x0000006366300000,0x0000006366400000)]
  0x000001b7171e4fd0 JavaThread "Stdin handler" [_thread_blocked, id=24256, stack(0x0000006366400000,0x0000006366500000)]
  0x000001b7171e5f00 JavaThread "Daemon client event forwarder" [_thread_blocked, id=19296, stack(0x0000006366500000,0x0000006366600000)]
  0x000001b7171e7340 JavaThread "Cache worker for journal cache (C:\Users\Hashem Arenat\.gradle\caches\journal-1)" [_thread_blocked, id=9488, stack(0x0000006367200000,0x0000006367300000)]
  0x000001b7175cfba0 JavaThread "File lock request listener" [_thread_in_native, id=24032, stack(0x0000006367300000,0x0000006367400000)]
  0x000001b7175cd830 JavaThread "Cache worker for file hash cache (C:\Users\Hashem Arenat\.gradle\caches\8.7\fileHashes)" [_thread_blocked, id=23796, stack(0x0000006367400000,0x0000006367500000)]
  0x000001b7175d0fe0 JavaThread "Cache worker for file hash cache (C:\Users\Hashem Arenat\AndroidStudioProjects\ECommerce\.gradle\8.7\fileHashes)" [_thread_blocked, id=6960, stack(0x0000006367700000,0x0000006367800000)]
  0x000001b7175cf180 JavaThread "File watcher server" daemon [_thread_in_native, id=23744, stack(0x0000006367800000,0x0000006367900000)]
  0x000001b7175d14f0 JavaThread "File watcher consumer" daemon [_thread_blocked, id=24200, stack(0x0000006367900000,0x0000006367a00000)]
  0x000001b7175d1a00 JavaThread "Cache worker for checksums cache (C:\Users\Hashem Arenat\AndroidStudioProjects\ECommerce\.gradle\8.7\checksums)" [_thread_blocked, id=9892, stack(0x0000006367500000,0x0000006367600000)]
  0x000001b7175ce250 JavaThread "Cache worker for cache directory md-supplier (C:\Users\Hashem Arenat\.gradle\caches\8.7\md-supplier)" [_thread_blocked, id=24456, stack(0x0000006367600000,0x0000006367700000)]
  0x000001b7175ce760 JavaThread "Cache worker for cache directory md-rule (C:\Users\Hashem Arenat\.gradle\caches\8.7\md-rule)" [_thread_blocked, id=13920, stack(0x0000006367a00000,0x0000006367b00000)]
  0x000001b7175cc900 JavaThread "Cache worker for file content cache (C:\Users\Hashem Arenat\.gradle\caches\8.7\fileContent)" [_thread_blocked, id=11532, stack(0x0000006367b00000,0x0000006367c00000)]
=>0x000001b71809aae0 JavaThread "C2 CompilerThread2" daemon [_thread_in_native, id=2492, stack(0x0000006367c00000,0x0000006367d00000)]
  0x000001b7175cd320 JavaThread "Cache worker for Build Output Cleanup Cache (C:\Users\Hashem Arenat\AndroidStudioProjects\ECommerce\.gradle\buildOutputCleanup)" [_thread_blocked, id=16172, stack(0x0000006368000000,0x0000006368100000)]
  0x000001b7175cb4c0 JavaThread "Unconstrained build operations" [_thread_blocked, id=12712, stack(0x0000006368100000,0x0000006368200000)]
  0x000001b7175ca590 JavaThread "Unconstrained build operations Thread 2" [_thread_blocked, id=20556, stack(0x0000006368200000,0x0000006368300000)]
  0x000001b7175cf690 JavaThread "Unconstrained build operations Thread 3" [_thread_blocked, id=11848, stack(0x0000006368300000,0x0000006368400000)]
  0x000001b7175d00b0 JavaThread "Unconstrained build operations Thread 4" [_thread_blocked, id=22584, stack(0x0000006368400000,0x0000006368500000)]
  0x000001b7175cafb0 JavaThread "Unconstrained build operations Thread 5" [_thread_blocked, id=24472, stack(0x0000006368500000,0x0000006368600000)]
  0x000001b7175cce10 JavaThread "Unconstrained build operations Thread 6" [_thread_blocked, id=13536, stack(0x0000006368600000,0x0000006368700000)]
  0x000001b7175d1f10 JavaThread "Unconstrained build operations Thread 7" [_thread_blocked, id=18108, stack(0x0000006368700000,0x0000006368800000)]
  0x000001b7175d05c0 JavaThread "Unconstrained build operations Thread 8" [_thread_blocked, id=2212, stack(0x0000006368800000,0x0000006368900000)]
  0x000001b7175caaa0 JavaThread "Unconstrained build operations Thread 9" [_thread_blocked, id=10788, stack(0x0000006368900000,0x0000006368a00000)]
  0x000001b7175cbee0 JavaThread "Unconstrained build operations Thread 10" [_thread_blocked, id=5460, stack(0x0000006368a00000,0x0000006368b00000)]
  0x000001b7175cc3f0 JavaThread "Unconstrained build operations Thread 11" [_thread_blocked, id=3060, stack(0x0000006368b00000,0x0000006368c00000)]
  0x000001b7175d0ad0 JavaThread "Unconstrained build operations Thread 12" [_thread_blocked, id=11276, stack(0x0000006368c00000,0x0000006368d00000)]
  0x000001b7175cdd40 JavaThread "Unconstrained build operations Thread 13" [_thread_blocked, id=23312, stack(0x0000006368d00000,0x0000006368e00000)]
  0x000001b719121a70 JavaThread "Unconstrained build operations Thread 14" [_thread_blocked, id=21084, stack(0x0000006368e00000,0x0000006368f00000)]
  0x000001b71911b020 JavaThread "Unconstrained build operations Thread 15" [_thread_blocked, id=23768, stack(0x0000006368f00000,0x0000006369000000)]
  0x000001b719121560 JavaThread "Unconstrained build operations Thread 16" [_thread_blocked, id=21928, stack(0x0000006369000000,0x0000006369100000)]
  0x000001b7191229a0 JavaThread "Unconstrained build operations Thread 17" [_thread_blocked, id=23156, stack(0x0000006369100000,0x0000006369200000)]
  0x000001b71911b530 JavaThread "Unconstrained build operations Thread 18" [_thread_blocked, id=14696, stack(0x0000006369200000,0x0000006369300000)]
  0x000001b719121050 JavaThread "Unconstrained build operations Thread 19" [_thread_blocked, id=12496, stack(0x0000006369300000,0x0000006369400000)]
  0x000001b71911f1f0 JavaThread "Unconstrained build operations Thread 20" [_thread_blocked, id=2984, stack(0x0000006369400000,0x0000006369500000)]
  0x000001b719121f80 JavaThread "Unconstrained build operations Thread 21" [_thread_blocked, id=15076, stack(0x0000006369500000,0x0000006369600000)]
  0x000001b71911c970 JavaThread "Unconstrained build operations Thread 22" [_thread_blocked, id=17324, stack(0x0000006369600000,0x0000006369700000)]
  0x000001b71911ce80 JavaThread "Unconstrained build operations Thread 23" [_thread_blocked, id=23616, stack(0x0000006369700000,0x0000006369800000)]
  0x000001b71911d390 JavaThread "Unconstrained build operations Thread 24" [_thread_blocked, id=23324, stack(0x0000006369800000,0x0000006369900000)]
  0x000001b719120120 JavaThread "Unconstrained build operations Thread 25" [_thread_blocked, id=19684, stack(0x0000006369900000,0x0000006369a00000)]
  0x000001b71911d8a0 JavaThread "Unconstrained build operations Thread 26" [_thread_blocked, id=24480, stack(0x0000006369a00000,0x0000006369b00000)]
  0x000001b71911c460 JavaThread "Unconstrained build operations Thread 27" [_thread_blocked, id=23968, stack(0x0000006369b00000,0x0000006369c00000)]
  0x000001b71911ddb0 JavaThread "Unconstrained build operations Thread 28" [_thread_blocked, id=11644, stack(0x0000006369c00000,0x0000006369d00000)]
  0x000001b719122490 JavaThread "Unconstrained build operations Thread 29" [_thread_blocked, id=22564, stack(0x0000006369d00000,0x0000006369e00000)]
  0x000001b71911ba40 JavaThread "Unconstrained build operations Thread 30" [_thread_blocked, id=24348, stack(0x0000006369e00000,0x0000006369f00000)]
  0x000001b71911fc10 JavaThread "Unconstrained build operations Thread 31" [_thread_blocked, id=11316, stack(0x0000006369f00000,0x000000636a000000)]
  0x000001b71911bf50 JavaThread "Unconstrained build operations Thread 32" [_thread_blocked, id=19680, stack(0x000000636a000000,0x000000636a100000)]
  0x000001b71911e2c0 JavaThread "Unconstrained build operations Thread 33" [_thread_blocked, id=21324, stack(0x000000636a100000,0x000000636a200000)]
  0x000001b719120630 JavaThread "Unconstrained build operations Thread 34" [_thread_blocked, id=17952, stack(0x000000636a200000,0x000000636a300000)]
  0x000001b71911e7d0 JavaThread "Unconstrained build operations Thread 35" [_thread_blocked, id=1892, stack(0x000000636a300000,0x000000636a400000)]
  0x000001b71911ece0 JavaThread "Unconstrained build operations Thread 36" [_thread_blocked, id=18736, stack(0x000000636a400000,0x000000636a500000)]
  0x000001b71911f700 JavaThread "Unconstrained build operations Thread 37" [_thread_blocked, id=24012, stack(0x000000636a500000,0x000000636a600000)]
  0x000001b719120b40 JavaThread "Unconstrained build operations Thread 38" [_thread_blocked, id=14208, stack(0x000000636a600000,0x000000636a700000)]
  0x000001b71aaab490 JavaThread "Unconstrained build operations Thread 39" [_thread_blocked, id=21080, stack(0x000000636a900000,0x000000636aa00000)]
  0x000001b71aaaec40 JavaThread "Unconstrained build operations Thread 40" [_thread_blocked, id=5584, stack(0x000000636aa00000,0x000000636ab00000)]
  0x000001b71aaa9120 JavaThread "Unconstrained build operations Thread 41" [_thread_blocked, id=21556, stack(0x000000636ab00000,0x000000636ac00000)]
  0x000001b71aaaaf80 JavaThread "Unconstrained build operations Thread 42" [_thread_blocked, id=6644, stack(0x000000636ac00000,0x000000636ad00000)]
  0x000001b71aaa9b40 JavaThread "Unconstrained build operations Thread 43" [_thread_blocked, id=14896, stack(0x000000636ad00000,0x000000636ae00000)]
  0x000001b71aaac8d0 JavaThread "Unconstrained build operations Thread 44" [_thread_blocked, id=22580, stack(0x000000636ae00000,0x000000636af00000)]
  0x000001b71aaabeb0 JavaThread "build event listener" [_thread_blocked, id=12040, stack(0x000000636a800000,0x000000636a900000)]
  0x000001b71aaacde0 JavaThread "Memory manager" [_thread_blocked, id=22920, stack(0x0000006367e00000,0x0000006367f00000)]
  0x000001b71aaaa560 JavaThread "build event listener" [_thread_blocked, id=22212, stack(0x0000006367f00000,0x0000006368000000)]
  0x000001b7158395a0 JavaThread "C2 CompilerThread3" daemon [_thread_in_native, id=23356, stack(0x0000006367d00000,0x0000006367e00000)]

Other Threads:
  0x000001b77f2b5df0 VMThread "VM Thread" [stack: 0x0000006364600000,0x0000006364700000] [id=24368]
  0x000001b77685d760 WatcherThread [stack: 0x0000006365500000,0x0000006365600000] [id=17896]
  0x000001b7768aac80 GCTaskThread "GC Thread#0" [stack: 0x0000006364100000,0x0000006364200000] [id=15072]
  0x000001b715c60150 GCTaskThread "GC Thread#1" [stack: 0x0000006365a00000,0x0000006365b00000] [id=21860]
  0x000001b715c60410 GCTaskThread "GC Thread#2" [stack: 0x0000006365b00000,0x0000006365c00000] [id=6908]
  0x000001b715c606d0 GCTaskThread "GC Thread#3" [stack: 0x0000006365c00000,0x0000006365d00000] [id=22416]
  0x000001b715c60990 GCTaskThread "GC Thread#4" [stack: 0x0000006365d00000,0x0000006365e00000] [id=22060]
  0x000001b71651dd60 GCTaskThread "GC Thread#5" [stack: 0x0000006365e00000,0x0000006365f00000] [id=14144]
  0x000001b7168da000 GCTaskThread "GC Thread#6" [stack: 0x0000006366600000,0x0000006366700000] [id=21820]
  0x000001b7171caaa0 GCTaskThread "GC Thread#7" [stack: 0x0000006366700000,0x0000006366800000] [id=8500]
  0x000001b7171c9fb0 GCTaskThread "GC Thread#8" [stack: 0x0000006366800000,0x0000006366900000] [id=23428]
  0x000001b7160948e0 GCTaskThread "GC Thread#9" [stack: 0x0000006366900000,0x0000006366a00000] [id=17844]
  0x000001b716e08820 GCTaskThread "GC Thread#10" [stack: 0x0000006366a00000,0x0000006366b00000] [id=19284]
  0x000001b717379bb0 GCTaskThread "GC Thread#11" [stack: 0x0000006366b00000,0x0000006366c00000] [id=24484]
  0x000001b7173dcfb0 GCTaskThread "GC Thread#12" [stack: 0x0000006366c00000,0x0000006366d00000] [id=16244]
  0x000001b716c1a200 GCTaskThread "GC Thread#13" [stack: 0x0000006366d00000,0x0000006366e00000] [id=24084]
  0x000001b717388830 GCTaskThread "GC Thread#14" [stack: 0x0000006366e00000,0x0000006366f00000] [id=2276]
  0x000001b7768b7bd0 ConcurrentGCThread "G1 Main Marker" [stack: 0x0000006364200000,0x0000006364300000] [id=19836]
  0x000001b7768b85f0 ConcurrentGCThread "G1 Conc#0" [stack: 0x0000006364300000,0x0000006364400000] [id=12148]
  0x000001b71749f9a0 ConcurrentGCThread "G1 Conc#1" [stack: 0x0000006366f00000,0x0000006367000000] [id=19472]
  0x000001b71513c1a0 ConcurrentGCThread "G1 Conc#2" [stack: 0x0000006367000000,0x0000006367100000] [id=22956]
  0x000001b71513a8e0 ConcurrentGCThread "G1 Conc#3" [stack: 0x0000006367100000,0x0000006367200000] [id=10864]
  0x000001b77f168600 ConcurrentGCThread "G1 Refine#0" [stack: 0x0000006364400000,0x0000006364500000] [id=19052]
  0x000001b77f169cf0 ConcurrentGCThread "G1 Service" [stack: 0x0000006364500000,0x0000006364600000] [id=4900]

Threads with active compile tasks:
C2 CompilerThread1    12950 11337       4       jdk.internal.org.objectweb.asm.MethodWriter::computeAllFrames (510 bytes)
C2 CompilerThread2    12950 11390       4       org.gradle.internal.classloader.VisitableURLClassLoader$InstrumentingVisitableURLClassLoader::instrumentClass (10 bytes)
C2 CompilerThread3    12950 11424       4       java.lang.reflect.Method::invoke (65 bytes)

VM state: not at safepoint (normal execution)

VM Mutex/Monitor currently owned by a thread: None

Heap address: 0x00000000a0000000, size: 1536 MB, Compressed Oops mode: 32-bit

CDS archive(s) not mapped
Compressed class space mapped at: 0x0000000100000000-0x0000000140000000, reserved size: 1073741824
Narrow klass base: 0x0000000000000000, Narrow klass shift: 3, Narrow klass range: 0x140000000

GC Precious Log:
 CPUs: 20 total, 20 available
 Memory: 16004M
 Large Page Support: Disabled
 NUMA Support: Disabled
 Compressed Oops: Enabled (32-bit)
 Heap Region Size: 1M
 Heap Min Capacity: 8M
 Heap Initial Capacity: 252M
 Heap Max Capacity: 1536M
 Pre-touch: Disabled
 Parallel Workers: 15
 Concurrent Workers: 4
 Concurrent Refinement Workers: 15
 Periodic GC: Disabled

Heap:
 garbage-first heap   total 231424K, used 165090K [0x00000000a0000000, 0x0000000100000000)
  region size 1024K, 69 young (70656K), 11 survivors (11264K)
 Metaspace       used 101604K, committed 102464K, reserved 1179648K
  class space    used 14013K, committed 14400K, reserved 1048576K

Heap Regions: E=young(eden), S=young(survivor), O=old, HS=humongous(starts), HC=humongous(continues), CS=collection set, F=free, OA=open archive, CA=closed archive, TAMS=top-at-mark-start (previous, next)
|   0|0x00000000a0000000, 0x00000000a0100000, 0x00000000a0100000|100%|HS|  |TAMS 0x00000000a0100000, 0x00000000a0000000| Complete 
|   1|0x00000000a0100000, 0x00000000a0200000, 0x00000000a0200000|100%|HC|  |TAMS 0x00000000a0200000, 0x00000000a0100000| Complete 
|   2|0x00000000a0200000, 0x00000000a0300000, 0x00000000a0300000|100%|HC|  |TAMS 0x00000000a0300000, 0x00000000a0200000| Complete 
|   3|0x00000000a0300000, 0x00000000a0400000, 0x00000000a0400000|100%|HC|  |TAMS 0x00000000a0400000, 0x00000000a0300000| Complete 
|   4|0x00000000a0400000, 0x00000000a0500000, 0x00000000a0500000|100%| O|  |TAMS 0x00000000a0500000, 0x00000000a0400000| Untracked 
|   5|0x00000000a0500000, 0x00000000a0600000, 0x00000000a0600000|100%| O|  |TAMS 0x00000000a0600000, 0x00000000a0500000| Untracked 
|   6|0x00000000a0600000, 0x00000000a0700000, 0x00000000a0700000|100%| O|  |TAMS 0x00000000a0700000, 0x00000000a0600000| Untracked 
|   7|0x00000000a0700000, 0x00000000a0800000, 0x00000000a0800000|100%| O|  |TAMS 0x00000000a0800000, 0x00000000a0700000| Untracked 
|   8|0x00000000a0800000, 0x00000000a0900000, 0x00000000a0900000|100%| O|  |TAMS 0x00000000a0900000, 0x00000000a0800000| Untracked 
|   9|0x00000000a0900000, 0x00000000a0a00000, 0x00000000a0a00000|100%| O|  |TAMS 0x00000000a0a00000, 0x00000000a0900000| Untracked 
|  10|0x00000000a0a00000, 0x00000000a0b00000, 0x00000000a0b00000|100%|HS|  |TAMS 0x00000000a0b00000, 0x00000000a0a00000| Complete 
|  11|0x00000000a0b00000, 0x00000000a0c00000, 0x00000000a0c00000|100%| O|  |TAMS 0x00000000a0c00000, 0x00000000a0b00000| Untracked 
|  12|0x00000000a0c00000, 0x00000000a0d00000, 0x00000000a0d00000|100%| O|  |TAMS 0x00000000a0d00000, 0x00000000a0c00000| Untracked 
|  13|0x00000000a0d00000, 0x00000000a0e00000, 0x00000000a0e00000|100%| O|  |TAMS 0x00000000a0e00000, 0x00000000a0d00000| Untracked 
|  14|0x00000000a0e00000, 0x00000000a0f00000, 0x00000000a0f00000|100%| O|  |TAMS 0x00000000a0f00000, 0x00000000a0e00000| Untracked 
|  15|0x00000000a0f00000, 0x00000000a1000000, 0x00000000a1000000|100%| O|  |TAMS 0x00000000a1000000, 0x00000000a0f00000| Untracked 
|  16|0x00000000a1000000, 0x00000000a1100000, 0x00000000a1100000|100%| O|  |TAMS 0x00000000a1100000, 0x00000000a1000000| Untracked 
|  17|0x00000000a1100000, 0x00000000a1200000, 0x00000000a1200000|100%| O|  |TAMS 0x00000000a1200000, 0x00000000a1100000| Untracked 
|  18|0x00000000a1200000, 0x00000000a1300000, 0x00000000a1300000|100%| O|  |TAMS 0x00000000a1300000, 0x00000000a1200000| Untracked 
|  19|0x00000000a1300000, 0x00000000a1400000, 0x00000000a1400000|100%| O|  |TAMS 0x00000000a1400000, 0x00000000a1300000| Untracked 
|  20|0x00000000a1400000, 0x00000000a1500000, 0x00000000a1500000|100%| O|  |TAMS 0x00000000a1500000, 0x00000000a1400000| Untracked 
|  21|0x00000000a1500000, 0x00000000a1600000, 0x00000000a1600000|100%| O|  |TAMS 0x00000000a1600000, 0x00000000a1500000| Untracked 
|  22|0x00000000a1600000, 0x00000000a1700000, 0x00000000a1700000|100%| O|  |TAMS 0x00000000a1700000, 0x00000000a1600000| Untracked 
|  23|0x00000000a1700000, 0x00000000a1800000, 0x00000000a1800000|100%| O|  |TAMS 0x00000000a1800000, 0x00000000a1700000| Untracked 
|  24|0x00000000a1800000, 0x00000000a1900000, 0x00000000a1900000|100%| O|  |TAMS 0x00000000a1900000, 0x00000000a1800000| Untracked 
|  25|0x00000000a1900000, 0x00000000a1a00000, 0x00000000a1a00000|100%| O|  |TAMS 0x00000000a1a00000, 0x00000000a1900000| Untracked 
|  26|0x00000000a1a00000, 0x00000000a1b00000, 0x00000000a1b00000|100%| O|  |TAMS 0x00000000a1b00000, 0x00000000a1a00000| Untracked 
|  27|0x00000000a1b00000, 0x00000000a1c00000, 0x00000000a1c00000|100%| O|  |TAMS 0x00000000a1c00000, 0x00000000a1b00000| Untracked 
|  28|0x00000000a1c00000, 0x00000000a1d00000, 0x00000000a1d00000|100%| O|  |TAMS 0x00000000a1d00000, 0x00000000a1c00000| Untracked 
|  29|0x00000000a1d00000, 0x00000000a1e00000, 0x00000000a1e00000|100%| O|  |TAMS 0x00000000a1d00000, 0x00000000a1d00000| Untracked 
|  30|0x00000000a1e00000, 0x00000000a1f00000, 0x00000000a1f00000|100%| O|  |TAMS 0x00000000a1f00000, 0x00000000a1e00000| Untracked 
|  31|0x00000000a1f00000, 0x00000000a2000000, 0x00000000a2000000|100%| O|  |TAMS 0x00000000a2000000, 0x00000000a1f00000| Untracked 
|  32|0x00000000a2000000, 0x00000000a2100000, 0x00000000a2100000|100%| O|  |TAMS 0x00000000a2100000, 0x00000000a2000000| Untracked 
|  33|0x00000000a2100000, 0x00000000a2200000, 0x00000000a2200000|100%| O|  |TAMS 0x00000000a2200000, 0x00000000a2100000| Untracked 
|  34|0x00000000a2200000, 0x00000000a2300000, 0x00000000a2300000|100%| O|  |TAMS 0x00000000a2300000, 0x00000000a2200000| Untracked 
|  35|0x00000000a2300000, 0x00000000a2400000, 0x00000000a2400000|100%| O|  |TAMS 0x00000000a2400000, 0x00000000a2300000| Untracked 
|  36|0x00000000a2400000, 0x00000000a2500000, 0x00000000a2500000|100%| O|  |TAMS 0x00000000a2500000, 0x00000000a2400000| Untracked 
|  37|0x00000000a2500000, 0x00000000a2600000, 0x00000000a2600000|100%| O|  |TAMS 0x00000000a2600000, 0x00000000a2500000| Untracked 
|  38|0x00000000a2600000, 0x00000000a2700000, 0x00000000a2700000|100%|HS|  |TAMS 0x00000000a2700000, 0x00000000a2600000| Complete 
|  39|0x00000000a2700000, 0x00000000a2800000, 0x00000000a2800000|100%|HS|  |TAMS 0x00000000a2800000, 0x00000000a2700000| Complete 
|  40|0x00000000a2800000, 0x00000000a2900000, 0x00000000a2900000|100%|HS|  |TAMS 0x00000000a2900000, 0x00000000a2800000| Complete 
|  41|0x00000000a2900000, 0x00000000a2a00000, 0x00000000a2a00000|100%|HC|  |TAMS 0x00000000a2a00000, 0x00000000a2900000| Complete 
|  42|0x00000000a2a00000, 0x00000000a2b00000, 0x00000000a2b00000|100%| O|  |TAMS 0x00000000a2b00000, 0x00000000a2a00000| Untracked 
|  43|0x00000000a2b00000, 0x00000000a2c00000, 0x00000000a2c00000|100%| O|  |TAMS 0x00000000a2c00000, 0x00000000a2b00000| Untracked 
|  44|0x00000000a2c00000, 0x00000000a2d00000, 0x00000000a2d00000|100%|HS|  |TAMS 0x00000000a2d00000, 0x00000000a2c00000| Complete 
|  45|0x00000000a2d00000, 0x00000000a2e00000, 0x00000000a2e00000|100%|HC|  |TAMS 0x00000000a2e00000, 0x00000000a2d00000| Complete 
|  46|0x00000000a2e00000, 0x00000000a2f00000, 0x00000000a2f00000|100%|HS|  |TAMS 0x00000000a2f00000, 0x00000000a2e00000| Complete 
|  47|0x00000000a2f00000, 0x00000000a3000000, 0x00000000a3000000|100%|HS|  |TAMS 0x00000000a3000000, 0x00000000a2f00000| Complete 
|  48|0x00000000a3000000, 0x00000000a3100000, 0x00000000a3100000|100%|HC|  |TAMS 0x00000000a3100000, 0x00000000a3000000| Complete 
|  49|0x00000000a3100000, 0x00000000a3200000, 0x00000000a3200000|100%|HC|  |TAMS 0x00000000a3200000, 0x00000000a3100000| Complete 
|  50|0x00000000a3200000, 0x00000000a3300000, 0x00000000a3300000|100%|HC|  |TAMS 0x00000000a3300000, 0x00000000a3200000| Complete 
|  51|0x00000000a3300000, 0x00000000a3400000, 0x00000000a3400000|100%|HS|  |TAMS 0x00000000a3400000, 0x00000000a3300000| Complete 
|  52|0x00000000a3400000, 0x00000000a3500000, 0x00000000a3500000|100%| O|  |TAMS 0x00000000a3500000, 0x00000000a3400000| Untracked 
|  53|0x00000000a3500000, 0x00000000a3600000, 0x00000000a3600000|100%|HS|  |TAMS 0x00000000a3600000, 0x00000000a3500000| Complete 
|  54|0x00000000a3600000, 0x00000000a3700000, 0x00000000a3700000|100%| O|  |TAMS 0x00000000a3700000, 0x00000000a3600000| Untracked 
|  55|0x00000000a3700000, 0x00000000a3800000, 0x00000000a3800000|100%| O|  |TAMS 0x00000000a3800000, 0x00000000a3700000| Untracked 
|  56|0x00000000a3800000, 0x00000000a3900000, 0x00000000a3900000|100%| O|  |TAMS 0x00000000a3900000, 0x00000000a3800000| Untracked 
|  57|0x00000000a3900000, 0x00000000a3a00000, 0x00000000a3a00000|100%| O|  |TAMS 0x00000000a3a00000, 0x00000000a3900000| Untracked 
|  58|0x00000000a3a00000, 0x00000000a3b00000, 0x00000000a3b00000|100%| O|  |TAMS 0x00000000a3b00000, 0x00000000a3a00000| Untracked 
|  59|0x00000000a3b00000, 0x00000000a3c00000, 0x00000000a3c00000|100%| O|  |TAMS 0x00000000a3c00000, 0x00000000a3b00000| Untracked 
|  60|0x00000000a3c00000, 0x00000000a3d00000, 0x00000000a3d00000|100%| O|  |TAMS 0x00000000a3d00000, 0x00000000a3c00000| Untracked 
|  61|0x00000000a3d00000, 0x00000000a3e00000, 0x00000000a3e00000|100%| O|  |TAMS 0x00000000a3e00000, 0x00000000a3d00000| Untracked 
|  62|0x00000000a3e00000, 0x00000000a3f00000, 0x00000000a3f00000|100%| O|  |TAMS 0x00000000a3e28400, 0x00000000a3e00000| Untracked 
|  63|0x00000000a3f00000, 0x00000000a4000000, 0x00000000a4000000|100%| O|  |TAMS 0x00000000a4000000, 0x00000000a3f00000| Untracked 
|  64|0x00000000a4000000, 0x00000000a4100000, 0x00000000a4100000|100%| O|  |TAMS 0x00000000a4100000, 0x00000000a4000000| Untracked 
|  65|0x00000000a4100000, 0x00000000a4200000, 0x00000000a4200000|100%| O|  |TAMS 0x00000000a4200000, 0x00000000a4100000| Untracked 
|  66|0x00000000a4200000, 0x00000000a4300000, 0x00000000a4300000|100%|HS|  |TAMS 0x00000000a4200000, 0x00000000a4200000| Complete 
|  67|0x00000000a4300000, 0x00000000a4400000, 0x00000000a4400000|100%|HC|  |TAMS 0x00000000a4300000, 0x00000000a4300000| Complete 
|  68|0x00000000a4400000, 0x00000000a4500000, 0x00000000a4500000|100%|HC|  |TAMS 0x00000000a4400000, 0x00000000a4400000| Complete 
|  69|0x00000000a4500000, 0x00000000a4600000, 0x00000000a4600000|100%|HC|  |TAMS 0x00000000a4500000, 0x00000000a4500000| Complete 
|  70|0x00000000a4600000, 0x00000000a4700000, 0x00000000a4700000|100%|HS|  |TAMS 0x00000000a4700000, 0x00000000a4600000| Complete 
|  71|0x00000000a4700000, 0x00000000a4800000, 0x00000000a4800000|100%| O|  |TAMS 0x00000000a4700000, 0x00000000a4700000| Untracked 
|  72|0x00000000a4800000, 0x00000000a4900000, 0x00000000a4900000|100%| O|  |TAMS 0x00000000a4800000, 0x00000000a4800000| Untracked 
|  73|0x00000000a4900000, 0x00000000a4a00000, 0x00000000a4a00000|100%| O|  |TAMS 0x00000000a4900000, 0x00000000a4900000| Untracked 
|  74|0x00000000a4a00000, 0x00000000a4b00000, 0x00000000a4b00000|100%| O|  |TAMS 0x00000000a4a00000, 0x00000000a4a00000| Untracked 
|  75|0x00000000a4b00000, 0x00000000a4c00000, 0x00000000a4c00000|100%| O|  |TAMS 0x00000000a4b00000, 0x00000000a4b00000| Untracked 
|  76|0x00000000a4c00000, 0x00000000a4d00000, 0x00000000a4d00000|100%| O|  |TAMS 0x00000000a4c00000, 0x00000000a4c00000| Untracked 
|  77|0x00000000a4d00000, 0x00000000a4e00000, 0x00000000a4e00000|100%| O|  |TAMS 0x00000000a4d00000, 0x00000000a4d00000| Untracked 
|  78|0x00000000a4e00000, 0x00000000a4f00000, 0x00000000a4f00000|100%| O|  |TAMS 0x00000000a4e00000, 0x00000000a4e00000| Untracked 
|  79|0x00000000a4f00000, 0x00000000a5000000, 0x00000000a5000000|100%| O|  |TAMS 0x00000000a4f00000, 0x00000000a4f00000| Untracked 
|  80|0x00000000a5000000, 0x00000000a5100000, 0x00000000a5100000|100%| O|  |TAMS 0x00000000a5000000, 0x00000000a5000000| Untracked 
|  81|0x00000000a5100000, 0x00000000a5200000, 0x00000000a5200000|100%| O|  |TAMS 0x00000000a5100000, 0x00000000a5100000| Untracked 
|  82|0x00000000a5200000, 0x00000000a5300000, 0x00000000a5300000|100%| O|  |TAMS 0x00000000a5200000, 0x00000000a5200000| Untracked 
|  83|0x00000000a5300000, 0x00000000a5400000, 0x00000000a5400000|100%| O|  |TAMS 0x00000000a5300000, 0x00000000a5300000| Untracked 
|  84|0x00000000a5400000, 0x00000000a5500000, 0x00000000a5500000|100%| O|  |TAMS 0x00000000a5400000, 0x00000000a5400000| Untracked 
|  85|0x00000000a5500000, 0x00000000a5600000, 0x00000000a5600000|100%| O|  |TAMS 0x00000000a5500000, 0x00000000a5500000| Untracked 
|  86|0x00000000a5600000, 0x00000000a5700000, 0x00000000a5700000|100%| O|  |TAMS 0x00000000a5600000, 0x00000000a5600000| Untracked 
|  87|0x00000000a5700000, 0x00000000a5800000, 0x00000000a5800000|100%| O|  |TAMS 0x00000000a5700000, 0x00000000a5700000| Untracked 
|  88|0x00000000a5800000, 0x00000000a5900000, 0x00000000a5900000|100%| O|  |TAMS 0x00000000a5800000, 0x00000000a5800000| Untracked 
|  89|0x00000000a5900000, 0x00000000a5a00000, 0x00000000a5a00000|100%| O|  |TAMS 0x00000000a5900000, 0x00000000a5900000| Untracked 
|  90|0x00000000a5a00000, 0x00000000a5b00000, 0x00000000a5b00000|100%| O|  |TAMS 0x00000000a5a00000, 0x00000000a5a00000| Untracked 
|  91|0x00000000a5b00000, 0x00000000a5c00000, 0x00000000a5c00000|100%| O|  |TAMS 0x00000000a5b00000, 0x00000000a5b00000| Untracked 
|  92|0x00000000a5c00000, 0x00000000a5d00000, 0x00000000a5d00000|100%| O|  |TAMS 0x00000000a5c00000, 0x00000000a5c00000| Untracked 
|  93|0x00000000a5d00000, 0x00000000a5d57a00, 0x00000000a5e00000| 34%| O|  |TAMS 0x00000000a5d00000, 0x00000000a5d00000| Untracked 
|  94|0x00000000a5e00000, 0x00000000a5e00000, 0x00000000a5f00000|  0%| F|  |TAMS 0x00000000a5e00000, 0x00000000a5e00000| Untracked 
|  95|0x00000000a5f00000, 0x00000000a5f00000, 0x00000000a6000000|  0%| F|  |TAMS 0x00000000a5f00000, 0x00000000a5f00000| Untracked 
|  96|0x00000000a6000000, 0x00000000a6000000, 0x00000000a6100000|  0%| F|  |TAMS 0x00000000a6000000, 0x00000000a6000000| Untracked 
|  97|0x00000000a6100000, 0x00000000a6100000, 0x00000000a6200000|  0%| F|  |TAMS 0x00000000a6100000, 0x00000000a6100000| Untracked 
|  98|0x00000000a6200000, 0x00000000a6200000, 0x00000000a6300000|  0%| F|  |TAMS 0x00000000a6200000, 0x00000000a6200000| Untracked 
|  99|0x00000000a6300000, 0x00000000a6300000, 0x00000000a6400000|  0%| F|  |TAMS 0x00000000a6300000, 0x00000000a6300000| Untracked 
| 100|0x00000000a6400000, 0x00000000a6400000, 0x00000000a6500000|  0%| F|  |TAMS 0x00000000a6400000, 0x00000000a6400000| Untracked 
| 101|0x00000000a6500000, 0x00000000a6500000, 0x00000000a6600000|  0%| F|  |TAMS 0x00000000a6500000, 0x00000000a6500000| Untracked 
| 102|0x00000000a6600000, 0x00000000a6600000, 0x00000000a6700000|  0%| F|  |TAMS 0x00000000a6600000, 0x00000000a6600000| Untracked 
| 103|0x00000000a6700000, 0x00000000a6700000, 0x00000000a6800000|  0%| F|  |TAMS 0x00000000a6700000, 0x00000000a6700000| Untracked 
| 104|0x00000000a6800000, 0x00000000a6800000, 0x00000000a6900000|  0%| F|  |TAMS 0x00000000a6800000, 0x00000000a6800000| Untracked 
| 105|0x00000000a6900000, 0x00000000a6900000, 0x00000000a6a00000|  0%| F|  |TAMS 0x00000000a6900000, 0x00000000a6900000| Untracked 
| 106|0x00000000a6a00000, 0x00000000a6a00000, 0x00000000a6b00000|  0%| F|  |TAMS 0x00000000a6a00000, 0x00000000a6a00000| Untracked 
| 107|0x00000000a6b00000, 0x00000000a6b00000, 0x00000000a6c00000|  0%| F|  |TAMS 0x00000000a6b00000, 0x00000000a6b00000| Untracked 
| 108|0x00000000a6c00000, 0x00000000a6c00000, 0x00000000a6d00000|  0%| F|  |TAMS 0x00000000a6c00000, 0x00000000a6c00000| Untracked 
| 109|0x00000000a6d00000, 0x00000000a6d00000, 0x00000000a6e00000|  0%| F|  |TAMS 0x00000000a6d00000, 0x00000000a6d00000| Untracked 
| 110|0x00000000a6e00000, 0x00000000a6e00000, 0x00000000a6f00000|  0%| F|  |TAMS 0x00000000a6e00000, 0x00000000a6e00000| Untracked 
| 111|0x00000000a6f00000, 0x00000000a6f00000, 0x00000000a7000000|  0%| F|  |TAMS 0x00000000a6f00000, 0x00000000a6f00000| Untracked 
| 112|0x00000000a7000000, 0x00000000a7000000, 0x00000000a7100000|  0%| F|  |TAMS 0x00000000a7000000, 0x00000000a7000000| Untracked 
| 113|0x00000000a7100000, 0x00000000a7100000, 0x00000000a7200000|  0%| F|  |TAMS 0x00000000a7100000, 0x00000000a7100000| Untracked 
| 114|0x00000000a7200000, 0x00000000a7200000, 0x00000000a7300000|  0%| F|  |TAMS 0x00000000a7200000, 0x00000000a7200000| Untracked 
| 115|0x00000000a7300000, 0x00000000a7300000, 0x00000000a7400000|  0%| F|  |TAMS 0x00000000a7300000, 0x00000000a7300000| Untracked 
| 116|0x00000000a7400000, 0x00000000a7400000, 0x00000000a7500000|  0%| F|  |TAMS 0x00000000a7400000, 0x00000000a7400000| Untracked 
| 117|0x00000000a7500000, 0x00000000a7500000, 0x00000000a7600000|  0%| F|  |TAMS 0x00000000a7500000, 0x00000000a7500000| Untracked 
| 118|0x00000000a7600000, 0x00000000a7600000, 0x00000000a7700000|  0%| F|  |TAMS 0x00000000a7600000, 0x00000000a7600000| Untracked 
| 119|0x00000000a7700000, 0x00000000a7700000, 0x00000000a7800000|  0%| F|  |TAMS 0x00000000a7700000, 0x00000000a7700000| Untracked 
| 120|0x00000000a7800000, 0x00000000a7800000, 0x00000000a7900000|  0%| F|  |TAMS 0x00000000a7800000, 0x00000000a7800000| Untracked 
| 121|0x00000000a7900000, 0x00000000a7900000, 0x00000000a7a00000|  0%| F|  |TAMS 0x00000000a7900000, 0x00000000a7900000| Untracked 
| 122|0x00000000a7a00000, 0x00000000a7a00000, 0x00000000a7b00000|  0%| F|  |TAMS 0x00000000a7a00000, 0x00000000a7a00000| Untracked 
| 123|0x00000000a7b00000, 0x00000000a7b00000, 0x00000000a7c00000|  0%| F|  |TAMS 0x00000000a7b00000, 0x00000000a7b00000| Untracked 
| 124|0x00000000a7c00000, 0x00000000a7c00000, 0x00000000a7d00000|  0%| F|  |TAMS 0x00000000a7c00000, 0x00000000a7c00000| Untracked 
| 125|0x00000000a7d00000, 0x00000000a7de0f10, 0x00000000a7e00000| 87%| S|CS|TAMS 0x00000000a7d00000, 0x00000000a7d00000| Complete 
| 126|0x00000000a7e00000, 0x00000000a7f00000, 0x00000000a7f00000|100%| S|CS|TAMS 0x00000000a7e00000, 0x00000000a7e00000| Complete 
| 127|0x00000000a7f00000, 0x00000000a7f00000, 0x00000000a8000000|  0%| F|  |TAMS 0x00000000a7f00000, 0x00000000a7f00000| Untracked 
| 128|0x00000000a8000000, 0x00000000a8100000, 0x00000000a8100000|100%| S|CS|TAMS 0x00000000a8000000, 0x00000000a8000000| Complete 
| 129|0x00000000a8100000, 0x00000000a8200000, 0x00000000a8200000|100%| S|CS|TAMS 0x00000000a8100000, 0x00000000a8100000| Complete 
| 130|0x00000000a8200000, 0x00000000a8300000, 0x00000000a8300000|100%| S|CS|TAMS 0x00000000a8200000, 0x00000000a8200000| Complete 
| 131|0x00000000a8300000, 0x00000000a8400000, 0x00000000a8400000|100%| S|CS|TAMS 0x00000000a8300000, 0x00000000a8300000| Complete 
| 132|0x00000000a8400000, 0x00000000a8500000, 0x00000000a8500000|100%| S|CS|TAMS 0x00000000a8400000, 0x00000000a8400000| Complete 
| 133|0x00000000a8500000, 0x00000000a8600000, 0x00000000a8600000|100%| S|CS|TAMS 0x00000000a8500000, 0x00000000a8500000| Complete 
| 134|0x00000000a8600000, 0x00000000a8700000, 0x00000000a8700000|100%| S|CS|TAMS 0x00000000a8600000, 0x00000000a8600000| Complete 
| 135|0x00000000a8700000, 0x00000000a8700000, 0x00000000a8800000|  0%| F|  |TAMS 0x00000000a8700000, 0x00000000a8700000| Untracked 
| 136|0x00000000a8800000, 0x00000000a8800000, 0x00000000a8900000|  0%| F|  |TAMS 0x00000000a8800000, 0x00000000a8800000| Untracked 
| 137|0x00000000a8900000, 0x00000000a8900000, 0x00000000a8a00000|  0%| F|  |TAMS 0x00000000a8900000, 0x00000000a8900000| Untracked 
| 138|0x00000000a8a00000, 0x00000000a8a00000, 0x00000000a8b00000|  0%| F|  |TAMS 0x00000000a8a00000, 0x00000000a8a00000| Untracked 
| 139|0x00000000a8b00000, 0x00000000a8c00000, 0x00000000a8c00000|100%| S|CS|TAMS 0x00000000a8b00000, 0x00000000a8b00000| Complete 
| 140|0x00000000a8c00000, 0x00000000a8d00000, 0x00000000a8d00000|100%| S|CS|TAMS 0x00000000a8c00000, 0x00000000a8c00000| Complete 
| 141|0x00000000a8d00000, 0x00000000a8d00000, 0x00000000a8e00000|  0%| F|  |TAMS 0x00000000a8d00000, 0x00000000a8d00000| Untracked 
| 142|0x00000000a8e00000, 0x00000000a8e00000, 0x00000000a8f00000|  0%| F|  |TAMS 0x00000000a8e00000, 0x00000000a8e00000| Untracked 
| 143|0x00000000a8f00000, 0x00000000a8f00000, 0x00000000a9000000|  0%| F|  |TAMS 0x00000000a8f00000, 0x00000000a8f00000| Untracked 
| 144|0x00000000a9000000, 0x00000000a9000000, 0x00000000a9100000|  0%| F|  |TAMS 0x00000000a9000000, 0x00000000a9000000| Untracked 
| 145|0x00000000a9100000, 0x00000000a9100000, 0x00000000a9200000|  0%| F|  |TAMS 0x00000000a9100000, 0x00000000a9100000| Untracked 
| 146|0x00000000a9200000, 0x00000000a9200000, 0x00000000a9300000|  0%| F|  |TAMS 0x00000000a9200000, 0x00000000a9200000| Untracked 
| 147|0x00000000a9300000, 0x00000000a9300000, 0x00000000a9400000|  0%| F|  |TAMS 0x00000000a9300000, 0x00000000a9300000| Untracked 
| 148|0x00000000a9400000, 0x00000000a9400000, 0x00000000a9500000|  0%| F|  |TAMS 0x00000000a9400000, 0x00000000a9400000| Untracked 
| 149|0x00000000a9500000, 0x00000000a9500000, 0x00000000a9600000|  0%| F|  |TAMS 0x00000000a9500000, 0x00000000a9500000| Untracked 
| 150|0x00000000a9600000, 0x00000000a9600000, 0x00000000a9700000|  0%| F|  |TAMS 0x00000000a9600000, 0x00000000a9600000| Untracked 
| 151|0x00000000a9700000, 0x00000000a9700000, 0x00000000a9800000|  0%| F|  |TAMS 0x00000000a9700000, 0x00000000a9700000| Untracked 
| 152|0x00000000a9800000, 0x00000000a9800000, 0x00000000a9900000|  0%| F|  |TAMS 0x00000000a9800000, 0x00000000a9800000| Untracked 
| 153|0x00000000a9900000, 0x00000000a9900000, 0x00000000a9a00000|  0%| F|  |TAMS 0x00000000a9900000, 0x00000000a9900000| Untracked 
| 154|0x00000000a9a00000, 0x00000000a9a00000, 0x00000000a9b00000|  0%| F|  |TAMS 0x00000000a9a00000, 0x00000000a9a00000| Untracked 
| 155|0x00000000a9b00000, 0x00000000a9b00000, 0x00000000a9c00000|  0%| F|  |TAMS 0x00000000a9b00000, 0x00000000a9b00000| Untracked 
| 156|0x00000000a9c00000, 0x00000000a9c00000, 0x00000000a9d00000|  0%| F|  |TAMS 0x00000000a9c00000, 0x00000000a9c00000| Untracked 
| 157|0x00000000a9d00000, 0x00000000a9d00000, 0x00000000a9e00000|  0%| F|  |TAMS 0x00000000a9d00000, 0x00000000a9d00000| Untracked 
| 158|0x00000000a9e00000, 0x00000000a9e00000, 0x00000000a9f00000|  0%| F|  |TAMS 0x00000000a9e00000, 0x00000000a9e00000| Untracked 
| 159|0x00000000a9f00000, 0x00000000a9f00000, 0x00000000aa000000|  0%| F|  |TAMS 0x00000000a9f00000, 0x00000000a9f00000| Untracked 
| 160|0x00000000aa000000, 0x00000000aa000000, 0x00000000aa100000|  0%| F|  |TAMS 0x00000000aa000000, 0x00000000aa000000| Untracked 
| 161|0x00000000aa100000, 0x00000000aa100000, 0x00000000aa200000|  0%| F|  |TAMS 0x00000000aa100000, 0x00000000aa100000| Untracked 
| 162|0x00000000aa200000, 0x00000000aa200000, 0x00000000aa300000|  0%| F|  |TAMS 0x00000000aa200000, 0x00000000aa200000| Untracked 
| 163|0x00000000aa300000, 0x00000000aa300000, 0x00000000aa400000|  0%| F|  |TAMS 0x00000000aa300000, 0x00000000aa300000| Untracked 
| 164|0x00000000aa400000, 0x00000000aa400000, 0x00000000aa500000|  0%| F|  |TAMS 0x00000000aa400000, 0x00000000aa400000| Untracked 
| 165|0x00000000aa500000, 0x00000000aa500000, 0x00000000aa600000|  0%| F|  |TAMS 0x00000000aa500000, 0x00000000aa500000| Untracked 
| 166|0x00000000aa600000, 0x00000000aa600000, 0x00000000aa700000|  0%| F|  |TAMS 0x00000000aa600000, 0x00000000aa600000| Untracked 
| 167|0x00000000aa700000, 0x00000000aa780800, 0x00000000aa800000| 50%| E|  |TAMS 0x00000000aa700000, 0x00000000aa700000| Complete 
| 168|0x00000000aa800000, 0x00000000aa900000, 0x00000000aa900000|100%| E|CS|TAMS 0x00000000aa800000, 0x00000000aa800000| Complete 
| 169|0x00000000aa900000, 0x00000000aaa00000, 0x00000000aaa00000|100%| E|CS|TAMS 0x00000000aa900000, 0x00000000aa900000| Complete 
| 170|0x00000000aaa00000, 0x00000000aab00000, 0x00000000aab00000|100%| E|CS|TAMS 0x00000000aaa00000, 0x00000000aaa00000| Complete 
| 171|0x00000000aab00000, 0x00000000aac00000, 0x00000000aac00000|100%| E|CS|TAMS 0x00000000aab00000, 0x00000000aab00000| Complete 
| 172|0x00000000aac00000, 0x00000000aad00000, 0x00000000aad00000|100%| E|CS|TAMS 0x00000000aac00000, 0x00000000aac00000| Complete 
| 173|0x00000000aad00000, 0x00000000aae00000, 0x00000000aae00000|100%| E|CS|TAMS 0x00000000aad00000, 0x00000000aad00000| Complete 
| 174|0x00000000aae00000, 0x00000000aaf00000, 0x00000000aaf00000|100%| E|CS|TAMS 0x00000000aae00000, 0x00000000aae00000| Complete 
| 175|0x00000000aaf00000, 0x00000000ab000000, 0x00000000ab000000|100%| E|CS|TAMS 0x00000000aaf00000, 0x00000000aaf00000| Complete 
| 176|0x00000000ab000000, 0x00000000ab100000, 0x00000000ab100000|100%| E|CS|TAMS 0x00000000ab000000, 0x00000000ab000000| Complete 
| 177|0x00000000ab100000, 0x00000000ab200000, 0x00000000ab200000|100%| E|CS|TAMS 0x00000000ab100000, 0x00000000ab100000| Complete 
| 178|0x00000000ab200000, 0x00000000ab300000, 0x00000000ab300000|100%| E|CS|TAMS 0x00000000ab200000, 0x00000000ab200000| Complete 
| 179|0x00000000ab300000, 0x00000000ab400000, 0x00000000ab400000|100%| E|CS|TAMS 0x00000000ab300000, 0x00000000ab300000| Complete 
| 180|0x00000000ab400000, 0x00000000ab500000, 0x00000000ab500000|100%| E|CS|TAMS 0x00000000ab400000, 0x00000000ab400000| Complete 
| 181|0x00000000ab500000, 0x00000000ab600000, 0x00000000ab600000|100%| E|CS|TAMS 0x00000000ab500000, 0x00000000ab500000| Complete 
| 182|0x00000000ab600000, 0x00000000ab700000, 0x00000000ab700000|100%| E|CS|TAMS 0x00000000ab600000, 0x00000000ab600000| Complete 
| 183|0x00000000ab700000, 0x00000000ab800000, 0x00000000ab800000|100%| E|CS|TAMS 0x00000000ab700000, 0x00000000ab700000| Complete 
| 184|0x00000000ab800000, 0x00000000ab900000, 0x00000000ab900000|100%| E|CS|TAMS 0x00000000ab800000, 0x00000000ab800000| Complete 
| 185|0x00000000ab900000, 0x00000000aba00000, 0x00000000aba00000|100%| E|CS|TAMS 0x00000000ab900000, 0x00000000ab900000| Complete 
| 186|0x00000000aba00000, 0x00000000abb00000, 0x00000000abb00000|100%| E|CS|TAMS 0x00000000aba00000, 0x00000000aba00000| Complete 
| 187|0x00000000abb00000, 0x00000000abc00000, 0x00000000abc00000|100%| E|CS|TAMS 0x00000000abb00000, 0x00000000abb00000| Complete 
| 188|0x00000000abc00000, 0x00000000abd00000, 0x00000000abd00000|100%| E|CS|TAMS 0x00000000abc00000, 0x00000000abc00000| Complete 
| 189|0x00000000abd00000, 0x00000000abe00000, 0x00000000abe00000|100%| E|CS|TAMS 0x00000000abd00000, 0x00000000abd00000| Complete 
| 190|0x00000000abe00000, 0x00000000abf00000, 0x00000000abf00000|100%| E|CS|TAMS 0x00000000abe00000, 0x00000000abe00000| Complete 
| 191|0x00000000abf00000, 0x00000000ac000000, 0x00000000ac000000|100%| E|CS|TAMS 0x00000000abf00000, 0x00000000abf00000| Complete 
| 192|0x00000000ac000000, 0x00000000ac100000, 0x00000000ac100000|100%| E|CS|TAMS 0x00000000ac000000, 0x00000000ac000000| Complete 
| 193|0x00000000ac100000, 0x00000000ac200000, 0x00000000ac200000|100%| E|CS|TAMS 0x00000000ac100000, 0x00000000ac100000| Complete 
| 194|0x00000000ac200000, 0x00000000ac300000, 0x00000000ac300000|100%| E|CS|TAMS 0x00000000ac200000, 0x00000000ac200000| Complete 
| 195|0x00000000ac300000, 0x00000000ac400000, 0x00000000ac400000|100%| E|CS|TAMS 0x00000000ac300000, 0x00000000ac300000| Complete 
| 196|0x00000000ac400000, 0x00000000ac500000, 0x00000000ac500000|100%| E|CS|TAMS 0x00000000ac400000, 0x00000000ac400000| Complete 
| 197|0x00000000ac500000, 0x00000000ac600000, 0x00000000ac600000|100%| E|CS|TAMS 0x00000000ac500000, 0x00000000ac500000| Complete 
| 198|0x00000000ac600000, 0x00000000ac700000, 0x00000000ac700000|100%| E|CS|TAMS 0x00000000ac600000, 0x00000000ac600000| Complete 
| 199|0x00000000ac700000, 0x00000000ac800000, 0x00000000ac800000|100%| E|CS|TAMS 0x00000000ac700000, 0x00000000ac700000| Complete 
| 200|0x00000000ac800000, 0x00000000ac900000, 0x00000000ac900000|100%| E|CS|TAMS 0x00000000ac800000, 0x00000000ac800000| Complete 
| 201|0x00000000ac900000, 0x00000000aca00000, 0x00000000aca00000|100%| E|CS|TAMS 0x00000000ac900000, 0x00000000ac900000| Complete 
| 202|0x00000000aca00000, 0x00000000acb00000, 0x00000000acb00000|100%| E|CS|TAMS 0x00000000aca00000, 0x00000000aca00000| Complete 
| 203|0x00000000acb00000, 0x00000000acc00000, 0x00000000acc00000|100%| E|CS|TAMS 0x00000000acb00000, 0x00000000acb00000| Complete 
| 204|0x00000000acc00000, 0x00000000acd00000, 0x00000000acd00000|100%| E|CS|TAMS 0x00000000acc00000, 0x00000000acc00000| Complete 
| 205|0x00000000acd00000, 0x00000000ace00000, 0x00000000ace00000|100%| E|CS|TAMS 0x00000000acd00000, 0x00000000acd00000| Complete 
| 206|0x00000000ace00000, 0x00000000acf00000, 0x00000000acf00000|100%| E|CS|TAMS 0x00000000ace00000, 0x00000000ace00000| Complete 
| 207|0x00000000acf00000, 0x00000000ad000000, 0x00000000ad000000|100%| E|CS|TAMS 0x00000000acf00000, 0x00000000acf00000| Complete 
| 208|0x00000000ad000000, 0x00000000ad100000, 0x00000000ad100000|100%| E|CS|TAMS 0x00000000ad000000, 0x00000000ad000000| Complete 
| 209|0x00000000ad100000, 0x00000000ad200000, 0x00000000ad200000|100%| E|CS|TAMS 0x00000000ad100000, 0x00000000ad100000| Complete 
| 210|0x00000000ad200000, 0x00000000ad300000, 0x00000000ad300000|100%| E|CS|TAMS 0x00000000ad200000, 0x00000000ad200000| Complete 
| 211|0x00000000ad300000, 0x00000000ad400000, 0x00000000ad400000|100%| E|CS|TAMS 0x00000000ad300000, 0x00000000ad300000| Complete 
| 212|0x00000000ad400000, 0x00000000ad500000, 0x00000000ad500000|100%| E|CS|TAMS 0x00000000ad400000, 0x00000000ad400000| Complete 
| 213|0x00000000ad500000, 0x00000000ad600000, 0x00000000ad600000|100%| E|CS|TAMS 0x00000000ad500000, 0x00000000ad500000| Complete 
| 214|0x00000000ad600000, 0x00000000ad700000, 0x00000000ad700000|100%| E|CS|TAMS 0x00000000ad600000, 0x00000000ad600000| Complete 
| 215|0x00000000ad700000, 0x00000000ad800000, 0x00000000ad800000|100%| E|CS|TAMS 0x00000000ad700000, 0x00000000ad700000| Complete 
| 216|0x00000000ad800000, 0x00000000ad900000, 0x00000000ad900000|100%| E|CS|TAMS 0x00000000ad800000, 0x00000000ad800000| Complete 
| 217|0x00000000ad900000, 0x00000000ada00000, 0x00000000ada00000|100%| E|CS|TAMS 0x00000000ad900000, 0x00000000ad900000| Complete 
| 218|0x00000000ada00000, 0x00000000adb00000, 0x00000000adb00000|100%| E|CS|TAMS 0x00000000ada00000, 0x00000000ada00000| Complete 
| 219|0x00000000adb00000, 0x00000000adc00000, 0x00000000adc00000|100%| E|CS|TAMS 0x00000000adb00000, 0x00000000adb00000| Complete 
| 220|0x00000000adc00000, 0x00000000add00000, 0x00000000add00000|100%| E|CS|TAMS 0x00000000adc00000, 0x00000000adc00000| Complete 
| 221|0x00000000add00000, 0x00000000ade00000, 0x00000000ade00000|100%| E|CS|TAMS 0x00000000add00000, 0x00000000add00000| Complete 
| 222|0x00000000ade00000, 0x00000000adf00000, 0x00000000adf00000|100%| E|CS|TAMS 0x00000000ade00000, 0x00000000ade00000| Complete 
| 223|0x00000000adf00000, 0x00000000ae000000, 0x00000000ae000000|100%| E|CS|TAMS 0x00000000adf00000, 0x00000000adf00000| Complete 
| 251|0x00000000afb00000, 0x00000000afc00000, 0x00000000afc00000|100%| E|CS|TAMS 0x00000000afb00000, 0x00000000afb00000| Complete 
|1535|0x00000000fff00000, 0x0000000100000000, 0x0000000100000000|100%| E|CS|TAMS 0x00000000fff00000, 0x00000000fff00000| Complete 

Card table byte_map: [0x000001b77aad0000,0x000001b77add0000] _byte_map_base: 0x000001b77a5d0000

Marking Bits (Prev, Next): (CMBitMap*) 0x000001b7768ab2a0, (CMBitMap*) 0x000001b7768ab2e0
 Prev Bits: [0x000001b77b0d0000, 0x000001b77c8d0000)
 Next Bits: [0x000001b77c8d0000, 0x000001b77e0d0000)

Polling page: 0x000001b774800000

Metaspace:

Usage:
  Non-class:     85.58 MB used.
      Class:     13.69 MB used.
       Both:     99.28 MB used.

Virtual space:
  Non-class space:      128.00 MB reserved,      86.06 MB ( 67%) committed,  2 nodes.
      Class space:        1.00 GB reserved,      14.06 MB (  1%) committed,  1 nodes.
             Both:        1.12 GB reserved,     100.12 MB (  9%) committed. 

Chunk freelists:
   Non-Class:  9.36 MB
       Class:  1.89 MB
        Both:  11.25 MB

MaxMetaspaceSize: unlimited
CompressedClassSpaceSize: 1.00 GB
Initial GC threshold: 21.00 MB
Current GC threshold: 112.44 MB
CDS: off
MetaspaceReclaimPolicy: balanced
 - commit_granule_bytes: 65536.
 - commit_granule_words: 8192.
 - virtual_space_node_default_size: 8388608.
 - enlarge_chunks_in_place: 1.
 - new_chunks_are_fully_committed: 0.
 - uncommit_free_chunks: 1.
 - use_allocation_guard: 0.
 - handle_deallocations: 1.


Internal statistics:

num_allocs_failed_limit: 6.
num_arena_births: 1148.
num_arena_deaths: 0.
num_vsnodes_births: 3.
num_vsnodes_deaths: 0.
num_space_committed: 1602.
num_space_uncommitted: 0.
num_chunks_returned_to_freelist: 6.
num_chunks_taken_from_freelist: 5064.
num_chunk_merges: 6.
num_chunk_splits: 3341.
num_chunks_enlarged: 2179.
num_inconsistent_stats: 0.

CodeHeap 'non-profiled nmethods': size=119168Kb used=6446Kb max_used=6446Kb free=112721Kb
 bounds [0x000001b707ba0000, 0x000001b7081f0000, 0x000001b70f000000]
CodeHeap 'profiled nmethods': size=119104Kb used=19171Kb max_used=19171Kb free=99932Kb
 bounds [0x000001b700000000, 0x000001b7012c0000, 0x000001b707450000]
CodeHeap 'non-nmethods': size=7488Kb used=4087Kb max_used=4134Kb free=3400Kb
 bounds [0x000001b707450000, 0x000001b707860000, 0x000001b707ba0000]
 total_blobs=10808 nmethods=9872 adapters=842
 compilation: enabled
              stopped_count=0, restarted_count=0
 full_count=0

Compilation events (20 events):
Event: 12.911 Thread 0x000001b77f658530 11452       3       com.sun.xml.bind.v2.model.nav.ReflectionNavigator::isSubClassOf (14 bytes)
Event: 12.911 Thread 0x000001b77f49fa80 nmethod 11451 0x000001b7012a8290 code [0x000001b7012a84a0, 0x000001b7012a8ba8]
Event: 12.911 Thread 0x000001b77f658530 nmethod 11452 0x000001b7012a8d90 code [0x000001b7012a8f80, 0x000001b7012a9408]
Event: 12.913 Thread 0x000001b77f658530 11453       3       com.sun.xml.bind.v2.model.impl.PropertyInfoImpl::getApplicableAdapter (202 bytes)
Event: 12.913 Thread 0x000001b77f49fa80 11454       3       com.sun.xml.bind.v2.model.impl.PropertyInfoImpl::isApplicable (117 bytes)
Event: 12.913 Thread 0x000001b77f49b4c0 11455       4       java.util.Arrays::asList (9 bytes)
Event: 12.914 Thread 0x000001b77f658010 11456       3       com.sun.xml.bind.v2.model.impl.ClassInfoImpl::ensureNoAnnotation (76 bytes)
Event: 12.916 Thread 0x000001b77f658010 nmethod 11456 0x000001b7012ae990 code [0x000001b7012aec00, 0x000001b7012af6f8]
Event: 12.916 Thread 0x000001b77f49fa80 nmethod 11454 0x000001b7012a9590 code [0x000001b7012a9980, 0x000001b7012ab658]
Event: 12.916 Thread 0x000001b77f658530 nmethod 11453 0x000001b7012ac210 code [0x000001b7012ac5c0, 0x000001b7012ae038]
Event: 12.918 Thread 0x000001b77f49b4c0 nmethod 11455 0x000001b7081ea710 code [0x000001b7081ea8a0, 0x000001b7081ea9f8]
Event: 12.918 Thread 0x000001b77f658010 11457       3       com.sun.xml.bind.v2.model.impl.ClassInfoImpl$PropertySorter::checkedGet (199 bytes)
Event: 12.920 Thread 0x000001b77f658010 nmethod 11457 0x000001b7012afb90 code [0x000001b7012aff80, 0x000001b7012b2188]
Event: 12.922 Thread 0x000001b77f658010 11459       3       com.sun.xml.bind.v2.model.nav.ReflectionNavigator::erasure (9 bytes)
Event: 12.922 Thread 0x000001b77f658a50 11458       1       com.sun.xml.bind.v2.model.impl.ClassInfoImpl::access$100 (5 bytes)
Event: 12.923 Thread 0x000001b77f658a50 nmethod 11458 0x000001b7081eab10 code [0x000001b7081eaca0, 0x000001b7081ead58]
Event: 12.923 Thread 0x000001b77f658010 nmethod 11459 0x000001b7012b2c90 code [0x000001b7012b2e60, 0x000001b7012b31e8]
Event: 12.925 Thread 0x000001b77f658a50 11460   !   3       jdk.proxy4.$Proxy129::annotationType (29 bytes)
Event: 12.926 Thread 0x000001b77f658a50 nmethod 11460 0x000001b7012b3310 code [0x000001b7012b34e0, 0x000001b7012b38b8]
Event: 12.926 Thread 0x000001b77f658a50 11461       3       com.sun.xml.bind.v2.model.impl.ElementPropertyInfoImpl::kind (4 bytes)

GC Heap History (20 events):
Event: 5.767 GC heap before
{Heap before GC invocations=24 (full 0):
 garbage-first heap   total 115712K, used 91009K [0x00000000a0000000, 0x0000000100000000)
  region size 1024K, 27 young (27648K), 1 survivors (1024K)
 Metaspace       used 62900K, committed 63488K, reserved 1114112K
  class space    used 8447K, committed 8768K, reserved 1048576K
}
Event: 5.768 GC heap after
{Heap after GC invocations=25 (full 0):
 garbage-first heap   total 115712K, used 65888K [0x00000000a0000000, 0x0000000100000000)
  region size 1024K, 1 young (1024K), 1 survivors (1024K)
 Metaspace       used 62900K, committed 63488K, reserved 1114112K
  class space    used 8447K, committed 8768K, reserved 1048576K
}
Event: 6.058 GC heap before
{Heap before GC invocations=26 (full 0):
 garbage-first heap   total 115712K, used 94560K [0x00000000a0000000, 0x0000000100000000)
  region size 1024K, 29 young (29696K), 1 survivors (1024K)
 Metaspace       used 65872K, committed 66368K, reserved 1114112K
  class space    used 8906K, committed 9152K, reserved 1048576K
}
Event: 6.060 GC heap after
{Heap after GC invocations=27 (full 0):
 garbage-first heap   total 115712K, used 66980K [0x00000000a0000000, 0x0000000100000000)
  region size 1024K, 2 young (2048K), 2 survivors (2048K)
 Metaspace       used 65872K, committed 66368K, reserved 1114112K
  class space    used 8906K, committed 9152K, reserved 1048576K
}
Event: 6.091 GC heap before
{Heap before GC invocations=27 (full 0):
 garbage-first heap   total 115712K, used 70052K [0x00000000a0000000, 0x0000000100000000)
  region size 1024K, 5 young (5120K), 2 survivors (2048K)
 Metaspace       used 66634K, committed 67200K, reserved 1114112K
  class space    used 8986K, committed 9216K, reserved 1048576K
}
Event: 6.094 GC heap after
{Heap after GC invocations=28 (full 0):
 garbage-first heap   total 115712K, used 67745K [0x00000000a0000000, 0x0000000100000000)
  region size 1024K, 1 young (1024K), 1 survivors (1024K)
 Metaspace       used 66634K, committed 67200K, reserved 1114112K
  class space    used 8986K, committed 9216K, reserved 1048576K
}
Event: 6.280 GC heap before
{Heap before GC invocations=28 (full 0):
 garbage-first heap   total 115712K, used 99489K [0x00000000a0000000, 0x0000000100000000)
  region size 1024K, 27 young (27648K), 1 survivors (1024K)
 Metaspace       used 68354K, committed 68928K, reserved 1114112K
  class space    used 9204K, committed 9472K, reserved 1048576K
}
Event: 6.293 GC heap after
{Heap after GC invocations=29 (full 0):
 garbage-first heap   total 231424K, used 71771K [0x00000000a0000000, 0x0000000100000000)
  region size 1024K, 4 young (4096K), 4 survivors (4096K)
 Metaspace       used 68354K, committed 68928K, reserved 1114112K
  class space    used 9204K, committed 9472K, reserved 1048576K
}
Event: 7.181 GC heap before
{Heap before GC invocations=30 (full 0):
 garbage-first heap   total 231424K, used 182363K [0x00000000a0000000, 0x0000000100000000)
  region size 1024K, 109 young (111616K), 4 survivors (4096K)
 Metaspace       used 79059K, committed 79680K, reserved 1179648K
  class space    used 10659K, committed 10944K, reserved 1048576K
}
Event: 7.186 GC heap after
{Heap after GC invocations=31 (full 0):
 garbage-first heap   total 231424K, used 81464K [0x00000000a0000000, 0x0000000100000000)
  region size 1024K, 10 young (10240K), 10 survivors (10240K)
 Metaspace       used 79059K, committed 79680K, reserved 1179648K
  class space    used 10659K, committed 10944K, reserved 1048576K
}
Event: 7.191 GC heap before
{Heap before GC invocations=31 (full 0):
 garbage-first heap   total 231424K, used 82488K [0x00000000a0000000, 0x0000000100000000)
  region size 1024K, 11 young (11264K), 10 survivors (10240K)
 Metaspace       used 79133K, committed 79744K, reserved 1179648K
  class space    used 10670K, committed 10944K, reserved 1048576K
}
Event: 7.194 GC heap after
{Heap after GC invocations=32 (full 0):
 garbage-first heap   total 231424K, used 82102K [0x00000000a0000000, 0x0000000100000000)
  region size 1024K, 2 young (2048K), 2 survivors (2048K)
 Metaspace       used 79133K, committed 79744K, reserved 1179648K
  class space    used 10670K, committed 10944K, reserved 1048576K
}
Event: 7.926 GC heap before
{Heap before GC invocations=32 (full 0):
 garbage-first heap   total 231424K, used 185526K [0x00000000a0000000, 0x0000000100000000)
  region size 1024K, 99 young (101376K), 2 survivors (2048K)
 Metaspace       used 83058K, committed 83712K, reserved 1179648K
  class space    used 11126K, committed 11456K, reserved 1048576K
}
Event: 7.929 GC heap after
{Heap after GC invocations=33 (full 0):
 garbage-first heap   total 231424K, used 89539K [0x00000000a0000000, 0x0000000100000000)
  region size 1024K, 9 young (9216K), 9 survivors (9216K)
 Metaspace       used 83058K, committed 83712K, reserved 1179648K
  class space    used 11126K, committed 11456K, reserved 1048576K
}
Event: 9.539 GC heap before
{Heap before GC invocations=33 (full 0):
 garbage-first heap   total 231424K, used 183747K [0x00000000a0000000, 0x0000000100000000)
  region size 1024K, 100 young (102400K), 9 survivors (9216K)
 Metaspace       used 87846K, committed 88640K, reserved 1179648K
  class space    used 11767K, committed 12160K, reserved 1048576K
}
Event: 9.551 GC heap after
{Heap after GC invocations=34 (full 0):
 garbage-first heap   total 231424K, used 96296K [0x00000000a0000000, 0x0000000100000000)
  region size 1024K, 7 young (7168K), 7 survivors (7168K)
 Metaspace       used 87846K, committed 88640K, reserved 1179648K
  class space    used 11767K, committed 12160K, reserved 1048576K
}
Event: 10.861 GC heap before
{Heap before GC invocations=34 (full 0):
 garbage-first heap   total 231424K, used 185384K [0x00000000a0000000, 0x0000000100000000)
  region size 1024K, 94 young (96256K), 7 survivors (7168K)
 Metaspace       used 94427K, committed 95168K, reserved 1179648K
  class space    used 12898K, committed 13248K, reserved 1048576K
}
Event: 10.866 GC heap after
{Heap after GC invocations=35 (full 0):
 garbage-first heap   total 231424K, used 100090K [0x00000000a0000000, 0x0000000100000000)
  region size 1024K, 5 young (5120K), 5 survivors (5120K)
 Metaspace       used 94427K, committed 95168K, reserved 1179648K
  class space    used 12898K, committed 13248K, reserved 1048576K
}
Event: 11.946 GC heap before
{Heap before GC invocations=35 (full 0):
 garbage-first heap   total 231424K, used 187130K [0x00000000a0000000, 0x0000000100000000)
  region size 1024K, 90 young (92160K), 5 survivors (5120K)
 Metaspace       used 97084K, committed 97984K, reserved 1179648K
  class space    used 13346K, committed 13760K, reserved 1048576K
}
Event: 11.954 GC heap after
{Heap after GC invocations=36 (full 0):
 garbage-first heap   total 231424K, used 106722K [0x00000000a0000000, 0x0000000100000000)
  region size 1024K, 11 young (11264K), 11 survivors (11264K)
 Metaspace       used 97084K, committed 97984K, reserved 1179648K
  class space    used 13346K, committed 13760K, reserved 1048576K
}

Dll operation events (3 events):
Event: 0.005 Loaded shared library C:\Program Files\Android\Android Studio2\jbr\bin\java.dll
Event: 0.100 Loaded shared library C:\Program Files\Android\Android Studio2\jbr\bin\zip.dll
Event: 0.309 Loaded shared library C:\Program Files\Android\Android Studio2\jbr\bin\verify.dll

Deoptimization events (20 events):
Event: 12.628 Thread 0x000001b7171e40a0 Uncommon trap: trap_request=0xffffffc6 fr.pc=0x000001b707fec718 relative=0x0000000000000078
Event: 12.628 Thread 0x000001b7171e40a0 Uncommon trap: reason=bimorphic_or_optimized_type_check action=maybe_recompile pc=0x000001b707fec718 method=java.util.Collections$UnmodifiableCollection.size()I @ 4 c2
Event: 12.628 Thread 0x000001b7171e40a0 DEOPT PACKING pc=0x000001b707fec718 sp=0x00000063662f7c70
Event: 12.628 Thread 0x000001b7171e40a0 DEOPT UNPACKING pc=0x000001b7074a69a3 sp=0x00000063662f7bf8 mode 2
Event: 12.773 Thread 0x000001b7171e40a0 Uncommon trap: trap_request=0xfffffff4 fr.pc=0x000001b707d35fd8 relative=0x00000000000015b8
Event: 12.773 Thread 0x000001b7171e40a0 Uncommon trap: reason=null_check action=make_not_entrant pc=0x000001b707d35fd8 method=java.lang.Class.createAnnotationData(I)Ljava/lang/Class$AnnotationData; @ 14 c2
Event: 12.773 Thread 0x000001b7171e40a0 DEOPT PACKING pc=0x000001b707d35fd8 sp=0x00000063662f7c90
Event: 12.773 Thread 0x000001b7171e40a0 DEOPT UNPACKING pc=0x000001b7074a69a3 sp=0x00000063662f7c10 mode 2
Event: 12.789 Thread 0x000001b7171e40a0 Uncommon trap: trap_request=0xffffffc6 fr.pc=0x000001b707fec718 relative=0x0000000000000078
Event: 12.789 Thread 0x000001b7171e40a0 Uncommon trap: reason=bimorphic_or_optimized_type_check action=maybe_recompile pc=0x000001b707fec718 method=java.util.Collections$UnmodifiableCollection.size()I @ 4 c2
Event: 12.789 Thread 0x000001b7171e40a0 DEOPT PACKING pc=0x000001b707fec718 sp=0x00000063662f81b0
Event: 12.789 Thread 0x000001b7171e40a0 DEOPT UNPACKING pc=0x000001b7074a69a3 sp=0x00000063662f8140 mode 2
Event: 12.801 Thread 0x000001b7171e40a0 Uncommon trap: trap_request=0xffffffc6 fr.pc=0x000001b707fec718 relative=0x0000000000000078
Event: 12.801 Thread 0x000001b7171e40a0 Uncommon trap: reason=bimorphic_or_optimized_type_check action=maybe_recompile pc=0x000001b707fec718 method=java.util.Collections$UnmodifiableCollection.size()I @ 4 c2
Event: 12.801 Thread 0x000001b7171e40a0 DEOPT PACKING pc=0x000001b707fec718 sp=0x00000063662f81b0
Event: 12.801 Thread 0x000001b7171e40a0 DEOPT UNPACKING pc=0x000001b7074a69a3 sp=0x00000063662f8140 mode 2
Event: 12.801 Thread 0x000001b7171e40a0 Uncommon trap: trap_request=0xffffffc6 fr.pc=0x000001b707fec718 relative=0x0000000000000078
Event: 12.801 Thread 0x000001b7171e40a0 Uncommon trap: reason=bimorphic_or_optimized_type_check action=maybe_recompile pc=0x000001b707fec718 method=java.util.Collections$UnmodifiableCollection.size()I @ 4 c2
Event: 12.801 Thread 0x000001b7171e40a0 DEOPT PACKING pc=0x000001b707fec718 sp=0x00000063662f81b0
Event: 12.801 Thread 0x000001b7171e40a0 DEOPT UNPACKING pc=0x000001b7074a69a3 sp=0x00000063662f8140 mode 2

Classes unloaded (0 events):
No events

Classes redefined (0 events):
No events

Internal exceptions (20 events):
Event: 11.975 Thread 0x000001b7171e40a0 Exception <a 'java/lang/ClassNotFoundException'{0x00000000adf5d510}: com/google/gradle/osdetector/OsDetectorCustomizer> (0x00000000adf5d510) 
thrown [s\src\hotspot\share\classfile\systemDictionary.cpp, line 256]
Event: 11.975 Thread 0x000001b7171e40a0 Exception <a 'java/lang/ClassNotFoundException'{0x00000000adf74240}: com/google/gradle/osdetector/OsDetector_DecoratedCustomizer> (0x00000000adf74240) 
thrown [s\src\hotspot\share\classfile\systemDictionary.cpp, line 256]
Event: 12.036 Thread 0x000001b7171e40a0 Implicit null exception at 0x000001b708001799 to 0x000001b708002038
Event: 12.036 Thread 0x000001b7171e40a0 Implicit null exception at 0x000001b708000a04 to 0x000001b708000b70
Event: 12.036 Thread 0x000001b7171e40a0 Implicit null exception at 0x000001b7080005db to 0x000001b708000664
Event: 12.036 Thread 0x000001b7171e40a0 Implicit null exception at 0x000001b708001799 to 0x000001b708002038
Event: 12.036 Thread 0x000001b7171e40a0 Implicit null exception at 0x000001b708001799 to 0x000001b708002038
Event: 12.037 Thread 0x000001b7171e40a0 Implicit null exception at 0x000001b708001799 to 0x000001b708002038
Event: 12.037 Thread 0x000001b7171e40a0 Implicit null exception at 0x000001b7081452fc to 0x000001b7081453c4
Event: 12.038 Thread 0x000001b7171e40a0 Implicit null exception at 0x000001b70803c1b3 to 0x000001b70803c224
Event: 12.312 Thread 0x000001b7171e40a0 Exception <a 'java/lang/NoSuchMethodError'{0x00000000ad23aa88}: 'java.lang.Object java.lang.invoke.DirectMethodHandle$Holder.newInvokeSpecial(java.lang.Object, java.lang.Object, java.lang.Object, java.lang.Object, java.lang.Object, java.lang.Object, int)'> (0x00000000ad23aa88) 
thrown [s\src\hotspot\share\interpreter\linkResolver.cpp, line 771]
Event: 12.313 Thread 0x000001b7171e40a0 Exception <a 'java/lang/NoSuchMethodError'{0x00000000ad240278}: 'java.lang.Object java.lang.invoke.DirectMethodHandle$Holder.invokeSpecial(java.lang.Object, java.lang.Object, java.lang.Object, java.lang.Object, java.lang.Object, java.lang.Object, java.lang.Object, int)'> (0x00000000ad240278) 
thrown [s\src\hotspot\share\interpreter\linkResolver.cpp, line 771]
Event: 12.315 Thread 0x000001b7171e40a0 Exception <a 'java/lang/NoSuchMethodError'{0x00000000ad245650}: 'java.lang.Object java.lang.invoke.Invokers$Holder.linkToTargetMethod(java.lang.Object, java.lang.Object, java.lang.Object, java.lang.Object, java.lang.Object, int, java.lang.Object)'> (0x00000000ad245650) 
thrown [s\src\hotspot\share\interpreter\linkResolver.cpp, line 771]
Event: 12.508 Thread 0x000001b7171e40a0 Exception <a 'sun/nio/fs/WindowsException'{0x00000000ac4b8300}> (0x00000000ac4b8300) 
thrown [s\src\hotspot\share\prims\jni.cpp, line 517]
Event: 12.548 Thread 0x000001b7171e40a0 Exception <a 'sun/nio/fs/WindowsException'{0x00000000ac1ad310}> (0x00000000ac1ad310) 
thrown [s\src\hotspot\share\prims\jni.cpp, line 517]
Event: 12.548 Thread 0x000001b7171e40a0 Exception <a 'sun/nio/fs/WindowsException'{0x00000000ac1ae6d8}> (0x00000000ac1ae6d8) 
thrown [s\src\hotspot\share\prims\jni.cpp, line 517]
Event: 12.548 Thread 0x000001b7171e40a0 Exception <a 'sun/nio/fs/WindowsException'{0x00000000ac1afaf0}> (0x00000000ac1afaf0) 
thrown [s\src\hotspot\share\prims\jni.cpp, line 517]
Event: 12.548 Thread 0x000001b7171e40a0 Exception <a 'sun/nio/fs/WindowsException'{0x00000000ac1b0f08}> (0x00000000ac1b0f08) 
thrown [s\src\hotspot\share\prims\jni.cpp, line 517]
Event: 12.669 Thread 0x000001b7171e40a0 Exception <a 'java/lang/NullPointerException'{0x00000000ab632e50}> (0x00000000ab632e50) 
thrown [s\src\hotspot\share\interpreter\linkResolver.cpp, line 1447]
Event: 12.773 Thread 0x000001b7171e40a0 Implicit null exception at 0x000001b707d34acd to 0x000001b707d35fcc

VM Operations (20 events):
Event: 10.860 Executing VM operation: G1CollectForAllocation
Event: 10.866 Executing VM operation: G1CollectForAllocation done
Event: 11.278 Executing VM operation: HandshakeAllThreads
Event: 11.278 Executing VM operation: HandshakeAllThreads done
Event: 11.336 Executing VM operation: HandshakeAllThreads
Event: 11.336 Executing VM operation: HandshakeAllThreads done
Event: 11.337 Executing VM operation: HandshakeAllThreads
Event: 11.337 Executing VM operation: HandshakeAllThreads done
Event: 11.671 Executing VM operation: HandshakeAllThreads
Event: 11.671 Executing VM operation: HandshakeAllThreads done
Event: 11.866 Executing VM operation: ICBufferFull
Event: 11.866 Executing VM operation: ICBufferFull done
Event: 11.946 Executing VM operation: G1CollectForAllocation
Event: 11.954 Executing VM operation: G1CollectForAllocation done
Event: 12.163 Executing VM operation: ICBufferFull
Event: 12.164 Executing VM operation: ICBufferFull done
Event: 12.625 Executing VM operation: HandshakeAllThreads
Event: 12.625 Executing VM operation: HandshakeAllThreads done
Event: 12.724 Executing VM operation: ICBufferFull
Event: 12.724 Executing VM operation: ICBufferFull done

Events (20 events):
Event: 12.690 loading class java/awt/image/RenderedImage
Event: 12.690 loading class java/awt/image/RenderedImage done
Event: 12.690 loading class java/awt/image/BufferedImage
Event: 12.691 loading class java/awt/image/WritableRenderedImage
Event: 12.691 loading class java/awt/image/WritableRenderedImage done
Event: 12.691 loading class java/awt/image/BufferedImage done
Event: 12.693 loading class java/awt/datatransfer/Transferable
Event: 12.693 loading class java/awt/datatransfer/Transferable done
Event: 12.695 loading class javax/xml/transform/Result
Event: 12.695 loading class javax/xml/transform/Result done
Event: 12.696 loading class javax/xml/datatype/XMLGregorianCalendar
Event: 12.696 loading class javax/xml/datatype/XMLGregorianCalendar done
Event: 12.701 loading class javax/xml/namespace/NamespaceContext
Event: 12.702 loading class javax/xml/namespace/NamespaceContext done
Event: 12.702 loading class javax/xml/datatype/Duration
Event: 12.702 loading class javax/xml/datatype/Duration done
Event: 12.769 loading class java/lang/Short$ShortCache
Event: 12.769 loading class java/lang/Short$ShortCache done
Event: 12.834 loading class java/lang/Package$1PackageInfoProxy
Event: 12.834 loading class java/lang/Package$1PackageInfoProxy done


Dynamic libraries:
0x00007ff7fea30000 - 0x00007ff7fea3a000 	C:\Program Files\Android\Android Studio2\jbr\bin\java.exe
0x00007fffc4c90000 - 0x00007fffc4ea7000 	C:\WINDOWS\SYSTEM32\ntdll.dll
0x00007fffc3220000 - 0x00007fffc32e4000 	C:\WINDOWS\System32\KERNEL32.DLL
0x00007fffc2130000 - 0x00007fffc24e7000 	C:\WINDOWS\System32\KERNELBASE.dll
0x00007fffc24f0000 - 0x00007fffc2601000 	C:\WINDOWS\System32\ucrtbase.dll
0x00007fffb1d20000 - 0x00007fffb1d37000 	C:\Program Files\Android\Android Studio2\jbr\bin\jli.dll
0x00007fff901e0000 - 0x00007fff901fb000 	C:\Program Files\Android\Android Studio2\jbr\bin\VCRUNTIME140.dll
0x00007fffc29c0000 - 0x00007fffc2b6f000 	C:\WINDOWS\System32\USER32.dll
0x00007fffc2920000 - 0x00007fffc2946000 	C:\WINDOWS\System32\win32u.dll
0x00007fffaa340000 - 0x00007fffaa5d3000 	C:\WINDOWS\WinSxS\amd64_microsoft.windows.common-controls_6595b64144ccf1df_6.0.22621.3672_none_2713b9d173822955\COMCTL32.dll
0x00007fffc4140000 - 0x00007fffc4169000 	C:\WINDOWS\System32\GDI32.dll
0x00007fffc2b70000 - 0x00007fffc2c17000 	C:\WINDOWS\System32\msvcrt.dll
0x00007fffc2780000 - 0x00007fffc2898000 	C:\WINDOWS\System32\gdi32full.dll
0x00007fffc1fa0000 - 0x00007fffc203a000 	C:\WINDOWS\System32\msvcp_win.dll
0x00007fffc4100000 - 0x00007fffc4131000 	C:\WINDOWS\System32\IMM32.DLL
0x00007fffa84f0000 - 0x00007fffa84fc000 	C:\Program Files\Android\Android Studio2\jbr\bin\vcruntime140_1.dll
0x00007fff714d0000 - 0x00007fff7155d000 	C:\Program Files\Android\Android Studio2\jbr\bin\msvcp140.dll
0x00007fff5cfa0000 - 0x00007fff5dc23000 	C:\Program Files\Android\Android Studio2\jbr\bin\server\jvm.dll
0x00007fffc3f80000 - 0x00007fffc4032000 	C:\WINDOWS\System32\ADVAPI32.dll
0x00007fffc4450000 - 0x00007fffc44f8000 	C:\WINDOWS\System32\sechost.dll
0x00007fffc2040000 - 0x00007fffc2068000 	C:\WINDOWS\System32\bcrypt.dll
0x00007fffc2c80000 - 0x00007fffc2d94000 	C:\WINDOWS\System32\RPCRT4.dll
0x00007fffc0e10000 - 0x00007fffc0e5d000 	C:\WINDOWS\SYSTEM32\POWRPROF.dll
0x00007fffbbc60000 - 0x00007fffbbc94000 	C:\WINDOWS\SYSTEM32\WINMM.dll
0x00007fffb85d0000 - 0x00007fffb85da000 	C:\WINDOWS\SYSTEM32\VERSION.dll
0x00007fffb7df0000 - 0x00007fffb7df9000 	C:\WINDOWS\SYSTEM32\WSOCK32.dll
0x00007fffc3300000 - 0x00007fffc3371000 	C:\WINDOWS\System32\WS2_32.dll
0x00007fffc0df0000 - 0x00007fffc0e03000 	C:\WINDOWS\SYSTEM32\UMPDC.dll
0x00007fffc1040000 - 0x00007fffc1058000 	C:\WINDOWS\SYSTEM32\kernel.appcore.dll
0x00007fffbed70000 - 0x00007fffbed7a000 	C:\Program Files\Android\Android Studio2\jbr\bin\jimage.dll
0x00007fffbf7c0000 - 0x00007fffbf9f2000 	C:\WINDOWS\SYSTEM32\DBGHELP.DLL
0x00007fffc3bf0000 - 0x00007fffc3f7e000 	C:\WINDOWS\System32\combase.dll
0x00007fffc41a0000 - 0x00007fffc4277000 	C:\WINDOWS\System32\OLEAUT32.dll
0x00007fffb6610000 - 0x00007fffb6642000 	C:\WINDOWS\SYSTEM32\dbgcore.DLL
0x00007fffc28a0000 - 0x00007fffc291b000 	C:\WINDOWS\System32\bcryptPrimitives.dll
0x00007fffb3190000 - 0x00007fffb319e000 	C:\Program Files\Android\Android Studio2\jbr\bin\instrument.dll
0x00007fffb1ed0000 - 0x00007fffb1ef5000 	C:\Program Files\Android\Android Studio2\jbr\bin\java.dll
0x00007fffbc850000 - 0x00007fffbc868000 	C:\Program Files\Android\Android Studio2\jbr\bin\zip.dll
0x00007fffc3380000 - 0x00007fffc3be9000 	C:\WINDOWS\System32\SHELL32.dll
0x00007fffbfed0000 - 0x00007fffc07cf000 	C:\WINDOWS\SYSTEM32\windows.storage.dll
0x00007fffbfd90000 - 0x00007fffbfecf000 	C:\WINDOWS\SYSTEM32\wintypes.dll
0x00007fffc46b0000 - 0x00007fffc47a9000 	C:\WINDOWS\System32\SHCORE.dll
0x00007fffc40a0000 - 0x00007fffc40fe000 	C:\WINDOWS\System32\shlwapi.dll
0x00007fffc1ed0000 - 0x00007fffc1ef7000 	C:\WINDOWS\SYSTEM32\profapi.dll
0x00007fffb9e30000 - 0x00007fffb9e49000 	C:\Program Files\Android\Android Studio2\jbr\bin\net.dll
0x00007fffbd8e0000 - 0x00007fffbda16000 	C:\WINDOWS\SYSTEM32\WINHTTP.dll
0x00007fffc1500000 - 0x00007fffc1569000 	C:\WINDOWS\system32\mswsock.dll
0x00007fffb5a50000 - 0x00007fffb5a66000 	C:\Program Files\Android\Android Studio2\jbr\bin\nio.dll
0x00007fffb31a0000 - 0x00007fffb31b0000 	C:\Program Files\Android\Android Studio2\jbr\bin\verify.dll
0x00007fff90200000 - 0x00007fff90227000 	C:\Users\Hashem Arenat\.gradle\native\c067742578af261105cb4f569cf0c3c89f3d7b1fecec35dd04571415982c5e48\windows-amd64\native-platform.dll
0x00007fff6e390000 - 0x00007fff6e4d4000 	C:\Users\Hashem Arenat\.gradle\native\38dada09dfb8b06ba9b0570ebf7e218e3eb74d4ef43ca46872605cf95ebc2f47\windows-amd64\native-platform-file-events.dll
0x00007fffbc5b0000 - 0x00007fffbc5b9000 	C:\Program Files\Android\Android Studio2\jbr\bin\management.dll
0x00007fffbb8f0000 - 0x00007fffbb8fb000 	C:\Program Files\Android\Android Studio2\jbr\bin\management_ext.dll
0x00007fffc32f0000 - 0x00007fffc32f8000 	C:\WINDOWS\System32\PSAPI.DLL
0x00007fffc1850000 - 0x00007fffc186b000 	C:\WINDOWS\SYSTEM32\CRYPTSP.dll
0x00007fffc1000000 - 0x00007fffc1035000 	C:\WINDOWS\system32\rsaenh.dll
0x00007fffc15a0000 - 0x00007fffc15c8000 	C:\WINDOWS\SYSTEM32\USERENV.dll
0x00007fffc1830000 - 0x00007fffc183c000 	C:\WINDOWS\SYSTEM32\CRYPTBASE.dll
0x00007fffc0aa0000 - 0x00007fffc0acd000 	C:\WINDOWS\SYSTEM32\IPHLPAPI.DLL
0x00007fffc4170000 - 0x00007fffc4179000 	C:\WINDOWS\System32\NSI.dll
0x00007fffbc470000 - 0x00007fffbc489000 	C:\WINDOWS\SYSTEM32\dhcpcsvc6.DLL
0x00007fffbc450000 - 0x00007fffbc46f000 	C:\WINDOWS\SYSTEM32\dhcpcsvc.DLL
0x00007fffc0b10000 - 0x00007fffc0c12000 	C:\WINDOWS\SYSTEM32\DNSAPI.dll
0x00007fffbce60000 - 0x00007fffbce69000 	C:\Program Files\Android\Android Studio2\jbr\bin\extnet.dll
0x00007fffb5910000 - 0x00007fffb5918000 	C:\WINDOWS\system32\wshunix.dll

dbghelp: loaded successfully - version: 4.0.5 - missing functions: none
symbol engine: initialized successfully - sym options: 0x614 - pdb path: .;C:\Program Files\Android\Android Studio2\jbr\bin;C:\WINDOWS\SYSTEM32;C:\WINDOWS\WinSxS\amd64_microsoft.windows.common-controls_6595b64144ccf1df_6.0.22621.3672_none_2713b9d173822955;C:\Program Files\Android\Android Studio2\jbr\bin\server;C:\Users\Hashem Arenat\.gradle\native\c067742578af261105cb4f569cf0c3c89f3d7b1fecec35dd04571415982c5e48\windows-amd64;C:\Users\Hashem Arenat\.gradle\native\38dada09dfb8b06ba9b0570ebf7e218e3eb74d4ef43ca46872605cf95ebc2f47\windows-amd64

VM Arguments:
jvm_args: --add-opens=java.base/java.util=ALL-UNNAMED --add-opens=java.base/java.lang=ALL-UNNAMED --add-opens=java.base/java.lang.invoke=ALL-UNNAMED --add-opens=java.prefs/java.util.prefs=ALL-UNNAMED --add-opens=java.base/java.nio.charset=ALL-UNNAMED --add-opens=java.base/java.net=ALL-UNNAMED --add-opens=java.base/java.util.concurrent.atomic=ALL-UNNAMED -Xmx1536M -Dfile.encoding=UTF-8 -Duser.country=US -Duser.language=en -Duser.variant -javaagent:C:\Users\Hashem Arenat\.gradle\wrapper\dists\gradle-8.7-bin\bhs2wmbdwecv87pi65oeuq5iu\gradle-8.7\lib\agents\gradle-instrumentation-agent-8.7.jar 
java_command: org.gradle.launcher.daemon.bootstrap.GradleDaemon 8.7
java_class_path (initial): C:\Users\Hashem Arenat\.gradle\wrapper\dists\gradle-8.7-bin\bhs2wmbdwecv87pi65oeuq5iu\gradle-8.7\lib\gradle-launcher-8.7.jar
Launcher Type: SUN_STANDARD

[Global flags]
     intx CICompilerCount                          = 12                                        {product} {ergonomic}
     uint ConcGCThreads                            = 4                                         {product} {ergonomic}
     uint G1ConcRefinementThreads                  = 15                                        {product} {ergonomic}
   size_t G1HeapRegionSize                         = 1048576                                   {product} {ergonomic}
    uintx GCDrainStackTargetSize                   = 64                                        {product} {ergonomic}
   size_t InitialHeapSize                          = 264241152                                 {product} {ergonomic}
   size_t MarkStackSize                            = 4194304                                   {product} {ergonomic}
   size_t MaxHeapSize                              = 1610612736                                {product} {command line}
   size_t MaxNewSize                               = 965738496                                 {product} {ergonomic}
   size_t MinHeapDeltaBytes                        = 1048576                                   {product} {ergonomic}
   size_t MinHeapSize                              = 8388608                                   {product} {ergonomic}
    uintx NonNMethodCodeHeapSize                   = 7602480                                {pd product} {ergonomic}
    uintx NonProfiledCodeHeapSize                  = 122027880                              {pd product} {ergonomic}
    uintx ProfiledCodeHeapSize                     = 122027880                              {pd product} {ergonomic}
    uintx ReservedCodeCacheSize                    = 251658240                              {pd product} {ergonomic}
     bool SegmentedCodeCache                       = true                                      {product} {ergonomic}
   size_t SoftMaxHeapSize                          = 1610612736                             {manageable} {ergonomic}
     bool UseCompressedClassPointers               = true                           {product lp64_product} {ergonomic}
     bool UseCompressedOops                        = true                           {product lp64_product} {ergonomic}
     bool UseG1GC                                  = true                                      {product} {ergonomic}
     bool UseLargePagesIndividualAllocation        = false                                  {pd product} {ergonomic}

Logging:
Log output configuration:
 #0: stdout all=warning uptime,level,tags
 #1: stderr all=off uptime,level,tags

Environment Variables:
JAVA_HOME=C:\Program Files\Java\jdk-21
PATH=D:\DevSuiteHome_1\jdk\jre\bin\classic;D:\DevSuiteHome_1\jdk\jre\bin;D:\DevSuiteHome_1\jdk\jre\bin\client;D:\DevSuiteHome_1\jlib;D:\DevSuiteHome_1\bin;D:\DevSuiteHome_1\jre\1.4.2\bin\client;D:\DevSuiteHome_1\jre\1.4.2\bin;C:\Program Files\Common Files\Oracle\Java\javapath;C:\WINDOWS\system32;C:\WINDOWS;C:\WINDOWS\System32\Wbem;C:\WINDOWS\System32\WindowsPowerShell\v1.0\;C:\WINDOWS\System32\OpenSSH\;C:\MinGW\bin;C:\Program Files\Java\jdk-21\bin;C:\Program Files\nodejs;C:\Program Files\nodejs\node_modules\npm\bin;C:\Program Files\Git\cmd;C:\Program Files\dotnet\;C:\Users\Hashem Arenat\AppData\Local\Microsoft\WindowsApps;C:\AppServ\Apache24\bin;C:\AppServ\php7;C:\AppServ\MySQL\bin;C:\Program Files\Java\jdk-21\bin;C:\scrcpy-win64-v2.2;C:\dart-sdk\bin;C:\Users\Hashem Arenat\AppData\Local\Programs\Microsoft VS Code\bin;C:\flutter\bin;C:\Users\Hashem Arenat\Desktop\cmder\bin;C:\Users\Hashem Arenat\AppData\Roaming\npm;;C:\Program Files\JetBrains\IntelliJ IDEA Community Edition 2024.1.2\bin;;C:\Program Files\JetBrains\IntelliJ IDEA 2024.1.2\bin;
USERNAME=Hashem 1
OS=Windows_NT
PROCESSOR_IDENTIFIER=Intel64 Family 6 Model 154 Stepping 3, GenuineIntel
TMP=C:\Users\HASHEM~1\AppData\Local\Temp
TEMP=C:\Users\HASHEM~1\AppData\Local\Temp



Periodic native trim disabled

JNI global refs:
JNI global refs: 35, weak refs: 0

JNI global refs memory usage: 843, weak refs: 841

OOME stack traces (most recent first):
Classloader memory used:
Loader org.gradle.internal.classloader.VisitableURLClassLoader                         : 4633K
Loader org.gradle.internal.classloader.VisitableURLClassLoader$InstrumentingVisitableURLClassLoader: 3635K
Loader bootstrap                                                                       : 2926K
Loader org.gradle.initialization.MixInLegacyTypesClassLoader                           : 1313K
Loader jdk.internal.loader.ClassLoaders$PlatformClassLoader                            : 67955B
Loader jdk.internal.reflect.DelegatingClassLoader                                      : 65808B
Loader org.codehaus.groovy.runtime.callsite.CallSiteClassLoader                        : 29163B
Loader jdk.internal.loader.ClassLoaders$AppClassLoader                                 : 28773B
Loader org.gradle.internal.classloader.VisitableURLClassLoader                         : 14808B
Loader sun.reflect.misc.MethodUtil                                                     : 373B

Classes loaded by more than one classloader:
Class Program                                                                         : loaded 5 times (x 70B)
Class com.google.common.collect.Iterators$MergingIterator                             : loaded 2 times (x 79B)
Class org.objectweb.asm.ModuleVisitor                                                 : loaded 2 times (x 79B)
Class [Lcom.google.common.collect.AbstractMapEntry;                                   : loaded 2 times (x 67B)
Class com.google.common.collect.SingletonImmutableList                                : loaded 2 times (x 167B)
Class org.apache.http.client.methods.AbstractExecutionAwareRequest                    : loaded 2 times (x 126B)
Class com.google.common.cache.CacheLoader$SupplierToCacheLoader                       : loaded 2 times (x 73B)
Class org.gradle.internal.classpath.ClassPath                                         : loaded 2 times (x 68B)
Class com.google.common.cache.RemovalListener                                         : loaded 2 times (x 68B)
Class org.gradle.api.internal.classpath.DefaultModuleRegistry                         : loaded 2 times (x 84B)
Class Settings_gradle$1$1                                                             : loaded 2 times (x 72B)
Class com.google.common.collect.ImmutableEnumSet                                      : loaded 2 times (x 144B)
Class com.google.common.collect.ListMultimap                                          : loaded 2 times (x 68B)
Class com.google.common.base.CharMatcher$JavaDigit                                    : loaded 2 times (x 109B)
Class com.google.common.base.CharMatcher$Digit                                        : loaded 2 times (x 110B)
Class com.google.common.collect.AbstractMultimap                                      : loaded 2 times (x 121B)
Class com.google.common.cache.CacheBuilder$OneWeigher                                 : loaded 2 times (x 80B)
Class org.gradle.api.Action                                                           : loaded 2 times (x 68B)
Class com.google.common.collect.ImmutableEntry                                        : loaded 2 times (x 80B)
Class com.google.common.collect.Lists$StringAsImmutableList                           : loaded 2 times (x 167B)
Class com.google.common.cache.LocalCache$StrongEntry                                  : loaded 2 times (x 106B)
Class org.objectweb.asm.FieldWriter                                                   : loaded 2 times (x 76B)
Class com.google.common.base.CharMatcher                                              : loaded 2 times (x 109B)
Class com.google.common.base.CharMatcher$IsNot                                        : loaded 2 times (x 109B)
Class com.google.common.base.Splitter                                                 : loaded 2 times (x 70B)
Class [Lcom.google.common.cache.Weigher;                                              : loaded 2 times (x 67B)
Class com.google.common.collect.Iterators$ArrayItr                                    : loaded 2 times (x 95B)
Class com.google.common.cache.LocalCache$Segment                                      : loaded 2 times (x 152B)
Class org.gradle.api.internal.DefaultClassPathProvider                                : loaded 2 times (x 74B)
Class org.gradle.internal.installation.GradleInstallation$1                           : loaded 2 times (x 73B)
Class com.google.common.cache.LocalCache$AbstractReferenceEntry                       : loaded 2 times (x 105B)
Class org.objectweb.asm.Type                                                          : loaded 2 times (x 70B)
Class com.google.common.util.concurrent.AbstractFuture$Failure                        : loaded 2 times (x 70B)
Class com.google.common.base.CharMatcher$BitSetMatcher                                : loaded 2 times (x 110B)
Class com.google.common.collect.ImmutableMap$IteratorBasedImmutableMap                : loaded 2 times (x 123B)
Class com.google.common.collect.ImmutableMap                                          : loaded 2 times (x 118B)
Class com.google.common.base.Converter                                                : loaded 2 times (x 88B)
Class com.google.common.collect.ImmutableSet$EmptySetBuilderImpl                      : loaded 2 times (x 74B)
Class com.google.common.base.Equivalence                                              : loaded 2 times (x 80B)
Class com.google.common.primitives.Ints                                               : loaded 2 times (x 69B)
Class com.google.common.cache.LocalCache$EntryFactory$1                               : loaded 2 times (x 81B)
Class com.google.common.cache.LocalCache$EntryFactory$2                               : loaded 2 times (x 81B)
Class com.google.common.cache.LocalCache$EntryFactory$3                               : loaded 2 times (x 81B)
Class com.google.common.cache.LocalCache$EntryFactory$4                               : loaded 2 times (x 81B)
Class com.google.common.cache.LocalCache$EntryFactory$5                               : loaded 2 times (x 81B)
Class com.google.common.cache.LocalCache$EntryFactory$6                               : loaded 2 times (x 81B)
Class com.google.common.cache.LocalCache$EntryFactory$7                               : loaded 2 times (x 81B)
Class com.google.common.cache.LocalCache$EntryFactory$8                               : loaded 2 times (x 81B)
Class com.google.common.base.Predicate                                                : loaded 2 times (x 68B)
Class com.google.common.cache.LocalCache$StrongValueReference                         : loaded 2 times (x 88B)
Class org.gradle.internal.classloader.FilteringClassLoader                            : loaded 2 times (x 103B)
Class com.google.common.collect.RegularImmutableSet                                   : loaded 2 times (x 146B)
Class [Lcom.google.common.cache.LocalCache$Strength;                                  : loaded 2 times (x 67B)
Class org.gradle.internal.classpath.DefaultClassPath$ImmutableUniqueList$Builder      : loaded 2 times (x 73B)
Class com.google.common.collect.Maps$8                                                : loaded 2 times (x 80B)
Class [Lcom.google.common.cache.CacheBuilder$NullListener;                            : loaded 2 times (x 67B)
Class com.google.common.base.PatternCompiler                                          : loaded 2 times (x 68B)
Class com.google.common.base.CharMatcher$InRange                                      : loaded 2 times (x 109B)
Class com.google.common.collect.Maps$KeySet                                           : loaded 2 times (x 135B)
Class com.google.common.collect.Sets$SetView                                          : loaded 2 times (x 136B)
Class com.google.common.collect.BiMap                                                 : loaded 2 times (x 68B)
Class com.google.common.collect.Lists                                                 : loaded 2 times (x 69B)
Class org.objectweb.asm.AnnotationWriter                                              : loaded 2 times (x 77B)
Class com.google.common.math.IntMath$1                                                : loaded 2 times (x 69B)
Class org.gradle.internal.classloader.ClassLoaderVisitor                              : loaded 2 times (x 74B)
Class org.apache.http.HttpEntityEnclosingRequest                                      : loaded 2 times (x 68B)
Class org.objectweb.asm.Label                                                         : loaded 2 times (x 71B)
Class com.google.common.cache.CacheBuilder$NullListener                               : loaded 2 times (x 80B)
Class org.apache.commons.io.filefilter.IOFileFilter                                   : loaded 2 times (x 68B)
Class com.google.common.math.MathPreconditions                                        : loaded 2 times (x 69B)
Class org.gradle.internal.service.DefaultServiceLocator                               : loaded 2 times (x 81B)
Class org.gradle.internal.service.UnknownServiceException                             : loaded 2 times (x 81B)
Class org.apache.http.client.methods.HttpUriRequest                                   : loaded 2 times (x 68B)
Class com.google.common.util.concurrent.AbstractFuture$SynchronizedHelper             : loaded 2 times (x 76B)
Class com.google.common.collect.ArrayListMultimap                                     : loaded 2 times (x 170B)
Class com.google.common.base.Strings                                                  : loaded 2 times (x 69B)
Class com.google.common.cache.CacheLoader$InvalidCacheLoadException                   : loaded 2 times (x 80B)
Class org.gradle.internal.classloader.DefaultClassLoaderFactory                       : loaded 2 times (x 80B)
Class com.google.common.collect.UnmodifiableIterator                                  : loaded 2 times (x 78B)
Class com.google.common.base.Stopwatch                                                : loaded 2 times (x 70B)
Class com.google.common.base.Platform$JdkPatternCompiler                              : loaded 2 times (x 73B)
Class com.google.common.cache.LocalCache$LoadingValueReference                        : loaded 2 times (x 94B)
Class com.google.common.base.CharMatcher$SingleWidth                                  : loaded 2 times (x 110B)
Class com.google.common.collect.Hashing                                               : loaded 2 times (x 69B)
Class com.google.common.base.JdkPattern                                               : loaded 2 times (x 73B)
Class com.google.common.collect.Multimap                                              : loaded 2 times (x 68B)
Class com.google.common.base.FunctionalEquivalence                                    : loaded 2 times (x 81B)
Class org.objectweb.asm.AnnotationVisitor                                             : loaded 2 times (x 76B)
Class org.objectweb.asm.RecordComponentWriter                                         : loaded 2 times (x 76B)
Class com.google.common.cache.LocalCache$1                                            : loaded 2 times (x 87B)
Class com.google.common.cache.LocalCache$2                                            : loaded 2 times (x 140B)
Class com.google.common.collect.RegularImmutableBiMap                                 : loaded 2 times (x 146B)
Class org.gradle.internal.classloader.VisitableURLClassLoader$Spec                    : loaded 2 times (x 72B)
Class org.gradle.api.GradleException                                                  : loaded 2 times (x 80B)
Class com.google.common.base.CharMatcher$JavaLetterOrDigit                            : loaded 2 times (x 109B)
Class org.gradle.api.internal.classpath.ModuleRegistry                                : loaded 2 times (x 68B)
Class com.google.common.cache.CacheBuilder                                            : loaded 2 times (x 70B)
Class org.objectweb.asm.ByteVector                                                    : loaded 2 times (x 77B)
Class com.google.common.collect.ImmutableCollection                                   : loaded 2 times (x 123B)
Class com.google.common.base.PairwiseEquivalence                                      : loaded 2 times (x 81B)
Class com.google.common.base.Ticker                                                   : loaded 2 times (x 70B)
Class org.gradle.api.internal.ClassPathProvider                                       : loaded 2 times (x 68B)
Class com.google.common.base.Ascii                                                    : loaded 2 times (x 69B)
Class com.google.common.collect.RegularImmutableMap$Values                            : loaded 2 times (x 167B)
Class org.objectweb.asm.ModuleWriter                                                  : loaded 2 times (x 80B)
Class org.gradle.internal.classloader.ClasspathUtil$1                                 : loaded 2 times (x 74B)
Class com.google.common.collect.ImmutableEnumMap                                      : loaded 2 times (x 123B)
Class com.google.common.collect.ImmutableList$ReverseImmutableList                    : loaded 2 times (x 168B)
Class com.google.common.cache.AbstractCache$StatsCounter                              : loaded 2 times (x 68B)
Class org.objectweb.asm.FieldVisitor                                                  : loaded 2 times (x 75B)
Class org.objectweb.asm.Symbol                                                        : loaded 2 times (x 71B)
Class Build_gradle$1$1                                                                : loaded 2 times (x 76B)
Class com.google.common.cache.LocalCache$Strength$1                                   : loaded 2 times (x 79B)
Class com.google.common.cache.LocalCache$Strength$2                                   : loaded 2 times (x 79B)
Class com.google.common.cache.LocalCache$Strength$3                                   : loaded 2 times (x 79B)
Class org.gradle.internal.classloader.ClassLoaderFactory                              : loaded 2 times (x 68B)
Class com.google.common.collect.ObjectArrays                                          : loaded 2 times (x 69B)
Class com.google.common.util.concurrent.AbstractFuture$Waiter                         : loaded 2 times (x 70B)
Class com.google.common.util.concurrent.Uninterruptibles                              : loaded 2 times (x 69B)
Class com.google.common.collect.Iterators$10                                          : loaded 2 times (x 79B)
Class com.google.common.collect.ImmutableList                                         : loaded 2 times (x 166B)
Class org.gradle.api.internal.classpath.ManifestUtil                                  : loaded 2 times (x 69B)
Class org.gradle.api.specs.Spec                                                       : loaded 2 times (x 68B)
Class com.google.common.cache.CacheLoader$UnsupportedLoadingOperationException        : loaded 2 times (x 80B)
Class com.google.common.base.CharMatcher$Whitespace                                   : loaded 2 times (x 110B)
Class com.google.common.util.concurrent.ListenableFuture                              : loaded 2 times (x 68B)
Class org.apache.http.client.methods.AbortableHttpRequest                             : loaded 2 times (x 68B)
Class com.google.common.collect.Iterators$1                                           : loaded 2 times (x 79B)
Class com.google.common.collect.Iterators$4                                           : loaded 2 times (x 80B)
Class com.google.common.collect.RegularImmutableMap$BucketOverflowException           : loaded 2 times (x 80B)
Class com.google.common.collect.Iterators$5                                           : loaded 2 times (x 80B)
Class com.google.common.util.concurrent.AbstractFuture$UnsafeAtomicHelper             : loaded 2 times (x 76B)
Class com.google.common.base.Joiner                                                   : loaded 2 times (x 77B)
Class com.google.common.base.Equivalence$Equals                                       : loaded 2 times (x 80B)
Class com.google.common.base.Preconditions                                            : loaded 2 times (x 69B)
Class com.google.common.base.Function                                                 : loaded 2 times (x 68B)
Class com.google.common.collect.Iterators$9                                           : loaded 2 times (x 79B)
Class org.gradle.internal.IoActions                                                   : loaded 2 times (x 69B)
Class com.google.common.cache.ReferenceEntry                                          : loaded 2 times (x 68B)
Class org.apache.http.HttpMessage                                                     : loaded 2 times (x 68B)
Class com.google.common.collect.RegularImmutableMap$KeySet                            : loaded 2 times (x 148B)
Class com.google.common.collect.CollectPreconditions                                  : loaded 2 times (x 69B)
Class com.google.common.primitives.IntsMethodsForWeb                                  : loaded 2 times (x 69B)
Class com.google.common.collect.Maps                                                  : loaded 2 times (x 69B)
Class com.google.common.collect.RegularImmutableMap                                   : loaded 2 times (x 119B)
Class org.apache.http.HttpEntity                                                      : loaded 2 times (x 68B)
Class com.google.common.collect.AbstractIndexedListIterator                           : loaded 2 times (x 94B)
Class com.google.common.base.CharMatcher$None                                         : loaded 2 times (x 110B)
Class org.gradle.api.internal.classpath.EffectiveClassPath                            : loaded 2 times (x 88B)
Class org.apache.http.client.methods.Configurable                                     : loaded 2 times (x 68B)
Class com.google.common.collect.UnmodifiableListIterator                              : loaded 2 times (x 93B)
Class com.google.common.cache.CacheLoader$FunctionToCacheLoader                       : loaded 2 times (x 73B)
Class com.google.common.cache.CacheBuilder$1                                          : loaded 2 times (x 83B)
Class com.google.common.cache.CacheBuilder$2                                          : loaded 2 times (x 70B)
Class com.google.common.collect.ImmutableList$1                                       : loaded 2 times (x 95B)
Class com.google.common.base.Splitter$Strategy                                        : loaded 2 times (x 68B)
Class com.google.common.collect.ImmutableMapEntrySet$RegularEntrySet                  : loaded 2 times (x 149B)
Class [Lcom.google.common.cache.RemovalListener;                                      : loaded 2 times (x 67B)
Class [Lcom.google.common.collect.ImmutableMapEntry;                                  : loaded 2 times (x 67B)
Class org.gradle.internal.installation.CurrentGradleInstallation                      : loaded 2 times (x 71B)
Class org.gradle.internal.agents.InstrumentingClassLoader                             : loaded 2 times (x 68B)
Class org.gradle.internal.installation.CurrentGradleInstallationLocator               : loaded 2 times (x 69B)
Class [Lcom.google.common.cache.LocalCache$Segment;                                   : loaded 2 times (x 67B)
Class org.gradle.api.internal.classpath.Module                                        : loaded 2 times (x 68B)
Class com.google.common.base.Splitter$1$1                                             : loaded 2 times (x 84B)
Class com.google.common.collect.ImmutableSet$JdkBackedSetBuilderImpl                  : loaded 2 times (x 74B)
Class com.google.common.collect.ImmutableSet$RegularSetBuilderImpl                    : loaded 2 times (x 75B)
Class [Lorg.objectweb.asm.AnnotationWriter;                                           : loaded 2 times (x 67B)
Class org.gradle.internal.service.CachingServiceLocator                               : loaded 2 times (x 80B)
Class org.apache.http.client.methods.HttpPut                                          : loaded 2 times (x 151B)
Class [Lcom.google.common.collect.ImmutableEntry;                                     : loaded 2 times (x 67B)
Class com.google.common.collect.Sets$ImprovedAbstractSet                              : loaded 2 times (x 133B)
Class org.gradle.internal.classpath.DefaultClassPath                                  : loaded 2 times (x 88B)
Class com.google.common.util.concurrent.AbstractFuture$SetFuture                      : loaded 2 times (x 73B)
Class com.google.common.base.Splitter$SplittingIterator                               : loaded 2 times (x 82B)
Class com.google.common.cache.LocalCache$LocalManualCache$1                           : loaded 2 times (x 73B)
Class Build_gradle$1                                                                  : loaded 2 times (x 72B)
Class Build_gradle$2                                                                  : loaded 2 times (x 76B)
Class org.objectweb.asm.SymbolTable$Entry                                             : loaded 2 times (x 72B)
Class [Lcom.google.common.cache.LocalCache$EntryFactory;                              : loaded 2 times (x 67B)
Class com.google.common.base.CharMatcher$Is                                           : loaded 2 times (x 109B)
Class com.google.common.base.Platform                                                 : loaded 2 times (x 69B)
Class com.google.common.collect.RegularImmutableAsList                                : loaded 2 times (x 176B)
Class com.google.common.collect.PeekingIterator                                       : loaded 2 times (x 68B)
Class com.google.common.collect.ImmutableMapEntrySet                                  : loaded 2 times (x 149B)
Class com.google.common.cache.CacheLoader                                             : loaded 2 times (x 72B)
Class com.google.common.collect.ImmutableBiMapFauxverideShim                          : loaded 2 times (x 118B)
Class org.objectweb.asm.MethodTooLargeException                                       : loaded 2 times (x 81B)
Class com.google.common.cache.Cache                                                   : loaded 2 times (x 68B)
Class org.gradle.internal.classloader.SystemClassLoaderSpec                           : loaded 2 times (x 69B)
Class com.google.common.util.concurrent.internal.InternalFutureFailureAccess          : loaded 2 times (x 70B)
Class com.google.common.base.Charsets                                                 : loaded 2 times (x 69B)
Class com.google.common.primitives.Ints$IntConverter                                  : loaded 2 times (x 88B)
Class com.google.common.collect.SingletonImmutableSet                                 : loaded 2 times (x 144B)
Class [Lcom.google.common.base.AbstractIterator$State;                                : loaded 2 times (x 67B)
Class org.apache.http.client.methods.HttpEntityEnclosingRequestBase                   : loaded 2 times (x 151B)
Class com.google.common.collect.ImmutableMap$Builder                                  : loaded 2 times (x 80B)
Class com.google.common.base.AbstractIterator                                         : loaded 2 times (x 78B)
Class org.objectweb.asm.ClassWriter                                                   : loaded 2 times (x 104B)
Class com.google.common.base.AbstractIterator$1                                       : loaded 2 times (x 69B)
Class [Lcom.google.common.cache.CacheBuilder$OneWeigher;                              : loaded 2 times (x 67B)
Class com.google.common.collect.Iterators                                             : loaded 2 times (x 69B)
Class com.google.common.base.CharMatcher$Ascii                                        : loaded 2 times (x 110B)
Class com.google.common.base.CharMatcher$1                                            : loaded 2 times (x 111B)
Class com.google.common.cache.LocalCache$ComputingValueReference                      : loaded 2 times (x 94B)
Class org.gradle.api.UncheckedIOException                                             : loaded 2 times (x 80B)
Class com.google.common.base.CharMatcher$And                                          : loaded 2 times (x 110B)
Class com.google.common.collect.IndexedImmutableSet                                   : loaded 2 times (x 148B)
Class com.google.common.base.ExtraObjectsMethodsForWeb                                : loaded 2 times (x 69B)
Class com.google.common.collect.IndexedImmutableSet$1                                 : loaded 2 times (x 172B)
Class com.google.common.collect.AbstractListMultimap                                  : loaded 2 times (x 170B)
Class com.google.common.base.CharMatcher$Any                                          : loaded 2 times (x 110B)
Class org.gradle.internal.installation.GradleInstallation                             : loaded 2 times (x 73B)
Class com.google.common.cache.LocalCache$Strength                                     : loaded 2 times (x 79B)
Class com.google.common.collect.AbstractMapBasedMultimap$KeySet                       : loaded 2 times (x 135B)
Class com.google.common.collect.ArrayListMultimapGwtSerializationDependencies         : loaded 2 times (x 170B)
Class com.google.common.base.CharMatcher$RangesMatcher                                : loaded 2 times (x 110B)
Class org.objectweb.asm.Handler                                                       : loaded 2 times (x 70B)
Class com.google.common.collect.ImmutableList$SubList                                 : loaded 2 times (x 168B)
Class com.google.common.cache.LocalCache$ValueReference                               : loaded 2 times (x 68B)
Class org.gradle.internal.classloader.ClasspathUtil                                   : loaded 2 times (x 69B)
Class org.objectweb.asm.CurrentFrame                                                  : loaded 2 times (x 71B)
Class com.google.common.util.concurrent.AbstractFuture                                : loaded 2 times (x 93B)
Class com.google.common.base.Splitter$1                                               : loaded 2 times (x 75B)
Class com.google.common.base.Ticker$1                                                 : loaded 2 times (x 70B)
Class com.google.common.collect.Maps$BiMapConverter                                   : loaded 2 times (x 88B)
Class org.gradle.api.internal.DefaultClassPathRegistry                                : loaded 2 times (x 74B)
Class [Lorg.objectweb.asm.Symbol;                                                     : loaded 2 times (x 67B)
Class com.google.common.util.concurrent.AbstractFuture$Cancellation                   : loaded 2 times (x 70B)
Class com.google.common.collect.ImmutableSet$SetBuilderImpl                           : loaded 2 times (x 74B)
Class org.gradle.api.internal.classpath.DefaultModuleRegistry$DefaultModule           : loaded 2 times (x 84B)
Class com.google.common.base.CharMatcher$JavaIsoControl                               : loaded 2 times (x 110B)
Class com.google.common.collect.ImmutableMap$1                                        : loaded 2 times (x 79B)
Class com.google.common.base.CharMatcher$Or                                           : loaded 2 times (x 110B)
Class com.google.common.base.Suppliers$SupplierOfInstance                             : loaded 2 times (x 77B)
Class org.objectweb.asm.RecordComponentVisitor                                        : loaded 2 times (x 75B)
Class com.google.common.collect.Iterables                                             : loaded 2 times (x 69B)
Class com.google.common.base.CharMatcher$JavaLowerCase                                : loaded 2 times (x 109B)
Class org.objectweb.asm.ClassTooLargeException                                        : loaded 2 times (x 81B)
Class org.gradle.api.internal.classpath.UnknownModuleException                        : loaded 2 times (x 80B)
Class com.google.common.util.concurrent.AbstractFuture$Listener                       : loaded 2 times (x 70B)
Class org.objectweb.asm.Edge                                                          : loaded 2 times (x 70B)
Class com.google.common.collect.Maps$EntryTransformer                                 : loaded 2 times (x 68B)
Class com.google.common.collect.ImmutableCollection$Builder                           : loaded 2 times (x 74B)
Class [Lorg.objectweb.asm.SymbolTable$Entry;                                          : loaded 2 times (x 67B)
Class com.google.common.collect.SingletonImmutableBiMap                               : loaded 2 times (x 141B)
Class org.apache.commons.io.file.PathFilter                                           : loaded 2 times (x 68B)
Class com.google.common.base.CommonPattern                                            : loaded 2 times (x 72B)
Class com.google.common.base.Suppliers                                                : loaded 2 times (x 69B)
Class org.objectweb.asm.ClassVisitor                                                  : loaded 2 times (x 86B)
Class com.google.common.cache.LoadingCache                                            : loaded 2 times (x 68B)
Class org.gradle.internal.service.ServiceLookupException                              : loaded 2 times (x 80B)
Class org.gradle.cache.GlobalCache                                                    : loaded 2 times (x 68B)
Class com.google.common.base.CharMatcher$NegatedFastMatcher                           : loaded 2 times (x 111B)
Class [Lorg.gradle.api.internal.ClassPathProvider;                                    : loaded 2 times (x 67B)
Class com.google.common.util.concurrent.AbstractFuture$SafeAtomicHelper               : loaded 2 times (x 77B)
Class org.gradle.util.internal.GUtil                                                  : loaded 2 times (x 69B)
Class com.google.common.math.IntMath                                                  : loaded 2 times (x 69B)
Class com.google.common.collect.AbstractIterator                                      : loaded 2 times (x 80B)
Class org.gradle.internal.classloader.ClassLoaderSpec                                 : loaded 2 times (x 69B)
Class com.google.common.base.NullnessCasts                                            : loaded 2 times (x 69B)
Class org.objectweb.asm.Frame                                                         : loaded 2 times (x 71B)
Class com.google.common.cache.LocalCache$LocalManualCache                             : loaded 2 times (x 97B)
Class com.google.common.collect.AbstractMapEntry                                      : loaded 2 times (x 79B)
Class com.google.common.collect.ImmutableList$Builder                                 : loaded 2 times (x 75B)
Class com.google.common.base.CharMatcher$Negated                                      : loaded 2 times (x 111B)
Class com.google.common.cache.CacheLoader$1                                           : loaded 2 times (x 73B)
Class com.google.common.util.concurrent.AbstractFuture$TrustedFuture                  : loaded 2 times (x 95B)
Class com.google.common.collect.Sets                                                  : loaded 2 times (x 69B)
Class com.google.common.collect.ImmutableSet$Builder                                  : loaded 2 times (x 83B)
Class com.google.common.base.CharMatcher$ForPredicate                                 : loaded 2 times (x 110B)
Class com.google.common.collect.ImmutableMap$MapViewOfValuesAsSingletonSets           : loaded 2 times (x 123B)
Class com.google.common.base.MoreObjects                                              : loaded 2 times (x 69B)
Class com.google.common.collect.SortedMapDifference                                   : loaded 2 times (x 68B)
Class org.objectweb.asm.SymbolTable                                                   : loaded 2 times (x 70B)
Class [Lorg.objectweb.asm.AnnotationVisitor;                                          : loaded 2 times (x 67B)
Class com.google.common.cache.CacheStats                                              : loaded 2 times (x 69B)
Class org.objectweb.asm.Attribute                                                     : loaded 2 times (x 75B)
Class org.gradle.internal.classloader.VisitableURLClassLoader                         : loaded 2 times (x 115B)
Class com.google.common.cache.LocalCache$LocalLoadingCache                            : loaded 2 times (x 132B)
Class com.google.common.base.Supplier                                                 : loaded 2 times (x 68B)
Class com.google.common.base.Objects                                                  : loaded 2 times (x 69B)
Class com.google.common.util.concurrent.AbstractFuture$AtomicHelper                   : loaded 2 times (x 76B)
Class com.google.common.collect.ImmutableBiMap                                        : loaded 2 times (x 141B)
Class org.gradle.internal.Cast                                                        : loaded 2 times (x 69B)
Class Build_gradle                                                                    : loaded 2 times (x 128B)
Class org.gradle.api.internal.ClassPathRegistry                                       : loaded 2 times (x 68B)
Class com.google.common.cache.LocalCache$EntryFactory                                 : loaded 2 times (x 81B)
Class com.google.common.util.concurrent.UncheckedExecutionException                   : loaded 2 times (x 80B)
Class com.google.common.collect.ImmutableSet                                          : loaded 2 times (x 143B)
Class org.gradle.internal.classloader.VisitableURLClassLoader$InstrumentingVisitableURLClassLoader: loaded 2 times (x 121B)
Class org.gradle.internal.classloader.ClassLoaderHierarchy                            : loaded 2 times (x 68B)
Class [Lorg.objectweb.asm.Type;                                                       : loaded 2 times (x 67B)
Class com.google.common.base.AbstractIterator$State                                   : loaded 2 times (x 77B)
Class com.google.common.cache.Weigher                                                 : loaded 2 times (x 68B)
Class org.apache.http.message.AbstractHttpMessage                                     : loaded 2 times (x 106B)
Class com.google.common.base.CharMatcher$NamedFastMatcher                             : loaded 2 times (x 110B)
Class org.gradle.internal.InternalTransformer                                         : loaded 2 times (x 68B)
Class org.gradle.internal.service.ServiceLocator                                      : loaded 2 times (x 68B)
Class Settings_gradle$1                                                               : loaded 2 times (x 72B)
Class com.google.common.util.concurrent.SettableFuture                                : loaded 2 times (x 95B)
Class com.google.common.collect.ImmutableMapEntry                                     : loaded 2 times (x 83B)
Class com.google.common.base.CharMatcher$Invisible                                    : loaded 2 times (x 110B)
Class com.google.common.base.Joiner$1                                                 : loaded 2 times (x 78B)
Class com.google.common.base.Joiner$2                                                 : loaded 2 times (x 77B)
Class org.apache.http.client.methods.HttpRequestBase                                  : loaded 2 times (x 143B)
Class com.google.common.base.CharMatcher$FastMatcher                                  : loaded 2 times (x 109B)
Class org.gradle.internal.classpath.DefaultClassPath$ImmutableUniqueList              : loaded 2 times (x 159B)
Class com.google.common.base.CharMatcher$JavaLetter                                   : loaded 2 times (x 109B)
Class org.gradle.internal.classpath.TransformedClassPath                              : loaded 2 times (x 94B)
Class com.google.common.collect.MapDifference                                         : loaded 2 times (x 68B)
Class com.google.common.collect.Sets$1                                                : loaded 2 times (x 137B)
Class com.google.common.collect.Sets$2                                                : loaded 2 times (x 137B)
Class com.google.common.util.concurrent.AbstractFuture$Trusted                        : loaded 2 times (x 68B)
Class com.google.common.collect.Sets$3                                                : loaded 2 times (x 137B)
Class com.google.common.collect.Sets$4                                                : loaded 2 times (x 137B)
Class Settings_gradle                                                                 : loaded 2 times (x 126B)
Class org.objectweb.asm.MethodWriter                                                  : loaded 2 times (x 104B)
Class com.google.common.collect.Platform                                              : loaded 2 times (x 69B)
Class com.google.common.collect.ImmutableAsList                                       : loaded 2 times (x 169B)
Class com.google.common.util.concurrent.ExecutionError                                : loaded 2 times (x 80B)
Class com.google.common.base.Equivalence$Identity                                     : loaded 2 times (x 80B)
Class com.google.common.base.CharMatcher$AnyOf                                        : loaded 2 times (x 110B)
Class com.google.common.base.CharMatcher$IsEither                                     : loaded 2 times (x 109B)
Class org.apache.http.client.methods.HttpExecutionAware                               : loaded 2 times (x 68B)
Class com.google.common.cache.LocalCache                                              : loaded 2 times (x 185B)
Class com.google.common.collect.RegularImmutableList                                  : loaded 2 times (x 172B)
Class com.google.common.util.concurrent.AbstractFuture$UnsafeAtomicHelper$1           : loaded 2 times (x 74B)
Class com.google.common.base.CharMatcher$JavaUpperCase                                : loaded 2 times (x 109B)
Class com.google.common.collect.Multiset                                              : loaded 2 times (x 68B)
Class com.google.common.collect.ImmutableSet$CachingAsList                            : loaded 2 times (x 145B)
Class org.apache.http.HttpRequest                                                     : loaded 2 times (x 68B)
Class org.objectweb.asm.MethodVisitor                                                 : loaded 2 times (x 103B)
Class com.google.common.collect.AbstractMapBasedMultimap$KeySet$1                     : loaded 2 times (x 80B)
Class com.google.common.collect.ImmutableMapEntry$NonTerminalImmutableMapEntry        : loaded 2 times (x 83B)
Class com.google.common.collect.AbstractMapBasedMultimap                              : loaded 2 times (x 137B)


---------------  S Y S T E M  ---------------

OS:
 Windows 11 , 64 bit Build 22621 (10.0.22621.3958)
OS uptime: 1 days 6:19 hours
Hyper-V role detected

CPU: total 20 (initial active 20) (10 cores per cpu, 2 threads per core) family 6 model 154 stepping 3 microcode 0x429, cx8, cmov, fxsr, ht, mmx, 3dnowpref, sse, sse2, sse3, ssse3, sse4.1, sse4.2, popcnt, lzcnt, tsc, tscinvbit, avx, avx2, aes, erms, clmul, bmi1, bmi2, adx, sha, fma, vzeroupper, clflush, clflushopt, clwb, hv
Processor Information for processor 0
  Max Mhz: 2300, Current Mhz: 2300, Mhz Limit: 2300
Processor Information for processor 1
  Max Mhz: 2300, Current Mhz: 2300, Mhz Limit: 2300
Processor Information for processor 2
  Max Mhz: 2300, Current Mhz: 2300, Mhz Limit: 2300
Processor Information for processor 3
  Max Mhz: 2300, Current Mhz: 1506, Mhz Limit: 2300
Processor Information for processor 4
  Max Mhz: 2300, Current Mhz: 2300, Mhz Limit: 2300
Processor Information for processor 5
  Max Mhz: 2300, Current Mhz: 2300, Mhz Limit: 2300
Processor Information for processor 6
  Max Mhz: 2300, Current Mhz: 2300, Mhz Limit: 2300
Processor Information for processor 7
  Max Mhz: 2300, Current Mhz: 2300, Mhz Limit: 2300
Processor Information for processor 8
  Max Mhz: 2300, Current Mhz: 2300, Mhz Limit: 2300
Processor Information for processor 9
  Max Mhz: 2300, Current Mhz: 1506, Mhz Limit: 2300
Processor Information for processor 10
  Max Mhz: 2300, Current Mhz: 2300, Mhz Limit: 2300
Processor Information for processor 11
  Max Mhz: 2300, Current Mhz: 2300, Mhz Limit: 2300
Processor Information for processor 12
  Max Mhz: 2300, Current Mhz: 2300, Mhz Limit: 2300
Processor Information for processor 13
  Max Mhz: 2300, Current Mhz: 2300, Mhz Limit: 2300
Processor Information for processor 14
  Max Mhz: 2300, Current Mhz: 2300, Mhz Limit: 2300
Processor Information for processor 15
  Max Mhz: 2300, Current Mhz: 2300, Mhz Limit: 2300
Processor Information for processor 16
  Max Mhz: 2300, Current Mhz: 2300, Mhz Limit: 2300
Processor Information for processor 17
  Max Mhz: 2300, Current Mhz: 2300, Mhz Limit: 2300
Processor Information for processor 18
  Max Mhz: 2300, Current Mhz: 2300, Mhz Limit: 2300
Processor Information for processor 19
  Max Mhz: 2300, Current Mhz: 2300, Mhz Limit: 2300

Memory: 4k page, system-wide physical 16004M (2478M free)
TotalPageFile size 18052M (AvailPageFile size 5M)
current process WorkingSet (physical memory assigned to process): 514M, peak: 530M
current process commit charge ("private bytes"): 574M, peak: 590M

vm_info: OpenJDK 64-Bit Server VM (17.0.10+0--11609105) for windows-amd64 JRE (17.0.10+0--11609105), built on Mar 21 2024 19:10:56 by "androidbuild" with MS VC++ 16.10 / 16.11 (VS2019)

END.
