#
# There is insufficient memory for the Java Runtime Environment to continue.
# Native memory allocation (malloc) failed to allocate 1824080 bytes for Chunk::new
# Possible reasons:
#   The system is out of physical RAM or swap space
#   The process is running with CompressedOops enabled, and the Java Heap may be blocking the growth of the native heap
# Possible solutions:
#   Reduce memory load on the system
#   Increase physical memory or swap space
#   Check if swap backing store is full
#   Decrease Java heap size (-Xmx/-Xms)
#   Decrease number of Java threads
#   Decrease Java thread stack sizes (-Xss)
#   Set larger code cache with -XX:ReservedCodeCacheSize=
#   JVM is running with Unscaled Compressed Oops mode in which the Java heap is
#     placed in the first 4GB address space. The Java Heap base address is the
#     maximum limit for the native heap growth. Please use -XX:HeapBaseMinAddress
#     to set the Java Heap base and to place the Java Heap above 4GB virtual address.
# This output file may be truncated or incomplete.
#
#  Out of Memory Error (arena.cpp:191), pid=17360, tid=4444
#
# JRE version: OpenJDK Runtime Environment (17.0.10) (build 17.0.10+0--11609105)
# Java VM: OpenJDK 64-Bit Server VM (17.0.10+0--11609105, mixed mode, tiered, compressed oops, compressed class ptrs, g1 gc, windows-amd64)
# No core dump will be written. Minidumps are not enabled by default on client versions of Windows
#

---------------  S U M M A R Y ------------

Command Line: --add-opens=java.base/java.util=ALL-UNNAMED --add-opens=java.base/java.lang=ALL-UNNAMED --add-opens=java.base/java.lang.invoke=ALL-UNNAMED --add-opens=java.prefs/java.util.prefs=ALL-UNNAMED --add-opens=java.base/java.nio.charset=ALL-UNNAMED --add-opens=java.base/java.net=ALL-UNNAMED --add-opens=java.base/java.util.concurrent.atomic=ALL-UNNAMED -Xmx1536M -Dfile.encoding=UTF-8 -Duser.country=US -Duser.language=en -Duser.variant -javaagent:C:\Users\Hashem Arenat\.gradle\wrapper\dists\gradle-8.7-bin\bhs2wmbdwecv87pi65oeuq5iu\gradle-8.7\lib\agents\gradle-instrumentation-agent-8.7.jar org.gradle.launcher.daemon.bootstrap.GradleDaemon 8.7

Host: 12th Gen Intel(R) Core(TM) i7-12700H, 20 cores, 15G,  Windows 11 , 64 bit Build 22621 (10.0.22621.3672)
Time: Fri Aug  9 18:37:39 2024 Jerusalem Daylight Time elapsed time: 34.979917 seconds (0d 0h 0m 34s)

---------------  T H R E A D  ---------------

Current thread (0x0000020e7ca7ae40):  JavaThread "C2 CompilerThread0" daemon [_thread_in_native, id=4444, stack(0x000000583a400000,0x000000583a500000)]


Current CompileTask:
C2:  34979 26619       4       org.gradle.internal.snapshot.DirectorySnapshot$$Lambda$1303/0x0000000100f61c90::accept (16 bytes)

Stack: [0x000000583a400000,0x000000583a500000]
Native frames: (J=compiled Java code, j=interpreted, Vv=VM code, C=native code)
V  [jvm.dll+0x688de9]
V  [jvm.dll+0x8423da]
V  [jvm.dll+0x84401e]
V  [jvm.dll+0x844683]
V  [jvm.dll+0x24be0f]
V  [jvm.dll+0xac524]
V  [jvm.dll+0xacb6c]
V  [jvm.dll+0x36bd67]
V  [jvm.dll+0x1be002]
V  [jvm.dll+0x21dbf9]
V  [jvm.dll+0x21cec1]
V  [jvm.dll+0x1a60ad]
V  [jvm.dll+0x22cd78]
V  [jvm.dll+0x22aeb0]
V  [jvm.dll+0x7f6877]
V  [jvm.dll+0x7f0c7a]
V  [jvm.dll+0x687c65]
C  [ucrtbase.dll+0x29333]
C  [KERNEL32.DLL+0x1257d]
C  [ntdll.dll+0x5af28]


---------------  P R O C E S S  ---------------

Threads class SMR info:
_java_thread_list=0x0000020e09503f80, length=199, elements={
0x0000020e62e3dcd0, 0x0000020e7ca37c10, 0x0000020e7ca390a0, 0x0000020e7ca737d0,
0x0000020e7ca74460, 0x0000020e7ca771c0, 0x0000020e7ca79c90, 0x0000020e7ca7ae40,
0x0000020e7ca7b8f0, 0x0000020e7ca7c2f0, 0x0000020e7cb5f400, 0x0000020e7cd7bd60,
0x0000020e042e5930, 0x0000020e7e7ae080, 0x0000020e7db28e50, 0x0000020e7ed4d570,
0x0000020e7f499860, 0x0000020e7ee888f0, 0x0000020e7ee89820, 0x0000020e7ee86580,
0x0000020e7ee89310, 0x0000020e7ee86070, 0x0000020e7ee87ed0, 0x0000020e7ee879c0,
0x0000020e7ee883e0, 0x0000020e7ee874b0, 0x0000020e7ee88e00, 0x0000020e7ee86fa0,
0x0000020e7f03c6f0, 0x0000020e7f03b2b0, 0x0000020e7f03f480, 0x0000020e7f03c1e0,
0x0000020e7f041d00, 0x0000020e7f0408c0, 0x0000020e7f03db30, 0x0000020e7f03f990,
0x0000020e7f03fea0, 0x0000020e7f03cc00, 0x0000020e7f03bcd0, 0x0000020e7f03ef70,
0x0000020e7f0403b0, 0x0000020e7f03e040, 0x0000020e7f03d110, 0x0000020e7f03e550,
0x0000020e7f03ada0, 0x0000020e7f040dd0, 0x0000020e7f03d620, 0x0000020e7f0412e0,
0x0000020e7f0417f0, 0x0000020e7f03a890, 0x0000020e7f03b7c0, 0x0000020e7f042210,
0x0000020e05e30090, 0x0000020e05e2f160, 0x0000020e05e30fc0, 0x0000020e05e2ec50,
0x0000020e05e2f670, 0x0000020e05e305a0, 0x0000020e05e314d0, 0x0000020e05e30ab0,
0x0000020e05e2e230, 0x0000020e05e2e740, 0x0000020e06a5c970, 0x0000020e06a5ab10,
0x0000020e06a5b020, 0x0000020e06a5e7d0, 0x0000020e06a5f1f0, 0x0000020e06a60120,
0x0000020e06a5f700, 0x0000020e06a61050, 0x0000020e06a5fc10, 0x0000020e06a60630,
0x0000020e06a61560, 0x0000020e06a5b530, 0x0000020e07f9adf0, 0x0000020e07f999b0,
0x0000020e07f98570, 0x0000020e07f9b300, 0x0000020e07f9db80, 0x0000020e07f9cc50,
0x0000020e07f9c740, 0x0000020e07f9a8e0, 0x0000020e07f9efc0, 0x0000020e07f9d160,
0x0000020e07f9f4d0, 0x0000020e07f9d670, 0x0000020e07f98f90, 0x0000020e07f994a0,
0x0000020e07f99ec0, 0x0000020e07f98060, 0x0000020e07f98a80, 0x0000020e07f9b810,
0x0000020e07f9f9e0, 0x0000020e07f9e090, 0x0000020e07f9e5a0, 0x0000020e07f9a3d0,
0x0000020e07f9bd20, 0x0000020e07f9c230, 0x0000020e08e205f0, 0x0000020e08e1ce40,
0x0000020e08e1e280, 0x0000020e08e1f6c0, 0x0000020e08e1eca0, 0x0000020e08e1afe0,
0x0000020e08e1dd70, 0x0000020e08e1f1b0, 0x0000020e08e1b4f0, 0x0000020e08e1aad0,
0x0000020e08e200e0, 0x0000020e11fe6c50, 0x0000020e11bc1bd0, 0x0000020e11bbfd70,
0x0000020e11bc25f0, 0x0000020e11bc3f40, 0x0000020e11bc0ca0, 0x0000020e11bc16c0,
0x0000020e11bc4450, 0x0000020e11bc4e70, 0x0000020e11bc3010, 0x0000020e11bc20e0,
0x0000020e11bc3520, 0x0000020e11bbf350, 0x0000020e11bbe420, 0x0000020e11bc4960,
0x0000020e11bc5380, 0x0000020e11fe4df0, 0x0000020e08289e70, 0x0000020e0828a380,
0x0000020e0828d620, 0x0000020e0828a890, 0x0000020e0828cc00, 0x0000020e0828ada0,
0x0000020e11fe2570, 0x0000020e14dc84c0, 0x0000020e06413ae0, 0x0000020e06414030,
0x0000020e08df7aa0, 0x0000020e14dc6660, 0x0000020e14dc6b70, 0x0000020e14dc6150,
0x0000020e0828d110, 0x0000020e1478a430, 0x0000020e1478dbe0, 0x0000020e1478d6d0,
0x0000020e1478a940, 0x0000020e14789f20, 0x0000020e1478f020, 0x0000020e1478e0f0,
0x0000020e1478e600, 0x0000020e1478c290, 0x0000020e1478ae50, 0x0000020e1478b870,
0x0000020e1478bd80, 0x0000020e1478f530, 0x0000020e1478b360, 0x0000020e1478ff50,
0x0000020e1478c7a0, 0x0000020e1478d1c0, 0x0000020e08df5570, 0x0000020e14790970,
0x0000020e14789a10, 0x0000020e14789500, 0x0000020e1478ccb0, 0x0000020e07ef6ad0,
0x0000020e07ef3d40, 0x0000020e07ef1ee0, 0x0000020e07ef60b0, 0x0000020e07ef5ba0,
0x0000020e07ef0080, 0x0000020e07ef4250, 0x0000020e07ef0aa0, 0x0000020e07ef4760,
0x0000020e07ef6fe0, 0x0000020e07ef4c70, 0x0000020e07ef0590, 0x0000020e07ef65c0,
0x0000020e07ef74f0, 0x0000020e07ef7a00, 0x0000020e08df1b00, 0x0000020e08df3590,
0x0000020e07ef7f10, 0x0000020e07ef8420, 0x0000020e07ef5180, 0x0000020e07ef0fb0,
0x0000020e07ef8930, 0x0000020e07ef14c0, 0x0000020e07ef5690, 0x0000020e07ef19d0,
0x0000020e07ef8e40, 0x0000020e07ef9350, 0x0000020e07ef9860, 0x0000020e07ef23f0,
0x0000020e07ef9d70, 0x0000020e07ef2900, 0x0000020e07ef3320, 0x0000020e07efa280,
0x0000020e07efa790, 0x0000020e07efaca0, 0x0000020e07ef3830
}

Java Threads: ( => current thread )
  0x0000020e62e3dcd0 JavaThread "main" [_thread_blocked, id=22456, stack(0x0000005839700000,0x0000005839800000)]
  0x0000020e7ca37c10 JavaThread "Reference Handler" daemon [_thread_blocked, id=10788, stack(0x0000005839e00000,0x0000005839f00000)]
  0x0000020e7ca390a0 JavaThread "Finalizer" daemon [_thread_blocked, id=16672, stack(0x0000005839f00000,0x000000583a000000)]
  0x0000020e7ca737d0 JavaThread "Signal Dispatcher" daemon [_thread_blocked, id=22140, stack(0x000000583a000000,0x000000583a100000)]
  0x0000020e7ca74460 JavaThread "Attach Listener" daemon [_thread_blocked, id=14676, stack(0x000000583a100000,0x000000583a200000)]
  0x0000020e7ca771c0 JavaThread "Service Thread" daemon [_thread_blocked, id=13428, stack(0x000000583a200000,0x000000583a300000)]
  0x0000020e7ca79c90 JavaThread "Monitor Deflation Thread" daemon [_thread_blocked, id=22160, stack(0x000000583a300000,0x000000583a400000)]
=>0x0000020e7ca7ae40 JavaThread "C2 CompilerThread0" daemon [_thread_in_native, id=4444, stack(0x000000583a400000,0x000000583a500000)]
  0x0000020e7ca7b8f0 JavaThread "C1 CompilerThread0" daemon [_thread_blocked, id=22316, stack(0x000000583a500000,0x000000583a600000)]
  0x0000020e7ca7c2f0 JavaThread "Sweeper thread" daemon [_thread_blocked, id=15788, stack(0x000000583a600000,0x000000583a700000)]
  0x0000020e7cb5f400 JavaThread "Common-Cleaner" daemon [_thread_blocked, id=22376, stack(0x000000583a700000,0x000000583a800000)]
  0x0000020e7cd7bd60 JavaThread "Notification Thread" daemon [_thread_blocked, id=3772, stack(0x000000583aa00000,0x000000583ab00000)]
  0x0000020e042e5930 JavaThread "Daemon health stats" [_thread_blocked, id=21632, stack(0x000000583b600000,0x000000583b700000)]
  0x0000020e7e7ae080 JavaThread "Incoming local TCP Connector on port 55962" [_thread_in_native, id=22348, stack(0x000000583af00000,0x000000583b000000)]
  0x0000020e7db28e50 JavaThread "Daemon periodic checks" [_thread_blocked, id=22088, stack(0x000000583b700000,0x000000583b800000)]
  0x0000020e7ed4d570 JavaThread "Daemon" [_thread_blocked, id=22084, stack(0x000000583b800000,0x000000583b900000)]
  0x0000020e7f499860 JavaThread "Handler for socket connection from /127.0.0.1:55962 to /127.0.0.1:55963" [_thread_in_native, id=21936, stack(0x000000583b900000,0x000000583ba00000)]
  0x0000020e7ee888f0 JavaThread "Cancel handler" [_thread_blocked, id=21664, stack(0x000000583ba00000,0x000000583bb00000)]
  0x0000020e7ee89820 JavaThread "Daemon worker" [_thread_in_Java, id=14760, stack(0x000000583bb00000,0x000000583bc00000)]
  0x0000020e7ee86580 JavaThread "Asynchronous log dispatcher for DefaultDaemonConnection: socket connection from /127.0.0.1:55962 to /127.0.0.1:55963" [_thread_blocked, id=21512, stack(0x000000583bc00000,0x000000583bd00000)]
  0x0000020e7ee89310 JavaThread "Stdin handler" [_thread_blocked, id=22488, stack(0x000000583bd00000,0x000000583be00000)]
  0x0000020e7ee86070 JavaThread "Daemon client event forwarder" [_thread_blocked, id=2228, stack(0x000000583be00000,0x000000583bf00000)]
  0x0000020e7ee87ed0 JavaThread "Cache worker for journal cache (C:\Users\Hashem Arenat\.gradle\caches\journal-1)" [_thread_blocked, id=22308, stack(0x000000583cb00000,0x000000583cc00000)]
  0x0000020e7ee879c0 JavaThread "File lock request listener" [_thread_in_native, id=11800, stack(0x000000583cc00000,0x000000583cd00000)]
  0x0000020e7ee883e0 JavaThread "Cache worker for file hash cache (C:\Users\Hashem Arenat\.gradle\caches\8.7\fileHashes)" [_thread_blocked, id=21624, stack(0x000000583cd00000,0x000000583ce00000)]
  0x0000020e7ee874b0 JavaThread "Cache worker for file hash cache (C:\Users\Hashem Arenat\AndroidStudioProjects\ECommerce\.gradle\8.7\fileHashes)" [_thread_blocked, id=14348, stack(0x000000583ae00000,0x000000583af00000)]
  0x0000020e7ee88e00 JavaThread "File watcher server" daemon [_thread_in_native, id=19180, stack(0x000000583ce00000,0x000000583cf00000)]
  0x0000020e7ee86fa0 JavaThread "File watcher consumer" daemon [_thread_blocked, id=21020, stack(0x000000583cf00000,0x000000583d000000)]
  0x0000020e7f03c6f0 JavaThread "jar transforms" [_thread_blocked, id=5488, stack(0x000000583d000000,0x000000583d100000)]
  0x0000020e7f03b2b0 JavaThread "jar transforms Thread 2" [_thread_blocked, id=12260, stack(0x000000583d100000,0x000000583d200000)]
  0x0000020e7f03f480 JavaThread "jar transforms Thread 3" [_thread_blocked, id=17596, stack(0x000000583d200000,0x000000583d300000)]
  0x0000020e7f03c1e0 JavaThread "jar transforms Thread 4" [_thread_blocked, id=14632, stack(0x000000583d300000,0x000000583d400000)]
  0x0000020e7f041d00 JavaThread "jar transforms Thread 5" [_thread_blocked, id=21264, stack(0x000000583d400000,0x000000583d500000)]
  0x0000020e7f0408c0 JavaThread "jar transforms Thread 6" [_thread_blocked, id=15024, stack(0x000000583d500000,0x000000583d600000)]
  0x0000020e7f03db30 JavaThread "jar transforms Thread 7" [_thread_blocked, id=6024, stack(0x000000583d600000,0x000000583d700000)]
  0x0000020e7f03f990 JavaThread "jar transforms Thread 8" [_thread_blocked, id=17020, stack(0x000000583d700000,0x000000583d800000)]
  0x0000020e7f03fea0 JavaThread "jar transforms Thread 9" [_thread_blocked, id=20936, stack(0x000000583d800000,0x000000583d900000)]
  0x0000020e7f03cc00 JavaThread "jar transforms Thread 10" [_thread_blocked, id=3600, stack(0x000000583d900000,0x000000583da00000)]
  0x0000020e7f03bcd0 JavaThread "jar transforms Thread 11" [_thread_blocked, id=16020, stack(0x000000583da00000,0x000000583db00000)]
  0x0000020e7f03ef70 JavaThread "jar transforms Thread 12" [_thread_blocked, id=17528, stack(0x000000583db00000,0x000000583dc00000)]
  0x0000020e7f0403b0 JavaThread "jar transforms Thread 13" [_thread_blocked, id=16064, stack(0x000000583dc00000,0x000000583dd00000)]
  0x0000020e7f03e040 JavaThread "jar transforms Thread 14" [_thread_blocked, id=19524, stack(0x000000583dd00000,0x000000583de00000)]
  0x0000020e7f03d110 JavaThread "jar transforms Thread 15" [_thread_blocked, id=4168, stack(0x000000583de00000,0x000000583df00000)]
  0x0000020e7f03e550 JavaThread "jar transforms Thread 16" [_thread_blocked, id=9308, stack(0x000000583df00000,0x000000583e000000)]
  0x0000020e7f03ada0 JavaThread "jar transforms Thread 17" [_thread_blocked, id=21616, stack(0x000000583e000000,0x000000583e100000)]
  0x0000020e7f040dd0 JavaThread "jar transforms Thread 18" [_thread_blocked, id=8668, stack(0x000000583e100000,0x000000583e200000)]
  0x0000020e7f03d620 JavaThread "jar transforms Thread 19" [_thread_blocked, id=2404, stack(0x000000583e200000,0x000000583e300000)]
  0x0000020e7f0412e0 JavaThread "jar transforms Thread 20" [_thread_blocked, id=3088, stack(0x000000583e300000,0x000000583e400000)]
  0x0000020e7f0417f0 JavaThread "Cache worker for checksums cache (C:\Users\Hashem Arenat\AndroidStudioProjects\ECommerce\.gradle\8.7\checksums)" [_thread_blocked, id=20868, stack(0x000000583e400000,0x000000583e500000)]
  0x0000020e7f03a890 JavaThread "Cache worker for cache directory md-supplier (C:\Users\Hashem Arenat\.gradle\caches\8.7\md-supplier)" [_thread_blocked, id=21996, stack(0x000000583e500000,0x000000583e600000)]
  0x0000020e7f03b7c0 JavaThread "Cache worker for cache directory md-rule (C:\Users\Hashem Arenat\.gradle\caches\8.7\md-rule)" [_thread_blocked, id=21988, stack(0x000000583e600000,0x000000583e700000)]
  0x0000020e7f042210 JavaThread "Cache worker for file content cache (C:\Users\Hashem Arenat\.gradle\caches\8.7\fileContent)" [_thread_blocked, id=11144, stack(0x000000583e700000,0x000000583e800000)]
  0x0000020e05e30090 JavaThread "Unconstrained build operations" [_thread_blocked, id=15604, stack(0x000000583eb00000,0x000000583ec00000)]
  0x0000020e05e2f160 JavaThread "Unconstrained build operations Thread 2" [_thread_blocked, id=1692, stack(0x000000583ec00000,0x000000583ed00000)]
  0x0000020e05e30fc0 JavaThread "Unconstrained build operations Thread 3" [_thread_blocked, id=1444, stack(0x000000583ed00000,0x000000583ee00000)]
  0x0000020e05e2ec50 JavaThread "Unconstrained build operations Thread 4" [_thread_blocked, id=12660, stack(0x000000583ee00000,0x000000583ef00000)]
  0x0000020e05e2f670 JavaThread "Unconstrained build operations Thread 5" [_thread_blocked, id=20544, stack(0x000000583ef00000,0x000000583f000000)]
  0x0000020e05e305a0 JavaThread "Unconstrained build operations Thread 6" [_thread_blocked, id=22524, stack(0x000000583f000000,0x000000583f100000)]
  0x0000020e05e314d0 JavaThread "Unconstrained build operations Thread 7" [_thread_blocked, id=22520, stack(0x000000583f100000,0x000000583f200000)]
  0x0000020e05e30ab0 JavaThread "Unconstrained build operations Thread 8" [_thread_blocked, id=9712, stack(0x000000583f200000,0x000000583f300000)]
  0x0000020e05e2e230 JavaThread "Unconstrained build operations Thread 9" [_thread_blocked, id=6228, stack(0x000000583f300000,0x000000583f400000)]
  0x0000020e05e2e740 JavaThread "Unconstrained build operations Thread 10" [_thread_blocked, id=21000, stack(0x000000583f400000,0x000000583f500000)]
  0x0000020e06a5c970 JavaThread "Cache worker for Build Output Cleanup Cache (C:\Users\Hashem Arenat\AndroidStudioProjects\ECommerce\.gradle\buildOutputCleanup)" [_thread_blocked, id=22460, stack(0x000000583f500000,0x000000583f600000)]
  0x0000020e06a5ab10 JavaThread "Unconstrained build operations Thread 11" [_thread_blocked, id=21080, stack(0x000000583ad00000,0x000000583ae00000)]
  0x0000020e06a5b020 JavaThread "Unconstrained build operations Thread 12" [_thread_blocked, id=17516, stack(0x000000583e800000,0x000000583e900000)]
  0x0000020e06a5e7d0 JavaThread "Unconstrained build operations Thread 13" [_thread_blocked, id=8868, stack(0x000000583e900000,0x000000583ea00000)]
  0x0000020e06a5f1f0 JavaThread "Unconstrained build operations Thread 14" [_thread_blocked, id=21796, stack(0x000000583f600000,0x000000583f700000)]
  0x0000020e06a60120 JavaThread "Unconstrained build operations Thread 15" [_thread_blocked, id=20148, stack(0x000000583f700000,0x000000583f800000)]
  0x0000020e06a5f700 JavaThread "Unconstrained build operations Thread 16" [_thread_blocked, id=7220, stack(0x000000583f800000,0x000000583f900000)]
  0x0000020e06a61050 JavaThread "Unconstrained build operations Thread 17" [_thread_blocked, id=9232, stack(0x000000583fc00000,0x000000583fd00000)]
  0x0000020e06a5fc10 JavaThread "Unconstrained build operations Thread 18" [_thread_blocked, id=16804, stack(0x000000583fd00000,0x000000583fe00000)]
  0x0000020e06a60630 JavaThread "Unconstrained build operations Thread 19" [_thread_blocked, id=10724, stack(0x000000583fe00000,0x000000583ff00000)]
  0x0000020e06a61560 JavaThread "Unconstrained build operations Thread 20" [_thread_blocked, id=15704, stack(0x000000583ff00000,0x0000005840000000)]
  0x0000020e06a5b530 JavaThread "Unconstrained build operations Thread 21" [_thread_blocked, id=12956, stack(0x0000005840000000,0x0000005840100000)]
  0x0000020e07f9adf0 JavaThread "Unconstrained build operations Thread 22" [_thread_blocked, id=20836, stack(0x0000005840100000,0x0000005840200000)]
  0x0000020e07f999b0 JavaThread "Unconstrained build operations Thread 23" [_thread_blocked, id=13372, stack(0x0000005840200000,0x0000005840300000)]
  0x0000020e07f98570 JavaThread "Unconstrained build operations Thread 24" [_thread_blocked, id=13540, stack(0x0000005840300000,0x0000005840400000)]
  0x0000020e07f9b300 JavaThread "Unconstrained build operations Thread 25" [_thread_blocked, id=12776, stack(0x0000005840400000,0x0000005840500000)]
  0x0000020e07f9db80 JavaThread "Unconstrained build operations Thread 26" [_thread_blocked, id=1456, stack(0x0000005840500000,0x0000005840600000)]
  0x0000020e07f9cc50 JavaThread "Unconstrained build operations Thread 27" [_thread_blocked, id=18056, stack(0x0000005840600000,0x0000005840700000)]
  0x0000020e07f9c740 JavaThread "Unconstrained build operations Thread 28" [_thread_blocked, id=18256, stack(0x0000005840700000,0x0000005840800000)]
  0x0000020e07f9a8e0 JavaThread "Unconstrained build operations Thread 29" [_thread_blocked, id=5524, stack(0x0000005840800000,0x0000005840900000)]
  0x0000020e07f9efc0 JavaThread "Unconstrained build operations Thread 30" [_thread_blocked, id=7580, stack(0x0000005840900000,0x0000005840a00000)]
  0x0000020e07f9d160 JavaThread "Unconstrained build operations Thread 31" [_thread_blocked, id=20588, stack(0x0000005840a00000,0x0000005840b00000)]
  0x0000020e07f9f4d0 JavaThread "Unconstrained build operations Thread 32" [_thread_blocked, id=15352, stack(0x0000005840b00000,0x0000005840c00000)]
  0x0000020e07f9d670 JavaThread "Unconstrained build operations Thread 33" [_thread_blocked, id=22164, stack(0x0000005840c00000,0x0000005840d00000)]
  0x0000020e07f98f90 JavaThread "Unconstrained build operations Thread 34" [_thread_blocked, id=19400, stack(0x0000005840d00000,0x0000005840e00000)]
  0x0000020e07f994a0 JavaThread "Unconstrained build operations Thread 35" [_thread_blocked, id=7968, stack(0x0000005840e00000,0x0000005840f00000)]
  0x0000020e07f99ec0 JavaThread "Unconstrained build operations Thread 36" [_thread_blocked, id=15640, stack(0x0000005840f00000,0x0000005841000000)]
  0x0000020e07f98060 JavaThread "Unconstrained build operations Thread 37" [_thread_blocked, id=15812, stack(0x0000005841000000,0x0000005841100000)]
  0x0000020e07f98a80 JavaThread "Unconstrained build operations Thread 38" [_thread_blocked, id=12428, stack(0x0000005841100000,0x0000005841200000)]
  0x0000020e07f9b810 JavaThread "Unconstrained build operations Thread 39" [_thread_blocked, id=18752, stack(0x0000005841200000,0x0000005841300000)]
  0x0000020e07f9f9e0 JavaThread "Unconstrained build operations Thread 40" [_thread_blocked, id=17916, stack(0x0000005841300000,0x0000005841400000)]
  0x0000020e07f9e090 JavaThread "Unconstrained build operations Thread 41" [_thread_blocked, id=11340, stack(0x0000005841400000,0x0000005841500000)]
  0x0000020e07f9e5a0 JavaThread "Unconstrained build operations Thread 42" [_thread_blocked, id=20844, stack(0x0000005841500000,0x0000005841600000)]
  0x0000020e07f9a3d0 JavaThread "Unconstrained build operations Thread 43" [_thread_blocked, id=18688, stack(0x0000005841600000,0x0000005841700000)]
  0x0000020e07f9bd20 JavaThread "Unconstrained build operations Thread 44" [_thread_blocked, id=17332, stack(0x0000005841700000,0x0000005841800000)]
  0x0000020e07f9c230 JavaThread "Unconstrained build operations Thread 45" [_thread_blocked, id=14352, stack(0x0000005841800000,0x0000005841900000)]
  0x0000020e08e205f0 JavaThread "Unconstrained build operations Thread 46" [_thread_blocked, id=20076, stack(0x0000005841900000,0x0000005841a00000)]
  0x0000020e08e1ce40 JavaThread "Unconstrained build operations Thread 47" [_thread_blocked, id=5060, stack(0x0000005841a00000,0x0000005841b00000)]
  0x0000020e08e1e280 JavaThread "Unconstrained build operations Thread 48" [_thread_blocked, id=4976, stack(0x0000005841b00000,0x0000005841c00000)]
  0x0000020e08e1f6c0 JavaThread "Unconstrained build operations Thread 49" [_thread_blocked, id=9644, stack(0x000000583b000000,0x000000583b100000)]
  0x0000020e08e1eca0 JavaThread "Unconstrained build operations Thread 50" [_thread_blocked, id=6284, stack(0x0000005841c00000,0x0000005841d00000)]
  0x0000020e08e1afe0 JavaThread "Unconstrained build operations Thread 51" [_thread_blocked, id=21640, stack(0x0000005841d00000,0x0000005841e00000)]
  0x0000020e08e1dd70 JavaThread "Unconstrained build operations Thread 52" [_thread_blocked, id=22168, stack(0x0000005841e00000,0x0000005841f00000)]
  0x0000020e08e1f1b0 JavaThread "Unconstrained build operations Thread 53" [_thread_blocked, id=19904, stack(0x0000005841f00000,0x0000005842000000)]
  0x0000020e08e1b4f0 JavaThread "Unconstrained build operations Thread 54" [_thread_blocked, id=10100, stack(0x0000005842000000,0x0000005842100000)]
  0x0000020e08e1aad0 JavaThread "Memory manager" [_thread_blocked, id=16324, stack(0x0000005842300000,0x0000005842400000)]
  0x0000020e08e200e0 JavaThread "build event listener" [_thread_blocked, id=20476, stack(0x0000005842400000,0x0000005842500000)]
  0x0000020e11fe6c50 JavaThread "Kotlin DSL Writer" [_thread_blocked, id=6356, stack(0x0000005842700000,0x0000005842800000)]
  0x0000020e11bc1bd0 JavaThread "pool-3-thread-1" [_thread_blocked, id=3536, stack(0x0000005842800000,0x0000005842900000)]
  0x0000020e11bbfd70 JavaThread "included builds" [_thread_blocked, id=21044, stack(0x0000005842900000,0x0000005842a00000)]
  0x0000020e11bc25f0 JavaThread "Execution worker" [_thread_blocked, id=21980, stack(0x0000005842a00000,0x0000005842b00000)]
  0x0000020e11bc3f40 JavaThread "Execution worker Thread 2" [_thread_blocked, id=17072, stack(0x0000005842f00000,0x0000005843000000)]
  0x0000020e11bc0ca0 JavaThread "Execution worker Thread 3" [_thread_blocked, id=19768, stack(0x0000005843000000,0x0000005843100000)]
  0x0000020e11bc16c0 JavaThread "Execution worker Thread 4" [_thread_blocked, id=11456, stack(0x0000005843100000,0x0000005843200000)]
  0x0000020e11bc4450 JavaThread "Execution worker Thread 5" [_thread_blocked, id=21048, stack(0x0000005843200000,0x0000005843300000)]
  0x0000020e11bc4e70 JavaThread "Execution worker Thread 6" [_thread_blocked, id=13812, stack(0x0000005843300000,0x0000005843400000)]
  0x0000020e11bc3010 JavaThread "Execution worker Thread 7" [_thread_blocked, id=22492, stack(0x0000005843400000,0x0000005843500000)]
  0x0000020e11bc20e0 JavaThread "Execution worker Thread 8" [_thread_blocked, id=17328, stack(0x0000005843500000,0x0000005843600000)]
  0x0000020e11bc3520 JavaThread "Execution worker Thread 9" [_thread_blocked, id=19380, stack(0x0000005843600000,0x0000005843700000)]
  0x0000020e11bbf350 JavaThread "Execution worker Thread 10" [_thread_blocked, id=13328, stack(0x0000005843700000,0x0000005843800000)]
  0x0000020e11bbe420 JavaThread "Execution worker Thread 11" [_thread_blocked, id=7504, stack(0x0000005843800000,0x0000005843900000)]
  0x0000020e11bc4960 JavaThread "Execution worker Thread 12" [_thread_blocked, id=20212, stack(0x0000005843900000,0x0000005843a00000)]
  0x0000020e11bc5380 JavaThread "Execution worker Thread 13" [_thread_blocked, id=3668, stack(0x0000005843a00000,0x0000005843b00000)]
  0x0000020e11fe4df0 JavaThread "Execution worker Thread 14" [_thread_blocked, id=9904, stack(0x0000005843b00000,0x0000005843c00000)]
  0x0000020e08289e70 JavaThread "Execution worker Thread 15" [_thread_blocked, id=21792, stack(0x0000005843c00000,0x0000005843d00000)]
  0x0000020e0828a380 JavaThread "Execution worker Thread 16" [_thread_blocked, id=13536, stack(0x0000005843d00000,0x0000005843e00000)]
  0x0000020e0828d620 JavaThread "Execution worker Thread 17" [_thread_blocked, id=14304, stack(0x0000005843e00000,0x0000005843f00000)]
  0x0000020e0828a890 JavaThread "Execution worker Thread 18" [_thread_blocked, id=22252, stack(0x0000005843f00000,0x0000005844000000)]
  0x0000020e0828cc00 JavaThread "Execution worker Thread 19" [_thread_blocked, id=12208, stack(0x0000005844000000,0x0000005844100000)]
  0x0000020e0828ada0 JavaThread "Cache worker for execution history cache (C:\Users\Hashem Arenat\AndroidStudioProjects\ECommerce\.gradle\8.7\executionHistory)" [_thread_blocked, id=20552, stack(0x0000005844100000,0x0000005844200000)]
  0x0000020e11fe2570 JavaThread "idea-tooling-model-converter" [_thread_blocked, id=11400, stack(0x0000005844200000,0x0000005844300000)]
  0x0000020e14dc84c0 JavaThread "Unconstrained build operations Thread 55" [_thread_blocked, id=21684, stack(0x0000005844400000,0x0000005844500000)]
  0x0000020e06413ae0 JavaThread "C1 CompilerThread1" daemon [_thread_blocked, id=13480, stack(0x000000583a800000,0x000000583a900000)]
  0x0000020e06414030 JavaThread "C1 CompilerThread2" daemon [_thread_blocked, id=18824, stack(0x000000583a900000,0x000000583aa00000)]
  0x0000020e08df7aa0 JavaThread "C1 CompilerThread3" daemon [_thread_blocked, id=21544, stack(0x0000005842200000,0x0000005842300000)]
  0x0000020e14dc6660 JavaThread "Unconstrained build operations Thread 56" [_thread_blocked, id=22040, stack(0x0000005842500000,0x0000005842600000)]
  0x0000020e14dc6b70 JavaThread "Unconstrained build operations Thread 57" [_thread_blocked, id=9408, stack(0x000000583ac00000,0x000000583ad00000)]
  0x0000020e14dc6150 JavaThread "Unconstrained build operations Thread 58" [_thread_blocked, id=10044, stack(0x0000005844a00000,0x0000005844b00000)]
  0x0000020e0828d110 JavaThread "Unconstrained build operations Thread 59" [_thread_blocked, id=11956, stack(0x0000005844b00000,0x0000005844c00000)]
  0x0000020e1478a430 JavaThread "Unconstrained build operations Thread 60" [_thread_blocked, id=8892, stack(0x0000005844c00000,0x0000005844d00000)]
  0x0000020e1478dbe0 JavaThread "Unconstrained build operations Thread 61" [_thread_blocked, id=7724, stack(0x0000005844d00000,0x0000005844e00000)]
  0x0000020e1478d6d0 JavaThread "Unconstrained build operations Thread 62" [_thread_blocked, id=12280, stack(0x0000005844e00000,0x0000005844f00000)]
  0x0000020e1478a940 JavaThread "Unconstrained build operations Thread 63" [_thread_blocked, id=20852, stack(0x0000005844f00000,0x0000005845000000)]
  0x0000020e14789f20 JavaThread "Unconstrained build operations Thread 64" [_thread_blocked, id=14060, stack(0x0000005845000000,0x0000005845100000)]
  0x0000020e1478f020 JavaThread "Unconstrained build operations Thread 65" [_thread_blocked, id=6276, stack(0x0000005845100000,0x0000005845200000)]
  0x0000020e1478e0f0 JavaThread "Unconstrained build operations Thread 66" [_thread_blocked, id=5740, stack(0x0000005845200000,0x0000005845300000)]
  0x0000020e1478e600 JavaThread "Unconstrained build operations Thread 67" [_thread_blocked, id=12576, stack(0x0000005845300000,0x0000005845400000)]
  0x0000020e1478c290 JavaThread "Unconstrained build operations Thread 68" [_thread_blocked, id=21140, stack(0x0000005845400000,0x0000005845500000)]
  0x0000020e1478ae50 JavaThread "Unconstrained build operations Thread 69" [_thread_blocked, id=18424, stack(0x0000005845500000,0x0000005845600000)]
  0x0000020e1478b870 JavaThread "Unconstrained build operations Thread 70" [_thread_blocked, id=21800, stack(0x0000005845600000,0x0000005845700000)]
  0x0000020e1478bd80 JavaThread "Unconstrained build operations Thread 71" [_thread_blocked, id=22336, stack(0x0000005845700000,0x0000005845800000)]
  0x0000020e1478f530 JavaThread "Unconstrained build operations Thread 72" [_thread_blocked, id=9976, stack(0x0000005845800000,0x0000005845900000)]
  0x0000020e1478b360 JavaThread "Unconstrained build operations Thread 73" [_thread_blocked, id=21788, stack(0x0000005845900000,0x0000005845a00000)]
  0x0000020e1478ff50 JavaThread "Unconstrained build operations Thread 74" [_thread_blocked, id=21716, stack(0x0000005845a00000,0x0000005845b00000)]
  0x0000020e1478c7a0 JavaThread "Unconstrained build operations Thread 75" [_thread_blocked, id=21768, stack(0x0000005845b00000,0x0000005845c00000)]
  0x0000020e1478d1c0 JavaThread "Unconstrained build operations Thread 76" [_thread_blocked, id=16996, stack(0x0000005845c00000,0x0000005845d00000)]
  0x0000020e08df5570 JavaThread "C2 CompilerThread1" daemon [_thread_in_native, id=3624, stack(0x0000005842100000,0x0000005842200000)]
  0x0000020e14790970 JavaThread "Unconstrained build operations Thread 77" [_thread_blocked, id=12196, stack(0x0000005844500000,0x0000005844600000)]
  0x0000020e14789a10 JavaThread "Unconstrained build operations Thread 78" [_thread_blocked, id=15312, stack(0x0000005844600000,0x0000005844700000)]
  0x0000020e14789500 JavaThread "Unconstrained build operations Thread 79" [_thread_blocked, id=3344, stack(0x0000005844700000,0x0000005844800000)]
  0x0000020e1478ccb0 JavaThread "Unconstrained build operations Thread 80" [_thread_blocked, id=11040, stack(0x0000005844800000,0x0000005844900000)]
  0x0000020e07ef6ad0 JavaThread "Unconstrained build operations Thread 81" [_thread_blocked, id=4808, stack(0x0000005844900000,0x0000005844a00000)]
  0x0000020e07ef3d40 JavaThread "Unconstrained build operations Thread 82" [_thread_blocked, id=18300, stack(0x0000005845d00000,0x0000005845e00000)]
  0x0000020e07ef1ee0 JavaThread "Unconstrained build operations Thread 83" [_thread_blocked, id=16552, stack(0x0000005845e00000,0x0000005845f00000)]
  0x0000020e07ef60b0 JavaThread "Unconstrained build operations Thread 84" [_thread_blocked, id=17276, stack(0x0000005845f00000,0x0000005846000000)]
  0x0000020e07ef5ba0 JavaThread "Unconstrained build operations Thread 85" [_thread_blocked, id=20520, stack(0x0000005846000000,0x0000005846100000)]
  0x0000020e07ef0080 JavaThread "Unconstrained build operations Thread 86" [_thread_blocked, id=13796, stack(0x0000005846100000,0x0000005846200000)]
  0x0000020e07ef4250 JavaThread "Unconstrained build operations Thread 87" [_thread_blocked, id=17352, stack(0x0000005846200000,0x0000005846300000)]
  0x0000020e07ef0aa0 JavaThread "Unconstrained build operations Thread 88" [_thread_blocked, id=18360, stack(0x0000005846300000,0x0000005846400000)]
  0x0000020e07ef4760 JavaThread "Unconstrained build operations Thread 89" [_thread_blocked, id=21764, stack(0x0000005846400000,0x0000005846500000)]
  0x0000020e07ef6fe0 JavaThread "Unconstrained build operations Thread 90" [_thread_blocked, id=21160, stack(0x0000005846500000,0x0000005846600000)]
  0x0000020e07ef4c70 JavaThread "Unconstrained build operations Thread 91" [_thread_blocked, id=9208, stack(0x0000005846600000,0x0000005846700000)]
  0x0000020e07ef0590 JavaThread "Unconstrained build operations Thread 92" [_thread_blocked, id=2760, stack(0x0000005846700000,0x0000005846800000)]
  0x0000020e07ef65c0 JavaThread "Unconstrained build operations Thread 93" [_thread_blocked, id=8856, stack(0x0000005846800000,0x0000005846900000)]
  0x0000020e07ef74f0 JavaThread "Unconstrained build operations Thread 94" [_thread_blocked, id=14928, stack(0x0000005846900000,0x0000005846a00000)]
  0x0000020e07ef7a00 JavaThread "Unconstrained build operations Thread 95" [_thread_blocked, id=14008, stack(0x0000005846a00000,0x0000005846b00000)]
  0x0000020e08df1b00 JavaThread "C2 CompilerThread2" daemon [_thread_in_native, id=13444, stack(0x0000005846b00000,0x0000005846c00000)]
  0x0000020e08df3590 JavaThread "C2 CompilerThread3" daemon [_thread_in_native, id=22148, stack(0x0000005846c00000,0x0000005846d00000)]
  0x0000020e07ef7f10 JavaThread "Unconstrained build operations Thread 96" [_thread_blocked, id=19676, stack(0x0000005846d00000,0x0000005846e00000)]
  0x0000020e07ef8420 JavaThread "Unconstrained build operations Thread 97" [_thread_blocked, id=11820, stack(0x0000005846e00000,0x0000005846f00000)]
  0x0000020e07ef5180 JavaThread "Unconstrained build operations Thread 98" [_thread_blocked, id=21568, stack(0x0000005846f00000,0x0000005847000000)]
  0x0000020e07ef0fb0 JavaThread "Unconstrained build operations Thread 99" [_thread_blocked, id=12144, stack(0x0000005847000000,0x0000005847100000)]
  0x0000020e07ef8930 JavaThread "Unconstrained build operations Thread 100" [_thread_blocked, id=18712, stack(0x0000005847100000,0x0000005847200000)]
  0x0000020e07ef14c0 JavaThread "Unconstrained build operations Thread 101" [_thread_blocked, id=14972, stack(0x0000005847200000,0x0000005847300000)]
  0x0000020e07ef5690 JavaThread "Unconstrained build operations Thread 102" [_thread_blocked, id=15716, stack(0x0000005847300000,0x0000005847400000)]
  0x0000020e07ef19d0 JavaThread "Unconstrained build operations Thread 103" [_thread_blocked, id=7500, stack(0x0000005847400000,0x0000005847500000)]
  0x0000020e07ef8e40 JavaThread "Unconstrained build operations Thread 104" [_thread_blocked, id=18340, stack(0x0000005847500000,0x0000005847600000)]
  0x0000020e07ef9350 JavaThread "Unconstrained build operations Thread 105" [_thread_blocked, id=21588, stack(0x0000005847600000,0x0000005847700000)]
  0x0000020e07ef9860 JavaThread "Unconstrained build operations Thread 106" [_thread_blocked, id=15796, stack(0x0000005847700000,0x0000005847800000)]
  0x0000020e07ef23f0 JavaThread "Unconstrained build operations Thread 107" [_thread_blocked, id=21912, stack(0x0000005847800000,0x0000005847900000)]
  0x0000020e07ef9d70 JavaThread "Unconstrained build operations Thread 108" [_thread_blocked, id=20508, stack(0x0000005847900000,0x0000005847a00000)]
  0x0000020e07ef2900 JavaThread "Unconstrained build operations Thread 109" [_thread_blocked, id=18772, stack(0x0000005847a00000,0x0000005847b00000)]
  0x0000020e07ef3320 JavaThread "Unconstrained build operations Thread 110" [_thread_blocked, id=11212, stack(0x0000005847b00000,0x0000005847c00000)]
  0x0000020e07efa280 JavaThread "Unconstrained build operations Thread 111" [_thread_blocked, id=11916, stack(0x0000005847c00000,0x0000005847d00000)]
  0x0000020e07efa790 JavaThread "Unconstrained build operations Thread 112" [_thread_blocked, id=18604, stack(0x0000005847d00000,0x0000005847e00000)]
  0x0000020e07efaca0 JavaThread "Unconstrained build operations Thread 113" [_thread_blocked, id=9836, stack(0x0000005847e00000,0x0000005847f00000)]
  0x0000020e07ef3830 JavaThread "Unconstrained build operations Thread 114" [_thread_blocked, id=9708, stack(0x0000005847f00000,0x0000005848000000)]

Other Threads:
  0x0000020e7c8962c0 VMThread "VM Thread" [stack: 0x0000005839d00000,0x0000005839e00000] [id=22400]
  0x0000020e62e3eb50 WatcherThread [stack: 0x000000583ab00000,0x000000583ac00000] [id=21952]
  0x0000020e62e8c140 GCTaskThread "GC Thread#0" [stack: 0x0000005839800000,0x0000005839900000] [id=22464]
  0x0000020e7d62ad30 GCTaskThread "GC Thread#1" [stack: 0x000000583b100000,0x000000583b200000] [id=8876]
  0x0000020e7d8cb8b0 GCTaskThread "GC Thread#2" [stack: 0x000000583b200000,0x000000583b300000] [id=20640]
  0x0000020e7d6fd460 GCTaskThread "GC Thread#3" [stack: 0x000000583b300000,0x000000583b400000] [id=20992]
  0x0000020e7e3eb6e0 GCTaskThread "GC Thread#4" [stack: 0x000000583b400000,0x000000583b500000] [id=15144]
  0x0000020e7e81fc40 GCTaskThread "GC Thread#5" [stack: 0x000000583b500000,0x000000583b600000] [id=21024]
  0x0000020e7eddb540 GCTaskThread "GC Thread#6" [stack: 0x000000583bf00000,0x000000583c000000] [id=20660]
  0x0000020e7eddc040 GCTaskThread "GC Thread#7" [stack: 0x000000583c000000,0x000000583c100000] [id=22264]
  0x0000020e7eddb800 GCTaskThread "GC Thread#8" [stack: 0x000000583c100000,0x000000583c200000] [id=22296]
  0x0000020e7eddbac0 GCTaskThread "GC Thread#9" [stack: 0x000000583c200000,0x000000583c300000] [id=18700]
  0x0000020e7eddc300 GCTaskThread "GC Thread#10" [stack: 0x000000583c300000,0x000000583c400000] [id=22136]
  0x0000020e7eddb280 GCTaskThread "GC Thread#11" [stack: 0x000000583c400000,0x000000583c500000] [id=15876]
  0x0000020e7eddbd80 GCTaskThread "GC Thread#12" [stack: 0x000000583c500000,0x000000583c600000] [id=22404]
  0x0000020e7eddc5c0 GCTaskThread "GC Thread#13" [stack: 0x000000583c600000,0x000000583c700000] [id=22276]
  0x0000020e7eddc880 GCTaskThread "GC Thread#14" [stack: 0x000000583c700000,0x000000583c800000] [id=7268]
  0x0000020e62e99090 ConcurrentGCThread "G1 Main Marker" [stack: 0x0000005839900000,0x0000005839a00000] [id=21332]
  0x0000020e62e99ab0 ConcurrentGCThread "G1 Conc#0" [stack: 0x0000005839a00000,0x0000005839b00000] [id=21536]
  0x0000020e7eddafc0 ConcurrentGCThread "G1 Conc#1" [stack: 0x000000583c800000,0x000000583c900000] [id=21668]
  0x0000020e7eddad00 ConcurrentGCThread "G1 Conc#2" [stack: 0x000000583c900000,0x000000583ca00000] [id=9780]
  0x0000020e7eb78450 ConcurrentGCThread "G1 Conc#3" [stack: 0x000000583ca00000,0x000000583cb00000] [id=22432]
  0x0000020e7c7461f0 ConcurrentGCThread "G1 Refine#0" [stack: 0x0000005839b00000,0x0000005839c00000] [id=21268]
  0x0000020e05e78b20 ConcurrentGCThread "G1 Refine#1" [stack: 0x000000583ea00000,0x000000583eb00000] [id=20884]
  0x0000020e7d3cd250 ConcurrentGCThread "G1 Refine#2" [stack: 0x000000583f900000,0x000000583fa00000] [id=15308]
  0x0000020e7d3cc0b0 ConcurrentGCThread "G1 Refine#3" [stack: 0x000000583fa00000,0x000000583fb00000] [id=20752]
  0x0000020e7d3ccf60 ConcurrentGCThread "G1 Refine#4" [stack: 0x000000583fb00000,0x000000583fc00000] [id=12128]
  0x0000020e077c4600 ConcurrentGCThread "G1 Refine#5" [stack: 0x0000005842b00000,0x0000005842c00000] [id=19976]
  0x0000020e7d3cd830 ConcurrentGCThread "G1 Refine#6" [stack: 0x0000005842c00000,0x0000005842d00000] [id=19888]
  0x0000020e7d3ccc70 ConcurrentGCThread "G1 Refine#7" [stack: 0x0000005842d00000,0x0000005842e00000] [id=10616]
  0x0000020e7d3caf10 ConcurrentGCThread "G1 Refine#8" [stack: 0x0000005842e00000,0x0000005842f00000] [id=22152]
  0x0000020e7c746b30 ConcurrentGCThread "G1 Service" [stack: 0x0000005839c00000,0x0000005839d00000] [id=21728]

Threads with active compile tasks:
C2 CompilerThread0    35017 26619       4       org.gradle.internal.snapshot.DirectorySnapshot$$Lambda$1303/0x0000000100f61c90::accept (16 bytes)
C2 CompilerThread1    35017 26634   !   4       org.gradle.internal.snapshot.FileSystemLeafSnapshot::accept (36 bytes)
C2 CompilerThread2    35017 26849       4       org.gradle.api.internal.artifacts.ivyservice.resolveengine.graph.selectors.SelectorStateResolverResults::selectorAcceptsCandidate (114 bytes)
C2 CompilerThread3    35017 26835       4       org.gradle.api.internal.attributes.DefaultImmutableAttributesFactory::concat (126 bytes)

VM state: not at safepoint (normal execution)

VM Mutex/Monitor currently owned by a thread: None

Heap address: 0x00000000a0000000, size: 1536 MB, Compressed Oops mode: 32-bit

CDS archive(s) not mapped
Compressed class space mapped at: 0x0000000100000000-0x0000000140000000, reserved size: 1073741824
Narrow klass base: 0x0000000000000000, Narrow klass shift: 3, Narrow klass range: 0x140000000

GC Precious Log:
 CPUs: 20 total, 20 available
 Memory: 16004M
 Large Page Support: Disabled
 NUMA Support: Disabled
 Compressed Oops: Enabled (32-bit)
 Heap Region Size: 1M
 Heap Min Capacity: 8M
 Heap Initial Capacity: 252M
 Heap Max Capacity: 1536M
 Pre-touch: Disabled
 Parallel Workers: 15
 Concurrent Workers: 4
 Concurrent Refinement Workers: 15
 Periodic GC: Disabled

Heap:
 garbage-first heap   total 442368K, used 365167K [0x00000000a0000000, 0x0000000100000000)
  region size 1024K, 61 young (62464K), 1 survivors (1024K)
 Metaspace       used 200954K, committed 202112K, reserved 1245184K
  class space    used 25754K, committed 26304K, reserved 1048576K

Heap Regions: E=young(eden), S=young(survivor), O=old, HS=humongous(starts), HC=humongous(continues), CS=collection set, F=free, OA=open archive, CA=closed archive, TAMS=top-at-mark-start (previous, next)
|   0|0x00000000a0000000, 0x00000000a0100000, 0x00000000a0100000|100%|HS|  |TAMS 0x00000000a0100000, 0x00000000a0000000| Complete 
|   1|0x00000000a0100000, 0x00000000a0200000, 0x00000000a0200000|100%|HC|  |TAMS 0x00000000a0200000, 0x00000000a0100000| Complete 
|   2|0x00000000a0200000, 0x00000000a0300000, 0x00000000a0300000|100%|HC|  |TAMS 0x00000000a0300000, 0x00000000a0200000| Complete 
|   3|0x00000000a0300000, 0x00000000a0400000, 0x00000000a0400000|100%|HC|  |TAMS 0x00000000a0400000, 0x00000000a0300000| Complete 
|   4|0x00000000a0400000, 0x00000000a0500000, 0x00000000a0500000|100%| O|  |TAMS 0x00000000a0500000, 0x00000000a0400000| Untracked 
|   5|0x00000000a0500000, 0x00000000a0600000, 0x00000000a0600000|100%| O|  |TAMS 0x00000000a0600000, 0x00000000a0500000| Untracked 
|   6|0x00000000a0600000, 0x00000000a0700000, 0x00000000a0700000|100%| O|  |TAMS 0x00000000a0700000, 0x00000000a0600000| Untracked 
|   7|0x00000000a0700000, 0x00000000a0800000, 0x00000000a0800000|100%| O|  |TAMS 0x00000000a0800000, 0x00000000a0700000| Untracked 
|   8|0x00000000a0800000, 0x00000000a0900000, 0x00000000a0900000|100%| O|  |TAMS 0x00000000a0900000, 0x00000000a0800000| Untracked 
|   9|0x00000000a0900000, 0x00000000a0a00000, 0x00000000a0a00000|100%| O|  |TAMS 0x00000000a0a00000, 0x00000000a0900000| Untracked 
|  10|0x00000000a0a00000, 0x00000000a0b00000, 0x00000000a0b00000|100%| O|  |TAMS 0x00000000a0b00000, 0x00000000a0a00000| Untracked 
|  11|0x00000000a0b00000, 0x00000000a0c00000, 0x00000000a0c00000|100%| O|  |TAMS 0x00000000a0c00000, 0x00000000a0b00000| Untracked 
|  12|0x00000000a0c00000, 0x00000000a0d00000, 0x00000000a0d00000|100%| O|  |TAMS 0x00000000a0d00000, 0x00000000a0c00000| Untracked 
|  13|0x00000000a0d00000, 0x00000000a0e00000, 0x00000000a0e00000|100%| O|  |TAMS 0x00000000a0e00000, 0x00000000a0d00000| Untracked 
|  14|0x00000000a0e00000, 0x00000000a0f00000, 0x00000000a0f00000|100%| O|  |TAMS 0x00000000a0f00000, 0x00000000a0e00000| Untracked 
|  15|0x00000000a0f00000, 0x00000000a1000000, 0x00000000a1000000|100%| O|  |TAMS 0x00000000a1000000, 0x00000000a0f00000| Untracked 
|  16|0x00000000a1000000, 0x00000000a1100000, 0x00000000a1100000|100%| O|  |TAMS 0x00000000a1100000, 0x00000000a1000000| Untracked 
|  17|0x00000000a1100000, 0x00000000a1200000, 0x00000000a1200000|100%| O|  |TAMS 0x00000000a1200000, 0x00000000a1100000| Untracked 
|  18|0x00000000a1200000, 0x00000000a1300000, 0x00000000a1300000|100%| O|  |TAMS 0x00000000a1300000, 0x00000000a1200000| Untracked 
|  19|0x00000000a1300000, 0x00000000a1400000, 0x00000000a1400000|100%| O|  |TAMS 0x00000000a1400000, 0x00000000a1300000| Untracked 
|  20|0x00000000a1400000, 0x00000000a1500000, 0x00000000a1500000|100%| O|  |TAMS 0x00000000a1500000, 0x00000000a1400000| Untracked 
|  21|0x00000000a1500000, 0x00000000a1600000, 0x00000000a1600000|100%| O|  |TAMS 0x00000000a1600000, 0x00000000a1500000| Untracked 
|  22|0x00000000a1600000, 0x00000000a1700000, 0x00000000a1700000|100%|HS|  |TAMS 0x00000000a1700000, 0x00000000a1600000| Complete 
|  23|0x00000000a1700000, 0x00000000a1800000, 0x00000000a1800000|100%|HC|  |TAMS 0x00000000a1800000, 0x00000000a1700000| Complete 
|  24|0x00000000a1800000, 0x00000000a1900000, 0x00000000a1900000|100%|HC|  |TAMS 0x00000000a1900000, 0x00000000a1800000| Complete 
|  25|0x00000000a1900000, 0x00000000a1a00000, 0x00000000a1a00000|100%|HC|  |TAMS 0x00000000a1a00000, 0x00000000a1900000| Complete 
|  26|0x00000000a1a00000, 0x00000000a1b00000, 0x00000000a1b00000|100%|HC|  |TAMS 0x00000000a1b00000, 0x00000000a1a00000| Complete 
|  27|0x00000000a1b00000, 0x00000000a1c00000, 0x00000000a1c00000|100%|HS|  |TAMS 0x00000000a1c00000, 0x00000000a1b00000| Complete 
|  28|0x00000000a1c00000, 0x00000000a1d00000, 0x00000000a1d00000|100%|HC|  |TAMS 0x00000000a1d00000, 0x00000000a1c00000| Complete 
|  29|0x00000000a1d00000, 0x00000000a1e00000, 0x00000000a1e00000|100%|HC|  |TAMS 0x00000000a1e00000, 0x00000000a1d00000| Complete 
|  30|0x00000000a1e00000, 0x00000000a1f00000, 0x00000000a1f00000|100%|HS|  |TAMS 0x00000000a1f00000, 0x00000000a1e00000| Complete 
|  31|0x00000000a1f00000, 0x00000000a2000000, 0x00000000a2000000|100%|HC|  |TAMS 0x00000000a2000000, 0x00000000a1f00000| Complete 
|  32|0x00000000a2000000, 0x00000000a2100000, 0x00000000a2100000|100%|HC|  |TAMS 0x00000000a2100000, 0x00000000a2000000| Complete 
|  33|0x00000000a2100000, 0x00000000a2200000, 0x00000000a2200000|100%| O|  |TAMS 0x00000000a2200000, 0x00000000a2100000| Untracked 
|  34|0x00000000a2200000, 0x00000000a2300000, 0x00000000a2300000|100%| O|  |TAMS 0x00000000a2300000, 0x00000000a2200000| Untracked 
|  35|0x00000000a2300000, 0x00000000a2400000, 0x00000000a2400000|100%| O|  |TAMS 0x00000000a2400000, 0x00000000a2300000| Untracked 
|  36|0x00000000a2400000, 0x00000000a2500000, 0x00000000a2500000|100%| O|  |TAMS 0x00000000a2500000, 0x00000000a2400000| Untracked 
|  37|0x00000000a2500000, 0x00000000a2600000, 0x00000000a2600000|100%|HS|  |TAMS 0x00000000a2600000, 0x00000000a2500000| Complete 
|  38|0x00000000a2600000, 0x00000000a2700000, 0x00000000a2700000|100%| O|  |TAMS 0x00000000a2700000, 0x00000000a2600000| Untracked 
|  39|0x00000000a2700000, 0x00000000a2800000, 0x00000000a2800000|100%| O|  |TAMS 0x00000000a2800000, 0x00000000a2700000| Untracked 
|  40|0x00000000a2800000, 0x00000000a2900000, 0x00000000a2900000|100%| O|  |TAMS 0x00000000a2900000, 0x00000000a2800000| Untracked 
|  41|0x00000000a2900000, 0x00000000a2a00000, 0x00000000a2a00000|100%| O|  |TAMS 0x00000000a2a00000, 0x00000000a2900000| Untracked 
|  42|0x00000000a2a00000, 0x00000000a2b00000, 0x00000000a2b00000|100%| O|  |TAMS 0x00000000a2b00000, 0x00000000a2a00000| Untracked 
|  43|0x00000000a2b00000, 0x00000000a2c00000, 0x00000000a2c00000|100%| O|  |TAMS 0x00000000a2c00000, 0x00000000a2b00000| Untracked 
|  44|0x00000000a2c00000, 0x00000000a2d00000, 0x00000000a2d00000|100%| O|  |TAMS 0x00000000a2d00000, 0x00000000a2c00000| Untracked 
|  45|0x00000000a2d00000, 0x00000000a2e00000, 0x00000000a2e00000|100%| O|  |TAMS 0x00000000a2e00000, 0x00000000a2d00000| Untracked 
|  46|0x00000000a2e00000, 0x00000000a2f00000, 0x00000000a2f00000|100%| O|  |TAMS 0x00000000a2f00000, 0x00000000a2e00000| Untracked 
|  47|0x00000000a2f00000, 0x00000000a3000000, 0x00000000a3000000|100%| O|  |TAMS 0x00000000a3000000, 0x00000000a2f00000| Untracked 
|  48|0x00000000a3000000, 0x00000000a3100000, 0x00000000a3100000|100%|HS|  |TAMS 0x00000000a3100000, 0x00000000a3000000| Complete 
|  49|0x00000000a3100000, 0x00000000a3200000, 0x00000000a3200000|100%|HC|  |TAMS 0x00000000a3200000, 0x00000000a3100000| Complete 
|  50|0x00000000a3200000, 0x00000000a3300000, 0x00000000a3300000|100%|HC|  |TAMS 0x00000000a3300000, 0x00000000a3200000| Complete 
|  51|0x00000000a3300000, 0x00000000a3400000, 0x00000000a3400000|100%| O|  |TAMS 0x00000000a3400000, 0x00000000a3300000| Untracked 
|  52|0x00000000a3400000, 0x00000000a3500000, 0x00000000a3500000|100%| O|  |TAMS 0x00000000a3500000, 0x00000000a3400000| Untracked 
|  53|0x00000000a3500000, 0x00000000a3600000, 0x00000000a3600000|100%| O|  |TAMS 0x00000000a3600000, 0x00000000a3500000| Untracked 
|  54|0x00000000a3600000, 0x00000000a3700000, 0x00000000a3700000|100%| O|  |TAMS 0x00000000a3700000, 0x00000000a3600000| Untracked 
|  55|0x00000000a3700000, 0x00000000a3800000, 0x00000000a3800000|100%|HS|  |TAMS 0x00000000a3800000, 0x00000000a3700000| Complete 
|  56|0x00000000a3800000, 0x00000000a3900000, 0x00000000a3900000|100%|HC|  |TAMS 0x00000000a3900000, 0x00000000a3800000| Complete 
|  57|0x00000000a3900000, 0x00000000a3a00000, 0x00000000a3a00000|100%|HC|  |TAMS 0x00000000a3a00000, 0x00000000a3900000| Complete 
|  58|0x00000000a3a00000, 0x00000000a3b00000, 0x00000000a3b00000|100%|HC|  |TAMS 0x00000000a3b00000, 0x00000000a3a00000| Complete 
|  59|0x00000000a3b00000, 0x00000000a3c00000, 0x00000000a3c00000|100%|HC|  |TAMS 0x00000000a3c00000, 0x00000000a3b00000| Complete 
|  60|0x00000000a3c00000, 0x00000000a3d00000, 0x00000000a3d00000|100%|HS|  |TAMS 0x00000000a3d00000, 0x00000000a3c00000| Complete 
|  61|0x00000000a3d00000, 0x00000000a3e00000, 0x00000000a3e00000|100%|HC|  |TAMS 0x00000000a3e00000, 0x00000000a3d00000| Complete 
|  62|0x00000000a3e00000, 0x00000000a3f00000, 0x00000000a3f00000|100%|HC|  |TAMS 0x00000000a3f00000, 0x00000000a3e00000| Complete 
|  63|0x00000000a3f00000, 0x00000000a4000000, 0x00000000a4000000|100%|HC|  |TAMS 0x00000000a4000000, 0x00000000a3f00000| Complete 
|  64|0x00000000a4000000, 0x00000000a4100000, 0x00000000a4100000|100%|HC|  |TAMS 0x00000000a4100000, 0x00000000a4000000| Complete 
|  65|0x00000000a4100000, 0x00000000a4200000, 0x00000000a4200000|100%| O|  |TAMS 0x00000000a4200000, 0x00000000a4100000| Untracked 
|  66|0x00000000a4200000, 0x00000000a4300000, 0x00000000a4300000|100%| O|  |TAMS 0x00000000a4300000, 0x00000000a4200000| Untracked 
|  67|0x00000000a4300000, 0x00000000a4400000, 0x00000000a4400000|100%|HS|  |TAMS 0x00000000a4300000, 0x00000000a4300000| Complete 
|  68|0x00000000a4400000, 0x00000000a4500000, 0x00000000a4500000|100%| O|  |TAMS 0x00000000a4500000, 0x00000000a4400000| Untracked 
|  69|0x00000000a4500000, 0x00000000a4600000, 0x00000000a4600000|100%| O|  |TAMS 0x00000000a4600000, 0x00000000a4500000| Untracked 
|  70|0x00000000a4600000, 0x00000000a4700000, 0x00000000a4700000|100%| O|  |TAMS 0x00000000a4700000, 0x00000000a4600000| Untracked 
|  71|0x00000000a4700000, 0x00000000a4800000, 0x00000000a4800000|100%| O|  |TAMS 0x00000000a4800000, 0x00000000a4700000| Untracked 
|  72|0x00000000a4800000, 0x00000000a4900000, 0x00000000a4900000|100%| O|  |TAMS 0x00000000a4900000, 0x00000000a4800000| Untracked 
|  73|0x00000000a4900000, 0x00000000a4a00000, 0x00000000a4a00000|100%| O|  |TAMS 0x00000000a4a00000, 0x00000000a4900000| Untracked 
|  74|0x00000000a4a00000, 0x00000000a4b00000, 0x00000000a4b00000|100%| O|  |TAMS 0x00000000a4b00000, 0x00000000a4a00000| Untracked 
|  75|0x00000000a4b00000, 0x00000000a4c00000, 0x00000000a4c00000|100%| O|  |TAMS 0x00000000a4c00000, 0x00000000a4b00000| Untracked 
|  76|0x00000000a4c00000, 0x00000000a4d00000, 0x00000000a4d00000|100%| O|  |TAMS 0x00000000a4d00000, 0x00000000a4c00000| Untracked 
|  77|0x00000000a4d00000, 0x00000000a4e00000, 0x00000000a4e00000|100%| O|  |TAMS 0x00000000a4e00000, 0x00000000a4d00000| Untracked 
|  78|0x00000000a4e00000, 0x00000000a4f00000, 0x00000000a4f00000|100%| O|  |TAMS 0x00000000a4f00000, 0x00000000a4e00000| Untracked 
|  79|0x00000000a4f00000, 0x00000000a5000000, 0x00000000a5000000|100%| O|  |TAMS 0x00000000a5000000, 0x00000000a4f00000| Untracked 
|  80|0x00000000a5000000, 0x00000000a5100000, 0x00000000a5100000|100%| O|  |TAMS 0x00000000a5100000, 0x00000000a5000000| Untracked 
|  81|0x00000000a5100000, 0x00000000a5200000, 0x00000000a5200000|100%| O|  |TAMS 0x00000000a5200000, 0x00000000a5100000| Untracked 
|  82|0x00000000a5200000, 0x00000000a5300000, 0x00000000a5300000|100%| O|  |TAMS 0x00000000a5300000, 0x00000000a5200000| Untracked 
|  83|0x00000000a5300000, 0x00000000a5400000, 0x00000000a5400000|100%| O|  |TAMS 0x00000000a5400000, 0x00000000a5300000| Untracked 
|  84|0x00000000a5400000, 0x00000000a5500000, 0x00000000a5500000|100%| O|  |TAMS 0x00000000a5500000, 0x00000000a5400000| Untracked 
|  85|0x00000000a5500000, 0x00000000a5600000, 0x00000000a5600000|100%| O|  |TAMS 0x00000000a5600000, 0x00000000a5500000| Untracked 
|  86|0x00000000a5600000, 0x00000000a5700000, 0x00000000a5700000|100%| O|  |TAMS 0x00000000a5600000, 0x00000000a5600000| Untracked 
|  87|0x00000000a5700000, 0x00000000a5800000, 0x00000000a5800000|100%| O|  |TAMS 0x00000000a5700000, 0x00000000a5700000| Untracked 
|  88|0x00000000a5800000, 0x00000000a5900000, 0x00000000a5900000|100%| O|  |TAMS 0x00000000a5800000, 0x00000000a5800000| Untracked 
|  89|0x00000000a5900000, 0x00000000a5a00000, 0x00000000a5a00000|100%| O|  |TAMS 0x00000000a5900000, 0x00000000a5900000| Untracked 
|  90|0x00000000a5a00000, 0x00000000a5b00000, 0x00000000a5b00000|100%| O|  |TAMS 0x00000000a5a00000, 0x00000000a5a00000| Untracked 
|  91|0x00000000a5b00000, 0x00000000a5c00000, 0x00000000a5c00000|100%| O|  |TAMS 0x00000000a5b00000, 0x00000000a5b00000| Untracked 
|  92|0x00000000a5c00000, 0x00000000a5d00000, 0x00000000a5d00000|100%| O|  |TAMS 0x00000000a5d00000, 0x00000000a5c00000| Untracked 
|  93|0x00000000a5d00000, 0x00000000a5e00000, 0x00000000a5e00000|100%| O|  |TAMS 0x00000000a5e00000, 0x00000000a5d00000| Untracked 
|  94|0x00000000a5e00000, 0x00000000a5f00000, 0x00000000a5f00000|100%| O|  |TAMS 0x00000000a5f00000, 0x00000000a5e00000| Untracked 
|  95|0x00000000a5f00000, 0x00000000a6000000, 0x00000000a6000000|100%| O|  |TAMS 0x00000000a6000000, 0x00000000a5f00000| Untracked 
|  96|0x00000000a6000000, 0x00000000a6100000, 0x00000000a6100000|100%| O|  |TAMS 0x00000000a6100000, 0x00000000a6000000| Untracked 
|  97|0x00000000a6100000, 0x00000000a6200000, 0x00000000a6200000|100%| O|  |TAMS 0x00000000a6200000, 0x00000000a6100000| Untracked 
|  98|0x00000000a6200000, 0x00000000a6300000, 0x00000000a6300000|100%| O|  |TAMS 0x00000000a6300000, 0x00000000a6200000| Untracked 
|  99|0x00000000a6300000, 0x00000000a6400000, 0x00000000a6400000|100%| O|  |TAMS 0x00000000a6400000, 0x00000000a6300000| Untracked 
| 100|0x00000000a6400000, 0x00000000a6500000, 0x00000000a6500000|100%| O|  |TAMS 0x00000000a6500000, 0x00000000a6400000| Untracked 
| 101|0x00000000a6500000, 0x00000000a6600000, 0x00000000a6600000|100%|HS|  |TAMS 0x00000000a6600000, 0x00000000a6500000| Complete 
| 102|0x00000000a6600000, 0x00000000a6700000, 0x00000000a6700000|100%|HS|  |TAMS 0x00000000a6700000, 0x00000000a6600000| Complete 
| 103|0x00000000a6700000, 0x00000000a6800000, 0x00000000a6800000|100%| O|  |TAMS 0x00000000a6797a00, 0x00000000a6700000| Untracked 
| 104|0x00000000a6800000, 0x00000000a6900000, 0x00000000a6900000|100%|HS|  |TAMS 0x00000000a6900000, 0x00000000a6800000| Complete 
| 105|0x00000000a6900000, 0x00000000a6a00000, 0x00000000a6a00000|100%| O|  |TAMS 0x00000000a6a00000, 0x00000000a6900000| Untracked 
| 106|0x00000000a6a00000, 0x00000000a6b00000, 0x00000000a6b00000|100%| O|  |TAMS 0x00000000a6b00000, 0x00000000a6a00000| Untracked 
| 107|0x00000000a6b00000, 0x00000000a6c00000, 0x00000000a6c00000|100%| O|  |TAMS 0x00000000a6c00000, 0x00000000a6b00000| Untracked 
| 108|0x00000000a6c00000, 0x00000000a6d00000, 0x00000000a6d00000|100%| O|  |TAMS 0x00000000a6d00000, 0x00000000a6c00000| Untracked 
| 109|0x00000000a6d00000, 0x00000000a6e00000, 0x00000000a6e00000|100%| O|  |TAMS 0x00000000a6e00000, 0x00000000a6d00000| Untracked 
| 110|0x00000000a6e00000, 0x00000000a6f00000, 0x00000000a6f00000|100%| O|  |TAMS 0x00000000a6e00000, 0x00000000a6e00000| Untracked 
| 111|0x00000000a6f00000, 0x00000000a7000000, 0x00000000a7000000|100%| O|  |TAMS 0x00000000a6f00000, 0x00000000a6f00000| Untracked 
| 112|0x00000000a7000000, 0x00000000a7100000, 0x00000000a7100000|100%| O|  |TAMS 0x00000000a7000000, 0x00000000a7000000| Untracked 
| 113|0x00000000a7100000, 0x00000000a7200000, 0x00000000a7200000|100%| O|  |TAMS 0x00000000a7200000, 0x00000000a7100000| Untracked 
| 114|0x00000000a7200000, 0x00000000a7300000, 0x00000000a7300000|100%| O|  |TAMS 0x00000000a7200000, 0x00000000a7200000| Untracked 
| 115|0x00000000a7300000, 0x00000000a7400000, 0x00000000a7400000|100%| O|  |TAMS 0x00000000a7400000, 0x00000000a7300000| Untracked 
| 116|0x00000000a7400000, 0x00000000a7500000, 0x00000000a7500000|100%| O|  |TAMS 0x00000000a7500000, 0x00000000a7400000| Untracked 
| 117|0x00000000a7500000, 0x00000000a7600000, 0x00000000a7600000|100%| O|  |TAMS 0x00000000a7600000, 0x00000000a7500000| Untracked 
| 118|0x00000000a7600000, 0x00000000a7700000, 0x00000000a7700000|100%| O|  |TAMS 0x00000000a7700000, 0x00000000a7600000| Untracked 
| 119|0x00000000a7700000, 0x00000000a7800000, 0x00000000a7800000|100%| O|  |TAMS 0x00000000a7800000, 0x00000000a7700000| Untracked 
| 120|0x00000000a7800000, 0x00000000a7900000, 0x00000000a7900000|100%| O|  |TAMS 0x00000000a7900000, 0x00000000a7800000| Untracked 
| 121|0x00000000a7900000, 0x00000000a7a00000, 0x00000000a7a00000|100%| O|  |TAMS 0x00000000a7a00000, 0x00000000a7900000| Untracked 
| 122|0x00000000a7a00000, 0x00000000a7b00000, 0x00000000a7b00000|100%|HS|  |TAMS 0x00000000a7b00000, 0x00000000a7a00000| Complete 
| 123|0x00000000a7b00000, 0x00000000a7c00000, 0x00000000a7c00000|100%|HC|  |TAMS 0x00000000a7c00000, 0x00000000a7b00000| Complete 
| 124|0x00000000a7c00000, 0x00000000a7d00000, 0x00000000a7d00000|100%|HS|  |TAMS 0x00000000a7d00000, 0x00000000a7c00000| Complete 
| 125|0x00000000a7d00000, 0x00000000a7e00000, 0x00000000a7e00000|100%|HC|  |TAMS 0x00000000a7e00000, 0x00000000a7d00000| Complete 
| 126|0x00000000a7e00000, 0x00000000a7f00000, 0x00000000a7f00000|100%|HS|  |TAMS 0x00000000a7f00000, 0x00000000a7e00000| Complete 
| 127|0x00000000a7f00000, 0x00000000a8000000, 0x00000000a8000000|100%|HC|  |TAMS 0x00000000a8000000, 0x00000000a7f00000| Complete 
| 128|0x00000000a8000000, 0x00000000a8100000, 0x00000000a8100000|100%|HC|  |TAMS 0x00000000a8100000, 0x00000000a8000000| Complete 
| 129|0x00000000a8100000, 0x00000000a8200000, 0x00000000a8200000|100%|HC|  |TAMS 0x00000000a8200000, 0x00000000a8100000| Complete 
| 130|0x00000000a8200000, 0x00000000a8300000, 0x00000000a8300000|100%|HS|  |TAMS 0x00000000a8300000, 0x00000000a8200000| Complete 
| 131|0x00000000a8300000, 0x00000000a8400000, 0x00000000a8400000|100%| O|  |TAMS 0x00000000a8300000, 0x00000000a8300000| Untracked 
| 132|0x00000000a8400000, 0x00000000a8500000, 0x00000000a8500000|100%|HS|  |TAMS 0x00000000a8500000, 0x00000000a8400000| Complete 
| 133|0x00000000a8500000, 0x00000000a8600000, 0x00000000a8600000|100%|HS|  |TAMS 0x00000000a8600000, 0x00000000a8500000| Complete 
| 134|0x00000000a8600000, 0x00000000a8700000, 0x00000000a8700000|100%|HS|  |TAMS 0x00000000a8600000, 0x00000000a8600000| Complete 
| 135|0x00000000a8700000, 0x00000000a8800000, 0x00000000a8800000|100%|HC|  |TAMS 0x00000000a8700000, 0x00000000a8700000| Complete 
| 136|0x00000000a8800000, 0x00000000a8900000, 0x00000000a8900000|100%|HC|  |TAMS 0x00000000a8800000, 0x00000000a8800000| Complete 
| 137|0x00000000a8900000, 0x00000000a8a00000, 0x00000000a8a00000|100%|HC|  |TAMS 0x00000000a8900000, 0x00000000a8900000| Complete 
| 138|0x00000000a8a00000, 0x00000000a8b00000, 0x00000000a8b00000|100%|HS|  |TAMS 0x00000000a8b00000, 0x00000000a8a00000| Complete 
| 139|0x00000000a8b00000, 0x00000000a8c00000, 0x00000000a8c00000|100%| O|  |TAMS 0x00000000a8b00000, 0x00000000a8b00000| Untracked 
| 140|0x00000000a8c00000, 0x00000000a8d00000, 0x00000000a8d00000|100%| O|  |TAMS 0x00000000a8c00000, 0x00000000a8c00000| Untracked 
| 141|0x00000000a8d00000, 0x00000000a8e00000, 0x00000000a8e00000|100%| O|  |TAMS 0x00000000a8d00000, 0x00000000a8d00000| Untracked 
| 142|0x00000000a8e00000, 0x00000000a8f00000, 0x00000000a8f00000|100%| O|  |TAMS 0x00000000a8e00000, 0x00000000a8e00000| Untracked 
| 143|0x00000000a8f00000, 0x00000000a9000000, 0x00000000a9000000|100%| O|  |TAMS 0x00000000a8f00000, 0x00000000a8f00000| Untracked 
| 144|0x00000000a9000000, 0x00000000a9100000, 0x00000000a9100000|100%| O|  |TAMS 0x00000000a9000000, 0x00000000a9000000| Untracked 
| 145|0x00000000a9100000, 0x00000000a9200000, 0x00000000a9200000|100%| O|  |TAMS 0x00000000a9100000, 0x00000000a9100000| Untracked 
| 146|0x00000000a9200000, 0x00000000a9300000, 0x00000000a9300000|100%| O|  |TAMS 0x00000000a9200000, 0x00000000a9200000| Untracked 
| 147|0x00000000a9300000, 0x00000000a9400000, 0x00000000a9400000|100%| O|  |TAMS 0x00000000a9300000, 0x00000000a9300000| Untracked 
| 148|0x00000000a9400000, 0x00000000a9500000, 0x00000000a9500000|100%| O|  |TAMS 0x00000000a9400000, 0x00000000a9400000| Untracked 
| 149|0x00000000a9500000, 0x00000000a9600000, 0x00000000a9600000|100%| O|  |TAMS 0x00000000a9500000, 0x00000000a9500000| Untracked 
| 150|0x00000000a9600000, 0x00000000a9700000, 0x00000000a9700000|100%| O|  |TAMS 0x00000000a9600000, 0x00000000a9600000| Untracked 
| 151|0x00000000a9700000, 0x00000000a9800000, 0x00000000a9800000|100%| O|  |TAMS 0x00000000a9700000, 0x00000000a9700000| Untracked 
| 152|0x00000000a9800000, 0x00000000a9900000, 0x00000000a9900000|100%| O|  |TAMS 0x00000000a9800000, 0x00000000a9800000| Untracked 
| 153|0x00000000a9900000, 0x00000000a9a00000, 0x00000000a9a00000|100%| O|  |TAMS 0x00000000a9900000, 0x00000000a9900000| Untracked 
| 154|0x00000000a9a00000, 0x00000000a9b00000, 0x00000000a9b00000|100%| O|  |TAMS 0x00000000a9a00000, 0x00000000a9a00000| Untracked 
| 155|0x00000000a9b00000, 0x00000000a9c00000, 0x00000000a9c00000|100%| O|  |TAMS 0x00000000a9b00000, 0x00000000a9b00000| Untracked 
| 156|0x00000000a9c00000, 0x00000000a9d00000, 0x00000000a9d00000|100%| O|  |TAMS 0x00000000a9c00000, 0x00000000a9c00000| Untracked 
| 157|0x00000000a9d00000, 0x00000000a9e00000, 0x00000000a9e00000|100%| O|  |TAMS 0x00000000a9d00000, 0x00000000a9d00000| Untracked 
| 158|0x00000000a9e00000, 0x00000000a9f00000, 0x00000000a9f00000|100%| O|  |TAMS 0x00000000a9e00000, 0x00000000a9e00000| Untracked 
| 159|0x00000000a9f00000, 0x00000000aa000000, 0x00000000aa000000|100%| O|  |TAMS 0x00000000a9f00000, 0x00000000a9f00000| Untracked 
| 160|0x00000000aa000000, 0x00000000aa100000, 0x00000000aa100000|100%| O|  |TAMS 0x00000000aa000000, 0x00000000aa000000| Untracked 
| 161|0x00000000aa100000, 0x00000000aa200000, 0x00000000aa200000|100%| O|  |TAMS 0x00000000aa100000, 0x00000000aa100000| Untracked 
| 162|0x00000000aa200000, 0x00000000aa300000, 0x00000000aa300000|100%| O|  |TAMS 0x00000000aa200000, 0x00000000aa200000| Untracked 
| 163|0x00000000aa300000, 0x00000000aa400000, 0x00000000aa400000|100%| O|  |TAMS 0x00000000aa300000, 0x00000000aa300000| Untracked 
| 164|0x00000000aa400000, 0x00000000aa500000, 0x00000000aa500000|100%| O|  |TAMS 0x00000000aa400000, 0x00000000aa400000| Untracked 
| 165|0x00000000aa500000, 0x00000000aa600000, 0x00000000aa600000|100%| O|  |TAMS 0x00000000aa500000, 0x00000000aa500000| Untracked 
| 166|0x00000000aa600000, 0x00000000aa700000, 0x00000000aa700000|100%| O|  |TAMS 0x00000000aa600000, 0x00000000aa600000| Untracked 
| 167|0x00000000aa700000, 0x00000000aa800000, 0x00000000aa800000|100%| O|  |TAMS 0x00000000aa700000, 0x00000000aa700000| Untracked 
| 168|0x00000000aa800000, 0x00000000aa900000, 0x00000000aa900000|100%| O|  |TAMS 0x00000000aa800000, 0x00000000aa800000| Untracked 
| 169|0x00000000aa900000, 0x00000000aaa00000, 0x00000000aaa00000|100%| O|  |TAMS 0x00000000aa900000, 0x00000000aa900000| Untracked 
| 170|0x00000000aaa00000, 0x00000000aab00000, 0x00000000aab00000|100%| O|  |TAMS 0x00000000aaa00000, 0x00000000aaa00000| Untracked 
| 171|0x00000000aab00000, 0x00000000aac00000, 0x00000000aac00000|100%| O|  |TAMS 0x00000000aab00000, 0x00000000aab00000| Untracked 
| 172|0x00000000aac00000, 0x00000000aad00000, 0x00000000aad00000|100%| O|  |TAMS 0x00000000aac00000, 0x00000000aac00000| Untracked 
| 173|0x00000000aad00000, 0x00000000aae00000, 0x00000000aae00000|100%| O|  |TAMS 0x00000000aad00000, 0x00000000aad00000| Untracked 
| 174|0x00000000aae00000, 0x00000000aaf00000, 0x00000000aaf00000|100%| O|  |TAMS 0x00000000aae00000, 0x00000000aae00000| Untracked 
| 175|0x00000000aaf00000, 0x00000000ab000000, 0x00000000ab000000|100%| O|  |TAMS 0x00000000aaf00000, 0x00000000aaf00000| Untracked 
| 176|0x00000000ab000000, 0x00000000ab100000, 0x00000000ab100000|100%| O|  |TAMS 0x00000000ab000000, 0x00000000ab000000| Untracked 
| 177|0x00000000ab100000, 0x00000000ab200000, 0x00000000ab200000|100%| O|  |TAMS 0x00000000ab100000, 0x00000000ab100000| Untracked 
| 178|0x00000000ab200000, 0x00000000ab300000, 0x00000000ab300000|100%| O|  |TAMS 0x00000000ab200000, 0x00000000ab200000| Untracked 
| 179|0x00000000ab300000, 0x00000000ab400000, 0x00000000ab400000|100%| O|  |TAMS 0x00000000ab300000, 0x00000000ab300000| Untracked 
| 180|0x00000000ab400000, 0x00000000ab500000, 0x00000000ab500000|100%| O|  |TAMS 0x00000000ab400000, 0x00000000ab400000| Untracked 
| 181|0x00000000ab500000, 0x00000000ab600000, 0x00000000ab600000|100%| O|  |TAMS 0x00000000ab500000, 0x00000000ab500000| Untracked 
| 182|0x00000000ab600000, 0x00000000ab700000, 0x00000000ab700000|100%| O|  |TAMS 0x00000000ab600000, 0x00000000ab600000| Untracked 
| 183|0x00000000ab700000, 0x00000000ab800000, 0x00000000ab800000|100%| O|  |TAMS 0x00000000ab700000, 0x00000000ab700000| Untracked 
| 184|0x00000000ab800000, 0x00000000ab900000, 0x00000000ab900000|100%| O|  |TAMS 0x00000000ab800000, 0x00000000ab800000| Untracked 
| 185|0x00000000ab900000, 0x00000000aba00000, 0x00000000aba00000|100%| O|  |TAMS 0x00000000ab900000, 0x00000000ab900000| Untracked 
| 186|0x00000000aba00000, 0x00000000abb00000, 0x00000000abb00000|100%| O|  |TAMS 0x00000000aba00000, 0x00000000aba00000| Untracked 
| 187|0x00000000abb00000, 0x00000000abc00000, 0x00000000abc00000|100%| O|  |TAMS 0x00000000abb00000, 0x00000000abb00000| Untracked 
| 188|0x00000000abc00000, 0x00000000abd00000, 0x00000000abd00000|100%| O|  |TAMS 0x00000000abc00000, 0x00000000abc00000| Untracked 
| 189|0x00000000abd00000, 0x00000000abe00000, 0x00000000abe00000|100%| O|  |TAMS 0x00000000abd00000, 0x00000000abd00000| Untracked 
| 190|0x00000000abe00000, 0x00000000abf00000, 0x00000000abf00000|100%| O|  |TAMS 0x00000000abe00000, 0x00000000abe00000| Untracked 
| 191|0x00000000abf00000, 0x00000000ac000000, 0x00000000ac000000|100%| O|  |TAMS 0x00000000abf00000, 0x00000000abf00000| Untracked 
| 192|0x00000000ac000000, 0x00000000ac100000, 0x00000000ac100000|100%| O|  |TAMS 0x00000000ac000000, 0x00000000ac000000| Untracked 
| 193|0x00000000ac100000, 0x00000000ac200000, 0x00000000ac200000|100%| O|  |TAMS 0x00000000ac100000, 0x00000000ac100000| Untracked 
| 194|0x00000000ac200000, 0x00000000ac300000, 0x00000000ac300000|100%| O|  |TAMS 0x00000000ac200000, 0x00000000ac200000| Untracked 
| 195|0x00000000ac300000, 0x00000000ac400000, 0x00000000ac400000|100%| O|  |TAMS 0x00000000ac300000, 0x00000000ac300000| Untracked 
| 196|0x00000000ac400000, 0x00000000ac500000, 0x00000000ac500000|100%| O|  |TAMS 0x00000000ac400000, 0x00000000ac400000| Untracked 
| 197|0x00000000ac500000, 0x00000000ac600000, 0x00000000ac600000|100%| O|  |TAMS 0x00000000ac500000, 0x00000000ac500000| Untracked 
| 198|0x00000000ac600000, 0x00000000ac700000, 0x00000000ac700000|100%| O|  |TAMS 0x00000000ac600000, 0x00000000ac600000| Untracked 
| 199|0x00000000ac700000, 0x00000000ac800000, 0x00000000ac800000|100%| O|  |TAMS 0x00000000ac700000, 0x00000000ac700000| Untracked 
| 200|0x00000000ac800000, 0x00000000ac900000, 0x00000000ac900000|100%| O|  |TAMS 0x00000000ac800000, 0x00000000ac800000| Untracked 
| 201|0x00000000ac900000, 0x00000000aca00000, 0x00000000aca00000|100%| O|  |TAMS 0x00000000ac900000, 0x00000000ac900000| Untracked 
| 202|0x00000000aca00000, 0x00000000acb00000, 0x00000000acb00000|100%| O|  |TAMS 0x00000000aca00000, 0x00000000aca00000| Untracked 
| 203|0x00000000acb00000, 0x00000000acc00000, 0x00000000acc00000|100%| O|  |TAMS 0x00000000acb00000, 0x00000000acb00000| Untracked 
| 204|0x00000000acc00000, 0x00000000acd00000, 0x00000000acd00000|100%| O|  |TAMS 0x00000000acc00000, 0x00000000acc00000| Untracked 
| 205|0x00000000acd00000, 0x00000000ace00000, 0x00000000ace00000|100%| O|  |TAMS 0x00000000acd00000, 0x00000000acd00000| Untracked 
| 206|0x00000000ace00000, 0x00000000acf00000, 0x00000000acf00000|100%| O|  |TAMS 0x00000000ace00000, 0x00000000ace00000| Untracked 
| 207|0x00000000acf00000, 0x00000000ad000000, 0x00000000ad000000|100%| O|  |TAMS 0x00000000acf00000, 0x00000000acf00000| Untracked 
| 208|0x00000000ad000000, 0x00000000ad100000, 0x00000000ad100000|100%| O|  |TAMS 0x00000000ad000000, 0x00000000ad000000| Untracked 
| 209|0x00000000ad100000, 0x00000000ad200000, 0x00000000ad200000|100%| O|  |TAMS 0x00000000ad100000, 0x00000000ad100000| Untracked 
| 210|0x00000000ad200000, 0x00000000ad300000, 0x00000000ad300000|100%| O|  |TAMS 0x00000000ad200000, 0x00000000ad200000| Untracked 
| 211|0x00000000ad300000, 0x00000000ad400000, 0x00000000ad400000|100%| O|  |TAMS 0x00000000ad300000, 0x00000000ad300000| Untracked 
| 212|0x00000000ad400000, 0x00000000ad500000, 0x00000000ad500000|100%| O|  |TAMS 0x00000000ad400000, 0x00000000ad400000| Untracked 
| 213|0x00000000ad500000, 0x00000000ad600000, 0x00000000ad600000|100%| O|  |TAMS 0x00000000ad500000, 0x00000000ad500000| Untracked 
| 214|0x00000000ad600000, 0x00000000ad700000, 0x00000000ad700000|100%| O|  |TAMS 0x00000000ad600000, 0x00000000ad600000| Untracked 
| 215|0x00000000ad700000, 0x00000000ad800000, 0x00000000ad800000|100%|HS|  |TAMS 0x00000000ad700000, 0x00000000ad700000| Complete 
| 216|0x00000000ad800000, 0x00000000ad900000, 0x00000000ad900000|100%|HC|  |TAMS 0x00000000ad800000, 0x00000000ad800000| Complete 
| 217|0x00000000ad900000, 0x00000000ada00000, 0x00000000ada00000|100%|HC|  |TAMS 0x00000000ad900000, 0x00000000ad900000| Complete 
| 218|0x00000000ada00000, 0x00000000adb00000, 0x00000000adb00000|100%|HC|  |TAMS 0x00000000ada00000, 0x00000000ada00000| Complete 
| 219|0x00000000adb00000, 0x00000000adc00000, 0x00000000adc00000|100%|HC|  |TAMS 0x00000000adb00000, 0x00000000adb00000| Complete 
| 220|0x00000000adc00000, 0x00000000add00000, 0x00000000add00000|100%|HS|  |TAMS 0x00000000adc00000, 0x00000000adc00000| Complete 
| 221|0x00000000add00000, 0x00000000ade00000, 0x00000000ade00000|100%|HC|  |TAMS 0x00000000add00000, 0x00000000add00000| Complete 
| 222|0x00000000ade00000, 0x00000000adf00000, 0x00000000adf00000|100%|HC|  |TAMS 0x00000000ade00000, 0x00000000ade00000| Complete 
| 223|0x00000000adf00000, 0x00000000ae000000, 0x00000000ae000000|100%|HS|  |TAMS 0x00000000adf00000, 0x00000000adf00000| Complete 
| 224|0x00000000ae000000, 0x00000000ae100000, 0x00000000ae100000|100%|HC|  |TAMS 0x00000000ae000000, 0x00000000ae000000| Complete 
| 225|0x00000000ae100000, 0x00000000ae200000, 0x00000000ae200000|100%|HC|  |TAMS 0x00000000ae100000, 0x00000000ae100000| Complete 
| 226|0x00000000ae200000, 0x00000000ae300000, 0x00000000ae300000|100%|HS|  |TAMS 0x00000000ae200000, 0x00000000ae200000| Complete 
| 227|0x00000000ae300000, 0x00000000ae400000, 0x00000000ae400000|100%| O|  |TAMS 0x00000000ae300000, 0x00000000ae300000| Untracked 
| 228|0x00000000ae400000, 0x00000000ae500000, 0x00000000ae500000|100%| O|  |TAMS 0x00000000ae400000, 0x00000000ae400000| Untracked 
| 229|0x00000000ae500000, 0x00000000ae600000, 0x00000000ae600000|100%| O|  |TAMS 0x00000000ae500000, 0x00000000ae500000| Untracked 
| 230|0x00000000ae600000, 0x00000000ae700000, 0x00000000ae700000|100%| O|  |TAMS 0x00000000ae600000, 0x00000000ae600000| Untracked 
| 231|0x00000000ae700000, 0x00000000ae800000, 0x00000000ae800000|100%| O|  |TAMS 0x00000000ae700000, 0x00000000ae700000| Untracked 
| 232|0x00000000ae800000, 0x00000000ae900000, 0x00000000ae900000|100%| O|  |TAMS 0x00000000ae800000, 0x00000000ae800000| Untracked 
| 233|0x00000000ae900000, 0x00000000aea00000, 0x00000000aea00000|100%| O|  |TAMS 0x00000000ae900000, 0x00000000ae900000| Untracked 
| 234|0x00000000aea00000, 0x00000000aeb00000, 0x00000000aeb00000|100%| O|  |TAMS 0x00000000aea00000, 0x00000000aea00000| Untracked 
| 235|0x00000000aeb00000, 0x00000000aec00000, 0x00000000aec00000|100%| O|  |TAMS 0x00000000aeb00000, 0x00000000aeb00000| Untracked 
| 236|0x00000000aec00000, 0x00000000aed00000, 0x00000000aed00000|100%| O|  |TAMS 0x00000000aec00000, 0x00000000aec00000| Untracked 
| 237|0x00000000aed00000, 0x00000000aee00000, 0x00000000aee00000|100%|HS|  |TAMS 0x00000000aed00000, 0x00000000aed00000| Complete 
| 238|0x00000000aee00000, 0x00000000aef00000, 0x00000000aef00000|100%|HC|  |TAMS 0x00000000aee00000, 0x00000000aee00000| Complete 
| 239|0x00000000aef00000, 0x00000000af000000, 0x00000000af000000|100%|HC|  |TAMS 0x00000000aef00000, 0x00000000aef00000| Complete 
| 240|0x00000000af000000, 0x00000000af100000, 0x00000000af100000|100%| O|  |TAMS 0x00000000af000000, 0x00000000af000000| Untracked 
| 241|0x00000000af100000, 0x00000000af200000, 0x00000000af200000|100%| O|  |TAMS 0x00000000af100000, 0x00000000af100000| Untracked 
| 242|0x00000000af200000, 0x00000000af300000, 0x00000000af300000|100%| O|  |TAMS 0x00000000af200000, 0x00000000af200000| Untracked 
| 243|0x00000000af300000, 0x00000000af400000, 0x00000000af400000|100%| O|  |TAMS 0x00000000af300000, 0x00000000af300000| Untracked 
| 244|0x00000000af400000, 0x00000000af500000, 0x00000000af500000|100%| O|  |TAMS 0x00000000af400000, 0x00000000af400000| Untracked 
| 245|0x00000000af500000, 0x00000000af600000, 0x00000000af600000|100%| O|  |TAMS 0x00000000af500000, 0x00000000af500000| Untracked 
| 246|0x00000000af600000, 0x00000000af700000, 0x00000000af700000|100%| O|  |TAMS 0x00000000af600000, 0x00000000af600000| Untracked 
| 247|0x00000000af700000, 0x00000000af800000, 0x00000000af800000|100%| O|  |TAMS 0x00000000af700000, 0x00000000af700000| Untracked 
| 248|0x00000000af800000, 0x00000000af900000, 0x00000000af900000|100%| O|  |TAMS 0x00000000af800000, 0x00000000af800000| Untracked 
| 249|0x00000000af900000, 0x00000000afa00000, 0x00000000afa00000|100%| O|  |TAMS 0x00000000af900000, 0x00000000af900000| Untracked 
| 250|0x00000000afa00000, 0x00000000afb00000, 0x00000000afb00000|100%| O|  |TAMS 0x00000000afa00000, 0x00000000afa00000| Untracked 
| 251|0x00000000afb00000, 0x00000000afc00000, 0x00000000afc00000|100%| O|  |TAMS 0x00000000afb00000, 0x00000000afb00000| Untracked 
| 252|0x00000000afc00000, 0x00000000afd00000, 0x00000000afd00000|100%| O|  |TAMS 0x00000000afc00000, 0x00000000afc00000| Untracked 
| 253|0x00000000afd00000, 0x00000000afe00000, 0x00000000afe00000|100%| O|  |TAMS 0x00000000afd00000, 0x00000000afd00000| Untracked 
| 254|0x00000000afe00000, 0x00000000aff00000, 0x00000000aff00000|100%| O|  |TAMS 0x00000000afe00000, 0x00000000afe00000| Untracked 
| 255|0x00000000aff00000, 0x00000000b0000000, 0x00000000b0000000|100%| O|  |TAMS 0x00000000aff00000, 0x00000000aff00000| Untracked 
| 256|0x00000000b0000000, 0x00000000b0100000, 0x00000000b0100000|100%| O|  |TAMS 0x00000000b0000000, 0x00000000b0000000| Untracked 
| 257|0x00000000b0100000, 0x00000000b0200000, 0x00000000b0200000|100%| O|  |TAMS 0x00000000b0100000, 0x00000000b0100000| Untracked 
| 258|0x00000000b0200000, 0x00000000b0300000, 0x00000000b0300000|100%| O|  |TAMS 0x00000000b0200000, 0x00000000b0200000| Untracked 
| 259|0x00000000b0300000, 0x00000000b0400000, 0x00000000b0400000|100%| O|  |TAMS 0x00000000b0300000, 0x00000000b0300000| Untracked 
| 260|0x00000000b0400000, 0x00000000b0500000, 0x00000000b0500000|100%| O|  |TAMS 0x00000000b0400000, 0x00000000b0400000| Untracked 
| 261|0x00000000b0500000, 0x00000000b0600000, 0x00000000b0600000|100%| O|  |TAMS 0x00000000b0500000, 0x00000000b0500000| Untracked 
| 262|0x00000000b0600000, 0x00000000b0700000, 0x00000000b0700000|100%| O|  |TAMS 0x00000000b0600000, 0x00000000b0600000| Untracked 
| 263|0x00000000b0700000, 0x00000000b0800000, 0x00000000b0800000|100%| O|  |TAMS 0x00000000b0700000, 0x00000000b0700000| Untracked 
| 264|0x00000000b0800000, 0x00000000b0900000, 0x00000000b0900000|100%| O|  |TAMS 0x00000000b0800000, 0x00000000b0800000| Untracked 
| 265|0x00000000b0900000, 0x00000000b0a00000, 0x00000000b0a00000|100%| O|  |TAMS 0x00000000b0900000, 0x00000000b0900000| Untracked 
| 266|0x00000000b0a00000, 0x00000000b0b00000, 0x00000000b0b00000|100%| O|  |TAMS 0x00000000b0a00000, 0x00000000b0a00000| Untracked 
| 267|0x00000000b0b00000, 0x00000000b0c00000, 0x00000000b0c00000|100%| O|  |TAMS 0x00000000b0b00000, 0x00000000b0b00000| Untracked 
| 268|0x00000000b0c00000, 0x00000000b0d00000, 0x00000000b0d00000|100%| O|  |TAMS 0x00000000b0c00000, 0x00000000b0c00000| Untracked 
| 269|0x00000000b0d00000, 0x00000000b0e00000, 0x00000000b0e00000|100%| O|  |TAMS 0x00000000b0d00000, 0x00000000b0d00000| Untracked 
| 270|0x00000000b0e00000, 0x00000000b0f00000, 0x00000000b0f00000|100%| O|  |TAMS 0x00000000b0e00000, 0x00000000b0e00000| Untracked 
| 271|0x00000000b0f00000, 0x00000000b1000000, 0x00000000b1000000|100%| O|  |TAMS 0x00000000b0f00000, 0x00000000b0f00000| Untracked 
| 272|0x00000000b1000000, 0x00000000b1100000, 0x00000000b1100000|100%| O|  |TAMS 0x00000000b1000000, 0x00000000b1000000| Untracked 
| 273|0x00000000b1100000, 0x00000000b1200000, 0x00000000b1200000|100%| O|  |TAMS 0x00000000b1100000, 0x00000000b1100000| Untracked 
| 274|0x00000000b1200000, 0x00000000b1300000, 0x00000000b1300000|100%| O|  |TAMS 0x00000000b1200000, 0x00000000b1200000| Untracked 
| 275|0x00000000b1300000, 0x00000000b1400000, 0x00000000b1400000|100%| O|  |TAMS 0x00000000b1300000, 0x00000000b1300000| Untracked 
| 276|0x00000000b1400000, 0x00000000b1500000, 0x00000000b1500000|100%| O|  |TAMS 0x00000000b1400000, 0x00000000b1400000| Untracked 
| 277|0x00000000b1500000, 0x00000000b1600000, 0x00000000b1600000|100%| O|  |TAMS 0x00000000b1500000, 0x00000000b1500000| Untracked 
| 278|0x00000000b1600000, 0x00000000b1700000, 0x00000000b1700000|100%| O|  |TAMS 0x00000000b1600000, 0x00000000b1600000| Untracked 
| 279|0x00000000b1700000, 0x00000000b1800000, 0x00000000b1800000|100%| O|  |TAMS 0x00000000b1700000, 0x00000000b1700000| Untracked 
| 280|0x00000000b1800000, 0x00000000b1900000, 0x00000000b1900000|100%| O|  |TAMS 0x00000000b1800000, 0x00000000b1800000| Untracked 
| 281|0x00000000b1900000, 0x00000000b1a00000, 0x00000000b1a00000|100%| O|  |TAMS 0x00000000b1900000, 0x00000000b1900000| Untracked 
| 282|0x00000000b1a00000, 0x00000000b1b00000, 0x00000000b1b00000|100%| O|  |TAMS 0x00000000b1a00000, 0x00000000b1a00000| Untracked 
| 283|0x00000000b1b00000, 0x00000000b1c00000, 0x00000000b1c00000|100%| O|  |TAMS 0x00000000b1b00000, 0x00000000b1b00000| Untracked 
| 284|0x00000000b1c00000, 0x00000000b1d00000, 0x00000000b1d00000|100%| O|  |TAMS 0x00000000b1c00000, 0x00000000b1c00000| Untracked 
| 285|0x00000000b1d00000, 0x00000000b1e00000, 0x00000000b1e00000|100%| O|  |TAMS 0x00000000b1d00000, 0x00000000b1d00000| Untracked 
| 286|0x00000000b1e00000, 0x00000000b1f00000, 0x00000000b1f00000|100%| O|  |TAMS 0x00000000b1e00000, 0x00000000b1e00000| Untracked 
| 287|0x00000000b1f00000, 0x00000000b2000000, 0x00000000b2000000|100%| O|  |TAMS 0x00000000b1f00000, 0x00000000b1f00000| Untracked 
| 288|0x00000000b2000000, 0x00000000b2100000, 0x00000000b2100000|100%| O|  |TAMS 0x00000000b2000000, 0x00000000b2000000| Untracked 
| 289|0x00000000b2100000, 0x00000000b2200000, 0x00000000b2200000|100%| O|  |TAMS 0x00000000b2100000, 0x00000000b2100000| Untracked 
| 290|0x00000000b2200000, 0x00000000b2300000, 0x00000000b2300000|100%| O|  |TAMS 0x00000000b2200000, 0x00000000b2200000| Untracked 
| 291|0x00000000b2300000, 0x00000000b2400000, 0x00000000b2400000|100%| O|  |TAMS 0x00000000b2300000, 0x00000000b2300000| Untracked 
| 292|0x00000000b2400000, 0x00000000b2500000, 0x00000000b2500000|100%| O|  |TAMS 0x00000000b2400000, 0x00000000b2400000| Untracked 
| 293|0x00000000b2500000, 0x00000000b2600000, 0x00000000b2600000|100%| O|  |TAMS 0x00000000b2500000, 0x00000000b2500000| Untracked 
| 294|0x00000000b2600000, 0x00000000b2700000, 0x00000000b2700000|100%| O|  |TAMS 0x00000000b2600000, 0x00000000b2600000| Untracked 
| 295|0x00000000b2700000, 0x00000000b2800000, 0x00000000b2800000|100%| O|  |TAMS 0x00000000b2700000, 0x00000000b2700000| Untracked 
| 296|0x00000000b2800000, 0x00000000b2900000, 0x00000000b2900000|100%| O|  |TAMS 0x00000000b2800000, 0x00000000b2800000| Untracked 
| 297|0x00000000b2900000, 0x00000000b29a5200, 0x00000000b2a00000| 64%| O|  |TAMS 0x00000000b2900000, 0x00000000b2900000| Untracked 
| 298|0x00000000b2a00000, 0x00000000b2a00000, 0x00000000b2b00000|  0%| F|  |TAMS 0x00000000b2a00000, 0x00000000b2a00000| Untracked 
| 299|0x00000000b2b00000, 0x00000000b2b00000, 0x00000000b2c00000|  0%| F|  |TAMS 0x00000000b2b00000, 0x00000000b2b00000| Untracked 
| 300|0x00000000b2c00000, 0x00000000b2c00000, 0x00000000b2d00000|  0%| F|  |TAMS 0x00000000b2c00000, 0x00000000b2c00000| Untracked 
| 301|0x00000000b2d00000, 0x00000000b2d00000, 0x00000000b2e00000|  0%| F|  |TAMS 0x00000000b2d00000, 0x00000000b2d00000| Untracked 
| 302|0x00000000b2e00000, 0x00000000b2e00000, 0x00000000b2f00000|  0%| F|  |TAMS 0x00000000b2e00000, 0x00000000b2e00000| Untracked 
| 303|0x00000000b2f00000, 0x00000000b2f00000, 0x00000000b3000000|  0%| F|  |TAMS 0x00000000b2f00000, 0x00000000b2f00000| Untracked 
| 304|0x00000000b3000000, 0x00000000b3000000, 0x00000000b3100000|  0%| F|  |TAMS 0x00000000b3000000, 0x00000000b3000000| Untracked 
| 305|0x00000000b3100000, 0x00000000b3100000, 0x00000000b3200000|  0%| F|  |TAMS 0x00000000b3100000, 0x00000000b3100000| Untracked 
| 306|0x00000000b3200000, 0x00000000b3200000, 0x00000000b3300000|  0%| F|  |TAMS 0x00000000b3200000, 0x00000000b3200000| Untracked 
| 307|0x00000000b3300000, 0x00000000b3300000, 0x00000000b3400000|  0%| F|  |TAMS 0x00000000b3300000, 0x00000000b3300000| Untracked 
| 308|0x00000000b3400000, 0x00000000b3400000, 0x00000000b3500000|  0%| F|  |TAMS 0x00000000b3400000, 0x00000000b3400000| Untracked 
| 309|0x00000000b3500000, 0x00000000b3500000, 0x00000000b3600000|  0%| F|  |TAMS 0x00000000b3500000, 0x00000000b3500000| Untracked 
| 310|0x00000000b3600000, 0x00000000b3600000, 0x00000000b3700000|  0%| F|  |TAMS 0x00000000b3600000, 0x00000000b3600000| Untracked 
| 311|0x00000000b3700000, 0x00000000b3700000, 0x00000000b3800000|  0%| F|  |TAMS 0x00000000b3700000, 0x00000000b3700000| Untracked 
| 312|0x00000000b3800000, 0x00000000b3800000, 0x00000000b3900000|  0%| F|  |TAMS 0x00000000b3800000, 0x00000000b3800000| Untracked 
| 313|0x00000000b3900000, 0x00000000b3900000, 0x00000000b3a00000|  0%| F|  |TAMS 0x00000000b3900000, 0x00000000b3900000| Untracked 
| 314|0x00000000b3a00000, 0x00000000b3a00000, 0x00000000b3b00000|  0%| F|  |TAMS 0x00000000b3a00000, 0x00000000b3a00000| Untracked 
| 315|0x00000000b3b00000, 0x00000000b3b00000, 0x00000000b3c00000|  0%| F|  |TAMS 0x00000000b3b00000, 0x00000000b3b00000| Untracked 
| 316|0x00000000b3c00000, 0x00000000b3c00000, 0x00000000b3d00000|  0%| F|  |TAMS 0x00000000b3c00000, 0x00000000b3c00000| Untracked 
| 317|0x00000000b3d00000, 0x00000000b3d00000, 0x00000000b3e00000|  0%| F|  |TAMS 0x00000000b3d00000, 0x00000000b3d00000| Untracked 
| 318|0x00000000b3e00000, 0x00000000b3e00000, 0x00000000b3f00000|  0%| F|  |TAMS 0x00000000b3e00000, 0x00000000b3e00000| Untracked 
| 319|0x00000000b3f00000, 0x00000000b3f00000, 0x00000000b4000000|  0%| F|  |TAMS 0x00000000b3f00000, 0x00000000b3f00000| Untracked 
| 320|0x00000000b4000000, 0x00000000b4000000, 0x00000000b4100000|  0%| F|  |TAMS 0x00000000b4000000, 0x00000000b4000000| Untracked 
| 321|0x00000000b4100000, 0x00000000b4100000, 0x00000000b4200000|  0%| F|  |TAMS 0x00000000b4100000, 0x00000000b4100000| Untracked 
| 322|0x00000000b4200000, 0x00000000b4200000, 0x00000000b4300000|  0%| F|  |TAMS 0x00000000b4200000, 0x00000000b4200000| Untracked 
| 323|0x00000000b4300000, 0x00000000b4300000, 0x00000000b4400000|  0%| F|  |TAMS 0x00000000b4300000, 0x00000000b4300000| Untracked 
| 324|0x00000000b4400000, 0x00000000b4400000, 0x00000000b4500000|  0%| F|  |TAMS 0x00000000b4400000, 0x00000000b4400000| Untracked 
| 325|0x00000000b4500000, 0x00000000b4500000, 0x00000000b4600000|  0%| F|  |TAMS 0x00000000b4500000, 0x00000000b4500000| Untracked 
| 326|0x00000000b4600000, 0x00000000b4600000, 0x00000000b4700000|  0%| F|  |TAMS 0x00000000b4600000, 0x00000000b4600000| Untracked 
| 327|0x00000000b4700000, 0x00000000b4700000, 0x00000000b4800000|  0%| F|  |TAMS 0x00000000b4700000, 0x00000000b4700000| Untracked 
| 328|0x00000000b4800000, 0x00000000b4800000, 0x00000000b4900000|  0%| F|  |TAMS 0x00000000b4800000, 0x00000000b4800000| Untracked 
| 329|0x00000000b4900000, 0x00000000b4900000, 0x00000000b4a00000|  0%| F|  |TAMS 0x00000000b4900000, 0x00000000b4900000| Untracked 
| 330|0x00000000b4a00000, 0x00000000b4a00000, 0x00000000b4b00000|  0%| F|  |TAMS 0x00000000b4a00000, 0x00000000b4a00000| Untracked 
| 331|0x00000000b4b00000, 0x00000000b4b00000, 0x00000000b4c00000|  0%| F|  |TAMS 0x00000000b4b00000, 0x00000000b4b00000| Untracked 
| 332|0x00000000b4c00000, 0x00000000b4c00000, 0x00000000b4d00000|  0%| F|  |TAMS 0x00000000b4c00000, 0x00000000b4c00000| Untracked 
| 333|0x00000000b4d00000, 0x00000000b4d00000, 0x00000000b4e00000|  0%| F|  |TAMS 0x00000000b4d00000, 0x00000000b4d00000| Untracked 
| 334|0x00000000b4e00000, 0x00000000b4e00000, 0x00000000b4f00000|  0%| F|  |TAMS 0x00000000b4e00000, 0x00000000b4e00000| Untracked 
| 335|0x00000000b4f00000, 0x00000000b4f00000, 0x00000000b5000000|  0%| F|  |TAMS 0x00000000b4f00000, 0x00000000b4f00000| Untracked 
| 336|0x00000000b5000000, 0x00000000b5000000, 0x00000000b5100000|  0%| F|  |TAMS 0x00000000b5000000, 0x00000000b5000000| Untracked 
| 337|0x00000000b5100000, 0x00000000b5100000, 0x00000000b5200000|  0%| F|  |TAMS 0x00000000b5100000, 0x00000000b5100000| Untracked 
| 338|0x00000000b5200000, 0x00000000b52f6b60, 0x00000000b5300000| 96%| S|CS|TAMS 0x00000000b5200000, 0x00000000b5200000| Complete 
| 339|0x00000000b5300000, 0x00000000b5300000, 0x00000000b5400000|  0%| F|  |TAMS 0x00000000b5300000, 0x00000000b5300000| Untracked 
| 340|0x00000000b5400000, 0x00000000b5400000, 0x00000000b5500000|  0%| F|  |TAMS 0x00000000b5400000, 0x00000000b5400000| Untracked 
| 341|0x00000000b5500000, 0x00000000b5500000, 0x00000000b5600000|  0%| F|  |TAMS 0x00000000b5500000, 0x00000000b5500000| Untracked 
| 342|0x00000000b5600000, 0x00000000b5600000, 0x00000000b5700000|  0%| F|  |TAMS 0x00000000b5600000, 0x00000000b5600000| Untracked 
| 343|0x00000000b5700000, 0x00000000b5700000, 0x00000000b5800000|  0%| F|  |TAMS 0x00000000b5700000, 0x00000000b5700000| Untracked 
| 344|0x00000000b5800000, 0x00000000b5800000, 0x00000000b5900000|  0%| F|  |TAMS 0x00000000b5800000, 0x00000000b5800000| Untracked 
| 345|0x00000000b5900000, 0x00000000b5900000, 0x00000000b5a00000|  0%| F|  |TAMS 0x00000000b5900000, 0x00000000b5900000| Untracked 
| 346|0x00000000b5a00000, 0x00000000b5a00000, 0x00000000b5b00000|  0%| F|  |TAMS 0x00000000b5a00000, 0x00000000b5a00000| Untracked 
| 347|0x00000000b5b00000, 0x00000000b5b00000, 0x00000000b5c00000|  0%| F|  |TAMS 0x00000000b5b00000, 0x00000000b5b00000| Untracked 
| 348|0x00000000b5c00000, 0x00000000b5c00000, 0x00000000b5d00000|  0%| F|  |TAMS 0x00000000b5c00000, 0x00000000b5c00000| Untracked 
| 349|0x00000000b5d00000, 0x00000000b5d00000, 0x00000000b5e00000|  0%| F|  |TAMS 0x00000000b5d00000, 0x00000000b5d00000| Untracked 
| 350|0x00000000b5e00000, 0x00000000b5e00000, 0x00000000b5f00000|  0%| F|  |TAMS 0x00000000b5e00000, 0x00000000b5e00000| Untracked 
| 351|0x00000000b5f00000, 0x00000000b5f00000, 0x00000000b6000000|  0%| F|  |TAMS 0x00000000b5f00000, 0x00000000b5f00000| Untracked 
| 352|0x00000000b6000000, 0x00000000b6000000, 0x00000000b6100000|  0%| F|  |TAMS 0x00000000b6000000, 0x00000000b6000000| Untracked 
| 353|0x00000000b6100000, 0x00000000b6100000, 0x00000000b6200000|  0%| F|  |TAMS 0x00000000b6100000, 0x00000000b6100000| Untracked 
| 354|0x00000000b6200000, 0x00000000b6200000, 0x00000000b6300000|  0%| F|  |TAMS 0x00000000b6200000, 0x00000000b6200000| Untracked 
| 355|0x00000000b6300000, 0x00000000b6300000, 0x00000000b6400000|  0%| F|  |TAMS 0x00000000b6300000, 0x00000000b6300000| Untracked 
| 356|0x00000000b6400000, 0x00000000b6400000, 0x00000000b6500000|  0%| F|  |TAMS 0x00000000b6400000, 0x00000000b6400000| Untracked 
| 357|0x00000000b6500000, 0x00000000b6500000, 0x00000000b6600000|  0%| F|  |TAMS 0x00000000b6500000, 0x00000000b6500000| Untracked 
| 358|0x00000000b6600000, 0x00000000b6600000, 0x00000000b6700000|  0%| F|  |TAMS 0x00000000b6600000, 0x00000000b6600000| Untracked 
| 359|0x00000000b6700000, 0x00000000b6700000, 0x00000000b6800000|  0%| F|  |TAMS 0x00000000b6700000, 0x00000000b6700000| Untracked 
| 360|0x00000000b6800000, 0x00000000b6800000, 0x00000000b6900000|  0%| F|  |TAMS 0x00000000b6800000, 0x00000000b6800000| Untracked 
| 361|0x00000000b6900000, 0x00000000b6900000, 0x00000000b6a00000|  0%| F|  |TAMS 0x00000000b6900000, 0x00000000b6900000| Untracked 
| 362|0x00000000b6a00000, 0x00000000b6a00000, 0x00000000b6b00000|  0%| F|  |TAMS 0x00000000b6a00000, 0x00000000b6a00000| Untracked 
| 363|0x00000000b6b00000, 0x00000000b6b00000, 0x00000000b6c00000|  0%| F|  |TAMS 0x00000000b6b00000, 0x00000000b6b00000| Untracked 
| 364|0x00000000b6c00000, 0x00000000b6c00000, 0x00000000b6d00000|  0%| F|  |TAMS 0x00000000b6c00000, 0x00000000b6c00000| Untracked 
| 365|0x00000000b6d00000, 0x00000000b6d00000, 0x00000000b6e00000|  0%| F|  |TAMS 0x00000000b6d00000, 0x00000000b6d00000| Untracked 
| 366|0x00000000b6e00000, 0x00000000b6e00000, 0x00000000b6f00000|  0%| F|  |TAMS 0x00000000b6e00000, 0x00000000b6e00000| Untracked 
| 367|0x00000000b6f00000, 0x00000000b6f00000, 0x00000000b7000000|  0%| F|  |TAMS 0x00000000b6f00000, 0x00000000b6f00000| Untracked 
| 368|0x00000000b7000000, 0x00000000b7000000, 0x00000000b7100000|  0%| F|  |TAMS 0x00000000b7000000, 0x00000000b7000000| Untracked 
| 369|0x00000000b7100000, 0x00000000b7100000, 0x00000000b7200000|  0%| F|  |TAMS 0x00000000b7100000, 0x00000000b7100000| Untracked 
| 370|0x00000000b7200000, 0x00000000b7200000, 0x00000000b7300000|  0%| F|  |TAMS 0x00000000b7200000, 0x00000000b7200000| Untracked 
| 371|0x00000000b7300000, 0x00000000b73518b0, 0x00000000b7400000| 31%| E|  |TAMS 0x00000000b7300000, 0x00000000b7300000| Complete 
| 372|0x00000000b7400000, 0x00000000b7500000, 0x00000000b7500000|100%| E|CS|TAMS 0x00000000b7400000, 0x00000000b7400000| Complete 
| 373|0x00000000b7500000, 0x00000000b7600000, 0x00000000b7600000|100%| E|CS|TAMS 0x00000000b7500000, 0x00000000b7500000| Complete 
| 374|0x00000000b7600000, 0x00000000b7700000, 0x00000000b7700000|100%| E|CS|TAMS 0x00000000b7600000, 0x00000000b7600000| Complete 
| 375|0x00000000b7700000, 0x00000000b7800000, 0x00000000b7800000|100%| E|CS|TAMS 0x00000000b7700000, 0x00000000b7700000| Complete 
| 376|0x00000000b7800000, 0x00000000b7900000, 0x00000000b7900000|100%| E|CS|TAMS 0x00000000b7800000, 0x00000000b7800000| Complete 
| 377|0x00000000b7900000, 0x00000000b7a00000, 0x00000000b7a00000|100%| E|CS|TAMS 0x00000000b7900000, 0x00000000b7900000| Complete 
| 378|0x00000000b7a00000, 0x00000000b7b00000, 0x00000000b7b00000|100%| E|CS|TAMS 0x00000000b7a00000, 0x00000000b7a00000| Complete 
| 379|0x00000000b7b00000, 0x00000000b7c00000, 0x00000000b7c00000|100%| E|CS|TAMS 0x00000000b7b00000, 0x00000000b7b00000| Complete 
| 380|0x00000000b7c00000, 0x00000000b7d00000, 0x00000000b7d00000|100%| E|CS|TAMS 0x00000000b7c00000, 0x00000000b7c00000| Complete 
| 381|0x00000000b7d00000, 0x00000000b7e00000, 0x00000000b7e00000|100%| E|CS|TAMS 0x00000000b7d00000, 0x00000000b7d00000| Complete 
| 382|0x00000000b7e00000, 0x00000000b7f00000, 0x00000000b7f00000|100%| E|CS|TAMS 0x00000000b7e00000, 0x00000000b7e00000| Complete 
| 383|0x00000000b7f00000, 0x00000000b8000000, 0x00000000b8000000|100%| E|CS|TAMS 0x00000000b7f00000, 0x00000000b7f00000| Complete 
| 384|0x00000000b8000000, 0x00000000b8100000, 0x00000000b8100000|100%| E|CS|TAMS 0x00000000b8000000, 0x00000000b8000000| Complete 
| 385|0x00000000b8100000, 0x00000000b8200000, 0x00000000b8200000|100%| E|CS|TAMS 0x00000000b8100000, 0x00000000b8100000| Complete 
| 386|0x00000000b8200000, 0x00000000b8300000, 0x00000000b8300000|100%| E|CS|TAMS 0x00000000b8200000, 0x00000000b8200000| Complete 
| 387|0x00000000b8300000, 0x00000000b8400000, 0x00000000b8400000|100%| E|  |TAMS 0x00000000b8300000, 0x00000000b8300000| Complete 
| 388|0x00000000b8400000, 0x00000000b8500000, 0x00000000b8500000|100%| E|CS|TAMS 0x00000000b8400000, 0x00000000b8400000| Complete 
| 389|0x00000000b8500000, 0x00000000b8600000, 0x00000000b8600000|100%| E|CS|TAMS 0x00000000b8500000, 0x00000000b8500000| Complete 
| 390|0x00000000b8600000, 0x00000000b8700000, 0x00000000b8700000|100%| E|CS|TAMS 0x00000000b8600000, 0x00000000b8600000| Complete 
| 391|0x00000000b8700000, 0x00000000b8800000, 0x00000000b8800000|100%| E|CS|TAMS 0x00000000b8700000, 0x00000000b8700000| Complete 
| 392|0x00000000b8800000, 0x00000000b8900000, 0x00000000b8900000|100%| E|CS|TAMS 0x00000000b8800000, 0x00000000b8800000| Complete 
| 393|0x00000000b8900000, 0x00000000b8a00000, 0x00000000b8a00000|100%| E|CS|TAMS 0x00000000b8900000, 0x00000000b8900000| Complete 
| 394|0x00000000b8a00000, 0x00000000b8b00000, 0x00000000b8b00000|100%| E|CS|TAMS 0x00000000b8a00000, 0x00000000b8a00000| Complete 
| 395|0x00000000b8b00000, 0x00000000b8c00000, 0x00000000b8c00000|100%| E|CS|TAMS 0x00000000b8b00000, 0x00000000b8b00000| Complete 
| 396|0x00000000b8c00000, 0x00000000b8d00000, 0x00000000b8d00000|100%| E|CS|TAMS 0x00000000b8c00000, 0x00000000b8c00000| Complete 
| 397|0x00000000b8d00000, 0x00000000b8e00000, 0x00000000b8e00000|100%| E|CS|TAMS 0x00000000b8d00000, 0x00000000b8d00000| Complete 
| 398|0x00000000b8e00000, 0x00000000b8f00000, 0x00000000b8f00000|100%| E|CS|TAMS 0x00000000b8e00000, 0x00000000b8e00000| Complete 
| 399|0x00000000b8f00000, 0x00000000b9000000, 0x00000000b9000000|100%| E|CS|TAMS 0x00000000b8f00000, 0x00000000b8f00000| Complete 
| 400|0x00000000b9000000, 0x00000000b9100000, 0x00000000b9100000|100%| E|CS|TAMS 0x00000000b9000000, 0x00000000b9000000| Complete 
| 401|0x00000000b9100000, 0x00000000b9200000, 0x00000000b9200000|100%| E|CS|TAMS 0x00000000b9100000, 0x00000000b9100000| Complete 
| 402|0x00000000b9200000, 0x00000000b9300000, 0x00000000b9300000|100%| E|CS|TAMS 0x00000000b9200000, 0x00000000b9200000| Complete 
| 403|0x00000000b9300000, 0x00000000b9400000, 0x00000000b9400000|100%| E|CS|TAMS 0x00000000b9300000, 0x00000000b9300000| Complete 
| 404|0x00000000b9400000, 0x00000000b9500000, 0x00000000b9500000|100%| E|CS|TAMS 0x00000000b9400000, 0x00000000b9400000| Complete 
| 405|0x00000000b9500000, 0x00000000b9600000, 0x00000000b9600000|100%| E|CS|TAMS 0x00000000b9500000, 0x00000000b9500000| Complete 
| 406|0x00000000b9600000, 0x00000000b9700000, 0x00000000b9700000|100%| E|CS|TAMS 0x00000000b9600000, 0x00000000b9600000| Complete 
| 407|0x00000000b9700000, 0x00000000b9800000, 0x00000000b9800000|100%| E|CS|TAMS 0x00000000b9700000, 0x00000000b9700000| Complete 
| 408|0x00000000b9800000, 0x00000000b9900000, 0x00000000b9900000|100%| E|CS|TAMS 0x00000000b9800000, 0x00000000b9800000| Complete 
| 409|0x00000000b9900000, 0x00000000b9a00000, 0x00000000b9a00000|100%| E|CS|TAMS 0x00000000b9900000, 0x00000000b9900000| Complete 
| 410|0x00000000b9a00000, 0x00000000b9b00000, 0x00000000b9b00000|100%| E|CS|TAMS 0x00000000b9a00000, 0x00000000b9a00000| Complete 
| 411|0x00000000b9b00000, 0x00000000b9c00000, 0x00000000b9c00000|100%| E|CS|TAMS 0x00000000b9b00000, 0x00000000b9b00000| Complete 
| 412|0x00000000b9c00000, 0x00000000b9d00000, 0x00000000b9d00000|100%| E|CS|TAMS 0x00000000b9c00000, 0x00000000b9c00000| Complete 
| 413|0x00000000b9d00000, 0x00000000b9e00000, 0x00000000b9e00000|100%| E|CS|TAMS 0x00000000b9d00000, 0x00000000b9d00000| Complete 
| 414|0x00000000b9e00000, 0x00000000b9f00000, 0x00000000b9f00000|100%| E|CS|TAMS 0x00000000b9e00000, 0x00000000b9e00000| Complete 
| 415|0x00000000b9f00000, 0x00000000ba000000, 0x00000000ba000000|100%| E|CS|TAMS 0x00000000b9f00000, 0x00000000b9f00000| Complete 
| 416|0x00000000ba000000, 0x00000000ba100000, 0x00000000ba100000|100%| E|CS|TAMS 0x00000000ba000000, 0x00000000ba000000| Complete 
| 417|0x00000000ba100000, 0x00000000ba200000, 0x00000000ba200000|100%| E|CS|TAMS 0x00000000ba100000, 0x00000000ba100000| Complete 
| 418|0x00000000ba200000, 0x00000000ba300000, 0x00000000ba300000|100%| E|CS|TAMS 0x00000000ba200000, 0x00000000ba200000| Complete 
| 419|0x00000000ba300000, 0x00000000ba400000, 0x00000000ba400000|100%| E|CS|TAMS 0x00000000ba300000, 0x00000000ba300000| Complete 
| 420|0x00000000ba400000, 0x00000000ba500000, 0x00000000ba500000|100%| E|CS|TAMS 0x00000000ba400000, 0x00000000ba400000| Complete 
| 421|0x00000000ba500000, 0x00000000ba600000, 0x00000000ba600000|100%| E|CS|TAMS 0x00000000ba500000, 0x00000000ba500000| Complete 
| 422|0x00000000ba600000, 0x00000000ba700000, 0x00000000ba700000|100%| E|CS|TAMS 0x00000000ba600000, 0x00000000ba600000| Complete 
| 423|0x00000000ba700000, 0x00000000ba800000, 0x00000000ba800000|100%| E|CS|TAMS 0x00000000ba700000, 0x00000000ba700000| Complete 
| 424|0x00000000ba800000, 0x00000000ba900000, 0x00000000ba900000|100%| E|CS|TAMS 0x00000000ba800000, 0x00000000ba800000| Complete 
| 425|0x00000000ba900000, 0x00000000baa00000, 0x00000000baa00000|100%| E|CS|TAMS 0x00000000ba900000, 0x00000000ba900000| Complete 
| 426|0x00000000baa00000, 0x00000000bab00000, 0x00000000bab00000|100%| E|CS|TAMS 0x00000000baa00000, 0x00000000baa00000| Complete 
| 427|0x00000000bab00000, 0x00000000bac00000, 0x00000000bac00000|100%| E|CS|TAMS 0x00000000bab00000, 0x00000000bab00000| Complete 
| 428|0x00000000bac00000, 0x00000000bad00000, 0x00000000bad00000|100%| E|CS|TAMS 0x00000000bac00000, 0x00000000bac00000| Complete 
| 429|0x00000000bad00000, 0x00000000bae00000, 0x00000000bae00000|100%| E|CS|TAMS 0x00000000bad00000, 0x00000000bad00000| Complete 
| 430|0x00000000bae00000, 0x00000000baf00000, 0x00000000baf00000|100%| E|CS|TAMS 0x00000000bae00000, 0x00000000bae00000| Complete 
| 431|0x00000000baf00000, 0x00000000bb000000, 0x00000000bb000000|100%| E|CS|TAMS 0x00000000baf00000, 0x00000000baf00000| Complete 

Card table byte_map: [0x0000020e760b0000,0x0000020e763b0000] _byte_map_base: 0x0000020e75bb0000

Marking Bits (Prev, Next): (CMBitMap*) 0x0000020e62e8c7a0, (CMBitMap*) 0x0000020e62e8c760
 Prev Bits: [0x0000020e77eb0000, 0x0000020e796b0000)
 Next Bits: [0x0000020e766b0000, 0x0000020e77eb0000)

Polling page: 0x0000020e60ab0000

Metaspace:

Usage:
  Non-class:    171.10 MB used.
      Class:     25.15 MB used.
       Both:    196.25 MB used.

Virtual space:
  Non-class space:      192.00 MB reserved,     171.69 MB ( 89%) committed,  3 nodes.
      Class space:        1.00 GB reserved,      25.69 MB (  3%) committed,  1 nodes.
             Both:        1.19 GB reserved,     197.38 MB ( 16%) committed. 

Chunk freelists:
   Non-Class:  3.64 MB
       Class:  6.27 MB
        Both:  9.91 MB

MaxMetaspaceSize: unlimited
CompressedClassSpaceSize: 1.00 GB
Initial GC threshold: 21.00 MB
Current GC threshold: 227.44 MB
CDS: off
MetaspaceReclaimPolicy: balanced
 - commit_granule_bytes: 65536.
 - commit_granule_words: 8192.
 - virtual_space_node_default_size: 8388608.
 - enlarge_chunks_in_place: 1.
 - new_chunks_are_fully_committed: 0.
 - uncommit_free_chunks: 1.
 - use_allocation_guard: 0.
 - handle_deallocations: 1.


Internal statistics:

num_allocs_failed_limit: 9.
num_arena_births: 1604.
num_arena_deaths: 0.
num_vsnodes_births: 4.
num_vsnodes_deaths: 0.
num_space_committed: 3155.
num_space_uncommitted: 0.
num_chunks_returned_to_freelist: 9.
num_chunks_taken_from_freelist: 9261.
num_chunk_merges: 9.
num_chunk_splits: 6682.
num_chunks_enlarged: 5000.
num_inconsistent_stats: 0.

CodeHeap 'non-profiled nmethods': size=119168Kb used=15720Kb max_used=15914Kb free=103447Kb
 bounds [0x0000020e6deb0000, 0x0000020e6ee40000, 0x0000020e75310000]
CodeHeap 'profiled nmethods': size=119104Kb used=49497Kb max_used=49501Kb free=69606Kb
 bounds [0x0000020e66310000, 0x0000020e69370000, 0x0000020e6d760000]
CodeHeap 'non-nmethods': size=7488Kb used=4333Kb max_used=4398Kb free=3154Kb
 bounds [0x0000020e6d760000, 0x0000020e6dbb0000, 0x0000020e6deb0000]
 total_blobs=23558 nmethods=22337 adapters=1128
 compilation: enabled
              stopped_count=0, restarted_count=0
 full_count=0

Compilation events (20 events):
Event: 34.970 Thread 0x0000020e08df7aa0 nmethod 26792 0x0000020e6934e990 code [0x0000020e6934eb60, 0x0000020e6934eea8]
Event: 34.970 Thread 0x0000020e06414030 nmethod 26791 0x0000020e6934ef90 code [0x0000020e6934f2a0, 0x0000020e69350338]
Event: 34.970 Thread 0x0000020e08df3590 nmethod 26793 0x0000020e6ee2b110 code [0x0000020e6ee2b280, 0x0000020e6ee2b318]
Event: 34.971 Thread 0x0000020e7ca7b8f0 26794       3       com.google.common.cache.LocalCache::getIfPresent (49 bytes)
Event: 34.971 Thread 0x0000020e7ca7b8f0 nmethod 26794 0x0000020e69350910 code [0x0000020e69350b40, 0x0000020e69351278]
Event: 34.972 Thread 0x0000020e06413ae0 26795       3       org.gradle.internal.snapshot.impl.IsolatedImmutableManagedValue::hashCode (5 bytes)
Event: 34.972 Thread 0x0000020e06413ae0 nmethod 26795 0x0000020e69351590 code [0x0000020e69351740, 0x0000020e69351968]
Event: 34.973 Thread 0x0000020e06414030 26796       3       org.gradle.internal.component.model.DefaultComponentGraphResolveState$DefaultConfigurationGraphResolveState$$Lambda$1353/0x0000000100f8ad90::get (12 bytes)
Event: 34.973 Thread 0x0000020e7ca7b8f0 26797       3       org.gradle.internal.component.model.DefaultComponentGraphResolveState$DefaultConfigurationGraphResolveState::lambda$new$0 (10 bytes)
Event: 34.973 Thread 0x0000020e08df7aa0 26798       3       org.gradle.internal.component.model.DefaultComponentGraphResolveState$DefaultConfigurationArtifactResolveState::<init> (25 bytes)
Event: 34.973 Thread 0x0000020e7ca7b8f0 nmethod 26797 0x0000020e69351a90 code [0x0000020e69351c60, 0x0000020e69352048]
Event: 34.973 Thread 0x0000020e06414030 nmethod 26796 0x0000020e69352190 code [0x0000020e69352360, 0x0000020e693527c8]
Event: 34.973 Thread 0x0000020e08df7aa0 nmethod 26798 0x0000020e69352990 code [0x0000020e69352b40, 0x0000020e69352e88]
Event: 34.975 Thread 0x0000020e08df3590 26799       4       java.lang.Integer::numberOfTrailingZeros (80 bytes)
Event: 34.975 Thread 0x0000020e06413ae0 26800       3       org.gradle.internal.collections.ImmutableFilteredList::size (8 bytes)
Event: 34.975 Thread 0x0000020e06413ae0 nmethod 26800 0x0000020e69352f90 code [0x0000020e69353140, 0x0000020e69353308]
Event: 34.976 Thread 0x0000020e08df3590 nmethod 26799 0x0000020e6ee2b410 code [0x0000020e6ee2b580, 0x0000020e6ee2b638]
Event: 34.976 Thread 0x0000020e08df3590 26801       4       java.lang.Long::numberOfTrailingZeros (26 bytes)
Event: 34.978 Thread 0x0000020e08df3590 nmethod 26801 0x0000020e6ee2b710 code [0x0000020e6ee2b880, 0x0000020e6ee2b8f8]
Event: 34.978 Thread 0x0000020e08df3590 26802       4       org.gradle.api.internal.attributes.DefaultImmutableAttributes::coerce (38 bytes)

GC Heap History (20 events):
Event: 33.796 GC heap before
{Heap before GC invocations=118 (full 0):
 garbage-first heap   total 364544K, used 318794K [0x00000000a0000000, 0x0000000100000000)
  region size 1024K, 20 young (20480K), 3 survivors (3072K)
 Metaspace       used 200367K, committed 201536K, reserved 1245184K
  class space    used 25706K, committed 26240K, reserved 1048576K
}
Event: 33.799 GC heap after
{Heap after GC invocations=119 (full 0):
 garbage-first heap   total 364544K, used 302591K [0x00000000a0000000, 0x0000000100000000)
  region size 1024K, 3 young (3072K), 3 survivors (3072K)
 Metaspace       used 200367K, committed 201536K, reserved 1245184K
  class space    used 25706K, committed 26240K, reserved 1048576K
}
Event: 33.929 GC heap before
{Heap before GC invocations=119 (full 0):
 garbage-first heap   total 364544K, used 318975K [0x00000000a0000000, 0x0000000100000000)
  region size 1024K, 19 young (19456K), 3 survivors (3072K)
 Metaspace       used 200382K, committed 201600K, reserved 1245184K
  class space    used 25706K, committed 26240K, reserved 1048576K
}
Event: 33.932 GC heap after
{Heap after GC invocations=120 (full 0):
 garbage-first heap   total 364544K, used 302989K [0x00000000a0000000, 0x0000000100000000)
  region size 1024K, 3 young (3072K), 3 survivors (3072K)
 Metaspace       used 200382K, committed 201600K, reserved 1245184K
  class space    used 25706K, committed 26240K, reserved 1048576K
}
Event: 34.097 GC heap before
{Heap before GC invocations=120 (full 0):
 garbage-first heap   total 364544K, used 318349K [0x00000000a0000000, 0x0000000100000000)
  region size 1024K, 19 young (19456K), 3 survivors (3072K)
 Metaspace       used 200384K, committed 201600K, reserved 1245184K
  class space    used 25706K, committed 26240K, reserved 1048576K
}
Event: 34.100 GC heap after
{Heap after GC invocations=121 (full 0):
 garbage-first heap   total 364544K, used 303442K [0x00000000a0000000, 0x0000000100000000)
  region size 1024K, 3 young (3072K), 3 survivors (3072K)
 Metaspace       used 200384K, committed 201600K, reserved 1245184K
  class space    used 25706K, committed 26240K, reserved 1048576K
}
Event: 34.200 GC heap before
{Heap before GC invocations=121 (full 0):
 garbage-first heap   total 364544K, used 318802K [0x00000000a0000000, 0x0000000100000000)
  region size 1024K, 19 young (19456K), 3 survivors (3072K)
 Metaspace       used 200396K, committed 201600K, reserved 1245184K
  class space    used 25707K, committed 26240K, reserved 1048576K
}
Event: 34.202 GC heap after
{Heap after GC invocations=122 (full 0):
 garbage-first heap   total 364544K, used 303759K [0x00000000a0000000, 0x0000000100000000)
  region size 1024K, 3 young (3072K), 3 survivors (3072K)
 Metaspace       used 200396K, committed 201600K, reserved 1245184K
  class space    used 25707K, committed 26240K, reserved 1048576K
}
Event: 34.406 GC heap before
{Heap before GC invocations=122 (full 0):
 garbage-first heap   total 364544K, used 318095K [0x00000000a0000000, 0x0000000100000000)
  region size 1024K, 18 young (18432K), 3 survivors (3072K)
 Metaspace       used 200419K, committed 201600K, reserved 1245184K
  class space    used 25708K, committed 26240K, reserved 1048576K
}
Event: 34.409 GC heap after
{Heap after GC invocations=123 (full 0):
 garbage-first heap   total 364544K, used 304412K [0x00000000a0000000, 0x0000000100000000)
  region size 1024K, 3 young (3072K), 3 survivors (3072K)
 Metaspace       used 200419K, committed 201600K, reserved 1245184K
  class space    used 25708K, committed 26240K, reserved 1048576K
}
Event: 34.469 GC heap before
{Heap before GC invocations=123 (full 0):
 garbage-first heap   total 364544K, used 318748K [0x00000000a0000000, 0x0000000100000000)
  region size 1024K, 18 young (18432K), 3 survivors (3072K)
 Metaspace       used 200463K, committed 201664K, reserved 1245184K
  class space    used 25712K, committed 26240K, reserved 1048576K
}
Event: 34.472 GC heap after
{Heap after GC invocations=124 (full 0):
 garbage-first heap   total 364544K, used 304978K [0x00000000a0000000, 0x0000000100000000)
  region size 1024K, 2 young (2048K), 2 survivors (2048K)
 Metaspace       used 200463K, committed 201664K, reserved 1245184K
  class space    used 25712K, committed 26240K, reserved 1048576K
}
Event: 34.504 GC heap before
{Heap before GC invocations=124 (full 0):
 garbage-first heap   total 364544K, used 319314K [0x00000000a0000000, 0x0000000100000000)
  region size 1024K, 17 young (17408K), 2 survivors (2048K)
 Metaspace       used 200466K, committed 201664K, reserved 1245184K
  class space    used 25712K, committed 26240K, reserved 1048576K
}
Event: 34.505 GC heap after
{Heap after GC invocations=125 (full 0):
 garbage-first heap   total 364544K, used 305093K [0x00000000a0000000, 0x0000000100000000)
  region size 1024K, 2 young (2048K), 2 survivors (2048K)
 Metaspace       used 200466K, committed 201664K, reserved 1245184K
  class space    used 25712K, committed 26240K, reserved 1048576K
}
Event: 34.531 GC heap before
{Heap before GC invocations=125 (full 0):
 garbage-first heap   total 364544K, used 320453K [0x00000000a0000000, 0x0000000100000000)
  region size 1024K, 18 young (18432K), 2 survivors (2048K)
 Metaspace       used 200472K, committed 201664K, reserved 1245184K
  class space    used 25712K, committed 26240K, reserved 1048576K
}
Event: 34.533 GC heap after
{Heap after GC invocations=126 (full 0):
 garbage-first heap   total 364544K, used 305865K [0x00000000a0000000, 0x0000000100000000)
  region size 1024K, 3 young (3072K), 3 survivors (3072K)
 Metaspace       used 200472K, committed 201664K, reserved 1245184K
  class space    used 25712K, committed 26240K, reserved 1048576K
}
Event: 34.560 GC heap before
{Heap before GC invocations=126 (full 0):
 garbage-first heap   total 364544K, used 320201K [0x00000000a0000000, 0x0000000100000000)
  region size 1024K, 19 young (19456K), 3 survivors (3072K)
 Metaspace       used 200482K, committed 201664K, reserved 1245184K
  class space    used 25712K, committed 26240K, reserved 1048576K
}
Event: 34.562 GC heap after
{Heap after GC invocations=127 (full 0):
 garbage-first heap   total 364544K, used 306411K [0x00000000a0000000, 0x0000000100000000)
  region size 1024K, 2 young (2048K), 2 survivors (2048K)
 Metaspace       used 200482K, committed 201664K, reserved 1245184K
  class space    used 25712K, committed 26240K, reserved 1048576K
}
Event: 34.581 GC heap before
{Heap before GC invocations=127 (full 0):
 garbage-first heap   total 364544K, used 321771K [0x00000000a0000000, 0x0000000100000000)
  region size 1024K, 18 young (18432K), 2 survivors (2048K)
 Metaspace       used 200486K, committed 201664K, reserved 1245184K
  class space    used 25712K, committed 26240K, reserved 1048576K
}
Event: 34.584 GC heap after
{Heap after GC invocations=128 (full 0):
 garbage-first heap   total 442368K, used 305775K [0x00000000a0000000, 0x0000000100000000)
  region size 1024K, 1 young (1024K), 1 survivors (1024K)
 Metaspace       used 200486K, committed 201664K, reserved 1245184K
  class space    used 25712K, committed 26240K, reserved 1048576K
}

Dll operation events (3 events):
Event: 0.013 Loaded shared library C:\Program Files\Android\Android Studio2\jbr\bin\java.dll
Event: 0.138 Loaded shared library C:\Program Files\Android\Android Studio2\jbr\bin\zip.dll
Event: 0.313 Loaded shared library C:\Program Files\Android\Android Studio2\jbr\bin\verify.dll

Deoptimization events (20 events):
Event: 34.668 Thread 0x0000020e07ef0aa0 Uncommon trap: trap_request=0xffffff45 fr.pc=0x0000020e6e1ef194 relative=0x0000000000001774
Event: 34.669 Thread 0x0000020e07ef0aa0 Uncommon trap: reason=unstable_if action=reinterpret pc=0x0000020e6e1ef194 method=java.util.concurrent.ConcurrentHashMap.computeIfAbsent(Ljava/lang/Object;Ljava/util/function/Function;)Ljava/lang/Object; @ 199 c2
Event: 34.669 Thread 0x0000020e07ef0aa0 DEOPT PACKING pc=0x0000020e6e1ef194 sp=0x00000058463fe620
Event: 34.669 Thread 0x0000020e07ef0aa0 DEOPT UNPACKING pc=0x0000020e6d7b69a3 sp=0x00000058463fe5c0 mode 2
Event: 34.694 Thread 0x0000020e14790970 Uncommon trap: trap_request=0xffffff45 fr.pc=0x0000020e6e3b8b08 relative=0x0000000000000468
Event: 34.694 Thread 0x0000020e14790970 Uncommon trap: reason=unstable_if action=reinterpret pc=0x0000020e6e3b8b08 method=java.util.concurrent.ConcurrentLinkedQueue.poll()Ljava/lang/Object; @ 24 c2
Event: 34.694 Thread 0x0000020e14790970 DEOPT PACKING pc=0x0000020e6e3b8b08 sp=0x00000058445fb960
Event: 34.694 Thread 0x0000020e14790970 DEOPT UNPACKING pc=0x0000020e6d7b69a3 sp=0x00000058445fb908 mode 2
Event: 34.806 Thread 0x0000020e7ee87ed0 Uncommon trap: trap_request=0xffffff45 fr.pc=0x0000020e6edf6a88 relative=0x0000000000001448
Event: 34.806 Thread 0x0000020e7ee87ed0 Uncommon trap: reason=unstable_if action=reinterpret pc=0x0000020e6edf6a88 method=org.gradle.cache.internal.btree.FreeListBlockStore$FreeListBlock.alloc(Lorg/gradle/cache/internal/btree/Block;)V @ 72 c2
Event: 34.806 Thread 0x0000020e7ee87ed0 DEOPT PACKING pc=0x0000020e6edf6a88 sp=0x000000583cbfe730
Event: 34.806 Thread 0x0000020e7ee87ed0 DEOPT UNPACKING pc=0x0000020e6d7b69a3 sp=0x000000583cbfe6f8 mode 2
Event: 34.887 Thread 0x0000020e7ee89820 Uncommon trap: trap_request=0xffffff45 fr.pc=0x0000020e6e3b4168 relative=0x00000000000001c8
Event: 34.887 Thread 0x0000020e7ee89820 Uncommon trap: reason=unstable_if action=reinterpret pc=0x0000020e6e3b4168 method=com.google.common.collect.RegularImmutableMap.get(Ljava/lang/Object;[Lcom/google/common/collect/ImmutableMapEntry;I)Ljava/lang/Object; @ 1 c2
Event: 34.887 Thread 0x0000020e7ee89820 DEOPT PACKING pc=0x0000020e6e3b4168 sp=0x000000583bbf8950
Event: 34.887 Thread 0x0000020e7ee89820 DEOPT UNPACKING pc=0x0000020e6d7b69a3 sp=0x000000583bbf8858 mode 2
Event: 34.896 Thread 0x0000020e7ee89820 Uncommon trap: trap_request=0xffffff45 fr.pc=0x0000020e6e39c918 relative=0x0000000000000178
Event: 34.896 Thread 0x0000020e7ee89820 Uncommon trap: reason=unstable_if action=reinterpret pc=0x0000020e6e39c918 method=com.google.common.collect.RegularImmutableMap.get(Ljava/lang/Object;[Lcom/google/common/collect/ImmutableMapEntry;I)Ljava/lang/Object; @ 1 c2
Event: 34.896 Thread 0x0000020e7ee89820 DEOPT PACKING pc=0x0000020e6e39c918 sp=0x000000583bbf88b0
Event: 34.896 Thread 0x0000020e7ee89820 DEOPT UNPACKING pc=0x0000020e6d7b69a3 sp=0x000000583bbf8848 mode 2

Classes unloaded (0 events):
No events

Classes redefined (0 events):
No events

Internal exceptions (20 events):
Event: 28.956 Thread 0x0000020e11fe2570 Exception <a 'java/lang/NoSuchMethodError'{0x00000000b5877d58}: static Lorg/jetbrains/plugins/gradle/tooling/serialization/internal/adapter/kotlin/dsl/InternalKotlinDslScriptsModel;.<clinit>()V> (0x00000000b5877d58) 
thrown [s\src\hotspot\share\prims\jni.cpp, line 1108]
Event: 28.957 Thread 0x0000020e11fe2570 Exception <a 'java/lang/NoSuchMethodError'{0x00000000b5882770}: static Lorg/jetbrains/plugins/gradle/tooling/serialization/internal/adapter/kotlin/dsl/InternalKotlinDslScriptModel;.<clinit>()V> (0x00000000b5882770) 
thrown [s\src\hotspot\share\prims\jni.cpp, line 1108]
Event: 29.191 Thread 0x0000020e7ee89820 Exception <a 'sun/nio/fs/WindowsException'{0x00000000b5dbd638}> (0x00000000b5dbd638) 
thrown [s\src\hotspot\share\prims\jni.cpp, line 517]
Event: 29.191 Thread 0x0000020e7ee89820 Exception <a 'sun/nio/fs/WindowsException'{0x00000000b5dbeca8}> (0x00000000b5dbeca8) 
thrown [s\src\hotspot\share\prims\jni.cpp, line 517]
Event: 29.191 Thread 0x0000020e7ee89820 Exception <a 'sun/nio/fs/WindowsException'{0x00000000b5dc0368}> (0x00000000b5dc0368) 
thrown [s\src\hotspot\share\prims\jni.cpp, line 517]
Event: 29.191 Thread 0x0000020e7ee89820 Exception <a 'sun/nio/fs/WindowsException'{0x00000000b5dc1a28}> (0x00000000b5dc1a28) 
thrown [s\src\hotspot\share\prims\jni.cpp, line 517]
Event: 29.264 Thread 0x0000020e7ee89820 Exception <a 'java/lang/NullPointerException'{0x00000000b526a1f8}> (0x00000000b526a1f8) 
thrown [s\src\hotspot\share\interpreter\linkResolver.cpp, line 1447]
Event: 29.306 Thread 0x0000020e7ee89820 Implicit null exception at 0x0000020e6e04eb51 to 0x0000020e6e050004
Event: 29.692 Thread 0x0000020e7ee89820 Exception <a 'java/lang/NoSuchMethodError'{0x00000000b4460d00}: 'java.lang.Object java.lang.invoke.DirectMethodHandle$Holder.invokeStaticInit(java.lang.Object, java.lang.Object, java.lang.Object, java.lang.Object, java.lang.Object, java.lang.Object, java.lang.Object, java.lang.Object, java.lang.Object, java.lang.Object, java.lang.Object, java.lang.Object, java.lang.Object, java.lang.Object, java.lang.Object, java.lang.Object, java.lang.Object, java.lang.Object, java.lang.Object, java.lang.Object, int, java
Event: 29.710 Thread 0x0000020e7ca390a0 Implicit null exception at 0x0000020e6e7c287d to 0x0000020e6e7c2e7c
Event: 29.885 Thread 0x0000020e7ee89820 Exception <a 'java/lang/NoSuchMethodError'{0x00000000b56b1fb8}: 'java.lang.Object java.lang.invoke.DirectMethodHandle$Holder.invokeStatic(java.lang.Object, int, java.lang.Object, java.lang.Object)'> (0x00000000b56b1fb8) 
thrown [s\src\hotspot\share\interpreter\linkResolver.cpp, line 771]
Event: 29.885 Thread 0x0000020e7ee89820 Exception <a 'java/lang/NoSuchMethodError'{0x00000000b56c7df8}: 'java.lang.Object java.lang.invoke.DirectMethodHandle$Holder.invokeStatic(java.lang.Object, java.lang.Object, int, java.lang.Object, java.lang.Object)'> (0x00000000b56c7df8) 
thrown [s\src\hotspot\share\interpreter\linkResolver.cpp, line 771]
Event: 29.894 Thread 0x0000020e7ee89820 Exception <a 'java/lang/IncompatibleClassChangeError'{0x00000000b55de3f0}: Found class java.lang.Object, but interface was expected> (0x00000000b55de3f0) 
thrown [s\src\hotspot\share\interpreter\linkResolver.cpp, line 838]
Event: 29.895 Thread 0x0000020e7ee89820 Exception <a 'java/lang/IncompatibleClassChangeError'{0x00000000b54244e8}: Found class java.lang.Object, but interface was expected> (0x00000000b54244e8) 
thrown [s\src\hotspot\share\interpreter\linkResolver.cpp, line 838]
Event: 29.896 Thread 0x0000020e7ee89820 Exception <a 'java/lang/IncompatibleClassChangeError'{0x00000000b542a2f8}: Found class java.lang.Object, but interface was expected> (0x00000000b542a2f8) 
thrown [s\src\hotspot\share\interpreter\linkResolver.cpp, line 838]
Event: 30.845 Thread 0x0000020e7ee89820 Exception <a 'java/lang/NoSuchMethodError'{0x00000000b52d0448}: 'void java.lang.invoke.DirectMethodHandle$Holder.invokeSpecial(java.lang.Object, java.lang.Object, java.lang.Object, java.lang.Object, int, java.lang.Object, java.lang.Object)'> (0x00000000b52d0448) 
thrown [s\src\hotspot\share\interpreter\linkResolver.cpp, line 771]
Event: 32.314 Thread 0x0000020e7ee89820 Implicit null exception at 0x0000020e6eb265f7 to 0x0000020e6eb297f0
Event: 32.354 Thread 0x0000020e7ee89820 Implicit null exception at 0x0000020e6e7c43d6 to 0x0000020e6e7c4800
Event: 34.887 Thread 0x0000020e7ee89820 Implicit null exception at 0x0000020e6e3b3fd7 to 0x0000020e6e3b4150
Event: 34.896 Thread 0x0000020e7ee89820 Implicit null exception at 0x0000020e6e39c7ba to 0x0000020e6e39c908

VM Operations (20 events):
Event: 34.097 Executing VM operation: G1CollectForAllocation
Event: 34.100 Executing VM operation: G1CollectForAllocation done
Event: 34.200 Executing VM operation: G1CollectForAllocation
Event: 34.202 Executing VM operation: G1CollectForAllocation done
Event: 34.406 Executing VM operation: G1CollectForAllocation
Event: 34.409 Executing VM operation: G1CollectForAllocation done
Event: 34.453 Executing VM operation: G1CollectForAllocation
Event: 34.476 Executing VM operation: G1CollectForAllocation done
Event: 34.503 Executing VM operation: G1CollectForAllocation
Event: 34.505 Executing VM operation: G1CollectForAllocation done
Event: 34.531 Executing VM operation: G1CollectForAllocation
Event: 34.535 Executing VM operation: G1CollectForAllocation done
Event: 34.555 Executing VM operation: G1CollectForAllocation
Event: 34.555 Executing VM operation: G1CollectForAllocation done
Event: 34.560 Executing VM operation: G1CollectForAllocation
Event: 34.563 Executing VM operation: G1CollectForAllocation done
Event: 34.581 Executing VM operation: G1CollectForAllocation
Event: 34.584 Executing VM operation: G1CollectForAllocation done
Event: 34.973 Executing VM operation: ICBufferFull
Event: 34.974 Executing VM operation: ICBufferFull done

Events (20 events):
Event: 34.441 Thread 0x0000020e08df3590 Thread added: 0x0000020e08df3590
Event: 34.874 Thread 0x0000020e07ef7f10 Thread added: 0x0000020e07ef7f10
Event: 34.875 Thread 0x0000020e07ef8420 Thread added: 0x0000020e07ef8420
Event: 34.875 Thread 0x0000020e07ef5180 Thread added: 0x0000020e07ef5180
Event: 34.875 Thread 0x0000020e07ef0fb0 Thread added: 0x0000020e07ef0fb0
Event: 34.875 Thread 0x0000020e07ef8930 Thread added: 0x0000020e07ef8930
Event: 34.876 Thread 0x0000020e07ef14c0 Thread added: 0x0000020e07ef14c0
Event: 34.876 Thread 0x0000020e07ef5690 Thread added: 0x0000020e07ef5690
Event: 34.876 Thread 0x0000020e07ef19d0 Thread added: 0x0000020e07ef19d0
Event: 34.876 Thread 0x0000020e07ef8e40 Thread added: 0x0000020e07ef8e40
Event: 34.876 Thread 0x0000020e07ef9350 Thread added: 0x0000020e07ef9350
Event: 34.876 Thread 0x0000020e07ef9860 Thread added: 0x0000020e07ef9860
Event: 34.876 Thread 0x0000020e07ef23f0 Thread added: 0x0000020e07ef23f0
Event: 34.876 Thread 0x0000020e07ef9d70 Thread added: 0x0000020e07ef9d70
Event: 34.877 Thread 0x0000020e07ef2900 Thread added: 0x0000020e07ef2900
Event: 34.877 Thread 0x0000020e07ef3320 Thread added: 0x0000020e07ef3320
Event: 34.877 Thread 0x0000020e07efa280 Thread added: 0x0000020e07efa280
Event: 34.877 Thread 0x0000020e07efa790 Thread added: 0x0000020e07efa790
Event: 34.877 Thread 0x0000020e07efaca0 Thread added: 0x0000020e07efaca0
Event: 34.878 Thread 0x0000020e07ef3830 Thread added: 0x0000020e07ef3830


Dynamic libraries:
0x00007ff6bf980000 - 0x00007ff6bf98a000 	C:\Program Files\Android\Android Studio2\jbr\bin\java.exe
0x00007fff72b30000 - 0x00007fff72d47000 	C:\WINDOWS\SYSTEM32\ntdll.dll
0x00007fff71d60000 - 0x00007fff71e24000 	C:\WINDOWS\System32\KERNEL32.DLL
0x00007fff6ff00000 - 0x00007fff702ad000 	C:\WINDOWS\System32\KERNELBASE.dll
0x00007fff705f0000 - 0x00007fff70701000 	C:\WINDOWS\System32\ucrtbase.dll
0x00007fff5f000000 - 0x00007fff5f017000 	C:\Program Files\Android\Android Studio2\jbr\bin\jli.dll
0x00007fff4d470000 - 0x00007fff4d48b000 	C:\Program Files\Android\Android Studio2\jbr\bin\VCRUNTIME140.dll
0x00007fff721e0000 - 0x00007fff7238e000 	C:\WINDOWS\System32\USER32.dll
0x00007fff70450000 - 0x00007fff70476000 	C:\WINDOWS\System32\win32u.dll
0x00007fff5adb0000 - 0x00007fff5b043000 	C:\WINDOWS\WinSxS\amd64_microsoft.windows.common-controls_6595b64144ccf1df_6.0.22621.3672_none_2713b9d173822955\COMCTL32.dll
0x00007fff717f0000 - 0x00007fff71819000 	C:\WINDOWS\System32\GDI32.dll
0x00007fff702b0000 - 0x00007fff703c9000 	C:\WINDOWS\System32\gdi32full.dll
0x00007fff6fe60000 - 0x00007fff6fefa000 	C:\WINDOWS\System32\msvcp_win.dll
0x00007fff71e30000 - 0x00007fff71ed7000 	C:\WINDOWS\System32\msvcrt.dll
0x00007fff71bc0000 - 0x00007fff71bf1000 	C:\WINDOWS\System32\IMM32.DLL
0x00007fff4d460000 - 0x00007fff4d46c000 	C:\Program Files\Android\Android Studio2\jbr\bin\vcruntime140_1.dll
0x00007fff0c320000 - 0x00007fff0c3ad000 	C:\Program Files\Android\Android Studio2\jbr\bin\msvcp140.dll
0x00007ffef58d0000 - 0x00007ffef6553000 	C:\Program Files\Android\Android Studio2\jbr\bin\server\jvm.dll
0x00007fff711e0000 - 0x00007fff71292000 	C:\WINDOWS\System32\ADVAPI32.dll
0x00007fff712a0000 - 0x00007fff71349000 	C:\WINDOWS\System32\sechost.dll
0x00007fff70780000 - 0x00007fff707a8000 	C:\WINDOWS\System32\bcrypt.dll
0x00007fff729c0000 - 0x00007fff72ad4000 	C:\WINDOWS\System32\RPCRT4.dll
0x00007fff6ecb0000 - 0x00007fff6ecfd000 	C:\WINDOWS\SYSTEM32\POWRPROF.dll
0x00007fff6a140000 - 0x00007fff6a149000 	C:\WINDOWS\SYSTEM32\WSOCK32.dll
0x00007fff69ea0000 - 0x00007fff69ed4000 	C:\WINDOWS\SYSTEM32\WINMM.dll
0x00007fff66590000 - 0x00007fff6659a000 	C:\WINDOWS\SYSTEM32\VERSION.dll
0x00007fff71160000 - 0x00007fff711d1000 	C:\WINDOWS\System32\ws2_32.DLL
0x00007fff6ec90000 - 0x00007fff6eca3000 	C:\WINDOWS\SYSTEM32\UMPDC.dll
0x00007fff6eea0000 - 0x00007fff6eeb8000 	C:\WINDOWS\SYSTEM32\kernel.appcore.dll
0x00007fff6b250000 - 0x00007fff6b25a000 	C:\Program Files\Android\Android Studio2\jbr\bin\jimage.dll
0x00007fff6d820000 - 0x00007fff6da52000 	C:\WINDOWS\SYSTEM32\DBGHELP.DLL
0x00007fff71460000 - 0x00007fff717e8000 	C:\WINDOWS\System32\combase.dll
0x00007fff71c00000 - 0x00007fff71cd7000 	C:\WINDOWS\System32\OLEAUT32.dll
0x00007fff644b0000 - 0x00007fff644e2000 	C:\WINDOWS\SYSTEM32\dbgcore.DLL
0x00007fff703d0000 - 0x00007fff7044b000 	C:\WINDOWS\System32\bcryptPrimitives.dll
0x00007fff601a0000 - 0x00007fff601ae000 	C:\Program Files\Android\Android Studio2\jbr\bin\instrument.dll
0x00007fff46790000 - 0x00007fff467b5000 	C:\Program Files\Android\Android Studio2\jbr\bin\java.dll
0x00007fff6aa10000 - 0x00007fff6aa28000 	C:\Program Files\Android\Android Studio2\jbr\bin\zip.dll
0x00007fff70900000 - 0x00007fff7115f000 	C:\WINDOWS\System32\SHELL32.dll
0x00007fff6dd70000 - 0x00007fff6e66c000 	C:\WINDOWS\SYSTEM32\windows.storage.dll
0x00007fff6dc30000 - 0x00007fff6dd6f000 	C:\WINDOWS\SYSTEM32\wintypes.dll
0x00007fff72440000 - 0x00007fff72534000 	C:\WINDOWS\System32\SHCORE.dll
0x00007fff723e0000 - 0x00007fff7243e000 	C:\WINDOWS\System32\shlwapi.dll
0x00007fff6fd90000 - 0x00007fff6fdb1000 	C:\WINDOWS\SYSTEM32\profapi.dll
0x00007fff6a150000 - 0x00007fff6a169000 	C:\Program Files\Android\Android Studio2\jbr\bin\net.dll
0x00007fff6b560000 - 0x00007fff6b696000 	C:\WINDOWS\SYSTEM32\WINHTTP.dll
0x00007fff6f3a0000 - 0x00007fff6f409000 	C:\WINDOWS\system32\mswsock.dll
0x00007fff69be0000 - 0x00007fff69bf6000 	C:\Program Files\Android\Android Studio2\jbr\bin\nio.dll
0x00007fff692a0000 - 0x00007fff692b0000 	C:\Program Files\Android\Android Studio2\jbr\bin\verify.dll
0x00007fff29300000 - 0x00007fff29327000 	C:\Users\Hashem Arenat\.gradle\native\c067742578af261105cb4f569cf0c3c89f3d7b1fecec35dd04571415982c5e48\windows-amd64\native-platform.dll
0x00007fff05530000 - 0x00007fff05674000 	C:\Users\Hashem Arenat\.gradle\native\38dada09dfb8b06ba9b0570ebf7e218e3eb74d4ef43ca46872605cf95ebc2f47\windows-amd64\native-platform-file-events.dll
0x00007fff6b0b0000 - 0x00007fff6b0b9000 	C:\Program Files\Android\Android Studio2\jbr\bin\management.dll
0x00007fff6acd0000 - 0x00007fff6acdb000 	C:\Program Files\Android\Android Studio2\jbr\bin\management_ext.dll
0x00007fff72ae0000 - 0x00007fff72ae8000 	C:\WINDOWS\System32\PSAPI.DLL
0x00007fff6f6f0000 - 0x00007fff6f70b000 	C:\WINDOWS\SYSTEM32\CRYPTSP.dll
0x00007fff6eec0000 - 0x00007fff6eef5000 	C:\WINDOWS\system32\rsaenh.dll
0x00007fff6f440000 - 0x00007fff6f468000 	C:\WINDOWS\SYSTEM32\USERENV.dll
0x00007fff6f6d0000 - 0x00007fff6f6dc000 	C:\WINDOWS\SYSTEM32\CRYPTBASE.dll
0x00007fff6e940000 - 0x00007fff6e96d000 	C:\WINDOWS\SYSTEM32\IPHLPAPI.DLL
0x00007fff72150000 - 0x00007fff72159000 	C:\WINDOWS\System32\NSI.dll
0x00007fff6b280000 - 0x00007fff6b299000 	C:\WINDOWS\SYSTEM32\dhcpcsvc6.DLL
0x00007fff6b060000 - 0x00007fff6b07f000 	C:\WINDOWS\SYSTEM32\dhcpcsvc.DLL
0x00007fff6e970000 - 0x00007fff6ea68000 	C:\WINDOWS\SYSTEM32\DNSAPI.dll
0x00007fff6b220000 - 0x00007fff6b229000 	C:\Program Files\Android\Android Studio2\jbr\bin\extnet.dll
0x00007fff52610000 - 0x00007fff52618000 	C:\WINDOWS\system32\wshunix.dll
0x00007fff69350000 - 0x00007fff69367000 	C:\WINDOWS\system32\napinsp.dll
0x00007fff5d990000 - 0x00007fff5d9ab000 	C:\WINDOWS\system32\pnrpnsp.dll
0x00007fff5d970000 - 0x00007fff5d981000 	C:\WINDOWS\System32\winrnr.dll
0x00007fff678c0000 - 0x00007fff678d5000 	C:\WINDOWS\system32\wshbth.dll
0x00007fff4d860000 - 0x00007fff4d887000 	C:\WINDOWS\system32\nlansp_c.dll
0x00007fff69c50000 - 0x00007fff69c5a000 	C:\Windows\System32\rasadhlp.dll
0x00007fff69ee0000 - 0x00007fff69f63000 	C:\WINDOWS\System32\fwpuclnt.dll

dbghelp: loaded successfully - version: 4.0.5 - missing functions: none
symbol engine: initialized successfully - sym options: 0x614 - pdb path: .;C:\Program Files\Android\Android Studio2\jbr\bin;C:\WINDOWS\SYSTEM32;C:\WINDOWS\WinSxS\amd64_microsoft.windows.common-controls_6595b64144ccf1df_6.0.22621.3672_none_2713b9d173822955;C:\Program Files\Android\Android Studio2\jbr\bin\server;C:\Users\Hashem Arenat\.gradle\native\c067742578af261105cb4f569cf0c3c89f3d7b1fecec35dd04571415982c5e48\windows-amd64;C:\Users\Hashem Arenat\.gradle\native\38dada09dfb8b06ba9b0570ebf7e218e3eb74d4ef43ca46872605cf95ebc2f47\windows-amd64

VM Arguments:
jvm_args: --add-opens=java.base/java.util=ALL-UNNAMED --add-opens=java.base/java.lang=ALL-UNNAMED --add-opens=java.base/java.lang.invoke=ALL-UNNAMED --add-opens=java.prefs/java.util.prefs=ALL-UNNAMED --add-opens=java.base/java.nio.charset=ALL-UNNAMED --add-opens=java.base/java.net=ALL-UNNAMED --add-opens=java.base/java.util.concurrent.atomic=ALL-UNNAMED -Xmx1536M -Dfile.encoding=UTF-8 -Duser.country=US -Duser.language=en -Duser.variant -javaagent:C:\Users\Hashem Arenat\.gradle\wrapper\dists\gradle-8.7-bin\bhs2wmbdwecv87pi65oeuq5iu\gradle-8.7\lib\agents\gradle-instrumentation-agent-8.7.jar 
java_command: org.gradle.launcher.daemon.bootstrap.GradleDaemon 8.7
java_class_path (initial): C:\Users\Hashem Arenat\.gradle\wrapper\dists\gradle-8.7-bin\bhs2wmbdwecv87pi65oeuq5iu\gradle-8.7\lib\gradle-launcher-8.7.jar
Launcher Type: SUN_STANDARD

[Global flags]
     intx CICompilerCount                          = 12                                        {product} {ergonomic}
     uint ConcGCThreads                            = 4                                         {product} {ergonomic}
     uint G1ConcRefinementThreads                  = 15                                        {product} {ergonomic}
   size_t G1HeapRegionSize                         = 1048576                                   {product} {ergonomic}
    uintx GCDrainStackTargetSize                   = 64                                        {product} {ergonomic}
   size_t InitialHeapSize                          = 264241152                                 {product} {ergonomic}
   size_t MarkStackSize                            = 4194304                                   {product} {ergonomic}
   size_t MaxHeapSize                              = 1610612736                                {product} {command line}
   size_t MaxNewSize                               = 965738496                                 {product} {ergonomic}
   size_t MinHeapDeltaBytes                        = 1048576                                   {product} {ergonomic}
   size_t MinHeapSize                              = 8388608                                   {product} {ergonomic}
    uintx NonNMethodCodeHeapSize                   = 7602480                                {pd product} {ergonomic}
    uintx NonProfiledCodeHeapSize                  = 122027880                              {pd product} {ergonomic}
    uintx ProfiledCodeHeapSize                     = 122027880                              {pd product} {ergonomic}
    uintx ReservedCodeCacheSize                    = 251658240                              {pd product} {ergonomic}
     bool SegmentedCodeCache                       = true                                      {product} {ergonomic}
   size_t SoftMaxHeapSize                          = 1610612736                             {manageable} {ergonomic}
     bool UseCompressedClassPointers               = true                           {product lp64_product} {ergonomic}
     bool UseCompressedOops                        = true                           {product lp64_product} {ergonomic}
     bool UseG1GC                                  = true                                      {product} {ergonomic}
     bool UseLargePagesIndividualAllocation        = false                                  {pd product} {ergonomic}

Logging:
Log output configuration:
 #0: stdout all=warning uptime,level,tags
 #1: stderr all=off uptime,level,tags

Environment Variables:
JAVA_HOME=C:\Program Files\Java\jdk-21
PATH=C:\oraclexe\app\oracle\product\10.2.0\server\bin;D:\DevSuiteHome_1\jdk\jre\bin\classic;D:\DevSuiteHome_1\jdk\jre\bin;D:\DevSuiteHome_1\jdk\jre\bin\client;D:\DevSuiteHome_1\jlib;D:\DevSuiteHome_1\bin;D:\DevSuiteHome_1\jre\1.4.2\bin\client;D:\DevSuiteHome_1\jre\1.4.2\bin;C:\Program Files\Common Files\Oracle\Java\javapath;C:\WINDOWS\system32;C:\WINDOWS;C:\WINDOWS\System32\Wbem;C:\WINDOWS\System32\WindowsPowerShell\v1.0\;C:\WINDOWS\System32\OpenSSH\;C:\MinGW\bin;C:\Program Files\Java\jdk-21\bin;C:\Program Files\nodejs;C:\Program Files\nodejs\node_modules\npm\bin;C:\Program Files\Git\cmd;C:\Program Files\dotnet\;C:\Users\Hashem Arenat\AppData\Local\Microsoft\WindowsApps;C:\AppServ\Apache24\bin;C:\AppServ\php7;C:\AppServ\MySQL\bin;C:\Program Files\Java\jdk-21\bin;C:\scrcpy-win64-v2.2;C:\dart-sdk\bin;C:\Users\Hashem Arenat\AppData\Local\Programs\Microsoft VS Code\bin;C:\flutter\bin;C:\Users\Hashem Arenat\Desktop\cmder\bin;C:\Users\Hashem Arenat\AppData\Roaming\npm;;C:\Program Files\JetBrains\IntelliJ IDEA Community Edition 2024.1.2\bin;;C:\Program Files\JetBrains\IntelliJ IDEA 2024.1.2\bin;
USERNAME=Hashem 1
OS=Windows_NT
PROCESSOR_IDENTIFIER=Intel64 Family 6 Model 154 Stepping 3, GenuineIntel
TMP=C:\Users\HASHEM~1\AppData\Local\Temp
TEMP=C:\Users\HASHEM~1\AppData\Local\Temp



Periodic native trim disabled

JNI global refs:
JNI global refs: 39, weak refs: 9

JNI global refs memory usage: 843, weak refs: 841

OOME stack traces (most recent first):
Classloader memory used:
Loader org.gradle.internal.classloader.VisitableURLClassLoader                         : 13306K
Loader org.gradle.internal.classloader.VisitableURLClassLoader$InstrumentingVisitableURLClassLoader: 5698K
Loader bootstrap                                                                       : 3258K
Loader org.gradle.initialization.MixInLegacyTypesClassLoader                           : 1650K
Loader org.gradle.internal.classloader.VisitableURLClassLoader                         : 894K
Loader jdk.internal.reflect.DelegatingClassLoader                                      : 125K
Loader jdk.internal.loader.ClassLoaders$PlatformClassLoader                            : 69218B
Loader jdk.internal.jrtfs.JrtFileSystemProvider$JrtFsLoader                            : 42606B
Loader org.codehaus.groovy.runtime.callsite.CallSiteClassLoader                        : 37537B
Loader jdk.internal.loader.ClassLoaders$AppClassLoader                                 : 28771B
Loader org.gradle.groovy.scripts.internal.DefaultScriptCompilationHandler$ScriptClassLoader: 10882B
Loader sun.reflect.misc.MethodUtil                                                     : 373B

Classes loaded by more than one classloader:
Class Program                                                                         : loaded 5 times (x 70B)
Class com.google.common.collect.ImmutableSet$CachingAsList                            : loaded 3 times (x 145B)
Class com.google.common.collect.RegularImmutableList                                  : loaded 3 times (x 172B)
Class com.google.common.base.CharMatcher$IsEither                                     : loaded 3 times (x 109B)
Class com.google.common.collect.Iterators$MergingIterator                             : loaded 3 times (x 79B)
Class com.google.common.base.CharMatcher$AnyOf                                        : loaded 3 times (x 110B)
Class com.google.common.collect.ImmutableAsList                                       : loaded 3 times (x 169B)
Class com.google.common.base.CharMatcher$FastMatcher                                  : loaded 3 times (x 109B)
Class com.google.common.base.Joiner$2                                                 : loaded 3 times (x 77B)
Class com.google.common.base.Joiner$1                                                 : loaded 3 times (x 78B)
Class com.google.common.collect.ImmutableMapEntry                                     : loaded 3 times (x 83B)
Class com.google.common.base.CharMatcher$NamedFastMatcher                             : loaded 3 times (x 110B)
Class com.google.common.base.AbstractIterator$State                                   : loaded 3 times (x 77B)
Class com.google.common.collect.ImmutableSet                                          : loaded 3 times (x 143B)
Class org.gradle.internal.Cast                                                        : loaded 3 times (x 69B)
Class com.google.common.collect.ImmutableBiMap                                        : loaded 3 times (x 141B)
Class com.google.common.collect.ImmutableMap$MapViewOfValuesAsSingletonSets           : loaded 3 times (x 123B)
Class com.google.common.base.CharMatcher$ForPredicate                                 : loaded 3 times (x 110B)
Class com.google.common.collect.SingletonImmutableList                                : loaded 3 times (x 167B)
Class com.google.common.base.CharMatcher$Negated                                      : loaded 3 times (x 111B)
Class com.google.common.collect.ImmutableList$Builder                                 : loaded 3 times (x 75B)
Class com.google.common.collect.AbstractMapEntry                                      : loaded 3 times (x 79B)
Class com.google.common.base.NullnessCasts                                            : loaded 3 times (x 69B)
Class com.google.common.collect.AbstractIterator                                      : loaded 3 times (x 80B)
Class com.google.common.base.CharMatcher$NegatedFastMatcher                           : loaded 3 times (x 111B)
Class com.google.common.base.CommonPattern                                            : loaded 3 times (x 72B)
Class com.google.common.collect.ImmutableCollection$Builder                           : loaded 3 times (x 74B)
Class com.google.common.collect.Iterables                                             : loaded 3 times (x 69B)
Class com.google.common.base.CharMatcher$Or                                           : loaded 3 times (x 110B)
Class com.google.common.collect.ImmutableMap$1                                        : loaded 3 times (x 79B)
Class com.google.common.collect.ImmutableSet$SetBuilderImpl                           : loaded 3 times (x 74B)
Class com.google.common.base.Splitter$1                                               : loaded 3 times (x 75B)
Class com.google.common.collect.ImmutableList$SubList                                 : loaded 3 times (x 168B)
Class com.google.common.base.Splitter$SplittingIterator                               : loaded 3 times (x 82B)
Class com.google.common.collect.IndexedImmutableSet                                   : loaded 3 times (x 148B)
Class com.google.common.base.CharMatcher$And                                          : loaded 3 times (x 110B)
Class org.gradle.api.UncheckedIOException                                             : loaded 3 times (x 80B)
Class com.google.common.base.CharMatcher$1                                            : loaded 3 times (x 111B)
Class com.google.common.collect.Iterators                                             : loaded 3 times (x 69B)
Class com.google.common.base.AbstractIterator$1                                       : loaded 3 times (x 69B)
Class com.google.common.base.AbstractIterator                                         : loaded 3 times (x 78B)
Class [Lcom.google.common.base.AbstractIterator$State;                                : loaded 3 times (x 67B)
Class com.google.common.collect.SingletonImmutableSet                                 : loaded 3 times (x 144B)
Class com.google.common.collect.ImmutableMapEntrySet                                  : loaded 3 times (x 149B)
Class com.google.common.collect.PeekingIterator                                       : loaded 3 times (x 68B)
Class com.google.common.collect.RegularImmutableAsList                                : loaded 3 times (x 176B)
Class org.gradle.api.Action                                                           : loaded 3 times (x 68B)
Class com.google.common.base.CharMatcher$Is                                           : loaded 3 times (x 109B)
Class com.google.common.collect.ImmutableMapEntry$NonTerminalImmutableMapEntry        : loaded 3 times (x 83B)
Class com.google.common.collect.ImmutableSet$RegularSetBuilderImpl                    : loaded 3 times (x 75B)
Class com.google.common.base.Splitter$1$1                                             : loaded 3 times (x 84B)
Class com.google.common.collect.ImmutableMapEntrySet$RegularEntrySet                  : loaded 3 times (x 149B)
Class com.google.common.base.Splitter$Strategy                                        : loaded 3 times (x 68B)
Class com.google.common.collect.ImmutableList$1                                       : loaded 3 times (x 95B)
Class com.google.common.collect.ImmutableEntry                                        : loaded 3 times (x 80B)
Class com.google.common.collect.Lists$StringAsImmutableList                           : loaded 3 times (x 167B)
Class com.google.common.collect.UnmodifiableListIterator                              : loaded 3 times (x 93B)
Class com.google.common.base.CharMatcher$None                                         : loaded 3 times (x 110B)
Class com.google.common.collect.AbstractIndexedListIterator                           : loaded 3 times (x 94B)
Class com.google.common.collect.RegularImmutableMap                                   : loaded 3 times (x 119B)
Class com.google.common.collect.CollectPreconditions                                  : loaded 3 times (x 69B)
Class com.google.common.collect.RegularImmutableMap$KeySet                            : loaded 3 times (x 148B)
Class org.gradle.internal.IoActions                                                   : loaded 3 times (x 69B)
Class com.google.common.collect.Iterators$9                                           : loaded 3 times (x 79B)
Class com.google.common.base.Function                                                 : loaded 3 times (x 68B)
Class com.google.common.base.Preconditions                                            : loaded 3 times (x 69B)
Class com.google.common.base.Joiner                                                   : loaded 3 times (x 77B)
Class com.google.common.collect.Iterators$5                                           : loaded 3 times (x 80B)
Class com.google.common.collect.RegularImmutableMap$BucketOverflowException           : loaded 3 times (x 80B)
Class com.google.common.base.CharMatcher                                              : loaded 3 times (x 109B)
Class com.google.common.collect.Iterators$4                                           : loaded 3 times (x 80B)
Class com.google.common.collect.Iterators$1                                           : loaded 3 times (x 79B)
Class com.google.common.collect.ImmutableList                                         : loaded 3 times (x 166B)
Class com.google.common.collect.ObjectArrays                                          : loaded 3 times (x 69B)
Class com.google.common.base.CharMatcher$IsNot                                        : loaded 3 times (x 109B)
Class com.google.common.collect.ImmutableList$ReverseImmutableList                    : loaded 3 times (x 168B)
Class com.google.common.collect.RegularImmutableMap$Values                            : loaded 3 times (x 167B)
Class com.google.common.collect.ImmutableCollection                                   : loaded 3 times (x 123B)
Class org.gradle.api.GradleException                                                  : loaded 3 times (x 80B)
Class com.google.common.base.JdkPattern                                               : loaded 3 times (x 73B)
Class com.google.common.collect.UnmodifiableIterator                                  : loaded 3 times (x 78B)
Class com.google.common.collect.Lists                                                 : loaded 3 times (x 69B)
Class com.google.common.collect.BiMap                                                 : loaded 3 times (x 68B)
Class com.google.common.base.CharMatcher$InRange                                      : loaded 3 times (x 109B)
Class com.google.common.collect.RegularImmutableSet                                   : loaded 3 times (x 146B)
Class com.google.common.base.Splitter                                                 : loaded 3 times (x 70B)
Class com.google.common.base.Predicate                                                : loaded 3 times (x 68B)
Class com.google.common.collect.Iterators$ArrayItr                                    : loaded 3 times (x 95B)
Class com.google.common.collect.ImmutableMap                                          : loaded 3 times (x 118B)
Class com.google.common.collect.ImmutableMap$IteratorBasedImmutableMap                : loaded 3 times (x 123B)
Class com.google.common.base.CharMatcher$BitSetMatcher                                : loaded 3 times (x 110B)
Class org.gradle.internal.installation.GradleInstallation$1                           : loaded 2 times (x 73B)
Class com.google.common.cache.LocalCache$AbstractReferenceEntry                       : loaded 2 times (x 105B)
Class org.objectweb.asm.Type                                                          : loaded 2 times (x 70B)
Class jdk.internal.jrtfs.SystemImage$1                                                : loaded 2 times (x 76B)
Class com.google.common.util.concurrent.AbstractFuture$Failure                        : loaded 2 times (x 70B)
Class jdk.internal.jrtfs.SystemImage$2                                                : loaded 2 times (x 74B)
Class com.android.builder.model.v2.dsl.BaseConfig                                     : loaded 2 times (x 68B)
Class org.gradle.api.internal.DefaultClassPathProvider                                : loaded 2 times (x 74B)
Class com.amazon.ion.impl.bin._Private_IonManagedWriter                               : loaded 2 times (x 68B)
Class org.jetbrains.kotlin.idea.gradleTooling.KotlinMPPGradleModel                    : loaded 2 times (x 68B)
Class org.gradle.internal.exceptions.DefaultMultiCauseException                       : loaded 2 times (x 93B)
Class kotlin.text.MatchNamedGroupCollection                                           : loaded 2 times (x 68B)
Class kotlin.ranges.IntProgression                                                    : loaded 2 times (x 79B)
Class com.google.common.io.Files$FileByteSource                                       : loaded 2 times (x 83B)
Class com.google.common.cache.LocalCache$Segment                                      : loaded 2 times (x 152B)
Class [Lcom.android.builder.model.v2.ide.BytecodeTransformation;                      : loaded 2 times (x 67B)
Class kotlin.jvm.internal.CallableReference                                           : loaded 2 times (x 104B)
Class com.google.common.base.Converter                                                : loaded 2 times (x 88B)
Class com.amazon.ion.impl.bin.IonRawBinaryWriter$PatchList$Node                       : loaded 2 times (x 70B)
Class org.gradle.tooling.model.UnsupportedMethodException                             : loaded 2 times (x 80B)
Class com.android.builder.model.v2.models.ModelBuilderParameter                       : loaded 2 times (x 68B)
Class com.google.common.collect.ImmutableSet$EmptySetBuilderImpl                      : loaded 2 times (x 74B)
Class com.android.builder.model.v2.ide.ProjectType                                    : loaded 2 times (x 77B)
Class com.amazon.ion.IonBlob                                                          : loaded 2 times (x 68B)
Class kotlin.comparisons.ComparisonsKt                                                : loaded 2 times (x 69B)
Class org.jetbrains.plugins.gradle.model.GradleSourceSetModel                         : loaded 2 times (x 68B)
Class kotlin.io.FilesKt                                                               : loaded 2 times (x 69B)
Class kotlin.collections.CollectionsKt__CollectionsKt                                 : loaded 2 times (x 69B)
Class kotlin.io.FileSystemException                                                   : loaded 2 times (x 80B)
Class com.google.common.base.Equivalence                                              : loaded 2 times (x 80B)
Class com.amazon.ion.impl.lite.ContainerlessContext                                   : loaded 2 times (x 78B)
Class kotlin.coroutines.jvm.internal.RestrictedSuspendLambda                          : loaded 2 times (x 89B)
Class com.google.common.primitives.Ints                                               : loaded 2 times (x 69B)
Class com.google.common.cache.LocalCache$EntryFactory$1                               : loaded 2 times (x 81B)
Class org.gradle.tooling.internal.adapter.ProtocolToModelAdapter$PropertyCachingMethodInvoker: loaded 2 times (x 74B)
Class org.gradle.tooling.model.build.JavaEnvironment                                  : loaded 2 times (x 68B)
Class com.google.common.cache.LocalCache$EntryFactory$2                               : loaded 2 times (x 81B)
Class com.amazon.ion.IonDecimal                                                       : loaded 2 times (x 68B)
Class kotlin.collections.ArraysKt__ArraysKt                                           : loaded 2 times (x 69B)
Class com.google.common.cache.LocalCache$EntryFactory$3                               : loaded 2 times (x 81B)
Class com.google.common.cache.LocalCache$EntryFactory$4                               : loaded 2 times (x 81B)
Class org.gradle.tooling.internal.adapter.ProtocolToModelAdapter$NoOpDecoration       : loaded 2 times (x 77B)
Class com.google.common.cache.LocalCache$EntryFactory$5                               : loaded 2 times (x 81B)
Class com.google.common.cache.LocalCache$EntryFactory$6                               : loaded 2 times (x 81B)
Class com.google.common.cache.LocalCache$EntryFactory$7                               : loaded 2 times (x 81B)
Class org.gradle.internal.time.MonotonicClock                                         : loaded 2 times (x 75B)
Class com.google.common.cache.LocalCache$EntryFactory$8                               : loaded 2 times (x 81B)
Class org.gradle.tooling.internal.adapter.ProtocolToModelAdapter$SupportedPropertyInvoker: loaded 2 times (x 74B)
Class kotlin.reflect.KDeclarationContainer                                            : loaded 2 times (x 68B)
Class [Lcom.google.common.cache.Weigher;                                              : loaded 2 times (x 67B)
Class com.amazon.ion.impl.bin.IonRawBinaryWriter$PreallocationMode$1                  : loaded 2 times (x 80B)
Class kotlin.collections.ArrayDeque$Companion                                         : loaded 2 times (x 69B)
Class com.amazon.ion.impl.bin.IonRawBinaryWriter$PreallocationMode$2                  : loaded 2 times (x 80B)
Class com.google.common.cache.LocalCache$StrongValueReference                         : loaded 2 times (x 88B)
Class com.amazon.ion.impl.bin.IonRawBinaryWriter$PreallocationMode$3                  : loaded 2 times (x 80B)
Class kotlin.text.StringsKt                                                           : loaded 2 times (x 69B)
Class org.gradle.internal.classloader.FilteringClassLoader                            : loaded 2 times (x 103B)
Class com.amazon.ion.impl.lite.IonSymbolLite                                          : loaded 2 times (x 244B)
Class com.amazon.ion.impl.lite.IonContext                                             : loaded 2 times (x 68B)
Class kotlin.collections.AbstractMutableList                                          : loaded 2 times (x 166B)
Class [Lcom.android.builder.model.v2.ide.ProjectType;                                 : loaded 2 times (x 67B)
Class jdk.internal.jimage.ImageReader$Resource                                        : loaded 2 times (x 82B)
Class org.jetbrains.plugins.gradle.tooling.serialization.SerializationService         : loaded 2 times (x 68B)
Class kotlin.jvm.internal.Lambda                                                      : loaded 2 times (x 73B)
Class org.gradle.tooling.model.idea.IdeaDependencyScope                               : loaded 2 times (x 68B)
Class com.google.common.collect.ComparisonChain$InactiveComparisonChain               : loaded 2 times (x 78B)
Class jdk.internal.jrtfs.SystemImage                                                  : loaded 2 times (x 72B)
Class org.gradle.tooling.model.Model                                                  : loaded 2 times (x 68B)
Class [Lcom.google.common.cache.LocalCache$Strength;                                  : loaded 2 times (x 67B)
Class kotlin.reflect.KCallable                                                        : loaded 2 times (x 68B)
Class org.gradle.internal.classpath.DefaultClassPath$ImmutableUniqueList$Builder      : loaded 2 times (x 73B)
Class com.amazon.ion.impl.bin.IonManagedBinaryWriter$ImportedSymbolResolverMode$1$1   : loaded 2 times (x 76B)
Class com.google.common.collect.AbstractRangeSet                                      : loaded 2 times (x 112B)
Class com.google.common.collect.ExplicitOrdering                                      : loaded 2 times (x 113B)
Class kotlin.UninitializedPropertyAccessException                                     : loaded 2 times (x 80B)
Class com.amazon.ion.impl._Private_IonContainer                                       : loaded 2 times (x 68B)
Class com.google.common.collect.Maps$8                                                : loaded 2 times (x 80B)
Class com.android.utils.FileUtils                                                     : loaded 2 times (x 69B)
Class [Lcom.google.common.cache.CacheBuilder$NullListener;                            : loaded 2 times (x 67B)
Class com.google.common.base.PatternCompiler                                          : loaded 2 times (x 68B)
Class com.intellij.gradle.toolingExtension.impl.model.dependencyDownloadPolicyModel.GradleDependencyDownloadPolicy: loaded 2 times (x 68B)
Class com.amazon.ion.IonReader                                                        : loaded 2 times (x 68B)
Class kotlin.Result$Failure                                                           : loaded 2 times (x 70B)
Class com.google.common.collect.Maps$KeySet                                           : loaded 2 times (x 135B)
Class com.google.common.collect.ImmutableMultimap$EntryCollection                     : loaded 2 times (x 125B)
Class org.jetbrains.kotlin.idea.gradleTooling.KotlinSourceSetContainer                : loaded 2 times (x 68B)
Class kotlin.Result$Companion                                                         : loaded 2 times (x 69B)
Class com.google.common.collect.Sets$SetView                                          : loaded 2 times (x 136B)
Class org.objectweb.asm.tree.ModuleNode                                               : loaded 2 times (x 81B)
Class com.amazon.ion.impl.bin.utf8.Pool                                               : loaded 2 times (x 72B)
Class jdk.internal.jrtfs.JrtDirectoryStream$1                                         : loaded 2 times (x 81B)
Class kotlin.collections.IntIterator                                                  : loaded 2 times (x 80B)
Class org.objectweb.asm.AnnotationWriter                                              : loaded 2 times (x 77B)
Class com.amazon.ion.IonMutableCatalog                                                : loaded 2 times (x 68B)
Class org.apache.commons.io.output.ThresholdingOutputStream                           : loaded 2 times (x 92B)
Class com.google.common.math.IntMath$1                                                : loaded 2 times (x 69B)
Class kotlin.jvm.internal.markers.KMutableIterable                                    : loaded 2 times (x 68B)
Class org.gradle.internal.classloader.ClassLoaderVisitor                              : loaded 2 times (x 74B)
Class org.objectweb.asm.tree.InsnNode                                                 : loaded 2 times (x 76B)
Class org.apache.http.HttpEntityEnclosingRequest                                      : loaded 2 times (x 68B)
Class org.objectweb.asm.Label                                                         : loaded 2 times (x 71B)
Class com.google.common.cache.CacheBuilder$NullListener                               : loaded 2 times (x 80B)
Class org.gradle.tooling.internal.adapter.ProtocolToModelAdapter$MethodInvocationCache$MethodInvocationKey: loaded 2 times (x 71B)
Class org.jetbrains.plugins.gradle.tooling.serialization.internal.adapter.Supplier    : loaded 2 times (x 68B)
Class com.android.builder.model.v2.models.Versions$Version                            : loaded 2 times (x 68B)
Class com.google.common.collect.ImmutableMultimap                                     : loaded 2 times (x 145B)
Class com.amazon.ion.impl.SharedSymbolTable                                           : loaded 2 times (x 91B)
Class org.apache.commons.io.filefilter.IOFileFilter                                   : loaded 2 times (x 68B)
Class com.google.common.math.MathPreconditions                                        : loaded 2 times (x 69B)
Class org.gradle.internal.time.DefaultCountdownTimer                                  : loaded 2 times (x 86B)
Class com.google.common.io.ByteStreams$1                                              : loaded 2 times (x 83B)
Class org.jetbrains.kotlin.cli.common.CompilerSystemProperties                        : loaded 2 times (x 78B)
Class [Lcom.amazon.ion.SymbolToken;                                                   : loaded 2 times (x 67B)
Class com.amazon.ion.impl.bin.IonManagedBinaryWriter$ImportedSymbolResolverMode       : loaded 2 times (x 78B)
Class kotlin.text.StringsKt__RegexExtensionsKt                                        : loaded 2 times (x 69B)
Class org.gradle.tooling.internal.adapter.CollectionMapper                            : loaded 2 times (x 71B)
Class com.amazon.ion.impl._Private_LocalSymbolTableFactory                            : loaded 2 times (x 68B)
Class com.android.builder.model.v2.ide.TestInfo                                       : loaded 2 times (x 68B)
Class org.gradle.internal.service.DefaultServiceLocator                               : loaded 2 times (x 81B)
Class org.jetbrains.plugins.gradle.model.jar.JarTaskManifestConfiguration             : loaded 2 times (x 68B)
Class com.amazon.ion.impl.lite.IonFloatLite                                           : loaded 2 times (x 184B)
Class kotlin.text.StringsKt__StringBuilderJVMKt                                       : loaded 2 times (x 69B)
Class org.gradle.internal.service.UnknownServiceException                             : loaded 2 times (x 81B)
Class org.jetbrains.plugins.gradle.model.ClasspathEntryModel                          : loaded 2 times (x 68B)
Class org.objectweb.asm.tree.LineNumberNode                                           : loaded 2 times (x 77B)
Class kotlin.collections.SetsKt___SetsKt                                              : loaded 2 times (x 69B)
Class org.apache.http.client.methods.HttpUriRequest                                   : loaded 2 times (x 68B)
Class com.google.common.util.concurrent.AbstractFuture$SynchronizedHelper             : loaded 2 times (x 76B)
Class com.google.common.collect.ArrayListMultimap                                     : loaded 2 times (x 170B)
Class com.amazon.ion.impl.lite.IonBlobLite                                            : loaded 2 times (x 217B)
Class kotlin.text.StringsKt__StringsJVMKt                                             : loaded 2 times (x 69B)
Class com.google.common.base.Strings                                                  : loaded 2 times (x 69B)
Class com.amazon.ion.IonClob                                                          : loaded 2 times (x 68B)
Class com.android.builder.model.v2.models.BasicAndroidProject                         : loaded 2 times (x 68B)
Class org.jetbrains.plugins.gradle.model.DependencyAccessorsModel                     : loaded 2 times (x 68B)
Class com.google.common.io.Closer                                                     : loaded 2 times (x 76B)
Class kotlin.collections.CollectionsKt___CollectionsKt$asSequence$$inlined$Sequence$1 : loaded 2 times (x 73B)
Class com.google.common.cache.CacheLoader$InvalidCacheLoadException                   : loaded 2 times (x 80B)
Class org.gradle.tooling.model.idea.IdeaCompilerOutput                                : loaded 2 times (x 68B)
Class org.gradle.internal.classloader.DefaultClassLoaderFactory                       : loaded 2 times (x 80B)
Class [Lcom.android.builder.model.v2.ide.TestInfo$Execution;                          : loaded 2 times (x 67B)
Class jdk.internal.jimage.ImageReader$SharedImageReader                               : loaded 2 times (x 93B)
Class org.jetbrains.plugins.gradle.model.internal.TurnOffDefaultTasks                 : loaded 2 times (x 68B)
Class com.google.common.base.Stopwatch                                                : loaded 2 times (x 70B)
Class com.google.common.base.Platform$JdkPatternCompiler                              : loaded 2 times (x 73B)
Class com.amazon.ion.UnsupportedIonVersionException                                   : loaded 2 times (x 83B)
Class org.jetbrains.plugins.gradle.tooling.ModelBuilderService$Parameter              : loaded 2 times (x 68B)
Class com.android.builder.model.v2.ide.AndroidArtifact                                : loaded 2 times (x 68B)
Class com.google.common.cache.LocalCache$LoadingValueReference                        : loaded 2 times (x 94B)
Class kotlin.collections.CollectionsKt__MutableCollectionsKt                          : loaded 2 times (x 69B)
Class org.apache.commons.io.output.ByteArrayOutputStream                              : loaded 2 times (x 100B)
Class org.gradle.tooling.internal.adapter.ProtocolToModelAdapter$DefaultViewBuilder   : loaded 2 times (x 78B)
Class kotlin.ResultKt                                                                 : loaded 2 times (x 69B)
Class com.google.common.base.CharMatcher$SingleWidth                                  : loaded 2 times (x 110B)
Class com.android.builder.model.v2.ide.AndroidGradlePluginProjectFlags$BooleanFlag    : loaded 2 times (x 77B)
Class com.android.builder.model.v2.ide.CodeShrinker                                   : loaded 2 times (x 77B)
Class com.google.common.collect.Hashing                                               : loaded 2 times (x 69B)
Class com.google.common.io.ByteStreams$LimitedInputStream                             : loaded 2 times (x 90B)
Class com.amazon.ion.impl.LocalSymbolTable                                            : loaded 2 times (x 119B)
Class org.jetbrains.plugins.gradle.model.internal.DummyModel                          : loaded 2 times (x 68B)
Class org.jetbrains.plugins.gradle.model.GradleExtensions                             : loaded 2 times (x 68B)
Class com.google.common.collect.NullsFirstOrdering                                    : loaded 2 times (x 113B)
Class com.google.common.collect.ImmutableRangeSet$ComplementRanges                    : loaded 2 times (x 167B)
Class org.objectweb.asm.Context                                                       : loaded 2 times (x 70B)
Class org.jetbrains.plugins.gradle.model.GradleSourceSetDependencyModel               : loaded 2 times (x 68B)
Class org.jetbrains.plugins.gradle.tooling.serialization.GradleExtensionsSerializationService$WriteContext: loaded 2 times (x 70B)
Class kotlin.collections.CollectionsKt__ReversedViewsKt                               : loaded 2 times (x 69B)
Class org.objectweb.asm.tree.AbstractInsnNode                                         : loaded 2 times (x 76B)
Class com.google.common.collect.NaturalOrdering                                       : loaded 2 times (x 113B)
Class kotlin.jvm.internal.markers.KMutableList                                        : loaded 2 times (x 68B)
Class com.google.common.collect.Multimap                                              : loaded 2 times (x 68B)
Class jdk.internal.jimage.decompressor.ZipDecompressorFactory                         : loaded 2 times (x 72B)
Class com.google.common.collect.ByFunctionOrdering                                    : loaded 2 times (x 113B)
Class com.amazon.ion.impl.LocalSymbolTableAsStruct$Factory                            : loaded 2 times (x 77B)
Class org.gradle.internal.impldep.gnu.trove.PrimeFinder                               : loaded 2 times (x 69B)
Class com.google.common.base.FunctionalEquivalence                                    : loaded 2 times (x 81B)
Class com.amazon.ion.impl.bin.IonRawBinaryWriter$PatchList                            : loaded 2 times (x 83B)
Class org.objectweb.asm.AnnotationVisitor                                             : loaded 2 times (x 76B)
Class org.objectweb.asm.RecordComponentWriter                                         : loaded 2 times (x 76B)
Class com.amazon.ion.impl.bin.Symbols                                                 : loaded 2 times (x 69B)
Class kotlin.sequences.SequenceScope                                                  : loaded 2 times (x 71B)
Class com.google.common.cache.LocalCache$1                                            : loaded 2 times (x 87B)
Class com.google.common.cache.LocalCache$2                                            : loaded 2 times (x 140B)
Class com.amazon.ion.impl.IonWriterSystemText                                         : loaded 2 times (x 188B)
Class com.google.common.collect.RegularImmutableBiMap                                 : loaded 2 times (x 146B)
Class com.android.builder.model.v2.ide.TestedTargetVariant                            : loaded 2 times (x 68B)
Class kotlin.sequences.SequencesKt__SequenceBuilderKt                                 : loaded 2 times (x 69B)
Class com.amazon.ion.impl.bin.utf8.Utf8StringEncoder$Result                           : loaded 2 times (x 72B)
Class org.jetbrains.plugins.gradle.tooling.serialization.internal.IdeaProjectSerializationService$WriteContext$1: loaded 2 times (x 81B)
Class org.objectweb.asm.tree.LdcInsnNode                                              : loaded 2 times (x 76B)
Class org.jetbrains.plugins.gradle.tooling.serialization.internal.IdeaProjectSerializationService$WriteContext$2: loaded 2 times (x 81B)
Class org.jetbrains.plugins.gradle.model.VersionCatalogsModel                         : loaded 2 times (x 68B)
Class org.jetbrains.plugins.gradle.tooling.serialization.internal.IdeaProjectSerializationService$WriteContext$3: loaded 2 times (x 81B)
Class org.jetbrains.kotlin.idea.gradleTooling.AndroidAwareGradleModelProvider$Companion: loaded 2 times (x 69B)
Class org.jetbrains.plugins.gradle.tooling.serialization.internal.IdeaProjectSerializationService$WriteContext$4: loaded 2 times (x 81B)
Class kotlin.text.StringsKt__StringNumberConversionsKt                                : loaded 2 times (x 69B)
Class org.gradle.internal.classloader.VisitableURLClassLoader$Spec                    : loaded 2 times (x 72B)
Class org.objectweb.asm.tree.TypeInsnNode                                             : loaded 2 times (x 77B)
Class org.jetbrains.plugins.gradle.tooling.serialization.internal.IdeaProjectSerializationService$WriteContext$5: loaded 2 times (x 81B)
Class org.gradle.tooling.model.ProjectModel                                           : loaded 2 times (x 68B)
Class org.jetbrains.plugins.gradle.tooling.serialization.internal.IdeaProjectSerializationService$WriteContext$6: loaded 2 times (x 81B)
Class org.gradle.internal.impldep.gnu.trove.TObjectIdentityHashingStrategy            : loaded 2 times (x 76B)
Class org.jetbrains.kotlin.tooling.core.Extras                                        : loaded 2 times (x 68B)
Class com.google.common.base.CharMatcher$JavaLetterOrDigit                            : loaded 2 times (x 109B)
Class org.jetbrains.plugins.gradle.tooling.serialization.internal.IdeaProjectSerializationService$WriteContext$7: loaded 2 times (x 81B)
Class org.gradle.tooling.internal.gradle.DefaultProjectIdentifier                     : loaded 2 times (x 84B)
Class org.jetbrains.plugins.gradle.tooling.serialization.internal.IdeaProjectSerializationService$WriteContext$8: loaded 2 times (x 81B)
Class com.intellij.util.containers.IntObjectHashMap                                   : loaded 2 times (x 70B)
Class org.gradle.api.internal.classpath.ModuleRegistry                                : loaded 2 times (x 68B)
Class com.google.common.collect.ForwardingObject                                      : loaded 2 times (x 70B)
Class kotlin.KotlinNothingValueException                                              : loaded 2 times (x 80B)
Class com.google.common.collect.CompoundOrdering                                      : loaded 2 times (x 113B)
Class com.google.common.cache.CacheBuilder                                            : loaded 2 times (x 70B)
Class org.objectweb.asm.ByteVector                                                    : loaded 2 times (x 77B)
Class org.gradle.internal.impldep.gnu.trove.THash                                     : loaded 2 times (x 79B)
Class com.amazon.ion.impl.bin.PooledBlockAllocatorProvider$PooledBlockAllocator       : loaded 2 times (x 79B)
Class org.jetbrains.plugins.gradle.model.RepositoriesModel                            : loaded 2 times (x 68B)
Class org.gradle.api.JavaVersion                                                      : loaded 2 times (x 77B)
Class kotlin.jvm.internal.markers.KMutableCollection                                  : loaded 2 times (x 68B)
Class com.amazon.ion.impl._Private_RecyclingStack                                     : loaded 2 times (x 70B)
Class com.google.common.collect.ImmutableRangeSet                                     : loaded 2 times (x 113B)
Class org.objectweb.asm.tree.LookupSwitchInsnNode                                     : loaded 2 times (x 76B)
Class com.google.common.base.PairwiseEquivalence                                      : loaded 2 times (x 81B)
Class com.google.common.base.Ticker                                                   : loaded 2 times (x 70B)
Class kotlin.jvm.internal.markers.KMappedMarker                                       : loaded 2 times (x 68B)
Class com.amazon.ion.impl.bin.WriteBuffer                                             : loaded 2 times (x 76B)
Class org.gradle.tooling.internal.adapter.TypeInspector                               : loaded 2 times (x 71B)
Class org.gradle.api.internal.ClassPathProvider                                       : loaded 2 times (x 68B)
Class com.google.common.base.Ascii                                                    : loaded 2 times (x 69B)
Class com.google.common.collect.RegularImmutableSortedSet                             : loaded 2 times (x 234B)
Class org.objectweb.asm.ModuleWriter                                                  : loaded 2 times (x 80B)
Class org.gradle.internal.classloader.ClasspathUtil$1                                 : loaded 2 times (x 74B)
Class com.android.builder.model.v2.dsl.DependenciesInfo                               : loaded 2 times (x 68B)
Class org.jetbrains.plugins.gradle.tooling.serialization.ExternalTestsSerializationService$ReadContext: loaded 2 times (x 70B)
Class com.google.common.collect.ImmutableEnumMap                                      : loaded 2 times (x 123B)
Class [Lcom.amazon.ion.impl.bin._Private_IonManagedBinaryWriterBuilder$AllocatorMode; : loaded 2 times (x 67B)
Class org.gradle.tooling.model.DomainObjectSet                                        : loaded 2 times (x 68B)
Class org.objectweb.asm.tree.MultiANewArrayInsnNode                                   : loaded 2 times (x 77B)
Class org.objectweb.asm.tree.MethodInsnNode                                           : loaded 2 times (x 78B)
Class com.amazon.ion.IonSymbol                                                        : loaded 2 times (x 68B)
Class kotlin.sequences.TransformingSequence                                           : loaded 2 times (x 73B)
Class kotlin.sequences.SequenceBuilderIterator                                        : loaded 2 times (x 83B)
Class org.objectweb.asm.tree.FieldNode                                                : loaded 2 times (x 78B)
Class kotlin.collections.CollectionsKt__MutableCollectionsJVMKt                       : loaded 2 times (x 69B)
Class kotlin.collections.EmptyList                                                    : loaded 2 times (x 134B)
Class com.google.common.cache.AbstractCache$StatsCounter                              : loaded 2 times (x 68B)
Class org.objectweb.asm.FieldVisitor                                                  : loaded 2 times (x 75B)
Class com.android.builder.model.v2.dsl.ProductFlavor                                  : loaded 2 times (x 68B)
Class org.objectweb.asm.Symbol                                                        : loaded 2 times (x 71B)
Class com.android.builder.model.v2.ide.ApiVersion                                     : loaded 2 times (x 68B)
Class com.amazon.ion.impl.bin.BlockAllocator                                          : loaded 2 times (x 78B)
Class com.amazon.ion.IonBufferConfiguration                                           : loaded 2 times (x 71B)
Class Build_gradle$1$1                                                                : loaded 2 times (x 76B)
Class com.google.common.collect.Ordering                                              : loaded 2 times (x 112B)
Class com.google.common.cache.LocalCache$Strength$1                                   : loaded 2 times (x 79B)
Class com.amazon.ion.IonCatalog                                                       : loaded 2 times (x 68B)
Class com.google.common.collect.EmptyImmutableListMultimap                            : loaded 2 times (x 174B)
Class com.google.common.cache.LocalCache$Strength$2                                   : loaded 2 times (x 79B)
Class com.google.common.cache.LocalCache$Strength$3                                   : loaded 2 times (x 79B)
Class org.gradle.internal.classloader.ClassLoaderFactory                              : loaded 2 times (x 68B)
Class com.amazon.ion.impl.bin.IonManagedBinaryWriter$LocalSymbolTableView             : loaded 2 times (x 105B)
Class jdk.internal.jimage.ImageBufferCache$2                                          : loaded 2 times (x 89B)
Class com.google.common.util.concurrent.AbstractFuture$Waiter                         : loaded 2 times (x 70B)
Class org.objectweb.asm.tree.Util                                                     : loaded 2 times (x 69B)
Class com.amazon.ion.system.IonWriterBuilder                                          : loaded 2 times (x 72B)
Class kotlin.jvm.internal.FunctionReference                                           : loaded 2 times (x 120B)
Class com.google.common.util.concurrent.Uninterruptibles                              : loaded 2 times (x 69B)
Class com.google.common.collect.Iterators$10                                          : loaded 2 times (x 79B)
Class kotlin.coroutines.EmptyCoroutineContext                                         : loaded 2 times (x 75B)
Class jdk.internal.jimage.ImageHeader                                                 : loaded 2 times (x 69B)
Class com.amazon.ion.impl.lite.IonListLite                                            : loaded 2 times (x 449B)
Class com.android.ide.common.repository.GradleVersion                                 : loaded 2 times (x 91B)
Class com.android.builder.model.v2.dsl.ClassField                                     : loaded 2 times (x 68B)
Class jdk.internal.jimage.ImageBufferCache$1                                          : loaded 2 times (x 78B)
Class org.jetbrains.plugins.gradle.model.FileCollectionDependency                     : loaded 2 times (x 68B)
Class org.gradle.api.internal.classpath.ManifestUtil                                  : loaded 2 times (x 69B)
Class org.gradle.api.specs.Spec                                                       : loaded 2 times (x 68B)
Class com.google.common.collect.RangeSet                                              : loaded 2 times (x 68B)
Class com.google.common.cache.CacheLoader$UnsupportedLoadingOperationException        : loaded 2 times (x 80B)
Class kotlin.jvm.internal.Intrinsics                                                  : loaded 2 times (x 69B)
Class com.google.common.base.CharMatcher$Whitespace                                   : loaded 2 times (x 110B)
Class com.amazon.ion.impl.bin._Private_IonManagedBinaryWriterBuilder                  : loaded 2 times (x 70B)
Class com.google.common.util.concurrent.ListenableFuture                              : loaded 2 times (x 68B)
Class com.amazon.ion.impl.lite._Private_LiteDomTrampoline                             : loaded 2 times (x 69B)
Class org.apache.http.client.methods.AbortableHttpRequest                             : loaded 2 times (x 68B)
Class com.amazon.ion.impl.lite.IonValueLite                                           : loaded 2 times (x 145B)
Class com.amazon.ion.IonValue                                                         : loaded 2 times (x 68B)
Class com.amazon.ion.impl.bin.PooledBlockAllocatorProvider$PooledBlockAllocator$1     : loaded 2 times (x 77B)
Class org.gradle.tooling.internal.gradle.GradleBuildIdentity                          : loaded 2 times (x 68B)
Class kotlin.text.StringsKt___StringsJvmKt                                            : loaded 2 times (x 69B)
Class org.gradle.tooling.internal.adapter.ProtocolToModelAdapter$ReflectionMethodInvoker: loaded 2 times (x 74B)
Class org.objectweb.asm.tree.MethodNode                                               : loaded 2 times (x 108B)
Class org.jetbrains.plugins.gradle.model.GradleConfiguration                          : loaded 2 times (x 68B)
Class com.google.common.collect.BaseImmutableMultimap                                 : loaded 2 times (x 121B)
Class com.amazon.ion.impl.bin.IntList                                                 : loaded 2 times (x 75B)
Class kotlin.jvm.internal.CallableReference$NoReceiver                                : loaded 2 times (x 69B)
Class org.objectweb.asm.FieldWriter                                                   : loaded 2 times (x 76B)
Class kotlin.ranges.OpenEndRange                                                      : loaded 2 times (x 68B)
Class com.google.common.util.concurrent.AbstractFuture$UnsafeAtomicHelper             : loaded 2 times (x 76B)
Class org.jetbrains.plugins.gradle.model.IntelliJSettings                             : loaded 2 times (x 68B)
Class com.google.common.base.Equivalence$Equals                                       : loaded 2 times (x 80B)
Class com.amazon.ion.impl.lite.IonStructLite                                          : loaded 2 times (x 295B)
Class org.gradle.tooling.internal.adapter.ProtocolToModelAdapter$1                    : loaded 2 times (x 73B)
Class com.google.common.cache.LocalCache$StrongEntry                                  : loaded 2 times (x 106B)
Class com.amazon.ion.impl.bin.PooledBlockAllocatorProvider                            : loaded 2 times (x 71B)
Class kotlin.coroutines.CoroutineContext                                              : loaded 2 times (x 68B)
Class com.amazon.ion.SymbolToken                                                      : loaded 2 times (x 68B)
Class com.amazon.ion.impl._Private_IonReaderBuilder                                   : loaded 2 times (x 93B)
Class kotlin.jvm.internal.Intrinsics$Kotlin                                           : loaded 2 times (x 69B)
Class com.amazon.ion.impl.lite.IonSequenceLite                                        : loaded 2 times (x 391B)
Class com.amazon.ion.IonList                                                          : loaded 2 times (x 68B)
Class kotlin.text.StringsKt__AppendableKt                                             : loaded 2 times (x 69B)
Class com.android.builder.model.v2.ide.JavaArtifact                                   : loaded 2 times (x 68B)
Class com.google.common.collect.AllEqualOrdering                                      : loaded 2 times (x 112B)
Class com.android.builder.model.v2.dsl.SigningConfig                                  : loaded 2 times (x 68B)
Class com.google.common.collect.ComparatorOrdering                                    : loaded 2 times (x 113B)
Class org.gradle.tooling.GradleConnectionException                                    : loaded 2 times (x 80B)
Class org.jetbrains.plugins.gradle.model.FilePatternSet                               : loaded 2 times (x 68B)
Class com.amazon.ion.impl._Private_IonWriter                                          : loaded 2 times (x 68B)
Class kotlin.collections.ArrayDeque                                                   : loaded 2 times (x 167B)
Class [Lorg.objectweb.asm.tree.AbstractInsnNode;                                      : loaded 2 times (x 67B)
Class com.google.common.cache.ReferenceEntry                                          : loaded 2 times (x 68B)
Class org.apache.http.HttpMessage                                                     : loaded 2 times (x 68B)
Class org.gradle.tooling.internal.adapter.ObjectGraphAdapter                          : loaded 2 times (x 68B)
Class org.jetbrains.plugins.gradle.model.ExternalProject                              : loaded 2 times (x 68B)
Class com.intellij.openapi.externalSystem.model.project.IExternalSystemSourceType     : loaded 2 times (x 68B)
Class com.google.common.primitives.IntsMethodsForWeb                                  : loaded 2 times (x 69B)
Class com.google.common.collect.LexicographicalOrdering                               : loaded 2 times (x 113B)
Class kotlin.sequences.SequencesKt                                                    : loaded 2 times (x 69B)
Class com.google.common.collect.RangeGwtSerializationDependencies                     : loaded 2 times (x 69B)
Class com.amazon.ion.impl.lite.IonLoaderLite                                          : loaded 2 times (x 80B)
Class kotlin.collections.EmptyIterator                                                : loaded 2 times (x 87B)
Class com.google.common.collect.Maps                                                  : loaded 2 times (x 69B)
Class com.amazon.ion.impl._Private_ByteTransferSink                                   : loaded 2 times (x 68B)
Class org.gradle.tooling.internal.adapter.ProtocolToModelAdapter$SafeMethodInvoker    : loaded 2 times (x 74B)
Class [Lcom.amazon.ion.SymbolTable;                                                   : loaded 2 times (x 67B)
Class jdk.internal.jimage.decompressor.StringSharingDecompressorFactory               : loaded 2 times (x 72B)
Class com.amazon.ion.impl._Private_IonValue                                           : loaded 2 times (x 68B)
Class org.apache.http.HttpEntity                                                      : loaded 2 times (x 68B)
Class com.android.ide.gradle.model.LegacyV1AgpVersionModel                            : loaded 2 times (x 68B)
Class org.jetbrains.kotlin.idea.gradleTooling.model.kapt.KaptGradleModel              : loaded 2 times (x 68B)
Class kotlin.jvm.internal.FunctionReferenceImpl                                       : loaded 2 times (x 120B)
Class com.google.common.collect.ImmutableMultimap$Builder                             : loaded 2 times (x 81B)
Class kotlin.comparisons.ComparisonsKt___ComparisonsJvmKt                             : loaded 2 times (x 69B)
Class com.android.builder.model.v2.ide.VectorDrawablesOptions                         : loaded 2 times (x 68B)
Class com.android.builder.model.v2.ide.JavaCompileOptions                             : loaded 2 times (x 68B)
Class com.android.builder.model.v2.ide.ViewBindingOptions                             : loaded 2 times (x 68B)
Class org.jetbrains.plugins.gradle.tooling.serialization.internal.adapter.InternalBuildIdentifier: loaded 2 times (x 73B)
Class [Lorg.apache.commons.io.StandardLineSeparator;                                  : loaded 2 times (x 67B)
Class [Lorg.objectweb.asm.Attribute;                                                  : loaded 2 times (x 67B)
Class com.android.builder.model.v2.ide.TestInfo$Execution                             : loaded 2 times (x 77B)
Class org.gradle.api.internal.classpath.EffectiveClassPath                            : loaded 2 times (x 88B)
Class org.apache.commons.io.StandardLineSeparator                                     : loaded 2 times (x 77B)
Class org.apache.commons.io.output.AppendableWriter                                   : loaded 2 times (x 98B)
Class org.apache.http.client.methods.Configurable                                     : loaded 2 times (x 68B)
Class kotlin.enums.EnumEntriesKt                                                      : loaded 2 times (x 69B)
Class com.amazon.ion.impl.bin.IonRawBinaryWriter$StreamFlushMode                      : loaded 2 times (x 77B)
Class com.amazon.ion.impl._Private_ValueFactory                                       : loaded 2 times (x 68B)
Class com.google.common.io.Files                                                      : loaded 2 times (x 69B)
Class com.amazon.ion.BufferConfiguration$Builder                                      : loaded 2 times (x 76B)
Class kotlin.jvm.internal.DefaultConstructorMarker                                    : loaded 2 times (x 69B)
Class com.amazon.ion.impl.lite.IonBoolLite                                            : loaded 2 times (x 176B)
Class com.android.builder.model.v2.ide.Installation                                   : loaded 2 times (x 68B)
Class com.google.common.cache.CacheLoader$FunctionToCacheLoader                       : loaded 2 times (x 73B)
Class kotlin.text.MatchGroupCollection                                                : loaded 2 times (x 68B)
Class com.google.common.cache.CacheBuilder$1                                          : loaded 2 times (x 83B)
Class com.google.common.cache.CacheBuilder$2                                          : loaded 2 times (x 70B)
Class com.google.common.io.ByteArrayDataOutput                                        : loaded 2 times (x 68B)
Class org.objectweb.asm.tree.InvokeDynamicInsnNode                                    : loaded 2 times (x 76B)
Class com.amazon.ion.impl.bin.utf8.Utf8StringEncoder                                  : loaded 2 times (x 78B)
Class com.amazon.ion.IonSexp                                                          : loaded 2 times (x 68B)
Class com.amazon.ion.impl.lite.IonSystemLite                                          : loaded 2 times (x 273B)
Class org.objectweb.asm.tree.IincInsnNode                                             : loaded 2 times (x 76B)
Class com.android.builder.model.v2.models.Versions                                    : loaded 2 times (x 68B)
Class kotlin.text.MatchResult                                                         : loaded 2 times (x 68B)
Class com.amazon.ion.impl.bin._Private_IonManagedBinaryWriterBuilder$AllocatorMode    : loaded 2 times (x 78B)
Class [Lcom.google.common.cache.RemovalListener;                                      : loaded 2 times (x 67B)
Class [Lcom.google.common.collect.ImmutableMapEntry;                                  : loaded 2 times (x 67B)
Class org.gradle.internal.exceptions.ResolutionProvider                               : loaded 2 times (x 68B)
Class org.gradle.tooling.model.idea.IdeaDependency                                    : loaded 2 times (x 68B)
Class org.jetbrains.kotlin.idea.gradleTooling.model.annotation.AnnotationBasedPluginModel: loaded 2 times (x 68B)
Class com.amazon.ion.impl.bin.IonManagedBinaryWriter$SymbolResolverBuilder            : loaded 2 times (x 68B)
Class org.jetbrains.kotlin.idea.gradleTooling.model.assignment.AssignmentModel        : loaded 2 times (x 68B)
Class com.android.builder.model.v2.models.VariantDependencies                         : loaded 2 times (x 68B)
Class kotlin.sequences.SequencesKt___SequencesKt$filterNotNull$1                      : loaded 2 times (x 76B)
Class org.jetbrains.plugins.gradle.tooling.serialization.ExternalProjectSerializationService: loaded 2 times (x 75B)
Class org.gradle.internal.installation.CurrentGradleInstallation                      : loaded 2 times (x 71B)
Class org.gradle.internal.agents.InstrumentingClassLoader                             : loaded 2 times (x 68B)
Class org.gradle.internal.installation.CurrentGradleInstallationLocator               : loaded 2 times (x 69B)
Class [Lcom.google.common.cache.LocalCache$Segment;                                   : loaded 2 times (x 67B)
Class com.amazon.ion.impl.LocalSymbolTableAsStruct                                    : loaded 2 times (x 124B)
Class com.amazon.ion.impl.lite.IonClobLite                                            : loaded 2 times (x 218B)
Class kotlin.collections.CollectionsKt__IteratorsJVMKt                                : loaded 2 times (x 69B)
Class org.gradle.api.internal.classpath.Module                                        : loaded 2 times (x 68B)
Class [Lcom.amazon.ion.impl.bin.IonRawBinaryWriter$PreallocationMode;                 : loaded 2 times (x 67B)
Class com.amazon.ion.impl.bin.AbstractSymbolTable                                     : loaded 2 times (x 105B)
Class org.jetbrains.plugins.gradle.model.GradleBuildScriptClasspathModel              : loaded 2 times (x 68B)
Class kotlin.sequences.FilteringSequence                                              : loaded 2 times (x 73B)
Class com.google.common.collect.ImmutableSortedSet                                    : loaded 2 times (x 234B)
Class org.jetbrains.kotlin.idea.gradleTooling.model.samWithReceiver.SamWithReceiverModel: loaded 2 times (x 68B)
Class org.jetbrains.plugins.gradle.tooling.serialization.ProjectDependenciesSerializationService$ReadContext: loaded 2 times (x 70B)
Class org.jetbrains.plugins.gradle.tooling.serialization.internal.IdeaProjectSerializationService$WriteContext: loaded 2 times (x 70B)
Class org.gradle.tooling.internal.adapter.ViewBuilder                                 : loaded 2 times (x 68B)
Class com.amazon.ion.impl.lite.IonNullLite                                            : loaded 2 times (x 173B)
Class org.gradle.tooling.internal.adapter.ProtocolToModelAdapter                      : loaded 2 times (x 78B)
Class kotlin.sequences.SequencesKt__SequencesKt                                       : loaded 2 times (x 69B)
Class com.amazon.ion.impl._Private_RecyclingStack$ElementFactory                      : loaded 2 times (x 68B)
Class kotlin.sequences.SequencesKt__SequencesJVMKt                                    : loaded 2 times (x 69B)
Class com.google.common.collect.ImmutableSet$JdkBackedSetBuilderImpl                  : loaded 2 times (x 74B)
Class [Lcom.amazon.ion.IonType;                                                       : loaded 2 times (x 67B)
Class org.gradle.tooling.internal.adapter.WeakIdentityHashMap$WeakKey                 : loaded 2 times (x 77B)
Class kotlin.ranges.RangesKt                                                          : loaded 2 times (x 69B)
Class com.amazon.ion.UnknownSymbolException                                           : loaded 2 times (x 84B)
Class [Lorg.objectweb.asm.AnnotationWriter;                                           : loaded 2 times (x 67B)
Class com.amazon.ion.BufferConfiguration                                              : loaded 2 times (x 71B)
Class org.gradle.internal.service.CachingServiceLocator                               : loaded 2 times (x 80B)
Class com.amazon.ion.IonSystem                                                        : loaded 2 times (x 68B)
Class kotlin.NoWhenBranchMatchedException                                             : loaded 2 times (x 80B)
Class org.apache.http.client.methods.HttpPut                                          : loaded 2 times (x 151B)
Class org.gradle.internal.time.Timer                                                  : loaded 2 times (x 68B)
Class [Lcom.google.common.collect.ImmutableEntry;                                     : loaded 2 times (x 67B)
Class org.jetbrains.plugins.gradle.model.tests.ExternalTestsModel                     : loaded 2 times (x 68B)
Class org.jetbrains.kotlin.idea.gradleTooling.KotlinDslScriptAdditionalTask           : loaded 2 times (x 68B)
Class kotlin.text.StringsKt__StringBuilderKt                                          : loaded 2 times (x 69B)
Class org.jetbrains.plugins.gradle.tooling.util.ObjectCollector                       : loaded 2 times (x 70B)
Class kotlin.sequences.FilteringSequence$iterator$1                                   : loaded 2 times (x 77B)
Class com.google.common.collect.Sets$ImprovedAbstractSet                              : loaded 2 times (x 133B)
Class org.gradle.internal.classpath.DefaultClassPath                                  : loaded 2 times (x 88B)
Class kotlin.sequences.FlatteningSequence                                             : loaded 2 times (x 73B)
Class kotlin.Result                                                                   : loaded 2 times (x 70B)
Class org.gradle.internal.impldep.gnu.trove.TObjectHash$NULL                          : loaded 2 times (x 69B)
Class com.google.common.util.concurrent.AbstractFuture$SetFuture                      : loaded 2 times (x 73B)
Class com.intellij.gradle.toolingExtension.impl.model.dependencyDownloadPolicyModel.DefaultGradleDependencyDownloadPolicy: loaded 2 times (x 75B)
Class kotlin.collections.CollectionsKt__CollectionsJVMKt                              : loaded 2 times (x 69B)
Class com.amazon.ion.impl.bin.utf8.Pool$Allocator                                     : loaded 2 times (x 68B)
Class org.jetbrains.plugins.gradle.tooling.serialization.GradleExtensionsSerializationService$ReadContext: loaded 2 times (x 70B)
Class kotlin.sequences.SequencesKt___SequencesKt                                      : loaded 2 times (x 69B)
Class org.jetbrains.plugins.gradle.tooling.serialization.internal.IdeaProjectSerializationService: loaded 2 times (x 75B)
Class org.gradle.internal.impldep.gnu.trove.TObjectIntHashMap                         : loaded 2 times (x 107B)
Class org.gradle.tooling.model.idea.IdeaProject                                       : loaded 2 times (x 68B)
Class com.amazon.ion.impl.SymbolTableAsStruct                                         : loaded 2 times (x 68B)
Class org.gradle.tooling.model.Element                                                : loaded 2 times (x 68B)
Class com.android.builder.model.v2.ide.PrivacySandboxSdkInfo                          : loaded 2 times (x 68B)
Class kotlin.sequences.FlatteningSequence$iterator$1                                  : loaded 2 times (x 77B)
Class [Lcom.amazon.ion.impl.bin.IonManagedBinaryWriter$SymbolState;                   : loaded 2 times (x 67B)
Class jdk.internal.jimage.BasicImageReader                                            : loaded 2 times (x 93B)
Class kotlin.collections.SetsKt__SetsJVMKt                                            : loaded 2 times (x 69B)
Class org.jetbrains.plugins.gradle.tooling.serialization.KotlinDslScriptsModelSerializationService: loaded 2 times (x 79B)
Class kotlin.collections.MapsKt___MapsJvmKt                                           : loaded 2 times (x 69B)
Class com.amazon.ion.system.IonSystemBuilder                                          : loaded 2 times (x 73B)
Class com.amazon.ion.impl.lite.IonContainerLite                                       : loaded 2 times (x 245B)
Class com.amazon.ion.impl.bin._Private_IonManagedBinaryWriterBuilder$AllocatorMode$1  : loaded 2 times (x 78B)
Class com.amazon.ion.impl.bin._Private_IonManagedBinaryWriterBuilder$AllocatorMode$2  : loaded 2 times (x 78B)
Class org.gradle.internal.impldep.gnu.trove.TObjectHash                               : loaded 2 times (x 92B)
Class com.google.common.collect.ImmutableMultisetGwtSerializationDependencies         : loaded 2 times (x 123B)
Class [Lcom.amazon.ion.impl.bin.IonRawBinaryWriter$StreamFlushMode;                   : loaded 2 times (x 67B)
Class com.intellij.openapi.externalSystem.model.project.dependencies.ProjectDependencies: loaded 2 times (x 68B)
Class com.intellij.gradle.toolingExtension.util.GradleVersionUtil                     : loaded 2 times (x 69B)
Class com.google.common.collect.ImmutableListMultimap                                 : loaded 2 times (x 174B)
Class com.google.common.cache.LocalCache$LocalManualCache$1                           : loaded 2 times (x 73B)
Class kotlin.enums.EnumEntriesList                                                    : loaded 2 times (x 183B)
Class Build_gradle$1                                                                  : loaded 2 times (x 72B)
Class kotlin.ranges.IntProgressionIterator                                            : loaded 2 times (x 80B)
Class Build_gradle$2                                                                  : loaded 2 times (x 76B)
Class org.jetbrains.kotlin.idea.gradleTooling.PrepareKotlinIdeImportTaskModel         : loaded 2 times (x 68B)
Class jdk.internal.jimage.ImageLocation                                               : loaded 2 times (x 88B)
Class com.amazon.ion.impl.bin.IonRawBinaryWriter$PreallocationMode                    : loaded 2 times (x 80B)
Class com.google.common.collect.Iterators$PeekingImpl                                 : loaded 2 times (x 87B)
Class org.objectweb.asm.tree.JumpInsnNode                                             : loaded 2 times (x 77B)
Class com.google.common.collect.Lists$RandomAccessReverseList                         : loaded 2 times (x 160B)
Class kotlin.jvm.functions.Function0                                                  : loaded 2 times (x 68B)
Class org.gradle.tooling.internal.adapter.TargetTypeProvider                          : loaded 2 times (x 68B)
Class com.amazon.ion.impl.bin.IonManagedBinaryWriter$ImportedSymbolContext            : loaded 2 times (x 70B)
Class org.gradle.internal.impldep.com.google.common.base.Preconditions                : loaded 2 times (x 69B)
Class kotlin.jvm.functions.Function1                                                  : loaded 2 times (x 68B)
Class org.jetbrains.kotlin.idea.gradleTooling.AndroidAwareGradleModelProvider         : loaded 2 times (x 78B)
Class kotlin.jvm.functions.Function2                                                  : loaded 2 times (x 68B)
Class org.objectweb.asm.SymbolTable$Entry                                             : loaded 2 times (x 72B)
Class [Lcom.google.common.cache.LocalCache$EntryFactory;                              : loaded 2 times (x 67B)
Class kotlin.jvm.functions.Function4                                                  : loaded 2 times (x 68B)
Class jdk.internal.jimage.ImageReader$Node                                            : loaded 2 times (x 82B)
Class com.amazon.ion.IonText                                                          : loaded 2 times (x 68B)
Class com.android.builder.model.v2.ide.Variant                                        : loaded 2 times (x 68B)
Class kotlin.coroutines.intrinsics.IntrinsicsKt__IntrinsicsKt                         : loaded 2 times (x 69B)
Class com.google.common.base.Platform                                                 : loaded 2 times (x 69B)
Class com.amazon.ion.impl._Private_SymtabExtendsCache                                 : loaded 2 times (x 70B)
Class com.google.common.cache.CacheBuilder$OneWeigher                                 : loaded 2 times (x 80B)
Class org.gradle.internal.time.Time                                                   : loaded 2 times (x 69B)
Class jdk.internal.jimage.decompressor.CompressedResourceHeader                       : loaded 2 times (x 69B)
Class com.android.builder.model.v2.ide.SourceProvider                                 : loaded 2 times (x 68B)
Class org.gradle.internal.time.TimeSource$1                                           : loaded 2 times (x 75B)
Class [Lkotlin.coroutines.intrinsics.CoroutineSingletons;                             : loaded 2 times (x 67B)
Class com.amazon.ion.IonSequence                                                      : loaded 2 times (x 68B)
Class kotlin.ranges.ClosedRange                                                       : loaded 2 times (x 68B)
Class org.jetbrains.plugins.gradle.tooling.serialization.RepositoriesModelSerializationService$WriteContext: loaded 2 times (x 70B)
Class kotlin.KotlinNullPointerException                                               : loaded 2 times (x 81B)
Class jdk.internal.jrtfs.JrtPath                                                      : loaded 2 times (x 116B)
Class kotlin.enums.EnumEntries                                                        : loaded 2 times (x 68B)
Class com.google.common.cache.CacheLoader                                             : loaded 2 times (x 72B)
Class com.google.common.collect.ImmutableBiMapFauxverideShim                          : loaded 2 times (x 118B)
Class jdk.internal.jimage.ImageStrings                                                : loaded 2 times (x 68B)
Class kotlin.io.NoSuchFileException                                                   : loaded 2 times (x 80B)
Class org.objectweb.asm.MethodTooLargeException                                       : loaded 2 times (x 81B)
Class com.amazon.ion.impl._Private_SymbolToken                                        : loaded 2 times (x 68B)
Class kotlin.reflect.KAnnotatedElement                                                : loaded 2 times (x 68B)
Class com.android.ide.gradle.model.composites.BuildMap                                : loaded 2 times (x 68B)
Class kotlin.ranges.RangesKt___RangesKt                                               : loaded 2 times (x 69B)
Class jdk.internal.jrtfs.JrtFileAttributes                                            : loaded 2 times (x 81B)
Class com.android.ide.gradle.model.LegacyAndroidGradlePluginProperties                : loaded 2 times (x 68B)
Class com.amazon.ion.BufferConfiguration$OversizedValueHandler                        : loaded 2 times (x 68B)
Class kotlin.collections.CollectionsKt___CollectionsKt                                : loaded 2 times (x 69B)
Class com.google.common.cache.Cache                                                   : loaded 2 times (x 68B)
Class kotlin.sequences.SequencesKt__SequenceBuilderKt$sequence$$inlined$Sequence$1    : loaded 2 times (x 73B)
Class org.objectweb.asm.tree.LabelNode                                                : loaded 2 times (x 78B)
Class com.intellij.gradle.toolingExtension.impl.model.taskModel.GradleTaskModel       : loaded 2 times (x 68B)
Class org.gradle.tooling.internal.adapter.ProtocolToModelAdapter$MixInMappingAction   : loaded 2 times (x 78B)
Class org.gradle.internal.classloader.SystemClassLoaderSpec                           : loaded 2 times (x 69B)
Class com.amazon.ion.impl.bin.utf8.Poolable                                           : loaded 2 times (x 77B)
Class com.google.common.util.concurrent.internal.InternalFutureFailureAccess          : loaded 2 times (x 70B)
Class com.amazon.ion.impl.bin.AbstractIonWriter                                       : loaded 2 times (x 159B)
Class org.jetbrains.plugins.gradle.tooling.serialization.AnnotationProcessingModelSerializationService$ReadContext: loaded 2 times (x 70B)
Class com.google.common.base.Charsets                                                 : loaded 2 times (x 69B)
Class com.google.common.primitives.Ints$IntConverter                                  : loaded 2 times (x 88B)
Class com.amazon.ion.impl.bin.IonBinaryWriterAdapter$Factory                          : loaded 2 times (x 68B)
Class kotlin.text.StringsKt__RegexExtensionsJVMKt                                     : loaded 2 times (x 69B)
Class jdk.internal.jimage.BasicImageReader$1                                          : loaded 2 times (x 75B)
Class com.amazon.ion.system.IonWriterBuilderBase                                      : loaded 2 times (x 81B)
Class org.jetbrains.plugins.gradle.tooling.serialization.RepositoriesModelSerializationService: loaded 2 times (x 80B)
Class org.apache.http.client.methods.HttpEntityEnclosingRequestBase                   : loaded 2 times (x 151B)
Class org.jetbrains.plugins.gradle.tooling.serialization.ProjectDependenciesSerializationService: loaded 2 times (x 75B)
Class org.gradle.tooling.internal.adapter.WeakIdentityHashMap$AbsentValueProvider     : loaded 2 times (x 68B)
Class org.objectweb.asm.tree.VarInsnNode                                              : loaded 2 times (x 77B)
Class com.android.builder.model.v2.ide.BytecodeTransformation                         : loaded 2 times (x 77B)
Class com.google.common.collect.ImmutableMap$Builder                                  : loaded 2 times (x 80B)
Class org.gradle.tooling.model.Dependency                                             : loaded 2 times (x 68B)
Class com.android.builder.model.v2.models.ndk.NativeModule                            : loaded 2 times (x 68B)
Class org.gradle.tooling.model.kotlin.dsl.KotlinDslScriptsModel                       : loaded 2 times (x 68B)
Class kotlin.io.FileAlreadyExistsException                                            : loaded 2 times (x 80B)
Class org.jetbrains.kotlin.cli.common.CompilerSystemProperties$Companion              : loaded 2 times (x 69B)
Class com.amazon.ion.impl.bin.IonRawBinaryWriter$1                                    : loaded 2 times (x 75B)
Class org.jetbrains.plugins.gradle.tooling.serialization.AnnotationProcessingModelSerializationService: loaded 2 times (x 75B)
Class com.amazon.ion.impl.IonWriterSystemTextMarkup                                   : loaded 2 times (x 190B)
Class org.objectweb.asm.ClassWriter                                                   : loaded 2 times (x 104B)
Class com.amazon.ion.IonFloat                                                         : loaded 2 times (x 68B)
Class com.amazon.ion.impl.bin.IonManagedBinaryWriter$ImportedSymbolResolverMode$1     : loaded 2 times (x 78B)
Class com.amazon.ion.impl.bin.IonManagedBinaryWriter$ImportedSymbolResolverMode$2     : loaded 2 times (x 78B)
Class com.amazon.ion.facet.Faceted                                                    : loaded 2 times (x 68B)
Class jdk.internal.jimage.decompressor.ResourceDecompressorRepository                 : loaded 2 times (x 69B)
Class com.amazon.ion.impl.bin.IonRawBinaryWriter$ContainerType                        : loaded 2 times (x 77B)
Class org.objectweb.asm.tree.LocalVariableAnnotationNode                              : loaded 2 times (x 80B)
Class com.google.common.collect.Range                                                 : loaded 2 times (x 85B)
Class org.apache.commons.io.IOUtils                                                   : loaded 2 times (x 69B)
Class kotlin.io.FilesKt__FilePathComponentsKt                                         : loaded 2 times (x 69B)
Class kotlin.collections.SetsKt                                                       : loaded 2 times (x 69B)
Class kotlin.jvm.internal.FunctionBase                                                : loaded 2 times (x 68B)
Class com.amazon.ion.impl.BlockedBuffer$BufferedOutputStream                          : loaded 2 times (x 88B)
Class com.android.builder.model.v2.models.AndroidDsl                                  : loaded 2 times (x 68B)
Class com.intellij.gradle.toolingExtension.impl.model.buildScriptClasspathModel.GradleBuildScriptClasspathSerializationService$WriteContext: loaded 2 times (x 70B)
Class kotlin.text.MatcherMatchResult                                                  : loaded 2 times (x 78B)
Class [Lcom.google.common.cache.CacheBuilder$OneWeigher;                              : loaded 2 times (x 67B)
Class com.amazon.ion.impl.bin.IonManagedBinaryWriter$SymbolResolver                   : loaded 2 times (x 68B)
Class kotlin.Function                                                                 : loaded 2 times (x 68B)
Class com.intellij.openapi.externalSystem.model.ExternalSystemException               : loaded 2 times (x 84B)
Class com.amazon.ion.impl._Private_ReaderWriter                                       : loaded 2 times (x 68B)
Class com.google.common.collect.ComparisonChain$1                                     : loaded 2 times (x 79B)
Class com.google.common.base.CharMatcher$Ascii                                        : loaded 2 times (x 110B)
Class com.google.common.collect.AbstractMultimap                                      : loaded 2 times (x 121B)
Class com.android.builder.model.v2.ide.AaptOptions                                    : loaded 2 times (x 68B)
Class com.google.common.cache.LocalCache$ComputingValueReference                      : loaded 2 times (x 94B)
Class com.amazon.ion.impl.bin.utf8.Utf8StringEncoderPool                              : loaded 2 times (x 72B)
Class org.jetbrains.plugins.gradle.tooling.util.ObjectCollector$Processor             : loaded 2 times (x 68B)
Class com.amazon.ion.IonNull                                                          : loaded 2 times (x 68B)
Class com.google.common.base.CharMatcher$Digit                                        : loaded 2 times (x 110B)
Class com.android.builder.model.v2.ide.BundleInfo                                     : loaded 2 times (x 68B)
Class com.amazon.ion.impl.lite.IonTextLite                                            : loaded 2 times (x 179B)
Class kotlin.coroutines.jvm.internal.RestrictedContinuationImpl                       : loaded 2 times (x 85B)
Class [Lcom.google.common.io.FileWriteMode;                                           : loaded 2 times (x 67B)
Class com.google.common.io.Files$FileByteSink                                         : loaded 2 times (x 75B)
Class kotlin.io.FilesKt__FileReadWriteKt                                              : loaded 2 times (x 69B)
Class com.google.common.base.CharMatcher$JavaDigit                                    : loaded 2 times (x 109B)
Class com.android.ide.gradle.model.GradlePropertiesModel                              : loaded 2 times (x 68B)
Class org.gradle.tooling.model.gradle.GradleScript                                    : loaded 2 times (x 68B)
Class [Lcom.android.builder.model.v2.ide.AndroidGradlePluginProjectFlags$BooleanFlag; : loaded 2 times (x 67B)
Class com.amazon.ion.SubstituteSymbolTableException                                   : loaded 2 times (x 82B)
Class com.google.common.base.ExtraObjectsMethodsForWeb                                : loaded 2 times (x 69B)
Class com.android.ide.gradle.model.artifacts.AdditionalClassifierArtifactsModel       : loaded 2 times (x 68B)
Class org.gradle.tooling.internal.adapter.ProtocolToModelAdapter$ViewKey              : loaded 2 times (x 70B)
Class com.google.common.collect.IndexedImmutableSet$1                                 : loaded 2 times (x 172B)
Class com.google.common.collect.AbstractListMultimap                                  : loaded 2 times (x 170B)
Class com.google.common.base.CharMatcher$Any                                          : loaded 2 times (x 110B)
Class jdk.internal.jimage.decompressor.ResourceDecompressor$StringsProvider           : loaded 2 times (x 68B)
Class com.amazon.ion.system.IonSystemBuilder$Mutable                                  : loaded 2 times (x 73B)
Class com.google.common.collect.ListMultimap                                          : loaded 2 times (x 68B)
Class org.apache.commons.io.output.UnsynchronizedByteArrayOutputStream                : loaded 2 times (x 100B)
Class jdk.internal.jimage.decompressor.Decompressor                                   : loaded 2 times (x 70B)
Class com.android.builder.model.v2.ide.AbstractArtifact                               : loaded 2 times (x 68B)
Class com.google.common.cache.LocalCache$Strength                                     : loaded 2 times (x 79B)
Class com.google.common.collect.AbstractMapBasedMultimap$KeySet                       : loaded 2 times (x 135B)
Class jdk.internal.jrtfs.JrtFileSystem                                                : loaded 2 times (x 100B)
Class com.google.common.collect.SortedIterable                                        : loaded 2 times (x 68B)
Class com.google.common.collect.ArrayListMultimapGwtSerializationDependencies         : loaded 2 times (x 170B)
Class kotlin.Unit                                                                     : loaded 2 times (x 69B)
Class com.google.common.base.CharMatcher$RangesMatcher                                : loaded 2 times (x 110B)
Class com.amazon.ion.impl.lite.IonStringLite                                          : loaded 2 times (x 210B)
Class kotlin.io.FilePathComponents                                                    : loaded 2 times (x 70B)
Class org.objectweb.asm.Handler                                                       : loaded 2 times (x 70B)
Class org.gradle.internal.impldep.gnu.trove.TObjectIntProcedure                       : loaded 2 times (x 68B)
Class ijInit1_2yo0i9mdhobmu73n31lnjbv1f                                               : loaded 2 times (x 177B)
Class kotlin.collections.CollectionsKt                                                : loaded 2 times (x 69B)
Class org.gradle.tooling.internal.gradle.GradleProjectIdentity                        : loaded 2 times (x 68B)
Class kotlin.collections.ArraysKt___ArraysJvmKt                                       : loaded 2 times (x 69B)
Class com.android.builder.model.v2.models.AndroidProject                              : loaded 2 times (x 68B)
Class kotlin.collections.CollectionsKt___CollectionsJvmKt                             : loaded 2 times (x 69B)
Class com.amazon.ion.impl.bin.IonRawBinaryWriter$StreamCloseMode                      : loaded 2 times (x 77B)
Class jdk.internal.jrtfs.JrtFileSystemProvider                                        : loaded 2 times (x 97B)
Class com.google.common.cache.LocalCache$ValueReference                               : loaded 2 times (x 68B)
Class org.gradle.tooling.internal.adapter.MethodInvocation                            : loaded 2 times (x 83B)
Class org.gradle.internal.time.CountdownTimer                                         : loaded 2 times (x 68B)
Class org.gradle.internal.time.Clock                                                  : loaded 2 times (x 68B)
Class org.objectweb.asm.ClassReader                                                   : loaded 2 times (x 91B)
Class com.amazon.ion.impl.bin.IonRawBinaryWriter$PatchPoint                           : loaded 2 times (x 69B)
Class org.gradle.internal.classloader.ClasspathUtil                                   : loaded 2 times (x 69B)
Class kotlin.ranges.RangesKt__RangesKt                                                : loaded 2 times (x 69B)
Class org.objectweb.asm.CurrentFrame                                                  : loaded 2 times (x 71B)
Class jdk.internal.jrtfs.JrtDirectoryStream                                           : loaded 2 times (x 87B)
Class com.amazon.ion.IonInt                                                           : loaded 2 times (x 68B)
Class org.objectweb.asm.tree.AnnotationNode                                           : loaded 2 times (x 78B)
Class com.google.common.util.concurrent.AbstractFuture                                : loaded 2 times (x 93B)
Class kotlin.NotImplementedError                                                      : loaded 2 times (x 80B)
Class org.jetbrains.kotlin.tooling.core.HasMutableExtras                              : loaded 2 times (x 68B)
Class com.amazon.ion.impl._Private_IonSymbol                                          : loaded 2 times (x 68B)
Class com.amazon.ion.impl._Private_IonBinaryWriterBuilder$Mutable                     : loaded 2 times (x 107B)
Class org.gradle.tooling.model.BuildIdentifier                                        : loaded 2 times (x 68B)
Class jdk.internal.jimage.decompressor.ResourceDecompressor                           : loaded 2 times (x 68B)
Class com.google.common.collect.ImmutableEnumSet                                      : loaded 2 times (x 144B)
Class kotlin.collections.CollectionsKt__IteratorsKt                                   : loaded 2 times (x 69B)
Class com.google.common.collect.ReverseOrdering                                       : loaded 2 times (x 113B)
Class com.google.common.base.Ticker$1                                                 : loaded 2 times (x 70B)
Class com.google.common.collect.Maps$BiMapConverter                                   : loaded 2 times (x 88B)
Class org.gradle.api.internal.DefaultClassPathRegistry                                : loaded 2 times (x 74B)
Class com.google.common.base.Splitter$5                                               : loaded 2 times (x 78B)
Class [Lorg.objectweb.asm.Symbol;                                                     : loaded 2 times (x 67B)
Class com.google.common.util.concurrent.AbstractFuture$Cancellation                   : loaded 2 times (x 70B)
Class com.amazon.ion.impl.bin.AbstractIonWriter$WriteValueOptimization                : loaded 2 times (x 77B)
Class com.amazon.ion.impl.bin._Private_IonRawWriter                                   : loaded 2 times (x 68B)
Class org.objectweb.asm.tree.InnerClassNode                                           : loaded 2 times (x 71B)
Class Settings_gradle$1$1                                                             : loaded 2 times (x 72B)
Class com.amazon.ion.impl.bin.IonManagedBinaryWriter$UserState                        : loaded 2 times (x 83B)
Class org.objectweb.asm.tree.ClassNode                                                : loaded 2 times (x 89B)
Class org.gradle.api.internal.classpath.DefaultModuleRegistry$DefaultModule           : loaded 2 times (x 84B)
Class com.amazon.ion.ReadOnlyValueException                                           : loaded 2 times (x 82B)
Class com.google.common.base.CharMatcher$JavaIsoControl                               : loaded 2 times (x 110B)
Class org.gradle.internal.exceptions.NonGradleCauseExceptionsHolder                   : loaded 2 times (x 68B)
Class org.gradle.tooling.model.build.GradleEnvironment                                : loaded 2 times (x 68B)
Class org.objectweb.asm.tree.TableSwitchInsnNode                                      : loaded 2 times (x 77B)
Class com.amazon.ion.IonException                                                     : loaded 2 times (x 82B)
Class org.gradle.api.internal.classpath.DefaultModuleRegistry                         : loaded 2 times (x 84B)
Class [Lcom.android.builder.model.v2.ide.AaptOptions$Namespacing;                     : loaded 2 times (x 67B)
Class org.objectweb.asm.tree.LocalVariableNode                                        : loaded 2 times (x 71B)
Class com.amazon.ion.BufferConfiguration$DataHandler                                  : loaded 2 times (x 68B)
Class com.google.common.collect.ImmutableSortedAsList                                 : loaded 2 times (x 181B)
Class com.amazon.ion.impl.bin.IonManagedBinaryWriter$SymbolState                      : loaded 2 times (x 78B)
Class org.jetbrains.plugins.gradle.tooling.serialization.ExternalTestsSerializationService$WriteContext: loaded 2 times (x 70B)
Class kotlin.text.StringsKt__StringsKt                                                : loaded 2 times (x 69B)
Class org.gradle.internal.time.TimeSource                                             : loaded 2 times (x 68B)
Class kotlin.comparisons.ComparisonsKt___ComparisonsKt                                : loaded 2 times (x 69B)
Class com.google.common.base.Suppliers$SupplierOfInstance                             : loaded 2 times (x 77B)
Class org.objectweb.asm.RecordComponentVisitor                                        : loaded 2 times (x 75B)
Class kotlin.text.Regex$Companion                                                     : loaded 2 times (x 69B)
Class [Lorg.jetbrains.kotlin.cli.common.CompilerSystemProperties;                     : loaded 2 times (x 67B)
Class com.amazon.ion.impl.bin.IonManagedBinaryWriter$SymbolState$1                    : loaded 2 times (x 78B)
Class com.amazon.ion.impl.bin.IonManagedBinaryWriter$SymbolState$2                    : loaded 2 times (x 78B)
Class com.amazon.ion.impl.bin.IonManagedBinaryWriter$SymbolState$3                    : loaded 2 times (x 78B)
Class com.intellij.util.containers.IntObjectHashMap$ArrayProducer                     : loaded 2 times (x 68B)
Class com.google.common.cache.LocalCache$HashIterator                                 : loaded 2 times (x 84B)
Class com.google.common.cache.RemovalListener                                         : loaded 2 times (x 68B)
Class com.amazon.ion.impl.bin.IonManagedBinaryWriter$SymbolState$4                    : loaded 2 times (x 78B)
Class org.jetbrains.kotlin.android.synthetic.idea.AndroidExtensionsGradleModel        : loaded 2 times (x 68B)
Class [Lcom.intellij.openapi.externalSystem.model.project.dependencies.ResolutionState;: loaded 2 times (x 67B)
Class org.jetbrains.kotlin.cli.common.CompilerSystemProperties$value$1                : loaded 2 times (x 123B)
Class com.google.common.base.CharMatcher$JavaLowerCase                                : loaded 2 times (x 109B)
Class com.google.common.cache.LocalCache$WriteThroughEntry                            : loaded 2 times (x 77B)
Class org.objectweb.asm.ClassTooLargeException                                        : loaded 2 times (x 81B)
Class com.intellij.openapi.externalSystem.model.project.dependencies.ResolutionState  : loaded 2 times (x 77B)
Class org.gradle.api.internal.classpath.UnknownModuleException                        : loaded 2 times (x 80B)
Class com.amazon.ion.system.SimpleCatalog                                             : loaded 2 times (x 89B)
Class kotlin.coroutines.intrinsics.IntrinsicsKt__IntrinsicsJvmKt                      : loaded 2 times (x 69B)
Class com.google.common.util.concurrent.AbstractFuture$Listener                       : loaded 2 times (x 70B)
Class kotlin.collections.MapsKt__MapsJVMKt                                            : loaded 2 times (x 69B)
Class com.amazon.ion.IonNumber                                                        : loaded 2 times (x 68B)
Class org.apache.commons.io.output.AbstractByteArrayOutputStream                      : loaded 2 times (x 100B)
Class com.amazon.ion.IonBufferConfiguration$OversizedSymbolTableHandler               : loaded 2 times (x 68B)
Class com.intellij.gradle.toolingExtension.impl.model.buildScriptClasspathModel.GradleBuildScriptClasspathSerializationService: loaded 2 times (x 75B)
Class org.objectweb.asm.Edge                                                          : loaded 2 times (x 70B)
Class com.android.ide.gradle.model.GradlePluginModel                                  : loaded 2 times (x 68B)
Class com.google.common.collect.Maps$EntryTransformer                                 : loaded 2 times (x 68B)
Class com.google.common.io.FileWriteMode                                              : loaded 2 times (x 77B)
Class org.jetbrains.plugins.gradle.model.ProjectImportModelProvider                   : loaded 2 times (x 68B)
Class org.jetbrains.plugins.gradle.tooling.serialization.GradleExtensionsSerializationService: loaded 2 times (x 75B)
Class kotlin.collections.ArraysKt___ArraysKt                                          : loaded 2 times (x 69B)
Class com.android.builder.model.v2.ide.AaptOptions$Namespacing                        : loaded 2 times (x 77B)
Class com.google.common.io.ByteArrayDataInput                                         : loaded 2 times (x 68B)
Class com.amazon.ion.IonContainer                                                     : loaded 2 times (x 68B)
Class com.amazon.ion.impl.lite.ValueFactoryLite                                       : loaded 2 times (x 216B)
Class com.amazon.ion.impl._Private_IonWriterBase                                      : loaded 2 times (x 160B)
Class kotlin.coroutines.Continuation                                                  : loaded 2 times (x 68B)
Class [Lorg.objectweb.asm.SymbolTable$Entry;                                          : loaded 2 times (x 67B)
Class kotlin.text.StringsKt__StringNumberConversionsJVMKt                             : loaded 2 times (x 69B)
Class com.google.common.collect.SingletonImmutableBiMap                               : loaded 2 times (x 141B)
Class kotlin.ranges.IntProgression$Companion                                          : loaded 2 times (x 69B)
Class kotlin.TuplesKt                                                                 : loaded 2 times (x 69B)
Class org.apache.commons.io.file.PathFilter                                           : loaded 2 times (x 68B)
Class org.gradle.internal.classpath.ClassPath                                         : loaded 2 times (x 68B)
Class com.google.common.base.Suppliers                                                : loaded 2 times (x 69B)
Class com.amazon.ion.impl._Private_IonTextWriterBuilder$Mutable                       : loaded 2 times (x 99B)
Class org.jetbrains.plugins.gradle.model.IntelliJProjectSettings                      : loaded 2 times (x 68B)
Class org.objectweb.asm.ClassVisitor                                                  : loaded 2 times (x 86B)
Class com.amazon.ion.system.IonReaderBuilder                                          : loaded 2 times (x 91B)
Class kotlin.text.StringsKt__IndentKt                                                 : loaded 2 times (x 69B)
Class com.google.common.cache.LoadingCache                                            : loaded 2 times (x 68B)
Class org.gradle.internal.service.ServiceLookupException                              : loaded 2 times (x 80B)
Class kotlin.collections.MapsKt__MapWithDefaultKt                                     : loaded 2 times (x 69B)
Class jdk.internal.jimage.ImageStringsReader                                          : loaded 2 times (x 78B)
Class org.objectweb.asm.tree.UnsupportedClassVersionException                         : loaded 2 times (x 80B)
Class org.gradle.cache.GlobalCache                                                    : loaded 2 times (x 68B)
Class org.objectweb.asm.tree.IntInsnNode                                              : loaded 2 times (x 77B)
Class jdk.internal.jimage.decompressor.ResourceDecompressorFactory                    : loaded 2 times (x 72B)
Class org.jetbrains.kotlin.idea.gradleTooling.model.lombok.LombokModel                : loaded 2 times (x 68B)
Class com.android.builder.model.v2.models.ProjectSyncIssues                           : loaded 2 times (x 68B)
Class com.google.common.collect.ReverseNaturalOrdering                                : loaded 2 times (x 112B)
Class kotlin.collections.EmptySet                                                     : loaded 2 times (x 120B)
Class org.gradle.tooling.model.ProjectIdentifier                                      : loaded 2 times (x 68B)
Class com.amazon.ion.impl.bin.utf8.Utf8StringEncoderPool$1                            : loaded 2 times (x 74B)
Class [Lorg.gradle.api.internal.ClassPathProvider;                                    : loaded 2 times (x 67B)
Class com.google.common.util.concurrent.AbstractFuture$SafeAtomicHelper               : loaded 2 times (x 77B)
Class jdk.internal.jimage.ImageReader$SharedImageReader$LocationVisitor               : loaded 2 times (x 68B)
Class com.google.common.collect.ImmutableMultimap$Values                              : loaded 2 times (x 124B)
Class org.gradle.internal.operations.MultipleBuildOperationFailures                   : loaded 2 times (x 93B)
Class kotlin.collections.MapsKt                                                       : loaded 2 times (x 69B)
Class org.gradle.util.internal.GUtil                                                  : loaded 2 times (x 69B)
Class jdk.internal.jimage.decompressor.ZipDecompressor                                : loaded 2 times (x 73B)
Class com.amazon.ion.IonBufferConfiguration$Builder                                   : loaded 2 times (x 76B)
Class kotlin.jvm.internal.CollectionToArray                                           : loaded 2 times (x 69B)
Class org.gradle.tooling.internal.adapter.MethodInvoker                               : loaded 2 times (x 68B)
Class org.jetbrains.plugins.gradle.model.AnnotationProcessingModel                    : loaded 2 times (x 68B)
Class com.google.common.math.IntMath                                                  : loaded 2 times (x 69B)
Class org.jetbrains.plugins.gradle.model.ExternalTask                                 : loaded 2 times (x 68B)
Class org.gradle.tooling.model.HierarchicalElement                                    : loaded 2 times (x 68B)
Class com.android.builder.model.v2.ide.BasicArtifact                                  : loaded 2 times (x 68B)
Class com.google.common.cache.CacheLoader$SupplierToCacheLoader                       : loaded 2 times (x 73B)
Class com.amazon.ion.system.IonTextWriterBuilder                                      : loaded 2 times (x 95B)
Class org.jetbrains.plugins.gradle.tooling.serialization.ExternalProjectSerializationService$ReadContext: loaded 2 times (x 72B)
Class org.gradle.internal.classloader.ClassLoaderSpec                                 : loaded 2 times (x 69B)
Class com.google.common.io.LineProcessor                                              : loaded 2 times (x 68B)
Class com.android.builder.model.v2.models.ndk.NativeModelBuilderParameter             : loaded 2 times (x 68B)
Class com.android.builder.model.v2.CustomSourceDirectory                              : loaded 2 times (x 68B)
Class org.apache.http.client.methods.AbstractExecutionAwareRequest                    : loaded 2 times (x 126B)
Class com.google.common.io.CharSink                                                   : loaded 2 times (x 77B)
Class org.objectweb.asm.Frame                                                         : loaded 2 times (x 71B)
Class com.google.common.cache.LocalCache$LocalManualCache                             : loaded 2 times (x 97B)
Class kotlin.coroutines.jvm.internal.SuspendFunction                                  : loaded 2 times (x 68B)
Class org.objectweb.asm.tree.FrameNode                                                : loaded 2 times (x 77B)
Class com.google.common.collect.ImmutableRangeSet$AsSet                               : loaded 2 times (x 234B)
Class com.google.common.cache.CacheLoader$1                                           : loaded 2 times (x 73B)
Class com.amazon.ion.impl.bin.Block                                                   : loaded 2 times (x 77B)
Class com.amazon.ion.impl.LocalSymbolTable$Factory                                    : loaded 2 times (x 75B)
Class org.jetbrains.plugins.gradle.model.GradleExtension                              : loaded 2 times (x 68B)
Class com.amazon.ion.impl.bin.IonManagedBinaryWriter                                  : loaded 2 times (x 164B)
Class org.gradle.tooling.internal.adapter.ProtocolToModelAdapter$AdaptingMethodInvoker: loaded 2 times (x 74B)
Class com.amazon.ion.impl.IonWriterSystem                                             : loaded 2 times (x 169B)
Class org.jetbrains.plugins.gradle.tooling.util.IntObjectMap                          : loaded 2 times (x 71B)
Class org.gradle.tooling.model.idea.IdeaModuleDependency                              : loaded 2 times (x 68B)
Class [Lcom.amazon.ion.impl.bin.IonManagedBinaryWriter$ImportedSymbolResolverMode;    : loaded 2 times (x 67B)
Class com.google.common.util.concurrent.AbstractFuture$TrustedFuture                  : loaded 2 times (x 95B)
Class org.jetbrains.plugins.gradle.tooling.serialization.RepositoriesModelSerializationService$ReadContext: loaded 2 times (x 70B)
Class [Lkotlin.Pair;                                                                  : loaded 2 times (x 67B)
Class com.amazon.ion.impl.bin.IonRawBinaryWriter                                      : loaded 2 times (x 167B)
Class com.amazon.ion.impl._Private_IonSystem                                          : loaded 2 times (x 68B)
Class com.amazon.ion.impl._Private_IonBinaryWriterBuilder                             : loaded 2 times (x 107B)
Class com.google.common.collect.Sets                                                  : loaded 2 times (x 69B)
Class sync_studio_tooling_dmj8kqakicgj7zm0jdsahn5iv                                   : loaded 2 times (x 177B)
Class com.amazon.ion.SymbolTable                                                      : loaded 2 times (x 68B)
Class kotlin.text.Regex                                                               : loaded 2 times (x 70B)
Class kotlin.io.FilesKt__UtilsKt                                                      : loaded 2 times (x 69B)
Class org.jetbrains.kotlin.util.capitalizeDecapitalize.CapitalizeDecapitalizeKt       : loaded 2 times (x 69B)
Class com.google.common.collect.ImmutableSet$Builder                                  : loaded 2 times (x 83B)
Class com.amazon.ion.impl.bin.Symbols$2                                               : loaded 2 times (x 105B)
Class org.objectweb.asm.tree.InsnList                                                 : loaded 2 times (x 101B)
Class [Lcom.google.common.collect.AbstractMapEntry;                                   : loaded 2 times (x 67B)
Class org.gradle.util.internal.DefaultGradleVersion                                   : loaded 2 times (x 82B)
Class org.apache.commons.io.output.StringBuilderWriter                                : loaded 2 times (x 98B)
Class org.objectweb.asm.commons.InstructionAdapter                                    : loaded 2 times (x 186B)
Class com.google.common.base.MoreObjects                                              : loaded 2 times (x 69B)
Class com.google.common.collect.SortedMapDifference                                   : loaded 2 times (x 68B)
Class com.android.ide.common.repository.GradleVersion$VersionSegment                  : loaded 2 times (x 73B)
Class kotlin.collections.ArraysUtilJVM                                                : loaded 2 times (x 69B)
Class org.objectweb.asm.SymbolTable                                                   : loaded 2 times (x 70B)
Class com.amazon.ion.impl.bin.BlockAllocatorProvider                                  : loaded 2 times (x 70B)
Class org.gradle.tooling.internal.adapter.ProtocolToModelAdapter$ViewGraphDetails$1   : loaded 2 times (x 75B)
Class [Lorg.objectweb.asm.AnnotationVisitor;                                          : loaded 2 times (x 67B)
Class com.google.common.cache.CacheStats                                              : loaded 2 times (x 69B)
Class com.intellij.gradle.toolingExtension.impl.model.buildScriptClasspathModel.GradleBuildScriptClasspathSerializationService$ReadContext: loaded 2 times (x 70B)
Class org.objectweb.asm.Attribute                                                     : loaded 2 times (x 75B)
Class com.amazon.ion.IonDatagram                                                      : loaded 2 times (x 68B)
Class kotlin.coroutines.jvm.internal.BaseContinuationImpl                             : loaded 2 times (x 85B)
Class org.gradle.internal.classloader.VisitableURLClassLoader                         : loaded 2 times (x 115B)
Class com.google.common.cache.LocalCache$LocalLoadingCache                            : loaded 2 times (x 132B)
Class [Lcom.amazon.ion.impl.bin.IonManagedBinaryWriter$UserState;                     : loaded 2 times (x 67B)
Class com.google.common.base.Supplier                                                 : loaded 2 times (x 68B)
Class kotlin.io.FilesKt__FileTreeWalkKt                                               : loaded 2 times (x 69B)
Class com.google.common.collect.ImmutableMultimap$Keys                                : loaded 2 times (x 164B)
Class com.google.common.base.Objects                                                  : loaded 2 times (x 69B)
Class com.google.common.util.concurrent.AbstractFuture$AtomicHelper                   : loaded 2 times (x 76B)
Class kotlin.collections.CollectionsKt__IterablesKt                                   : loaded 2 times (x 69B)
Class org.jetbrains.plugins.gradle.model.MavenRepositoryModel                         : loaded 2 times (x 68B)
Class org.objectweb.asm.tree.RecordComponentNode                                      : loaded 2 times (x 77B)
Class com.google.common.collect.NullnessCasts                                         : loaded 2 times (x 69B)
Class Build_gradle                                                                    : loaded 2 times (x 128B)
Class org.jetbrains.plugins.gradle.model.GradleProperty                               : loaded 2 times (x 68B)
Class com.amazon.ion.IonStruct                                                        : loaded 2 times (x 68B)
Class com.amazon.ion.impl.lite.IonLobLite                                             : loaded 2 times (x 182B)
Class org.gradle.api.internal.ClassPathRegistry                                       : loaded 2 times (x 68B)
Class com.google.common.cache.LocalCache$EntryFactory                                 : loaded 2 times (x 81B)
Class com.google.common.util.concurrent.UncheckedExecutionException                   : loaded 2 times (x 80B)
Class com.google.common.io.ByteSource                                                 : loaded 2 times (x 82B)
Class org.gradle.internal.classloader.VisitableURLClassLoader$InstrumentingVisitableURLClassLoader: loaded 2 times (x 121B)
Class kotlin.coroutines.jvm.internal.DebugProbesKt                                    : loaded 2 times (x 69B)
Class org.gradle.internal.classloader.ClassLoaderHierarchy                            : loaded 2 times (x 68B)
Class com.android.builder.model.v2.ide.AndroidGradlePluginProjectFlags                : loaded 2 times (x 68B)
Class org.objectweb.asm.tree.TypeAnnotationNode                                       : loaded 2 times (x 79B)
Class kotlin.sequences.SequencesKt___SequencesJvmKt                                   : loaded 2 times (x 69B)
Class kotlin.collections.MapsKt__MapsKt                                               : loaded 2 times (x 69B)
Class com.amazon.ion.UnexpectedEofException                                           : loaded 2 times (x 82B)
Class kotlin.collections.ArraysKt                                                     : loaded 2 times (x 69B)
Class org.gradle.internal.exceptions.MultiCauseException                              : loaded 2 times (x 68B)
Class com.amazon.ion.impl.lite.IonSexpLite                                            : loaded 2 times (x 449B)
Class com.amazon.ion.impl.bin.IonManagedBinaryWriter$UserState$1                      : loaded 2 times (x 83B)
Class [Lcom.amazon.ion.impl.bin.IonRawBinaryWriter$ContainerType;                     : loaded 2 times (x 67B)
Class com.amazon.ion.impl.bin.IonManagedBinaryWriter$UserState$2                      : loaded 2 times (x 83B)
Class [Lcom.amazon.ion.impl.bin.IonRawBinaryWriter$StreamCloseMode;                   : loaded 2 times (x 67B)
Class com.android.builder.model.v2.models.VariantDependenciesAdjacencyList            : loaded 2 times (x 68B)
Class com.amazon.ion.impl.bin.IonManagedBinaryWriter$UserState$3                      : loaded 2 times (x 83B)
Class com.amazon.ion.impl.bin.IonManagedBinaryWriter$UserState$4                      : loaded 2 times (x 83B)
Class com.amazon.ion.IonTimestamp                                                     : loaded 2 times (x 68B)
Class com.google.common.collect.Lists$ReverseList                                     : loaded 2 times (x 160B)
Class com.google.common.io.Closer$Suppressor                                          : loaded 2 times (x 68B)
Class jdk.internal.jimage.ImageReader                                                 : loaded 2 times (x 73B)
Class com.amazon.ion.impl.bin.IonRawBinaryWriter$PatchList$1                          : loaded 2 times (x 81B)
Class com.amazon.ion.impl.SymbolTokenImpl                                             : loaded 2 times (x 79B)
Class org.jetbrains.kotlin.idea.gradleTooling.model.parcelize.ParcelizeGradleModel    : loaded 2 times (x 68B)
Class kotlin.collections.MapsKt___MapsKt                                              : loaded 2 times (x 69B)
Class [Lorg.objectweb.asm.Type;                                                       : loaded 2 times (x 67B)
Class org.gradle.tooling.model.kotlin.dsl.KotlinDslScriptModel                        : loaded 2 times (x 68B)
Class com.google.common.collect.Lists$ReverseList$1                                   : loaded 2 times (x 97B)
Class org.objectweb.asm.ModuleVisitor                                                 : loaded 2 times (x 79B)
Class kotlin.sequences.TransformingSequence$iterator$1                                : loaded 2 times (x 77B)
Class com.amazon.ion.impl._Private_Utils                                              : loaded 2 times (x 69B)
Class org.objectweb.asm.tree.FieldInsnNode                                            : loaded 2 times (x 77B)
Class com.google.common.cache.Weigher                                                 : loaded 2 times (x 68B)
Class com.amazon.ion.impl._Private_IonTextWriterBuilder                               : loaded 2 times (x 99B)
Class kotlin.jvm.internal.StringCompanionObject                                       : loaded 2 times (x 69B)
Class org.apache.http.message.AbstractHttpMessage                                     : loaded 2 times (x 106B)
Class com.amazon.ion.impl.lite.IonIntLite                                             : loaded 2 times (x 187B)
Class com.android.builder.model.v2.AndroidModel                                       : loaded 2 times (x 68B)
Class org.jetbrains.plugins.gradle.tooling.serialization.ToolingStreamApiUtils        : loaded 2 times (x 69B)
Class org.gradle.internal.InternalTransformer                                         : loaded 2 times (x 68B)
Class com.android.builder.model.v2.ide.LintOptions                                    : loaded 2 times (x 68B)
Class org.apache.commons.io.output.NullOutputStream                                   : loaded 2 times (x 83B)
Class org.jetbrains.kotlin.idea.gradleTooling.model.noarg.NoArgModel                  : loaded 2 times (x 68B)
Class org.jetbrains.kotlin.idea.gradleTooling.KotlinGradleModel                       : loaded 2 times (x 68B)
Class kotlin.sequences.Sequence                                                       : loaded 2 times (x 68B)
Class org.gradle.tooling.internal.gradle.DefaultBuildIdentifier                       : loaded 2 times (x 77B)
Class org.gradle.internal.service.ServiceLocator                                      : loaded 2 times (x 68B)
Class Settings_gradle$1                                                               : loaded 2 times (x 72B)
Class org.jetbrains.plugins.gradle.model.ExternalDependency                           : loaded 2 times (x 68B)
Class com.amazon.ion.impl.bin.IonManagedBinaryWriter$ImportedSymbolResolverMode$1$1$1 : loaded 2 times (x 74B)
Class com.google.common.util.concurrent.SettableFuture                                : loaded 2 times (x 95B)
Class org.gradle.internal.impldep.gnu.trove.TObjectHashingStrategy                    : loaded 2 times (x 68B)
Class com.google.common.collect.ImmutableRangeSet$1                                   : loaded 2 times (x 170B)
Class org.gradle.tooling.internal.adapter.ProtocolToModelAdapter$MethodInvocationCache: loaded 2 times (x 71B)
Class com.amazon.ion.IonString                                                        : loaded 2 times (x 68B)
Class [Lcom.android.builder.model.v2.ide.CodeShrinker;                                : loaded 2 times (x 67B)
Class com.google.common.io.Files$2                                                    : loaded 2 times (x 74B)
Class com.amazon.ion.IonLoader                                                        : loaded 2 times (x 68B)
Class com.android.builder.model.v2.models.Versions$Companion                          : loaded 2 times (x 69B)
Class com.android.builder.model.v2.dsl.BuildType                                      : loaded 2 times (x 68B)
Class com.amazon.ion.IonBinaryWriter                                                  : loaded 2 times (x 68B)
Class kotlin.sequences.SequencesKt___SequencesKt$flatMap$2                            : loaded 2 times (x 123B)
Class org.jetbrains.kotlin.idea.gradleTooling.model.allopen.AllOpenModel              : loaded 2 times (x 68B)
Class com.google.common.io.ByteStreams                                                : loaded 2 times (x 69B)
Class kotlin.coroutines.jvm.internal.CoroutineStackFrame                              : loaded 2 times (x 68B)
Class org.jetbrains.plugins.gradle.model.AnnotationProcessingConfig                   : loaded 2 times (x 68B)
Class org.jetbrains.plugins.gradle.tooling.serialization.ExternalTestsSerializationService: loaded 2 times (x 75B)
Class kotlin.internal.ProgressionUtilKt                                               : loaded 2 times (x 69B)
Class com.google.common.base.CharMatcher$Invisible                                    : loaded 2 times (x 110B)
Class kotlin.reflect.KFunction                                                        : loaded 2 times (x 68B)
Class com.google.common.io.Closer$SuppressingSuppressor                               : loaded 2 times (x 73B)
Class org.jetbrains.plugins.gradle.tooling.serialization.ProjectDependenciesSerializationService$WriteContext: loaded 2 times (x 70B)
Class kotlin.collections.ArraysKt__ArraysJVMKt                                        : loaded 2 times (x 69B)
Class kotlin.jvm.KotlinReflectionNotSupportedError                                    : loaded 2 times (x 80B)
Class org.apache.http.client.methods.HttpRequestBase                                  : loaded 2 times (x 143B)
Class kotlin.io.TerminateException                                                    : loaded 2 times (x 80B)
Class org.gradle.tooling.internal.adapter.WeakIdentityHashMap                         : loaded 2 times (x 74B)
Class com.google.common.collect.ImmutableMultiset                                     : loaded 2 times (x 161B)
Class kotlin.collections.AbstractCollection                                           : loaded 2 times (x 115B)
Class [Lorg.objectweb.asm.Label;                                                      : loaded 2 times (x 67B)
Class org.gradle.internal.classpath.DefaultClassPath$ImmutableUniqueList              : loaded 2 times (x 159B)
Class com.amazon.ion.IonBool                                                          : loaded 2 times (x 68B)
Class jdk.internal.jimage.ImageBufferCache                                            : loaded 2 times (x 69B)
Class com.amazon.ion.impl.bin.IonRawBinaryWriter$ContainerInfo                        : loaded 2 times (x 74B)
Class org.gradle.internal.time.DefaultTimer                                           : loaded 2 times (x 78B)
Class com.google.common.base.CharMatcher$JavaLetter                                   : loaded 2 times (x 109B)
Class com.google.common.collect.ImmutableMultimap$1                                   : loaded 2 times (x 80B)
Class com.google.common.collect.ImmutableMultimap$2                                   : loaded 2 times (x 79B)
Class org.gradle.internal.classpath.TransformedClassPath                              : loaded 2 times (x 94B)
Class com.google.common.collect.MapDifference                                         : loaded 2 times (x 68B)
Class org.jetbrains.plugins.gradle.tooling.serialization.ExternalProjectSerializationService$WriteContext: loaded 2 times (x 72B)
Class com.amazon.ion.impl.bin.IonManagedBinaryWriter$ImportDescriptor                 : loaded 2 times (x 74B)
Class com.amazon.ion.system.IonBinaryWriterBuilder                                    : loaded 2 times (x 95B)
Class org.jetbrains.kotlin.tooling.core.HasExtras                                     : loaded 2 times (x 68B)
Class com.google.common.collect.Sets$1                                                : loaded 2 times (x 137B)
Class com.google.common.collect.Sets$2                                                : loaded 2 times (x 137B)
Class com.google.common.util.concurrent.AbstractFuture$Trusted                        : loaded 2 times (x 68B)
Class org.gradle.tooling.internal.adapter.ProtocolToModelAdapter$InvocationHandlerImpl: loaded 2 times (x 75B)
Class com.google.common.collect.Sets$3                                                : loaded 2 times (x 137B)
Class com.google.common.graph.SuccessorsFunction                                      : loaded 2 times (x 68B)
Class com.google.common.collect.Sets$4                                                : loaded 2 times (x 137B)
Class org.jetbrains.plugins.gradle.tooling.serialization.AnnotationProcessingModelSerializationService$WriteContext: loaded 2 times (x 70B)
Class kotlin.text.MatcherMatchResult$groups$1                                         : loaded 2 times (x 149B)
Class com.amazon.ion.impl._Private_IonReaderBuilder$Mutable                           : loaded 2 times (x 93B)
Class Settings_gradle                                                                 : loaded 2 times (x 126B)
Class kotlin.text.StringsKt___StringsKt                                               : loaded 2 times (x 69B)
Class org.jetbrains.plugins.gradle.tooling.serialization.internal.IdeaProjectSerializationService$ReadContext: loaded 2 times (x 70B)
Class org.gradle.tooling.model.idea.IdeaLanguageLevel                                 : loaded 2 times (x 68B)
Class kotlin.coroutines.intrinsics.CoroutineSingletons                                : loaded 2 times (x 77B)
Class kotlin.Pair                                                                     : loaded 2 times (x 70B)
Class com.google.common.io.ByteSink                                                   : loaded 2 times (x 74B)
Class com.android.builder.model.v2.ide.BasicVariant                                   : loaded 2 times (x 68B)
Class com.google.common.collect.Lists$TransformingRandomAccessList                    : loaded 2 times (x 159B)
Class org.objectweb.asm.MethodWriter                                                  : loaded 2 times (x 104B)
Class com.android.builder.model.v2.ide.SourceSetContainer                             : loaded 2 times (x 68B)
Class com.amazon.ion.impl._Private_Utils$1                                            : loaded 2 times (x 87B)
Class kotlin.collections.AbstractList$Companion                                       : loaded 2 times (x 69B)
Class kotlin.coroutines.intrinsics.IntrinsicsKt                                       : loaded 2 times (x 69B)
Class org.gradle.tooling.internal.adapter.ProtocolToModelAdapter$ViewDecoration       : loaded 2 times (x 68B)
Class com.google.common.collect.Platform                                              : loaded 2 times (x 69B)
Class com.google.common.primitives.Booleans                                           : loaded 2 times (x 69B)
Class kotlin.collections.AbstractList                                                 : loaded 2 times (x 157B)
Class com.amazon.ion.impl._Private_IonReaderBuilder$TwoElementSequenceInputStream     : loaded 2 times (x 90B)
Class com.google.common.util.concurrent.ExecutionError                                : loaded 2 times (x 80B)
Class com.google.common.io.ByteSink$AsCharSink                                        : loaded 2 times (x 78B)
Class com.google.common.base.Equivalence$Identity                                     : loaded 2 times (x 80B)
Class com.google.common.collect.UsingToStringOrdering                                 : loaded 2 times (x 112B)
Class org.gradle.util.GradleVersion                                                   : loaded 2 times (x 81B)
Class kotlin.ranges.IntRange                                                          : loaded 2 times (x 91B)
Class kotlin.collections.SetsKt__SetsKt                                               : loaded 2 times (x 69B)
Class com.amazon.ion.impl._Private_LocalSymbolTable                                   : loaded 2 times (x 68B)
Class com.amazon.ion.ValueFactory                                                     : loaded 2 times (x 68B)
Class org.apache.http.client.methods.HttpExecutionAware                               : loaded 2 times (x 68B)
Class com.google.common.cache.LocalCache                                              : loaded 2 times (x 185B)
Class jdk.internal.jimage.ImageReader$Directory                                       : loaded 2 times (x 82B)
Class com.google.common.collect.ImmutableRangeSet$Builder                             : loaded 2 times (x 75B)
Class kotlin.ranges.IntRange$Companion                                                : loaded 2 times (x 69B)
Class com.amazon.ion.util._Private_FastAppendable                                     : loaded 2 times (x 68B)
Class com.google.common.util.concurrent.AbstractFuture$UnsafeAtomicHelper$1           : loaded 2 times (x 74B)
Class org.gradle.internal.impldep.gnu.trove.TObjectCanonicalHashingStrategy           : loaded 2 times (x 78B)
Class com.google.common.base.CharMatcher$JavaUpperCase                                : loaded 2 times (x 109B)
Class org.jetbrains.plugins.gradle.tooling.util.IntObjectMap$ObjectFactory            : loaded 2 times (x 68B)
Class com.google.common.collect.Multiset                                              : loaded 2 times (x 68B)
Class org.gradle.internal.installation.GradleInstallation                             : loaded 2 times (x 73B)
Class com.amazon.ion.impl.lite.IonDecimalLite                                         : loaded 2 times (x 186B)
Class org.jetbrains.plugins.gradle.tooling.util.IntObjectMap$1                        : loaded 2 times (x 75B)
Class [Lcom.amazon.ion.impl.bin.AbstractIonWriter$WriteValueOptimization;             : loaded 2 times (x 67B)
Class com.amazon.ion.Decimal                                                          : loaded 2 times (x 131B)
Class com.amazon.ion.impl.lite.IonTimestampLite                                       : loaded 2 times (x 190B)
Class kotlin.comparisons.ComparisonsKt__ComparisonsKt                                 : loaded 2 times (x 69B)
Class sync_studio_tooling_dmj8kqakicgj7zm0jdsahn5iv$_run_closure1                     : loaded 2 times (x 137B)
Class kotlin.collections.EmptyMap                                                     : loaded 2 times (x 107B)
Class org.gradle.tooling.internal.adapter.ProtocolToModelAdapter$ViewGraphDetails     : loaded 2 times (x 70B)
Class org.apache.http.HttpRequest                                                     : loaded 2 times (x 68B)
Class org.objectweb.asm.MethodVisitor                                                 : loaded 2 times (x 103B)
Class com.google.common.collect.NullsLastOrdering                                     : loaded 2 times (x 113B)
Class com.amazon.ion.IonWriter                                                        : loaded 2 times (x 68B)
Class com.google.common.collect.AbstractMapBasedMultimap$KeySet$1                     : loaded 2 times (x 80B)
Class com.google.common.collect.ComparisonChain                                       : loaded 2 times (x 78B)
Class com.amazon.ion.IonLob                                                           : loaded 2 times (x 68B)
Class com.google.common.collect.AbstractMapBasedMultimap                              : loaded 2 times (x 137B)
Class org.gradle.internal.impldep.gnu.trove.Equality                                  : loaded 2 times (x 68B)
Class kotlin.text.RegexKt                                                             : loaded 2 times (x 69B)
Class com.amazon.ion.IonType                                                          : loaded 2 times (x 77B)


---------------  S Y S T E M  ---------------

OS:
 Windows 11 , 64 bit Build 22621 (10.0.22621.3672)
OS uptime: 7 days 9:28 hours
Hyper-V role detected

CPU: total 20 (initial active 20) (10 cores per cpu, 2 threads per core) family 6 model 154 stepping 3 microcode 0x429, cx8, cmov, fxsr, ht, mmx, 3dnowpref, sse, sse2, sse3, ssse3, sse4.1, sse4.2, popcnt, lzcnt, tsc, tscinvbit, avx, avx2, aes, erms, clmul, bmi1, bmi2, adx, sha, fma, vzeroupper, clflush, clflushopt, clwb, hv
Processor Information for all 20 processors :
  Max Mhz: 2300, Current Mhz: 2300, Mhz Limit: 2300

Memory: 4k page, system-wide physical 16004M (6917M free)
TotalPageFile size 18052M (AvailPageFile size 8M)
current process WorkingSet (physical memory assigned to process): 847M, peak: 847M
current process commit charge ("private bytes"): 1013M, peak: 1016M

vm_info: OpenJDK 64-Bit Server VM (17.0.10+0--11609105) for windows-amd64 JRE (17.0.10+0--11609105), built on Mar 21 2024 19:10:56 by "androidbuild" with MS VC++ 16.10 / 16.11 (VS2019)

END.
