#
# There is insufficient memory for the Java Runtime Environment to continue.
# Native memory allocation (mmap) failed to map 209715200 bytes for G1 virtual space
# Possible reasons:
#   The system is out of physical RAM or swap space
#   The process is running with CompressedOops enabled, and the Java Heap may be blocking the growth of the native heap
# Possible solutions:
#   Reduce memory load on the system
#   Increase physical memory or swap space
#   Check if swap backing store is full
#   Decrease Java heap size (-Xmx/-Xms)
#   Decrease number of Java threads
#   Decrease Java thread stack sizes (-Xss)
#   Set larger code cache with -XX:ReservedCodeCacheSize=
#   JVM is running with Unscaled Compressed Oops mode in which the Java heap is
#     placed in the first 4GB address space. The Java Heap base address is the
#     maximum limit for the native heap growth. Please use -XX:HeapBaseMinAddress
#     to set the Java Heap base and to place the Java Heap above 4GB virtual address.
# This output file may be truncated or incomplete.
#
#  Out of Memory Error (os_windows.cpp:3825), pid=22772, tid=9968
#
# JRE version: OpenJDK Runtime Environment (17.0.10) (build 17.0.10+0--11609105)
# Java VM: OpenJDK 64-Bit Server VM (17.0.10+0--11609105, mixed mode, tiered, compressed oops, compressed class ptrs, g1 gc, windows-amd64)
# No core dump will be written. Minidumps are not enabled by default on client versions of Windows
#

---------------  S U M M A R Y ------------

Command Line: --add-opens=java.base/java.util=ALL-UNNAMED --add-opens=java.base/java.lang=ALL-UNNAMED --add-opens=java.base/java.lang.invoke=ALL-UNNAMED --add-opens=java.prefs/java.util.prefs=ALL-UNNAMED --add-opens=java.base/java.nio.charset=ALL-UNNAMED --add-opens=java.base/java.net=ALL-UNNAMED --add-opens=java.base/java.util.concurrent.atomic=ALL-UNNAMED -Xmx1536M -Dfile.encoding=UTF-8 -Duser.country=US -Duser.language=en -Duser.variant -javaagent:C:\Users\Hashem Arenat\.gradle\wrapper\dists\gradle-8.7-bin\bhs2wmbdwecv87pi65oeuq5iu\gradle-8.7\lib\agents\gradle-instrumentation-agent-8.7.jar org.gradle.launcher.daemon.bootstrap.GradleDaemon 8.7

Host: 12th Gen Intel(R) Core(TM) i7-12700H, 20 cores, 15G,  Windows 11 , 64 bit Build 22621 (10.0.22621.3958)
Time: Thu Oct 31 14:10:12 2024 Jerusalem Standard Time elapsed time: 63.331121 seconds (0d 0h 1m 3s)

---------------  T H R E A D  ---------------

Current thread (0x000001df2c995630):  VMThread "VM Thread" [stack: 0x0000006428800000,0x0000006428900000] [id=9968]

Stack: [0x0000006428800000,0x0000006428900000]
Native frames: (J=compiled Java code, j=interpreted, Vv=VM code, C=native code)
V  [jvm.dll+0x688de9]
V  [jvm.dll+0x8423da]
V  [jvm.dll+0x84401e]
V  [jvm.dll+0x844683]
V  [jvm.dll+0x24be0f]
V  [jvm.dll+0x685bb9]
V  [jvm.dll+0x67a46a]
V  [jvm.dll+0x30cbab]
V  [jvm.dll+0x314056]
V  [jvm.dll+0x363dce]
V  [jvm.dll+0x363fff]
V  [jvm.dll+0x2e2978]
V  [jvm.dll+0x2e5a66]
V  [jvm.dll+0x2f027a]
V  [jvm.dll+0x325240]
V  [jvm.dll+0x848d7b]
V  [jvm.dll+0x849ac1]
V  [jvm.dll+0x849fdd]
V  [jvm.dll+0x84a3b4]
V  [jvm.dll+0x84a480]
V  [jvm.dll+0x7f0c7a]
V  [jvm.dll+0x687c65]
C  [ucrtbase.dll+0x29333]
C  [KERNEL32.DLL+0x1257d]
C  [ntdll.dll+0x5af08]

VM_Operation (0x00000064284ff7b0): G1PauseRemark, mode: safepoint, requested by thread 0x000001df12d186c0


---------------  P R O C E S S  ---------------

Threads class SMR info:
_java_thread_list=0x000001df3df0ac60, length=275, elements={
0x000001df12cbd090, 0x000001df2c9b7020, 0x000001df2c9b7ea0, 0x000001df2c9e1030,
0x000001df2c9e1cc0, 0x000001df2c9e39f0, 0x000001df2c9e64c0, 0x000001df2c9e7260,
0x000001df2c9e7d10, 0x000001df2c9ebc10, 0x000001df2cb52630, 0x000001df2cccda70,
0x000001df32bc8e30, 0x000001df32bc8920, 0x000001df32bc9340, 0x000001df32bc7f00,
0x000001df32bc8410, 0x000001df32bc79f0, 0x000001df33755690, 0x000001df33758930,
0x000001df3375b6c0, 0x000001df33757a00, 0x000001df33759d70, 0x000001df33755ba0,
0x000001df33758e40, 0x000001df337560b0, 0x000001df3375bbd0, 0x000001df3375aca0,
0x000001df3375c0e0, 0x000001df33755180, 0x000001df337574f0, 0x000001df3375cb00,
0x000001df33758420, 0x000001df33757f10, 0x000001df337565c0, 0x000001df33756fe0,
0x000001df36386070, 0x000001df363823b0, 0x000001df36386fa0, 0x000001df36384c30,
0x000001df36383d00, 0x000001df36387ed0, 0x000001df363837f0, 0x000001df36386580,
0x000001df36384210, 0x000001df36381ea0, 0x000001df36384720, 0x000001df36382dd0,
0x000001df36385140, 0x000001df363874b0, 0x000001df363888f0, 0x000001df363828c0,
0x000001df36386a90, 0x000001df36385650, 0x000001df363879c0, 0x000001df36389310,
0x000001df363832e0, 0x000001df36385b60, 0x000001df363883e0, 0x000001df36388e00,
0x000001df36389820, 0x000001df358042d0, 0x000001df35808ec0, 0x000001df35805200,
0x000001df358098e0, 0x000001df3580b230, 0x000001df35807570, 0x000001df35809df0,
0x000001df35804cf0, 0x000001df3580b740, 0x000001df35806130, 0x000001df3580a300,
0x000001df35807f90, 0x000001df35807a80, 0x000001df358084a0, 0x000001df3580bc50,
0x000001df358089b0, 0x000001df35806640, 0x000001df3580ad20, 0x000001df3343a560,
0x000001df33437ce0, 0x000001df3343cde0, 0x000001df3343c3c0, 0x000001df3343b9a0,
0x000001df33439b40, 0x000001df3343e220, 0x000001df3343e730, 0x000001df334377d0,
0x000001df334381f0, 0x000001df3343f150, 0x000001df33438700, 0x000001df33438c10,
0x000001df3343af80, 0x000001df3375a280, 0x000001df33759350, 0x000001df3cd49510,
0x000001df3cd50e90, 0x000001df3cd4a440, 0x000001df3cd4f030, 0x000001df3cd50980,
0x000001df3cd4d6e0, 0x000001df3cd49f30, 0x000001df3cd4a950, 0x000001df3cd4dbf0,
0x000001df3cd4e100, 0x000001df3cd4d1d0, 0x000001df3cd4b880, 0x000001df3cd50470,
0x000001df3cd49a20, 0x000001df3cd4e610, 0x000001df3cd4ae60, 0x000001df3cd4b370,
0x000001df3cd4eb20, 0x000001df3cd4fa50, 0x000001df3cd4ccc0, 0x000001df3cd4bd90,
0x000001df3cd4ff60, 0x000001df3cd4c2a0, 0x000001df3cd4f540, 0x000001df3cd4c7b0,
0x000001df3ee52c50, 0x000001df3ee51d20, 0x000001df3ee4e570, 0x000001df3ee4fec0,
0x000001df3ee545a0, 0x000001df3ee53b80, 0x000001df3ee51300, 0x000001df3ee4f4a0,
0x000001df3ee4f9b0, 0x000001df3ee508e0, 0x000001df3ee54090, 0x000001df3ee53160,
0x000001df3ee554d0, 0x000001df3ee4ea80, 0x000001df3ee54ab0, 0x000001df3ee503d0,
0x000001df3ee50df0, 0x000001df3ee4e060, 0x000001df3ee54fc0, 0x000001df3ee51810,
0x000001df3ee52230, 0x000001df3ee52740, 0x000001df3ee559e0, 0x000001df3cb8b130,
0x000001df3cb8c570, 0x000001df3cb8d9b0, 0x000001df3cb8cf90, 0x000001df3cb8e3d0,
0x000001df3cb8ca80, 0x000001df3cb88dc0, 0x000001df3cb90740, 0x000001df3cb897e0,
0x000001df3cb8b640, 0x000001df3cb8dec0, 0x000001df3cb8edf0, 0x000001df3cb8e8e0,
0x000001df3cb8f300, 0x000001df3cb8f810, 0x000001df3cb90230, 0x000001df3cb8d4a0,
0x000001df3cb8fd20, 0x000001df3cb8a200, 0x000001df3cb892d0, 0x000001df3cb8c060,
0x000001df3cb89cf0, 0x000001df3cb8a710, 0x000001df3cb8ac20, 0x000001df3d9e4310,
0x000001df3d9e33e0, 0x000001df3d9e4820, 0x000001df3d9e1a90, 0x000001df3d9e1fa0,
0x000001df3d9e70a0, 0x000001df3d9e4d30, 0x000001df3d9e24b0, 0x000001df3d9e38f0,
0x000001df3d9e2ed0, 0x000001df3d9e5750, 0x000001df3d9e1070, 0x000001df3d9e29c0,
0x000001df3d9e7ac0, 0x000001df3d9e3e00, 0x000001df3d9e89f0, 0x000001df3d9e5240,
0x000001df3d9e5c60, 0x000001df3d9e6170, 0x000001df3d9e6680, 0x000001df3d9e7fd0,
0x000001df3d9e6b90, 0x000001df3d9e75b0, 0x000001df3d9e84e0, 0x000001df3d9e1580,
0x000001df3cf9b0a0, 0x000001df3cf99c60, 0x000001df3cf9b5b0, 0x000001df3cf9d410,
0x000001df3cf9f780, 0x000001df3cf9de30, 0x000001df3cf9bac0, 0x000001df3cf9a680,
0x000001df3cf9e340, 0x000001df3cf9d920, 0x000001df3cf9e850, 0x000001df3cf9ed60,
0x000001df3cfa01a0, 0x000001df3cf9bfd0, 0x000001df3cf99750, 0x000001df3cf9c4e0,
0x000001df3cf9f270, 0x000001df3cf9a170, 0x000001df3cfa06b0, 0x000001df3cf9ab90,
0x000001df3cfa0bc0, 0x000001df3cf9c9f0, 0x000001df3cf9cf00, 0x000001df3cf9fc90,
0x000001df3cfa10d0, 0x000001df3343aa70, 0x000001df3343beb0, 0x000001df3375c5f0,
0x000001df37c9a750, 0x000001df37c99d30, 0x000001df37c9cac0, 0x000001df37c9df00,
0x000001df37c9d4e0, 0x000001df37c9ac60, 0x000001df37c9b170, 0x000001df37c9ee30,
0x000001df37c9e410, 0x000001df37c99310, 0x000001df37c9f850, 0x000001df37c98e00,
0x000001df37c9d9f0, 0x000001df37c9e920, 0x000001df37c983e0, 0x000001df37c99820,
0x000001df37c9f340, 0x000001df37c9fd60, 0x000001df37c988f0, 0x000001df37ca11a0,
0x000001df37c9bb90, 0x000001df37ca0270, 0x000001df37c9b680, 0x000001df37c9c0a0,
0x000001df37ca0780, 0x000001df37ca0c90, 0x000001df37ca16b0, 0x000001df37c9a240,
0x000001df37ca1bc0, 0x000001df37c9cfd0, 0x000001df37ca20d0, 0x000001df37ca25e0,
0x000001df37ca3000, 0x000001df37ca2af0, 0x000001df37ca3510, 0x000001df37ca3a20,
0x000001df37c9c5b0, 0x000001df37ca3f30, 0x000001df37ca4e60, 0x000001df37ca62a0,
0x000001df37ca6cc0, 0x000001df37ca71d0, 0x000001df37ca76e0, 0x000001df34367ab0,
0x000001df3e11c7a0, 0x000001df3e11c250, 0x000001df3e11ccf0, 0x000001df343624a0,
0x000001df41337df0, 0x000001df41337350, 0x000001df3e6a3540, 0x000001df3550d520,
0x000001df3550da70, 0x000001df420e77f0, 0x000001df3d3e8b80
}

Java Threads: ( => current thread )
  0x000001df12cbd090 JavaThread "main" [_thread_blocked, id=20268, stack(0x0000006428200000,0x0000006428300000)]
  0x000001df2c9b7020 JavaThread "Reference Handler" daemon [_thread_blocked, id=1320, stack(0x0000006428900000,0x0000006428a00000)]
  0x000001df2c9b7ea0 JavaThread "Finalizer" daemon [_thread_blocked, id=20432, stack(0x0000006428a00000,0x0000006428b00000)]
  0x000001df2c9e1030 JavaThread "Signal Dispatcher" daemon [_thread_blocked, id=23036, stack(0x0000006428b00000,0x0000006428c00000)]
  0x000001df2c9e1cc0 JavaThread "Attach Listener" daemon [_thread_blocked, id=21476, stack(0x0000006428c00000,0x0000006428d00000)]
  0x000001df2c9e39f0 JavaThread "Service Thread" daemon [_thread_blocked, id=13876, stack(0x0000006428d00000,0x0000006428e00000)]
  0x000001df2c9e64c0 JavaThread "Monitor Deflation Thread" daemon [_thread_blocked, id=19008, stack(0x0000006428e00000,0x0000006428f00000)]
  0x000001df2c9e7260 JavaThread "C2 CompilerThread0" daemon [_thread_blocked, id=23448, stack(0x0000006428f00000,0x0000006429000000)]
  0x000001df2c9e7d10 JavaThread "C1 CompilerThread0" daemon [_thread_blocked, id=13648, stack(0x0000006429000000,0x0000006429100000)]
  0x000001df2c9ebc10 JavaThread "Sweeper thread" daemon [_thread_blocked, id=2588, stack(0x0000006429100000,0x0000006429200000)]
  0x000001df2cb52630 JavaThread "Common-Cleaner" daemon [_thread_blocked, id=23584, stack(0x0000006429200000,0x0000006429300000)]
  0x000001df2cccda70 JavaThread "Notification Thread" daemon [_thread_blocked, id=19260, stack(0x0000006429600000,0x0000006429700000)]
  0x000001df32bc8e30 JavaThread "Daemon health stats" [_thread_blocked, id=15584, stack(0x000000642a000000,0x000000642a100000)]
  0x000001df32bc8920 JavaThread "Incoming local TCP Connector on port 51884" [_thread_in_native, id=17104, stack(0x000000642a100000,0x000000642a200000)]
  0x000001df32bc9340 JavaThread "Daemon periodic checks" [_thread_blocked, id=13036, stack(0x000000642a200000,0x000000642a300000)]
  0x000001df32bc7f00 JavaThread "Daemon" [_thread_blocked, id=18496, stack(0x000000642a300000,0x000000642a400000)]
  0x000001df32bc8410 JavaThread "Handler for socket connection from /127.0.0.1:51884 to /127.0.0.1:51885" [_thread_in_native, id=23336, stack(0x000000642a400000,0x000000642a500000)]
  0x000001df32bc79f0 JavaThread "Cancel handler" [_thread_blocked, id=14184, stack(0x000000642a500000,0x000000642a600000)]
  0x000001df33755690 JavaThread "Daemon worker" [_thread_blocked, id=22752, stack(0x000000642a600000,0x000000642a700000)]
  0x000001df33758930 JavaThread "Asynchronous log dispatcher for DefaultDaemonConnection: socket connection from /127.0.0.1:51884 to /127.0.0.1:51885" [_thread_blocked, id=20440, stack(0x000000642a700000,0x000000642a800000)]
  0x000001df3375b6c0 JavaThread "Daemon client event forwarder" [_thread_blocked, id=22548, stack(0x000000642a900000,0x000000642aa00000)]
  0x000001df33757a00 JavaThread "Cache worker for journal cache (C:\Users\Hashem Arenat\.gradle\caches\journal-1)" [_thread_blocked, id=24328, stack(0x000000642b600000,0x000000642b700000)]
  0x000001df33759d70 JavaThread "File lock request listener" [_thread_in_native, id=6576, stack(0x000000642b700000,0x000000642b800000)]
  0x000001df33755ba0 JavaThread "Cache worker for file hash cache (C:\Users\Hashem Arenat\.gradle\caches\8.7\fileHashes)" [_thread_blocked, id=4412, stack(0x000000642b800000,0x000000642b900000)]
  0x000001df33758e40 JavaThread "Cache worker for file hash cache (C:\Users\Hashem Arenat\AndroidStudioProjects\ECommerce\.gradle\8.7\fileHashes)" [_thread_blocked, id=11224, stack(0x000000642b900000,0x000000642ba00000)]
  0x000001df337560b0 JavaThread "File watcher server" daemon [_thread_blocked, id=16196, stack(0x000000642ba00000,0x000000642bb00000)]
  0x000001df3375bbd0 JavaThread "File watcher consumer" daemon [_thread_blocked, id=21240, stack(0x000000642bb00000,0x000000642bc00000)]
  0x000001df3375aca0 JavaThread "Cache worker for checksums cache (C:\Users\Hashem Arenat\AndroidStudioProjects\ECommerce\.gradle\8.7\checksums)" [_thread_blocked, id=1608, stack(0x0000006429a00000,0x0000006429b00000)]
  0x000001df3375c0e0 JavaThread "Cache worker for cache directory md-supplier (C:\Users\Hashem Arenat\.gradle\caches\8.7\md-supplier)" [_thread_blocked, id=19952, stack(0x000000642bc00000,0x000000642bd00000)]
  0x000001df33755180 JavaThread "Cache worker for cache directory md-rule (C:\Users\Hashem Arenat\.gradle\caches\8.7\md-rule)" [_thread_blocked, id=2116, stack(0x000000642bd00000,0x000000642be00000)]
  0x000001df337574f0 JavaThread "Cache worker for file content cache (C:\Users\Hashem Arenat\.gradle\caches\8.7\fileContent)" [_thread_blocked, id=12524, stack(0x0000006429900000,0x0000006429a00000)]
  0x000001df3375cb00 JavaThread "Cache worker for Build Output Cleanup Cache (C:\Users\Hashem Arenat\AndroidStudioProjects\ECommerce\.gradle\buildOutputCleanup)" [_thread_blocked, id=14928, stack(0x000000642c100000,0x000000642c200000)]
  0x000001df33758420 JavaThread "Unconstrained build operations" [_thread_blocked, id=17468, stack(0x000000642c200000,0x000000642c300000)]
  0x000001df33757f10 JavaThread "Unconstrained build operations Thread 2" [_thread_blocked, id=14760, stack(0x000000642c300000,0x000000642c400000)]
  0x000001df337565c0 JavaThread "Unconstrained build operations Thread 3" [_thread_blocked, id=8056, stack(0x000000642c400000,0x000000642c500000)]
  0x000001df33756fe0 JavaThread "Unconstrained build operations Thread 4" [_thread_blocked, id=13424, stack(0x000000642c500000,0x000000642c600000)]
  0x000001df36386070 JavaThread "Unconstrained build operations Thread 5" [_thread_blocked, id=24000, stack(0x000000642c600000,0x000000642c700000)]
  0x000001df363823b0 JavaThread "Unconstrained build operations Thread 6" [_thread_blocked, id=22592, stack(0x000000642c700000,0x000000642c800000)]
  0x000001df36386fa0 JavaThread "Unconstrained build operations Thread 7" [_thread_blocked, id=23604, stack(0x000000642c800000,0x000000642c900000)]
  0x000001df36384c30 JavaThread "Unconstrained build operations Thread 8" [_thread_blocked, id=6788, stack(0x000000642c900000,0x000000642ca00000)]
  0x000001df36383d00 JavaThread "Unconstrained build operations Thread 9" [_thread_blocked, id=15368, stack(0x000000642ca00000,0x000000642cb00000)]
  0x000001df36387ed0 JavaThread "Unconstrained build operations Thread 10" [_thread_blocked, id=23856, stack(0x000000642cb00000,0x000000642cc00000)]
  0x000001df363837f0 JavaThread "Unconstrained build operations Thread 11" [_thread_blocked, id=21660, stack(0x000000642cc00000,0x000000642cd00000)]
  0x000001df36386580 JavaThread "Unconstrained build operations Thread 12" [_thread_blocked, id=13772, stack(0x000000642cd00000,0x000000642ce00000)]
  0x000001df36384210 JavaThread "Unconstrained build operations Thread 13" [_thread_blocked, id=21632, stack(0x000000642ce00000,0x000000642cf00000)]
  0x000001df36381ea0 JavaThread "Unconstrained build operations Thread 14" [_thread_blocked, id=8808, stack(0x000000642cf00000,0x000000642d000000)]
  0x000001df36384720 JavaThread "Unconstrained build operations Thread 15" [_thread_blocked, id=18948, stack(0x000000642d000000,0x000000642d100000)]
  0x000001df36382dd0 JavaThread "Unconstrained build operations Thread 16" [_thread_blocked, id=1832, stack(0x000000642d100000,0x000000642d200000)]
  0x000001df36385140 JavaThread "Unconstrained build operations Thread 17" [_thread_blocked, id=12356, stack(0x000000642d200000,0x000000642d300000)]
  0x000001df363874b0 JavaThread "Unconstrained build operations Thread 18" [_thread_blocked, id=19840, stack(0x000000642d300000,0x000000642d400000)]
  0x000001df363888f0 JavaThread "Unconstrained build operations Thread 19" [_thread_blocked, id=13632, stack(0x000000642d400000,0x000000642d500000)]
  0x000001df363828c0 JavaThread "Unconstrained build operations Thread 20" [_thread_blocked, id=4128, stack(0x000000642d500000,0x000000642d600000)]
  0x000001df36386a90 JavaThread "Unconstrained build operations Thread 21" [_thread_blocked, id=8440, stack(0x000000642d600000,0x000000642d700000)]
  0x000001df36385650 JavaThread "Unconstrained build operations Thread 22" [_thread_blocked, id=8216, stack(0x000000642d700000,0x000000642d800000)]
  0x000001df363879c0 JavaThread "Unconstrained build operations Thread 23" [_thread_blocked, id=4108, stack(0x000000642d800000,0x000000642d900000)]
  0x000001df36389310 JavaThread "Unconstrained build operations Thread 24" [_thread_blocked, id=2552, stack(0x000000642d900000,0x000000642da00000)]
  0x000001df363832e0 JavaThread "Unconstrained build operations Thread 25" [_thread_blocked, id=21708, stack(0x000000642da00000,0x000000642db00000)]
  0x000001df36385b60 JavaThread "Unconstrained build operations Thread 26" [_thread_blocked, id=18544, stack(0x000000642db00000,0x000000642dc00000)]
  0x000001df363883e0 JavaThread "Unconstrained build operations Thread 27" [_thread_blocked, id=23700, stack(0x000000642dc00000,0x000000642dd00000)]
  0x000001df36388e00 JavaThread "Unconstrained build operations Thread 28" [_thread_blocked, id=23024, stack(0x000000642dd00000,0x000000642de00000)]
  0x000001df36389820 JavaThread "Unconstrained build operations Thread 29" [_thread_blocked, id=11492, stack(0x000000642de00000,0x000000642df00000)]
  0x000001df358042d0 JavaThread "Unconstrained build operations Thread 30" [_thread_blocked, id=18076, stack(0x000000642df00000,0x000000642e000000)]
  0x000001df35808ec0 JavaThread "Unconstrained build operations Thread 31" [_thread_blocked, id=24148, stack(0x000000642e000000,0x000000642e100000)]
  0x000001df35805200 JavaThread "Unconstrained build operations Thread 32" [_thread_blocked, id=24132, stack(0x000000642e100000,0x000000642e200000)]
  0x000001df358098e0 JavaThread "Unconstrained build operations Thread 33" [_thread_blocked, id=3584, stack(0x000000642e200000,0x000000642e300000)]
  0x000001df3580b230 JavaThread "Unconstrained build operations Thread 34" [_thread_blocked, id=15984, stack(0x000000642e300000,0x000000642e400000)]
  0x000001df35807570 JavaThread "Unconstrained build operations Thread 35" [_thread_blocked, id=22392, stack(0x000000642e400000,0x000000642e500000)]
  0x000001df35809df0 JavaThread "Unconstrained build operations Thread 36" [_thread_blocked, id=24544, stack(0x000000642e500000,0x000000642e600000)]
  0x000001df35804cf0 JavaThread "Unconstrained build operations Thread 37" [_thread_blocked, id=14136, stack(0x000000642e600000,0x000000642e700000)]
  0x000001df3580b740 JavaThread "Unconstrained build operations Thread 38" [_thread_blocked, id=21076, stack(0x000000642e700000,0x000000642e800000)]
  0x000001df35806130 JavaThread "Unconstrained build operations Thread 39" [_thread_blocked, id=9120, stack(0x000000642e800000,0x000000642e900000)]
  0x000001df3580a300 JavaThread "Unconstrained build operations Thread 40" [_thread_blocked, id=19716, stack(0x000000642e900000,0x000000642ea00000)]
  0x000001df35807f90 JavaThread "Unconstrained build operations Thread 41" [_thread_blocked, id=24496, stack(0x000000642ea00000,0x000000642eb00000)]
  0x000001df35807a80 JavaThread "Unconstrained build operations Thread 42" [_thread_blocked, id=3292, stack(0x000000642eb00000,0x000000642ec00000)]
  0x000001df358084a0 JavaThread "Unconstrained build operations Thread 43" [_thread_blocked, id=3320, stack(0x000000642ec00000,0x000000642ed00000)]
  0x000001df3580bc50 JavaThread "Unconstrained build operations Thread 44" [_thread_blocked, id=15164, stack(0x000000642ed00000,0x000000642ee00000)]
  0x000001df358089b0 JavaThread "build event listener" [_thread_blocked, id=24556, stack(0x000000642ee00000,0x000000642ef00000)]
  0x000001df35806640 JavaThread "Memory manager" [_thread_blocked, id=24408, stack(0x000000642ef00000,0x000000642f000000)]
  0x000001df3580ad20 JavaThread "build event listener" [_thread_blocked, id=22756, stack(0x000000642f000000,0x000000642f100000)]
  0x000001df3343a560 JavaThread "pool-3-thread-1" [_thread_blocked, id=15824, stack(0x000000642f200000,0x000000642f300000)]
  0x000001df33437ce0 JavaThread "build event listener" [_thread_blocked, id=15220, stack(0x000000642f300000,0x000000642f400000)]
  0x000001df3343cde0 JavaThread "included builds" [_thread_blocked, id=12500, stack(0x000000642f400000,0x000000642f500000)]
  0x000001df3343c3c0 JavaThread "Execution worker" [_thread_blocked, id=18680, stack(0x000000642f500000,0x000000642f600000)]
  0x000001df3343b9a0 JavaThread "Execution worker Thread 2" [_thread_blocked, id=21896, stack(0x000000642f600000,0x000000642f700000)]
  0x000001df33439b40 JavaThread "Execution worker Thread 3" [_thread_blocked, id=20708, stack(0x000000642f700000,0x000000642f800000)]
  0x000001df3343e220 JavaThread "Execution worker Thread 4" [_thread_blocked, id=21024, stack(0x000000642f800000,0x000000642f900000)]
  0x000001df3343e730 JavaThread "Execution worker Thread 5" [_thread_blocked, id=23032, stack(0x000000642f900000,0x000000642fa00000)]
  0x000001df334377d0 JavaThread "Execution worker Thread 6" [_thread_blocked, id=14772, stack(0x000000642fa00000,0x000000642fb00000)]
  0x000001df334381f0 JavaThread "Execution worker Thread 7" [_thread_blocked, id=22612, stack(0x000000642fb00000,0x000000642fc00000)]
  0x000001df3343f150 JavaThread "Execution worker Thread 8" [_thread_blocked, id=17416, stack(0x000000642fc00000,0x000000642fd00000)]
  0x000001df33438700 JavaThread "Execution worker Thread 9" [_thread_blocked, id=4900, stack(0x000000642fd00000,0x000000642fe00000)]
  0x000001df33438c10 JavaThread "Execution worker Thread 10" [_thread_blocked, id=12148, stack(0x000000642fe00000,0x000000642ff00000)]
  0x000001df3343af80 JavaThread "Execution worker Thread 11" [_thread_blocked, id=22632, stack(0x000000642ff00000,0x0000006430000000)]
  0x000001df3375a280 JavaThread "Execution worker Thread 12" [_thread_blocked, id=21860, stack(0x0000006430000000,0x0000006430100000)]
  0x000001df33759350 JavaThread "Execution worker Thread 13" [_thread_blocked, id=21328, stack(0x0000006430100000,0x0000006430200000)]
  0x000001df3cd49510 JavaThread "Execution worker Thread 14" [_thread_blocked, id=14864, stack(0x0000006430200000,0x0000006430300000)]
  0x000001df3cd50e90 JavaThread "Execution worker Thread 15" [_thread_blocked, id=13740, stack(0x0000006430300000,0x0000006430400000)]
  0x000001df3cd4a440 JavaThread "Execution worker Thread 16" [_thread_blocked, id=24376, stack(0x0000006430400000,0x0000006430500000)]
  0x000001df3cd4f030 JavaThread "Execution worker Thread 17" [_thread_blocked, id=5952, stack(0x0000006430500000,0x0000006430600000)]
  0x000001df3cd50980 JavaThread "Execution worker Thread 18" [_thread_blocked, id=3616, stack(0x0000006430600000,0x0000006430700000)]
  0x000001df3cd4d6e0 JavaThread "Execution worker Thread 19" [_thread_blocked, id=18872, stack(0x0000006430700000,0x0000006430800000)]
  0x000001df3cd49f30 JavaThread "Cache worker for execution history cache (C:\Users\Hashem Arenat\AndroidStudioProjects\ECommerce\.gradle\8.7\executionHistory)" [_thread_blocked, id=23452, stack(0x0000006430800000,0x0000006430900000)]
  0x000001df3cd4a950 JavaThread "Unconstrained build operations Thread 45" [_thread_blocked, id=3316, stack(0x0000006430e00000,0x0000006430f00000)]
  0x000001df3cd4dbf0 JavaThread "Unconstrained build operations Thread 46" [_thread_blocked, id=15260, stack(0x0000006430f00000,0x0000006431000000)]
  0x000001df3cd4e100 JavaThread "Unconstrained build operations Thread 47" [_thread_blocked, id=8752, stack(0x0000006431000000,0x0000006431100000)]
  0x000001df3cd4d1d0 JavaThread "Unconstrained build operations Thread 48" [_thread_blocked, id=22596, stack(0x0000006431100000,0x0000006431200000)]
  0x000001df3cd4b880 JavaThread "Unconstrained build operations Thread 49" [_thread_blocked, id=19020, stack(0x0000006431200000,0x0000006431300000)]
  0x000001df3cd50470 JavaThread "Unconstrained build operations Thread 50" [_thread_blocked, id=19100, stack(0x0000006431300000,0x0000006431400000)]
  0x000001df3cd49a20 JavaThread "Unconstrained build operations Thread 51" [_thread_blocked, id=15460, stack(0x0000006431400000,0x0000006431500000)]
  0x000001df3cd4e610 JavaThread "Unconstrained build operations Thread 52" [_thread_blocked, id=15364, stack(0x0000006431500000,0x0000006431600000)]
  0x000001df3cd4ae60 JavaThread "Unconstrained build operations Thread 53" [_thread_blocked, id=16684, stack(0x0000006431600000,0x0000006431700000)]
  0x000001df3cd4b370 JavaThread "Unconstrained build operations Thread 54" [_thread_blocked, id=12236, stack(0x0000006431700000,0x0000006431800000)]
  0x000001df3cd4eb20 JavaThread "Unconstrained build operations Thread 55" [_thread_blocked, id=7664, stack(0x0000006431800000,0x0000006431900000)]
  0x000001df3cd4fa50 JavaThread "Unconstrained build operations Thread 56" [_thread_blocked, id=17768, stack(0x0000006431900000,0x0000006431a00000)]
  0x000001df3cd4ccc0 JavaThread "Unconstrained build operations Thread 57" [_thread_blocked, id=16744, stack(0x0000006431a00000,0x0000006431b00000)]
  0x000001df3cd4bd90 JavaThread "Unconstrained build operations Thread 58" [_thread_blocked, id=10680, stack(0x0000006431b00000,0x0000006431c00000)]
  0x000001df3cd4ff60 JavaThread "Unconstrained build operations Thread 59" [_thread_blocked, id=7576, stack(0x0000006431c00000,0x0000006431d00000)]
  0x000001df3cd4c2a0 JavaThread "Unconstrained build operations Thread 60" [_thread_blocked, id=24256, stack(0x0000006431d00000,0x0000006431e00000)]
  0x000001df3cd4f540 JavaThread "Unconstrained build operations Thread 61" [_thread_blocked, id=24032, stack(0x0000006431e00000,0x0000006431f00000)]
  0x000001df3cd4c7b0 JavaThread "Unconstrained build operations Thread 62" [_thread_blocked, id=14500, stack(0x0000006431f00000,0x0000006432000000)]
  0x000001df3ee52c50 JavaThread "Unconstrained build operations Thread 63" [_thread_blocked, id=4700, stack(0x0000006432000000,0x0000006432100000)]
  0x000001df3ee51d20 JavaThread "Unconstrained build operations Thread 64" [_thread_blocked, id=7884, stack(0x0000006432100000,0x0000006432200000)]
  0x000001df3ee4e570 JavaThread "Unconstrained build operations Thread 65" [_thread_blocked, id=3420, stack(0x0000006432200000,0x0000006432300000)]
  0x000001df3ee4fec0 JavaThread "Unconstrained build operations Thread 66" [_thread_blocked, id=19104, stack(0x0000006432300000,0x0000006432400000)]
  0x000001df3ee545a0 JavaThread "Unconstrained build operations Thread 67" [_thread_blocked, id=9488, stack(0x0000006432400000,0x0000006432500000)]
  0x000001df3ee53b80 JavaThread "Unconstrained build operations Thread 68" [_thread_blocked, id=11440, stack(0x0000006432500000,0x0000006432600000)]
  0x000001df3ee51300 JavaThread "Unconstrained build operations Thread 69" [_thread_blocked, id=18728, stack(0x0000006432600000,0x0000006432700000)]
  0x000001df3ee4f4a0 JavaThread "Unconstrained build operations Thread 70" [_thread_blocked, id=18100, stack(0x0000006432700000,0x0000006432800000)]
  0x000001df3ee4f9b0 JavaThread "Unconstrained build operations Thread 71" [_thread_blocked, id=15884, stack(0x0000006432800000,0x0000006432900000)]
  0x000001df3ee508e0 JavaThread "Unconstrained build operations Thread 72" [_thread_blocked, id=5312, stack(0x0000006432900000,0x0000006432a00000)]
  0x000001df3ee54090 JavaThread "Unconstrained build operations Thread 73" [_thread_blocked, id=6960, stack(0x0000006432a00000,0x0000006432b00000)]
  0x000001df3ee53160 JavaThread "Unconstrained build operations Thread 74" [_thread_blocked, id=22460, stack(0x0000006432b00000,0x0000006432c00000)]
  0x000001df3ee554d0 JavaThread "Unconstrained build operations Thread 75" [_thread_blocked, id=22728, stack(0x0000006432c00000,0x0000006432d00000)]
  0x000001df3ee4ea80 JavaThread "Unconstrained build operations Thread 76" [_thread_blocked, id=18136, stack(0x0000006432d00000,0x0000006432e00000)]
  0x000001df3ee54ab0 JavaThread "Unconstrained build operations Thread 77" [_thread_blocked, id=4676, stack(0x0000006432e00000,0x0000006432f00000)]
  0x000001df3ee503d0 JavaThread "Unconstrained build operations Thread 78" [_thread_blocked, id=12944, stack(0x0000006432f00000,0x0000006433000000)]
  0x000001df3ee50df0 JavaThread "Unconstrained build operations Thread 79" [_thread_blocked, id=9728, stack(0x0000006433000000,0x0000006433100000)]
  0x000001df3ee4e060 JavaThread "Unconstrained build operations Thread 80" [_thread_blocked, id=9892, stack(0x0000006433100000,0x0000006433200000)]
  0x000001df3ee54fc0 JavaThread "Unconstrained build operations Thread 81" [_thread_blocked, id=11668, stack(0x0000006433200000,0x0000006433300000)]
  0x000001df3ee51810 JavaThread "Unconstrained build operations Thread 82" [_thread_blocked, id=7212, stack(0x0000006433300000,0x0000006433400000)]
  0x000001df3ee52230 JavaThread "Unconstrained build operations Thread 83" [_thread_blocked, id=22964, stack(0x0000006433400000,0x0000006433500000)]
  0x000001df3ee52740 JavaThread "Unconstrained build operations Thread 84" [_thread_blocked, id=17880, stack(0x0000006433500000,0x0000006433600000)]
  0x000001df3ee559e0 JavaThread "Unconstrained build operations Thread 85" [_thread_blocked, id=23796, stack(0x0000006433600000,0x0000006433700000)]
  0x000001df3cb8b130 JavaThread "Unconstrained build operations Thread 86" [_thread_blocked, id=17928, stack(0x0000006433700000,0x0000006433800000)]
  0x000001df3cb8c570 JavaThread "Unconstrained build operations Thread 87" [_thread_blocked, id=24540, stack(0x0000006433800000,0x0000006433900000)]
  0x000001df3cb8d9b0 JavaThread "Unconstrained build operations Thread 88" [_thread_blocked, id=21408, stack(0x0000006433900000,0x0000006433a00000)]
  0x000001df3cb8cf90 JavaThread "Unconstrained build operations Thread 89" [_thread_blocked, id=22520, stack(0x0000006433a00000,0x0000006433b00000)]
  0x000001df3cb8e3d0 JavaThread "Unconstrained build operations Thread 90" [_thread_blocked, id=4724, stack(0x0000006433b00000,0x0000006433c00000)]
  0x000001df3cb8ca80 JavaThread "Unconstrained build operations Thread 91" [_thread_blocked, id=13016, stack(0x0000006433c00000,0x0000006433d00000)]
  0x000001df3cb88dc0 JavaThread "Unconstrained build operations Thread 92" [_thread_blocked, id=22908, stack(0x0000006433d00000,0x0000006433e00000)]
  0x000001df3cb90740 JavaThread "Unconstrained build operations Thread 93" [_thread_blocked, id=500, stack(0x0000006433e00000,0x0000006433f00000)]
  0x000001df3cb897e0 JavaThread "Unconstrained build operations Thread 94" [_thread_blocked, id=23632, stack(0x0000006433f00000,0x0000006434000000)]
  0x000001df3cb8b640 JavaThread "Unconstrained build operations Thread 95" [_thread_blocked, id=22160, stack(0x0000006434000000,0x0000006434100000)]
  0x000001df3cb8dec0 JavaThread "Unconstrained build operations Thread 96" [_thread_blocked, id=1744, stack(0x0000006434100000,0x0000006434200000)]
  0x000001df3cb8edf0 JavaThread "Unconstrained build operations Thread 97" [_thread_blocked, id=11540, stack(0x0000006434200000,0x0000006434300000)]
  0x000001df3cb8e8e0 JavaThread "Unconstrained build operations Thread 98" [_thread_blocked, id=18812, stack(0x0000006434300000,0x0000006434400000)]
  0x000001df3cb8f300 JavaThread "Unconstrained build operations Thread 99" [_thread_blocked, id=24536, stack(0x0000006434400000,0x0000006434500000)]
  0x000001df3cb8f810 JavaThread "Unconstrained build operations Thread 100" [_thread_blocked, id=21284, stack(0x0000006434500000,0x0000006434600000)]
  0x000001df3cb90230 JavaThread "Unconstrained build operations Thread 101" [_thread_blocked, id=17716, stack(0x0000006434600000,0x0000006434700000)]
  0x000001df3cb8d4a0 JavaThread "Unconstrained build operations Thread 102" [_thread_blocked, id=10264, stack(0x0000006434800000,0x0000006434900000)]
  0x000001df3cb8fd20 JavaThread "Unconstrained build operations Thread 103" [_thread_blocked, id=16192, stack(0x0000006434900000,0x0000006434a00000)]
  0x000001df3cb8a200 JavaThread "Unconstrained build operations Thread 104" [_thread_blocked, id=23864, stack(0x0000006434a00000,0x0000006434b00000)]
  0x000001df3cb892d0 JavaThread "Unconstrained build operations Thread 105" [_thread_blocked, id=2288, stack(0x0000006434b00000,0x0000006434c00000)]
  0x000001df3cb8c060 JavaThread "Unconstrained build operations Thread 106" [_thread_blocked, id=13616, stack(0x0000006434c00000,0x0000006434d00000)]
  0x000001df3cb89cf0 JavaThread "Unconstrained build operations Thread 107" [_thread_blocked, id=460, stack(0x0000006434d00000,0x0000006434e00000)]
  0x000001df3cb8a710 JavaThread "Unconstrained build operations Thread 108" [_thread_blocked, id=17932, stack(0x0000006434e00000,0x0000006434f00000)]
  0x000001df3cb8ac20 JavaThread "Unconstrained build operations Thread 109" [_thread_blocked, id=10384, stack(0x0000006434f00000,0x0000006435000000)]
  0x000001df3d9e4310 JavaThread "Unconstrained build operations Thread 110" [_thread_blocked, id=13536, stack(0x0000006435000000,0x0000006435100000)]
  0x000001df3d9e33e0 JavaThread "Unconstrained build operations Thread 111" [_thread_blocked, id=6076, stack(0x0000006435100000,0x0000006435200000)]
  0x000001df3d9e4820 JavaThread "Unconstrained build operations Thread 112" [_thread_blocked, id=4404, stack(0x0000006435200000,0x0000006435300000)]
  0x000001df3d9e1a90 JavaThread "Unconstrained build operations Thread 113" [_thread_blocked, id=12060, stack(0x0000006435300000,0x0000006435400000)]
  0x000001df3d9e1fa0 JavaThread "Unconstrained build operations Thread 114" [_thread_blocked, id=13540, stack(0x0000006435400000,0x0000006435500000)]
  0x000001df3d9e70a0 JavaThread "Unconstrained build operations Thread 115" [_thread_blocked, id=23948, stack(0x0000006435500000,0x0000006435600000)]
  0x000001df3d9e4d30 JavaThread "Unconstrained build operations Thread 116" [_thread_blocked, id=18116, stack(0x0000006435600000,0x0000006435700000)]
  0x000001df3d9e24b0 JavaThread "Unconstrained build operations Thread 117" [_thread_blocked, id=16812, stack(0x0000006435700000,0x0000006435800000)]
  0x000001df3d9e38f0 JavaThread "Unconstrained build operations Thread 118" [_thread_blocked, id=24276, stack(0x0000006435800000,0x0000006435900000)]
  0x000001df3d9e2ed0 JavaThread "Unconstrained build operations Thread 119" [_thread_blocked, id=6364, stack(0x0000006435900000,0x0000006435a00000)]
  0x000001df3d9e5750 JavaThread "Unconstrained build operations Thread 120" [_thread_blocked, id=13556, stack(0x0000006435a00000,0x0000006435b00000)]
  0x000001df3d9e1070 JavaThread "Unconstrained build operations Thread 121" [_thread_blocked, id=13164, stack(0x0000006435b00000,0x0000006435c00000)]
  0x000001df3d9e29c0 JavaThread "Unconstrained build operations Thread 122" [_thread_blocked, id=596, stack(0x0000006435c00000,0x0000006435d00000)]
  0x000001df3d9e7ac0 JavaThread "Unconstrained build operations Thread 123" [_thread_blocked, id=22248, stack(0x0000006435d00000,0x0000006435e00000)]
  0x000001df3d9e3e00 JavaThread "Unconstrained build operations Thread 124" [_thread_blocked, id=13100, stack(0x0000006435e00000,0x0000006435f00000)]
  0x000001df3d9e89f0 JavaThread "Unconstrained build operations Thread 125" [_thread_blocked, id=23784, stack(0x0000006435f00000,0x0000006436000000)]
  0x000001df3d9e5240 JavaThread "Unconstrained build operations Thread 126" [_thread_blocked, id=21780, stack(0x0000006436000000,0x0000006436100000)]
  0x000001df3d9e5c60 JavaThread "Unconstrained build operations Thread 127" [_thread_blocked, id=12020, stack(0x0000006436100000,0x0000006436200000)]
  0x000001df3d9e6170 JavaThread "Unconstrained build operations Thread 128" [_thread_blocked, id=7068, stack(0x0000006436200000,0x0000006436300000)]
  0x000001df3d9e6680 JavaThread "Unconstrained build operations Thread 129" [_thread_blocked, id=22372, stack(0x0000006436300000,0x0000006436400000)]
  0x000001df3d9e7fd0 JavaThread "Unconstrained build operations Thread 130" [_thread_blocked, id=19040, stack(0x0000006436400000,0x0000006436500000)]
  0x000001df3d9e6b90 JavaThread "Unconstrained build operations Thread 131" [_thread_blocked, id=3232, stack(0x0000006436500000,0x0000006436600000)]
  0x000001df3d9e75b0 JavaThread "Unconstrained build operations Thread 132" [_thread_blocked, id=4220, stack(0x0000006436600000,0x0000006436700000)]
  0x000001df3d9e84e0 JavaThread "Unconstrained build operations Thread 133" [_thread_blocked, id=5460, stack(0x0000006436700000,0x0000006436800000)]
  0x000001df3d9e1580 JavaThread "Unconstrained build operations Thread 134" [_thread_blocked, id=3060, stack(0x0000006436800000,0x0000006436900000)]
  0x000001df3cf9b0a0 JavaThread "Unconstrained build operations Thread 135" [_thread_blocked, id=23312, stack(0x0000006436900000,0x0000006436a00000)]
  0x000001df3cf99c60 JavaThread "Unconstrained build operations Thread 136" [_thread_blocked, id=21084, stack(0x0000006436a00000,0x0000006436b00000)]
  0x000001df3cf9b5b0 JavaThread "Unconstrained build operations Thread 137" [_thread_blocked, id=23768, stack(0x0000006436b00000,0x0000006436c00000)]
  0x000001df3cf9d410 JavaThread "Unconstrained build operations Thread 138" [_thread_blocked, id=24472, stack(0x0000006436c00000,0x0000006436d00000)]
  0x000001df3cf9f780 JavaThread "Unconstrained build operations Thread 139" [_thread_blocked, id=19680, stack(0x0000006436d00000,0x0000006436e00000)]
  0x000001df3cf9de30 JavaThread "Unconstrained build operations Thread 140" [_thread_blocked, id=11276, stack(0x0000006436e00000,0x0000006436f00000)]
  0x000001df3cf9bac0 JavaThread "Unconstrained build operations Thread 141" [_thread_blocked, id=21324, stack(0x0000006436f00000,0x0000006437000000)]
  0x000001df3cf9a680 JavaThread "Unconstrained build operations Thread 142" [_thread_blocked, id=17952, stack(0x0000006437000000,0x0000006437100000)]
  0x000001df3cf9e340 JavaThread "Unconstrained build operations Thread 143" [_thread_blocked, id=18736, stack(0x0000006437100000,0x0000006437200000)]
  0x000001df3cf9d920 JavaThread "Unconstrained build operations Thread 144" [_thread_blocked, id=1892, stack(0x0000006437200000,0x0000006437300000)]
  0x000001df3cf9e850 JavaThread "Unconstrained build operations Thread 145" [_thread_blocked, id=23440, stack(0x0000006437300000,0x0000006437400000)]
  0x000001df3cf9ed60 JavaThread "Unconstrained build operations Thread 146" [_thread_blocked, id=24012, stack(0x0000006437400000,0x0000006437500000)]
  0x000001df3cfa01a0 JavaThread "Unconstrained build operations Thread 147" [_thread_blocked, id=24348, stack(0x0000006437500000,0x0000006437600000)]
  0x000001df3cf9bfd0 JavaThread "Unconstrained build operations Thread 148" [_thread_blocked, id=11316, stack(0x0000006437600000,0x0000006437700000)]
  0x000001df3cf99750 JavaThread "Unconstrained build operations Thread 149" [_thread_blocked, id=21080, stack(0x0000006437700000,0x0000006437800000)]
  0x000001df3cf9c4e0 JavaThread "Unconstrained build operations Thread 150" [_thread_blocked, id=5584, stack(0x0000006437800000,0x0000006437900000)]
  0x000001df3cf9f270 JavaThread "Unconstrained build operations Thread 151" [_thread_blocked, id=14208, stack(0x0000006437900000,0x0000006437a00000)]
  0x000001df3cf9a170 JavaThread "Unconstrained build operations Thread 152" [_thread_blocked, id=6220, stack(0x0000006437a00000,0x0000006437b00000)]
  0x000001df3cfa06b0 JavaThread "Unconstrained build operations Thread 153" [_thread_blocked, id=13888, stack(0x0000006437b00000,0x0000006437c00000)]
  0x000001df3cf9ab90 JavaThread "Unconstrained build operations Thread 154" [_thread_blocked, id=18740, stack(0x0000006437c00000,0x0000006437d00000)]
  0x000001df3cfa0bc0 JavaThread "Unconstrained build operations Thread 155" [_thread_blocked, id=23484, stack(0x0000006437d00000,0x0000006437e00000)]
  0x000001df3cf9c9f0 JavaThread "Unconstrained build operations Thread 156" [_thread_blocked, id=8392, stack(0x0000006438000000,0x0000006438100000)]
  0x000001df3cf9cf00 JavaThread "Unconstrained build operations Thread 157" [_thread_blocked, id=12936, stack(0x0000006438100000,0x0000006438200000)]
  0x000001df3cf9fc90 JavaThread "Unconstrained build operations Thread 158" [_thread_blocked, id=20212, stack(0x0000006438200000,0x0000006438300000)]
  0x000001df3cfa10d0 JavaThread "Unconstrained build operations Thread 159" [_thread_blocked, id=23972, stack(0x0000006438300000,0x0000006438400000)]
  0x000001df3343aa70 JavaThread "Unconstrained build operations Thread 160" [_thread_blocked, id=20244, stack(0x0000006438400000,0x0000006438500000)]
  0x000001df3343beb0 JavaThread "Unconstrained build operations Thread 161" [_thread_blocked, id=2000, stack(0x0000006438500000,0x0000006438600000)]
  0x000001df3375c5f0 JavaThread "Unconstrained build operations Thread 162" [_thread_blocked, id=23372, stack(0x0000006438600000,0x0000006438700000)]
  0x000001df37c9a750 JavaThread "Unconstrained build operations Thread 163" [_thread_blocked, id=20980, stack(0x0000006438700000,0x0000006438800000)]
  0x000001df37c99d30 JavaThread "Unconstrained build operations Thread 164" [_thread_blocked, id=3160, stack(0x0000006438800000,0x0000006438900000)]
  0x000001df37c9cac0 JavaThread "Unconstrained build operations Thread 165" [_thread_blocked, id=22096, stack(0x0000006438900000,0x0000006438a00000)]
  0x000001df37c9df00 JavaThread "Unconstrained build operations Thread 166" [_thread_blocked, id=22620, stack(0x0000006438a00000,0x0000006438b00000)]
  0x000001df37c9d4e0 JavaThread "Unconstrained build operations Thread 167" [_thread_blocked, id=22544, stack(0x0000006438b00000,0x0000006438c00000)]
  0x000001df37c9ac60 JavaThread "Unconstrained build operations Thread 168" [_thread_blocked, id=9672, stack(0x0000006438c00000,0x0000006438d00000)]
  0x000001df37c9b170 JavaThread "Unconstrained build operations Thread 169" [_thread_blocked, id=9200, stack(0x0000006438d00000,0x0000006438e00000)]
  0x000001df37c9ee30 JavaThread "Unconstrained build operations Thread 170" [_thread_blocked, id=23300, stack(0x0000006438e00000,0x0000006438f00000)]
  0x000001df37c9e410 JavaThread "Unconstrained build operations Thread 171" [_thread_blocked, id=21132, stack(0x0000006438f00000,0x0000006439000000)]
  0x000001df37c99310 JavaThread "Unconstrained build operations Thread 172" [_thread_blocked, id=22788, stack(0x0000006439000000,0x0000006439100000)]
  0x000001df37c9f850 JavaThread "Unconstrained build operations Thread 173" [_thread_blocked, id=20140, stack(0x0000006439100000,0x0000006439200000)]
  0x000001df37c98e00 JavaThread "Unconstrained build operations Thread 174" [_thread_blocked, id=21728, stack(0x0000006439200000,0x0000006439300000)]
  0x000001df37c9d9f0 JavaThread "Unconstrained build operations Thread 175" [_thread_blocked, id=24528, stack(0x0000006439300000,0x0000006439400000)]
  0x000001df37c9e920 JavaThread "Unconstrained build operations Thread 176" [_thread_blocked, id=15860, stack(0x0000006439400000,0x0000006439500000)]
  0x000001df37c983e0 JavaThread "Unconstrained build operations Thread 177" [_thread_blocked, id=13748, stack(0x0000006439500000,0x0000006439600000)]
  0x000001df37c99820 JavaThread "Unconstrained build operations Thread 178" [_thread_blocked, id=20372, stack(0x0000006439600000,0x0000006439700000)]
  0x000001df37c9f340 JavaThread "Unconstrained build operations Thread 179" [_thread_blocked, id=5472, stack(0x0000006439700000,0x0000006439800000)]
  0x000001df37c9fd60 JavaThread "Unconstrained build operations Thread 180" [_thread_blocked, id=22272, stack(0x0000006439800000,0x0000006439900000)]
  0x000001df37c988f0 JavaThread "Unconstrained build operations Thread 181" [_thread_blocked, id=568, stack(0x0000006439900000,0x0000006439a00000)]
  0x000001df37ca11a0 JavaThread "Unconstrained build operations Thread 182" [_thread_blocked, id=4200, stack(0x0000006439a00000,0x0000006439b00000)]
  0x000001df37c9bb90 JavaThread "Unconstrained build operations Thread 183" [_thread_blocked, id=23916, stack(0x0000006439b00000,0x0000006439c00000)]
  0x000001df37ca0270 JavaThread "Unconstrained build operations Thread 184" [_thread_blocked, id=10388, stack(0x0000006439c00000,0x0000006439d00000)]
  0x000001df37c9b680 JavaThread "Unconstrained build operations Thread 185" [_thread_blocked, id=22196, stack(0x0000006439d00000,0x0000006439e00000)]
  0x000001df37c9c0a0 JavaThread "Unconstrained build operations Thread 186" [_thread_blocked, id=4992, stack(0x0000006439e00000,0x0000006439f00000)]
  0x000001df37ca0780 JavaThread "Unconstrained build operations Thread 187" [_thread_blocked, id=23028, stack(0x0000006439f00000,0x000000643a000000)]
  0x000001df37ca0c90 JavaThread "Unconstrained build operations Thread 188" [_thread_blocked, id=23020, stack(0x000000643a000000,0x000000643a100000)]
  0x000001df37ca16b0 JavaThread "Unconstrained build operations Thread 189" [_thread_blocked, id=24228, stack(0x000000643a100000,0x000000643a200000)]
  0x000001df37c9a240 JavaThread "Unconstrained build operations Thread 190" [_thread_blocked, id=12740, stack(0x000000643a200000,0x000000643a300000)]
  0x000001df37ca1bc0 JavaThread "Unconstrained build operations Thread 191" [_thread_blocked, id=19652, stack(0x000000643a300000,0x000000643a400000)]
  0x000001df37c9cfd0 JavaThread "Unconstrained build operations Thread 192" [_thread_blocked, id=9828, stack(0x000000643a400000,0x000000643a500000)]
  0x000001df37ca20d0 JavaThread "Unconstrained build operations Thread 193" [_thread_blocked, id=23840, stack(0x000000643a500000,0x000000643a600000)]
  0x000001df37ca25e0 JavaThread "Unconstrained build operations Thread 194" [_thread_blocked, id=23596, stack(0x000000643a600000,0x000000643a700000)]
  0x000001df37ca3000 JavaThread "Unconstrained build operations Thread 195" [_thread_blocked, id=20848, stack(0x000000643a700000,0x000000643a800000)]
  0x000001df37ca2af0 JavaThread "Unconstrained build operations Thread 196" [_thread_blocked, id=23936, stack(0x000000643a800000,0x000000643a900000)]
  0x000001df37ca3510 JavaThread "Unconstrained build operations Thread 197" [_thread_blocked, id=21856, stack(0x000000643a900000,0x000000643aa00000)]
  0x000001df37ca3a20 JavaThread "Unconstrained build operations Thread 198" [_thread_blocked, id=5896, stack(0x000000643aa00000,0x000000643ab00000)]
  0x000001df37c9c5b0 JavaThread "Unconstrained build operations Thread 199" [_thread_blocked, id=12068, stack(0x000000643ab00000,0x000000643ac00000)]
  0x000001df37ca3f30 JavaThread "Unconstrained build operations Thread 200" [_thread_blocked, id=21712, stack(0x000000643ac00000,0x000000643ad00000)]
  0x000001df37ca4e60 JavaThread "WorkerExecutor Queue" [_thread_blocked, id=15924, stack(0x0000006434700000,0x0000006434800000)]
  0x000001df37ca62a0 JavaThread "RMI Scheduler(0)" daemon [_thread_blocked, id=21888, stack(0x000000643ae00000,0x000000643af00000)]
  0x000001df37ca6cc0 JavaThread "RMI GC Daemon" daemon [_thread_blocked, id=23772, stack(0x000000643b000000,0x000000643b100000)]
  0x000001df37ca71d0 JavaThread "RMI TCP Accept-0" daemon [_thread_in_native, id=17160, stack(0x000000643b100000,0x000000643b200000)]
  0x000001df37ca76e0 JavaThread "RMI Reaper" [_thread_blocked, id=21056, stack(0x000000643b200000,0x000000643b300000)]
  0x000001df34367ab0 JavaThread "RMI TCP Connection(2)-127.0.0.1" daemon [_thread_in_native, id=7764, stack(0x000000643b300000,0x000000643b400000)]
  0x000001df3e11c7a0 JavaThread "C1 CompilerThread1" daemon [_thread_blocked, id=9956, stack(0x000000642be00000,0x000000642bf00000)]
  0x000001df3e11c250 JavaThread "C1 CompilerThread2" daemon [_thread_blocked, id=24160, stack(0x000000642bf00000,0x000000642c000000)]
  0x000001df3e11ccf0 JavaThread "C1 CompilerThread3" daemon [_thread_blocked, id=12320, stack(0x000000643ad00000,0x000000643ae00000)]
  0x000001df343624a0 JavaThread "WorkerExecutor Queue Thread 2" [_thread_blocked, id=5488, stack(0x000000643af00000,0x000000643b000000)]
  0x000001df41337df0 JavaThread "C2 CompilerThread1" daemon [_thread_in_native, id=10820, stack(0x0000006427f00000,0x0000006428000000)]
  0x000001df41337350 JavaThread "C2 CompilerThread2" daemon [_thread_in_native, id=23800, stack(0x0000006428000000,0x0000006428100000)]
  0x000001df3e6a3540 JavaThread "C2 CompilerThread3" daemon [_thread_blocked, id=22452, stack(0x0000006428100000,0x0000006428200000)]
  0x000001df3550d520 JavaThread "C2 CompilerThread4" daemon [_thread_blocked, id=22720, stack(0x0000006429500000,0x0000006429600000)]
  0x000001df3550da70 JavaThread "C2 CompilerThread5" daemon [_thread_in_native, id=20712, stack(0x0000006429800000,0x0000006429900000)]
  0x000001df420e77f0 JavaThread "C2 CompilerThread6" daemon [_thread_blocked, id=7508, stack(0x000000642a800000,0x000000642a900000)]
  0x000001df3d3e8b80 JavaThread "C2 CompilerThread7" daemon [_thread_blocked, id=14312, stack(0x000000642c000000,0x000000642c100000)]

Other Threads:
=>0x000001df2c995630 VMThread "VM Thread" [stack: 0x0000006428800000,0x0000006428900000] [id=9968]
  0x000001df12cbdf10 WatcherThread [stack: 0x0000006429700000,0x0000006429800000] [id=23912]
  0x000001df12d0b770 GCTaskThread "GC Thread#0" [stack: 0x0000006428300000,0x0000006428400000] [id=2176]
  0x000001df31fd0c10 GCTaskThread "GC Thread#1" [stack: 0x0000006429b00000,0x0000006429c00000] [id=18300]
  0x000001df329c3010 GCTaskThread "GC Thread#2" [stack: 0x0000006429c00000,0x0000006429d00000] [id=4732]
  0x000001df3264b340 GCTaskThread "GC Thread#3" [stack: 0x0000006429d00000,0x0000006429e00000] [id=21768]
  0x000001df3264bb80 GCTaskThread "GC Thread#4" [stack: 0x0000006429e00000,0x0000006429f00000] [id=9872]
  0x000001df3264b600 GCTaskThread "GC Thread#5" [stack: 0x0000006429f00000,0x000000642a000000] [id=15092]
  0x000001df3264ab00 GCTaskThread "GC Thread#6" [stack: 0x000000642aa00000,0x000000642ab00000] [id=24248]
  0x000001df3264be40 GCTaskThread "GC Thread#7" [stack: 0x000000642ab00000,0x000000642ac00000] [id=24296]
  0x000001df3264c100 GCTaskThread "GC Thread#8" [stack: 0x000000642ac00000,0x000000642ad00000] [id=1680]
  0x000001df3264b080 GCTaskThread "GC Thread#9" [stack: 0x000000642ad00000,0x000000642ae00000] [id=15352]
  0x000001df3264c3c0 GCTaskThread "GC Thread#10" [stack: 0x000000642ae00000,0x000000642af00000] [id=17412]
  0x000001df3264c680 GCTaskThread "GC Thread#11" [stack: 0x000000642af00000,0x000000642b000000] [id=8432]
  0x000001df3264adc0 GCTaskThread "GC Thread#12" [stack: 0x000000642b000000,0x000000642b100000] [id=11640]
  0x000001df31113a20 GCTaskThread "GC Thread#13" [stack: 0x000000642b100000,0x000000642b200000] [id=23504]
  0x000001df31113fa0 GCTaskThread "GC Thread#14" [stack: 0x000000642b200000,0x000000642b300000] [id=10708]
  0x000001df12d186c0 ConcurrentGCThread "G1 Main Marker" [stack: 0x0000006428400000,0x0000006428500000] [id=23172]
  0x000001df12d190e0 ConcurrentGCThread "G1 Conc#0" [stack: 0x0000006428500000,0x0000006428600000] [id=18264]
  0x000001df311134a0 ConcurrentGCThread "G1 Conc#1" [stack: 0x000000642b300000,0x000000642b400000] [id=5576]
  0x000001df31113760 ConcurrentGCThread "G1 Conc#2" [stack: 0x000000642b400000,0x000000642b500000] [id=14512]
  0x000001df311131e0 ConcurrentGCThread "G1 Conc#3" [stack: 0x000000642b500000,0x000000642b600000] [id=24064]
  0x000001df12d6d700 ConcurrentGCThread "G1 Refine#0" [stack: 0x0000006428600000,0x0000006428700000] [id=17852]
  0x000001df34f68630 ConcurrentGCThread "G1 Refine#1" [stack: 0x0000006430900000,0x0000006430a00000] [id=22416]
  0x000001df34725240 ConcurrentGCThread "G1 Refine#2" [stack: 0x0000006430a00000,0x0000006430b00000] [id=23384]
  0x000001df34f67d60 ConcurrentGCThread "G1 Refine#3" [stack: 0x0000006430b00000,0x0000006430c00000] [id=21648]
  0x000001df31311b30 ConcurrentGCThread "G1 Refine#4" [stack: 0x0000006430c00000,0x0000006430d00000] [id=23500]
  0x000001df3e8dc330 ConcurrentGCThread "G1 Refine#5" [stack: 0x000000643b600000,0x000000643b700000] [id=2936]
  0x000001df34725530 ConcurrentGCThread "G1 Refine#6" [stack: 0x000000643b700000,0x000000643b800000] [id=9156]
  0x000001df12d6e130 ConcurrentGCThread "G1 Service" [stack: 0x0000006428700000,0x0000006428800000] [id=24312]

Threads with active compile tasks:
C2 CompilerThread0    63368 22426       4       com.sun.org.apache.xerces.internal.dom.DeferredDocumentImpl::ensureCapacity (358 bytes)
C2 CompilerThread1    63368 22102       4       com.sun.tools.javac.parser.JavacParser::term3 (2724 bytes)
C2 CompilerThread2    63368 22432       4       com.sun.org.apache.xerces.internal.impl.XMLScanner::checkEntityLimit (320 bytes)
C2 CompilerThread3    63368 22119   !   4       com.sun.tools.javac.parser.JavaTokenizer::readToken (1731 bytes)
C2 CompilerThread4    63368 22429   !   4       com.sun.org.apache.xerces.internal.impl.XMLDocumentFragmentScannerImpl$FragmentContentDriver::next (2331 bytes)
C2 CompilerThread5    63368 22430       4       com.sun.org.apache.xerces.internal.impl.XMLScanner::scanAttributeValue (943 bytes)
C2 CompilerThread6    63369 22450       4       android.databinding.tool.util.SymbolTableUtil::addResource (108 bytes)
C2 CompilerThread7    63369 22265   !   4       java.nio.file.Files::walkFileTree (297 bytes)

VM state: at safepoint (normal execution)

VM Mutex/Monitor currently owned by a thread:  ([mutex/lock_event])
[0x000001df12cb8590] Threads_lock - owner thread: 0x000001df2c995630
[0x000001df12cb87d0] Heap_lock - owner thread: 0x000001df12d186c0

Heap address: 0x00000000a0000000, size: 1536 MB, Compressed Oops mode: 32-bit

CDS archive(s) not mapped
Compressed class space mapped at: 0x0000000100000000-0x0000000140000000, reserved size: 1073741824
Narrow klass base: 0x0000000000000000, Narrow klass shift: 3, Narrow klass range: 0x140000000

GC Precious Log:
 CPUs: 20 total, 20 available
 Memory: 16004M
 Large Page Support: Disabled
 NUMA Support: Disabled
 Compressed Oops: Enabled (32-bit)
 Heap Region Size: 1M
 Heap Min Capacity: 8M
 Heap Initial Capacity: 252M
 Heap Max Capacity: 1536M
 Pre-touch: Disabled
 Parallel Workers: 15
 Concurrent Workers: 4
 Concurrent Refinement Workers: 15
 Periodic GC: Disabled

Heap:
 garbage-first heap   total 343040K, used 327024K [0x00000000a0000000, 0x0000000100000000)
  region size 1024K, 9 young (9216K), 2 survivors (2048K)
 Metaspace       used 148909K, committed 150016K, reserved 1179648K
  class space    used 19576K, committed 20096K, reserved 1048576K

Heap Regions: E=young(eden), S=young(survivor), O=old, HS=humongous(starts), HC=humongous(continues), CS=collection set, F=free, OA=open archive, CA=closed archive, TAMS=top-at-mark-start (previous, next)
|   0|0x00000000a0000000, 0x00000000a0100000, 0x00000000a0100000|100%|HS|  |TAMS 0x00000000a0100000, 0x00000000a0000000| Complete 
|   1|0x00000000a0100000, 0x00000000a0200000, 0x00000000a0200000|100%|HC|  |TAMS 0x00000000a0200000, 0x00000000a0100000| Complete 
|   2|0x00000000a0200000, 0x00000000a0300000, 0x00000000a0300000|100%|HC|  |TAMS 0x00000000a0300000, 0x00000000a0200000| Complete 
|   3|0x00000000a0300000, 0x00000000a0400000, 0x00000000a0400000|100%|HC|  |TAMS 0x00000000a0400000, 0x00000000a0300000| Complete 
|   4|0x00000000a0400000, 0x00000000a0500000, 0x00000000a0500000|100%| O|  |TAMS 0x00000000a0500000, 0x00000000a0400000| Untracked 
|   5|0x00000000a0500000, 0x00000000a0600000, 0x00000000a0600000|100%| O|  |TAMS 0x00000000a0600000, 0x00000000a0500000| Untracked 
|   6|0x00000000a0600000, 0x00000000a0700000, 0x00000000a0700000|100%| O|  |TAMS 0x00000000a0700000, 0x00000000a0600000| Untracked 
|   7|0x00000000a0700000, 0x00000000a0800000, 0x00000000a0800000|100%| O|  |TAMS 0x00000000a0800000, 0x00000000a0700000| Untracked 
|   8|0x00000000a0800000, 0x00000000a0900000, 0x00000000a0900000|100%| O|  |TAMS 0x00000000a0900000, 0x00000000a0800000| Untracked 
|   9|0x00000000a0900000, 0x00000000a0a00000, 0x00000000a0a00000|100%| O|  |TAMS 0x00000000a0a00000, 0x00000000a0900000| Untracked 
|  10|0x00000000a0a00000, 0x00000000a0b00000, 0x00000000a0b00000|100%| O|  |TAMS 0x00000000a0b00000, 0x00000000a0a00000| Untracked 
|  11|0x00000000a0b00000, 0x00000000a0c00000, 0x00000000a0c00000|100%| O|  |TAMS 0x00000000a0c00000, 0x00000000a0b00000| Untracked 
|  12|0x00000000a0c00000, 0x00000000a0d00000, 0x00000000a0d00000|100%| O|  |TAMS 0x00000000a0d00000, 0x00000000a0c00000| Untracked 
|  13|0x00000000a0d00000, 0x00000000a0e00000, 0x00000000a0e00000|100%| O|  |TAMS 0x00000000a0e00000, 0x00000000a0d00000| Untracked 
|  14|0x00000000a0e00000, 0x00000000a0f00000, 0x00000000a0f00000|100%| O|  |TAMS 0x00000000a0f00000, 0x00000000a0e00000| Untracked 
|  15|0x00000000a0f00000, 0x00000000a1000000, 0x00000000a1000000|100%| O|  |TAMS 0x00000000a1000000, 0x00000000a0f00000| Updating 
|  16|0x00000000a1000000, 0x00000000a1100000, 0x00000000a1100000|100%| O|  |TAMS 0x00000000a1100000, 0x00000000a1000000| Untracked 
|  17|0x00000000a1100000, 0x00000000a1200000, 0x00000000a1200000|100%| O|  |TAMS 0x00000000a1200000, 0x00000000a1100000| Untracked 
|  18|0x00000000a1200000, 0x00000000a1300000, 0x00000000a1300000|100%| O|  |TAMS 0x00000000a1300000, 0x00000000a1200000| Untracked 
|  19|0x00000000a1300000, 0x00000000a1400000, 0x00000000a1400000|100%| O|  |TAMS 0x00000000a1400000, 0x00000000a1300000| Untracked 
|  20|0x00000000a1400000, 0x00000000a1500000, 0x00000000a1500000|100%| O|  |TAMS 0x00000000a1500000, 0x00000000a1400000| Updating 
|  21|0x00000000a1500000, 0x00000000a1600000, 0x00000000a1600000|100%| O|  |TAMS 0x00000000a1600000, 0x00000000a1500000| Updating 
|  22|0x00000000a1600000, 0x00000000a1700000, 0x00000000a1700000|100%| O|  |TAMS 0x00000000a1700000, 0x00000000a1600000| Untracked 
|  23|0x00000000a1700000, 0x00000000a1800000, 0x00000000a1800000|100%| O|  |TAMS 0x00000000a1800000, 0x00000000a1700000| Untracked 
|  24|0x00000000a1800000, 0x00000000a1900000, 0x00000000a1900000|100%| O|  |TAMS 0x00000000a1900000, 0x00000000a1800000| Untracked 
|  25|0x00000000a1900000, 0x00000000a1a00000, 0x00000000a1a00000|100%| O|  |TAMS 0x00000000a1a00000, 0x00000000a1900000| Untracked 
|  26|0x00000000a1a00000, 0x00000000a1b00000, 0x00000000a1b00000|100%| O|  |TAMS 0x00000000a1b00000, 0x00000000a1a00000| Untracked 
|  27|0x00000000a1b00000, 0x00000000a1c00000, 0x00000000a1c00000|100%| O|  |TAMS 0x00000000a1c00000, 0x00000000a1b00000| Untracked 
|  28|0x00000000a1c00000, 0x00000000a1d00000, 0x00000000a1d00000|100%| O|  |TAMS 0x00000000a1d00000, 0x00000000a1c00000| Untracked 
|  29|0x00000000a1d00000, 0x00000000a1e00000, 0x00000000a1e00000|100%| O|  |TAMS 0x00000000a1e00000, 0x00000000a1d00000| Updating 
|  30|0x00000000a1e00000, 0x00000000a1f00000, 0x00000000a1f00000|100%|HS|  |TAMS 0x00000000a1f00000, 0x00000000a1e00000| Complete 
|  31|0x00000000a1f00000, 0x00000000a2000000, 0x00000000a2000000|100%|HS|  |TAMS 0x00000000a2000000, 0x00000000a1f00000| Complete 
|  32|0x00000000a2000000, 0x00000000a2100000, 0x00000000a2100000|100%|HS|  |TAMS 0x00000000a2100000, 0x00000000a2000000| Complete 
|  33|0x00000000a2100000, 0x00000000a2200000, 0x00000000a2200000|100%|HC|  |TAMS 0x00000000a2200000, 0x00000000a2100000| Complete 
|  34|0x00000000a2200000, 0x00000000a2300000, 0x00000000a2300000|100%|HS|  |TAMS 0x00000000a2300000, 0x00000000a2200000| Complete 
|  35|0x00000000a2300000, 0x00000000a2400000, 0x00000000a2400000|100%|HC|  |TAMS 0x00000000a2400000, 0x00000000a2300000| Complete 
|  36|0x00000000a2400000, 0x00000000a2500000, 0x00000000a2500000|100%|HS|  |TAMS 0x00000000a2500000, 0x00000000a2400000| Complete 
|  37|0x00000000a2500000, 0x00000000a2600000, 0x00000000a2600000|100%|HS|  |TAMS 0x00000000a2600000, 0x00000000a2500000| Complete 
|  38|0x00000000a2600000, 0x00000000a2700000, 0x00000000a2700000|100%|HC|  |TAMS 0x00000000a2700000, 0x00000000a2600000| Complete 
|  39|0x00000000a2700000, 0x00000000a2800000, 0x00000000a2800000|100%|HC|  |TAMS 0x00000000a2800000, 0x00000000a2700000| Complete 
|  40|0x00000000a2800000, 0x00000000a2900000, 0x00000000a2900000|100%|HC|  |TAMS 0x00000000a2900000, 0x00000000a2800000| Complete 
|  41|0x00000000a2900000, 0x00000000a2a00000, 0x00000000a2a00000|100%|HS|  |TAMS 0x00000000a2a00000, 0x00000000a2900000| Complete 
|  42|0x00000000a2a00000, 0x00000000a2b00000, 0x00000000a2b00000|100%| O|  |TAMS 0x00000000a2b00000, 0x00000000a2a00000| Untracked 
|  43|0x00000000a2b00000, 0x00000000a2c00000, 0x00000000a2c00000|100%| O|  |TAMS 0x00000000a2c00000, 0x00000000a2b00000| Untracked 
|  44|0x00000000a2c00000, 0x00000000a2d00000, 0x00000000a2d00000|100%| O|  |TAMS 0x00000000a2d00000, 0x00000000a2c00000| Untracked 
|  45|0x00000000a2d00000, 0x00000000a2e00000, 0x00000000a2e00000|100%| O|  |TAMS 0x00000000a2e00000, 0x00000000a2d00000| Untracked 
|  46|0x00000000a2e00000, 0x00000000a2f00000, 0x00000000a2f00000|100%| O|  |TAMS 0x00000000a2f00000, 0x00000000a2e00000| Untracked 
|  47|0x00000000a2f00000, 0x00000000a3000000, 0x00000000a3000000|100%| O|  |TAMS 0x00000000a3000000, 0x00000000a2f00000| Updating 
|  48|0x00000000a3000000, 0x00000000a3100000, 0x00000000a3100000|100%| O|  |TAMS 0x00000000a3100000, 0x00000000a3000000| Updating 
|  49|0x00000000a3100000, 0x00000000a3200000, 0x00000000a3200000|100%|HS|  |TAMS 0x00000000a3200000, 0x00000000a3100000| Complete 
|  50|0x00000000a3200000, 0x00000000a3300000, 0x00000000a3300000|100%| O|  |TAMS 0x00000000a3300000, 0x00000000a3200000| Untracked 
|  51|0x00000000a3300000, 0x00000000a3400000, 0x00000000a3400000|100%|HS|  |TAMS 0x00000000a3400000, 0x00000000a3300000| Complete 
|  52|0x00000000a3400000, 0x00000000a3500000, 0x00000000a3500000|100%| O|  |TAMS 0x00000000a3500000, 0x00000000a3400000| Untracked 
|  53|0x00000000a3500000, 0x00000000a3600000, 0x00000000a3600000|100%| O|  |TAMS 0x00000000a3600000, 0x00000000a3500000| Untracked 
|  54|0x00000000a3600000, 0x00000000a3700000, 0x00000000a3700000|100%| O|  |TAMS 0x00000000a3700000, 0x00000000a3600000| Updating 
|  55|0x00000000a3700000, 0x00000000a3800000, 0x00000000a3800000|100%| O|  |TAMS 0x00000000a3800000, 0x00000000a3700000| Updating 
|  56|0x00000000a3800000, 0x00000000a3900000, 0x00000000a3900000|100%| O|  |TAMS 0x00000000a3900000, 0x00000000a3800000| Updating 
|  57|0x00000000a3900000, 0x00000000a3a00000, 0x00000000a3a00000|100%| O|  |TAMS 0x00000000a3a00000, 0x00000000a3900000| Updating 
|  58|0x00000000a3a00000, 0x00000000a3b00000, 0x00000000a3b00000|100%| O|  |TAMS 0x00000000a3b00000, 0x00000000a3a00000| Updating 
|  59|0x00000000a3b00000, 0x00000000a3c00000, 0x00000000a3c00000|100%| O|  |TAMS 0x00000000a3c00000, 0x00000000a3b00000| Untracked 
|  60|0x00000000a3c00000, 0x00000000a3d00000, 0x00000000a3d00000|100%| O|  |TAMS 0x00000000a3d00000, 0x00000000a3c00000| Untracked 
|  61|0x00000000a3d00000, 0x00000000a3e00000, 0x00000000a3e00000|100%| O|  |TAMS 0x00000000a3e00000, 0x00000000a3d00000| Untracked 
|  62|0x00000000a3e00000, 0x00000000a3f00000, 0x00000000a3f00000|100%| O|  |TAMS 0x00000000a3f00000, 0x00000000a3e00000| Untracked 
|  63|0x00000000a3f00000, 0x00000000a4000000, 0x00000000a4000000|100%| O|  |TAMS 0x00000000a4000000, 0x00000000a3f00000| Untracked 
|  64|0x00000000a4000000, 0x00000000a4100000, 0x00000000a4100000|100%| O|  |TAMS 0x00000000a4100000, 0x00000000a4000000| Untracked 
|  65|0x00000000a4100000, 0x00000000a4200000, 0x00000000a4200000|100%|HS|  |TAMS 0x00000000a4200000, 0x00000000a4100000| Complete 
|  66|0x00000000a4200000, 0x00000000a4300000, 0x00000000a4300000|100%| O|  |TAMS 0x00000000a4300000, 0x00000000a4200000| Untracked 
|  67|0x00000000a4300000, 0x00000000a4400000, 0x00000000a4400000|100%| O|  |TAMS 0x00000000a4400000, 0x00000000a4300000| Untracked 
|  68|0x00000000a4400000, 0x00000000a4500000, 0x00000000a4500000|100%|HS|  |TAMS 0x00000000a4500000, 0x00000000a4400000| Complete 
|  69|0x00000000a4500000, 0x00000000a4600000, 0x00000000a4600000|100%|HC|  |TAMS 0x00000000a4600000, 0x00000000a4500000| Complete 
|  70|0x00000000a4600000, 0x00000000a4700000, 0x00000000a4700000|100%|HC|  |TAMS 0x00000000a4700000, 0x00000000a4600000| Complete 
|  71|0x00000000a4700000, 0x00000000a4800000, 0x00000000a4800000|100%|HC|  |TAMS 0x00000000a4800000, 0x00000000a4700000| Complete 
|  72|0x00000000a4800000, 0x00000000a4900000, 0x00000000a4900000|100%| O|  |TAMS 0x00000000a4900000, 0x00000000a4800000| Untracked 
|  73|0x00000000a4900000, 0x00000000a4a00000, 0x00000000a4a00000|100%| O|  |TAMS 0x00000000a4a00000, 0x00000000a4900000| Untracked 
|  74|0x00000000a4a00000, 0x00000000a4b00000, 0x00000000a4b00000|100%| O|  |TAMS 0x00000000a4b00000, 0x00000000a4a00000| Untracked 
|  75|0x00000000a4b00000, 0x00000000a4c00000, 0x00000000a4c00000|100%| O|  |TAMS 0x00000000a4c00000, 0x00000000a4b00000| Untracked 
|  76|0x00000000a4c00000, 0x00000000a4d00000, 0x00000000a4d00000|100%| O|  |TAMS 0x00000000a4d00000, 0x00000000a4c00000| Untracked 
|  77|0x00000000a4d00000, 0x00000000a4e00000, 0x00000000a4e00000|100%| O|  |TAMS 0x00000000a4e00000, 0x00000000a4d00000| Untracked 
|  78|0x00000000a4e00000, 0x00000000a4f00000, 0x00000000a4f00000|100%| O|  |TAMS 0x00000000a4f00000, 0x00000000a4e00000| Untracked 
|  79|0x00000000a4f00000, 0x00000000a5000000, 0x00000000a5000000|100%| O|  |TAMS 0x00000000a5000000, 0x00000000a4f00000| Untracked 
|  80|0x00000000a5000000, 0x00000000a5100000, 0x00000000a5100000|100%| O|  |TAMS 0x00000000a5100000, 0x00000000a5000000| Untracked 
|  81|0x00000000a5100000, 0x00000000a5200000, 0x00000000a5200000|100%| O|  |TAMS 0x00000000a5200000, 0x00000000a5100000| Untracked 
|  82|0x00000000a5200000, 0x00000000a5300000, 0x00000000a5300000|100%| O|  |TAMS 0x00000000a5300000, 0x00000000a5200000| Untracked 
|  83|0x00000000a5300000, 0x00000000a5400000, 0x00000000a5400000|100%| O|  |TAMS 0x00000000a5400000, 0x00000000a5300000| Untracked 
|  84|0x00000000a5400000, 0x00000000a5500000, 0x00000000a5500000|100%| O|  |TAMS 0x00000000a5500000, 0x00000000a5400000| Untracked 
|  85|0x00000000a5500000, 0x00000000a5600000, 0x00000000a5600000|100%| O|  |TAMS 0x00000000a5600000, 0x00000000a5500000| Updating 
|  86|0x00000000a5600000, 0x00000000a5700000, 0x00000000a5700000|100%| O|  |TAMS 0x00000000a5700000, 0x00000000a5600000| Untracked 
|  87|0x00000000a5700000, 0x00000000a5800000, 0x00000000a5800000|100%| O|  |TAMS 0x00000000a5800000, 0x00000000a5700000| Untracked 
|  88|0x00000000a5800000, 0x00000000a5900000, 0x00000000a5900000|100%| O|  |TAMS 0x00000000a5900000, 0x00000000a5800000| Untracked 
|  89|0x00000000a5900000, 0x00000000a5a00000, 0x00000000a5a00000|100%| O|  |TAMS 0x00000000a5a00000, 0x00000000a5900000| Updating 
|  90|0x00000000a5a00000, 0x00000000a5b00000, 0x00000000a5b00000|100%| O|  |TAMS 0x00000000a5b00000, 0x00000000a5a00000| Updating 
|  91|0x00000000a5b00000, 0x00000000a5c00000, 0x00000000a5c00000|100%| O|  |TAMS 0x00000000a5c00000, 0x00000000a5b00000| Untracked 
|  92|0x00000000a5c00000, 0x00000000a5d00000, 0x00000000a5d00000|100%| O|  |TAMS 0x00000000a5d00000, 0x00000000a5c00000| Untracked 
|  93|0x00000000a5d00000, 0x00000000a5e00000, 0x00000000a5e00000|100%| O|  |TAMS 0x00000000a5e00000, 0x00000000a5d00000| Untracked 
|  94|0x00000000a5e00000, 0x00000000a5f00000, 0x00000000a5f00000|100%| O|  |TAMS 0x00000000a5f00000, 0x00000000a5e00000| Untracked 
|  95|0x00000000a5f00000, 0x00000000a6000000, 0x00000000a6000000|100%| O|  |TAMS 0x00000000a6000000, 0x00000000a5f00000| Untracked 
|  96|0x00000000a6000000, 0x00000000a6100000, 0x00000000a6100000|100%| O|  |TAMS 0x00000000a6100000, 0x00000000a6000000| Untracked 
|  97|0x00000000a6100000, 0x00000000a6200000, 0x00000000a6200000|100%| O|  |TAMS 0x00000000a6200000, 0x00000000a6100000| Untracked 
|  98|0x00000000a6200000, 0x00000000a6300000, 0x00000000a6300000|100%| O|  |TAMS 0x00000000a6300000, 0x00000000a6200000| Untracked 
|  99|0x00000000a6300000, 0x00000000a6400000, 0x00000000a6400000|100%| O|  |TAMS 0x00000000a6400000, 0x00000000a6300000| Untracked 
| 100|0x00000000a6400000, 0x00000000a6500000, 0x00000000a6500000|100%| O|  |TAMS 0x00000000a6500000, 0x00000000a6400000| Untracked 
| 101|0x00000000a6500000, 0x00000000a6600000, 0x00000000a6600000|100%| O|  |TAMS 0x00000000a6600000, 0x00000000a6500000| Untracked 
| 102|0x00000000a6600000, 0x00000000a6700000, 0x00000000a6700000|100%| O|  |TAMS 0x00000000a6700000, 0x00000000a6600000| Untracked 
| 103|0x00000000a6700000, 0x00000000a6800000, 0x00000000a6800000|100%| O|  |TAMS 0x00000000a6800000, 0x00000000a6700000| Untracked 
| 104|0x00000000a6800000, 0x00000000a6900000, 0x00000000a6900000|100%| O|  |TAMS 0x00000000a6900000, 0x00000000a6800000| Untracked 
| 105|0x00000000a6900000, 0x00000000a6a00000, 0x00000000a6a00000|100%| O|  |TAMS 0x00000000a6a00000, 0x00000000a6900000| Untracked 
| 106|0x00000000a6a00000, 0x00000000a6b00000, 0x00000000a6b00000|100%| O|  |TAMS 0x00000000a6b00000, 0x00000000a6a00000| Updating 
| 107|0x00000000a6b00000, 0x00000000a6c00000, 0x00000000a6c00000|100%| O|  |TAMS 0x00000000a6c00000, 0x00000000a6b00000| Untracked 
| 108|0x00000000a6c00000, 0x00000000a6d00000, 0x00000000a6d00000|100%| O|  |TAMS 0x00000000a6d00000, 0x00000000a6c00000| Untracked 
| 109|0x00000000a6d00000, 0x00000000a6e00000, 0x00000000a6e00000|100%| O|  |TAMS 0x00000000a6e00000, 0x00000000a6d00000| Untracked 
| 110|0x00000000a6e00000, 0x00000000a6f00000, 0x00000000a6f00000|100%| O|  |TAMS 0x00000000a6f00000, 0x00000000a6e00000| Untracked 
| 111|0x00000000a6f00000, 0x00000000a7000000, 0x00000000a7000000|100%| O|  |TAMS 0x00000000a7000000, 0x00000000a6f00000| Untracked 
| 112|0x00000000a7000000, 0x00000000a7100000, 0x00000000a7100000|100%| O|  |TAMS 0x00000000a7100000, 0x00000000a7000000| Untracked 
| 113|0x00000000a7100000, 0x00000000a7200000, 0x00000000a7200000|100%| O|  |TAMS 0x00000000a7200000, 0x00000000a7100000| Updating 
| 114|0x00000000a7200000, 0x00000000a7300000, 0x00000000a7300000|100%| O|  |TAMS 0x00000000a7300000, 0x00000000a7200000| Untracked 
| 115|0x00000000a7300000, 0x00000000a7400000, 0x00000000a7400000|100%| O|  |TAMS 0x00000000a7400000, 0x00000000a7300000| Updating 
| 116|0x00000000a7400000, 0x00000000a7500000, 0x00000000a7500000|100%| O|  |TAMS 0x00000000a7500000, 0x00000000a7400000| Untracked 
| 117|0x00000000a7500000, 0x00000000a7600000, 0x00000000a7600000|100%| O|  |TAMS 0x00000000a7600000, 0x00000000a7500000| Untracked 
| 118|0x00000000a7600000, 0x00000000a7700000, 0x00000000a7700000|100%| O|  |TAMS 0x00000000a7700000, 0x00000000a7600000| Updating 
| 119|0x00000000a7700000, 0x00000000a7800000, 0x00000000a7800000|100%| O|  |TAMS 0x00000000a7800000, 0x00000000a7700000| Updating 
| 120|0x00000000a7800000, 0x00000000a7900000, 0x00000000a7900000|100%| O|  |TAMS 0x00000000a7900000, 0x00000000a7800000| Updating 
| 121|0x00000000a7900000, 0x00000000a7a00000, 0x00000000a7a00000|100%| O|  |TAMS 0x00000000a7a00000, 0x00000000a7900000| Updating 
| 122|0x00000000a7a00000, 0x00000000a7b00000, 0x00000000a7b00000|100%| O|  |TAMS 0x00000000a7b00000, 0x00000000a7a00000| Untracked 
| 123|0x00000000a7b00000, 0x00000000a7c00000, 0x00000000a7c00000|100%| O|  |TAMS 0x00000000a7c00000, 0x00000000a7b00000| Updating 
| 124|0x00000000a7c00000, 0x00000000a7d00000, 0x00000000a7d00000|100%| O|  |TAMS 0x00000000a7d00000, 0x00000000a7c00000| Untracked 
| 125|0x00000000a7d00000, 0x00000000a7e00000, 0x00000000a7e00000|100%| O|  |TAMS 0x00000000a7e00000, 0x00000000a7d00000| Untracked 
| 126|0x00000000a7e00000, 0x00000000a7f00000, 0x00000000a7f00000|100%| O|  |TAMS 0x00000000a7f00000, 0x00000000a7e00000| Updating 
| 127|0x00000000a7f00000, 0x00000000a8000000, 0x00000000a8000000|100%| O|  |TAMS 0x00000000a8000000, 0x00000000a7f00000| Untracked 
| 128|0x00000000a8000000, 0x00000000a8100000, 0x00000000a8100000|100%| O|  |TAMS 0x00000000a8100000, 0x00000000a8000000| Updating 
| 129|0x00000000a8100000, 0x00000000a8200000, 0x00000000a8200000|100%| O|  |TAMS 0x00000000a8200000, 0x00000000a8100000| Untracked 
| 130|0x00000000a8200000, 0x00000000a8300000, 0x00000000a8300000|100%| O|  |TAMS 0x00000000a8300000, 0x00000000a8200000| Updating 
| 131|0x00000000a8300000, 0x00000000a8400000, 0x00000000a8400000|100%| O|  |TAMS 0x00000000a8400000, 0x00000000a8300000| Untracked 
| 132|0x00000000a8400000, 0x00000000a8500000, 0x00000000a8500000|100%| O|  |TAMS 0x00000000a8500000, 0x00000000a8400000| Untracked 
| 133|0x00000000a8500000, 0x00000000a8600000, 0x00000000a8600000|100%| O|  |TAMS 0x00000000a8600000, 0x00000000a8500000| Updating 
| 134|0x00000000a8600000, 0x00000000a8700000, 0x00000000a8700000|100%| O|  |TAMS 0x00000000a8700000, 0x00000000a8600000| Untracked 
| 135|0x00000000a8700000, 0x00000000a8800000, 0x00000000a8800000|100%| O|  |TAMS 0x00000000a8800000, 0x00000000a8700000| Untracked 
| 136|0x00000000a8800000, 0x00000000a8900000, 0x00000000a8900000|100%| O|  |TAMS 0x00000000a8900000, 0x00000000a8800000| Untracked 
| 137|0x00000000a8900000, 0x00000000a8a00000, 0x00000000a8a00000|100%| O|  |TAMS 0x00000000a8a00000, 0x00000000a8900000| Untracked 
| 138|0x00000000a8a00000, 0x00000000a8b00000, 0x00000000a8b00000|100%| O|  |TAMS 0x00000000a8b00000, 0x00000000a8a00000| Untracked 
| 139|0x00000000a8b00000, 0x00000000a8c00000, 0x00000000a8c00000|100%| O|  |TAMS 0x00000000a8c00000, 0x00000000a8b00000| Untracked 
| 140|0x00000000a8c00000, 0x00000000a8d00000, 0x00000000a8d00000|100%| O|  |TAMS 0x00000000a8d00000, 0x00000000a8c00000| Untracked 
| 141|0x00000000a8d00000, 0x00000000a8e00000, 0x00000000a8e00000|100%| O|  |TAMS 0x00000000a8e00000, 0x00000000a8d00000| Updating 
| 142|0x00000000a8e00000, 0x00000000a8f00000, 0x00000000a8f00000|100%| O|  |TAMS 0x00000000a8f00000, 0x00000000a8e00000| Updating 
| 143|0x00000000a8f00000, 0x00000000a9000000, 0x00000000a9000000|100%| O|  |TAMS 0x00000000a9000000, 0x00000000a8f00000| Updating 
| 144|0x00000000a9000000, 0x00000000a9100000, 0x00000000a9100000|100%| O|  |TAMS 0x00000000a9100000, 0x00000000a9000000| Updating 
| 145|0x00000000a9100000, 0x00000000a9200000, 0x00000000a9200000|100%| O|  |TAMS 0x00000000a9200000, 0x00000000a9100000| Updating 
| 146|0x00000000a9200000, 0x00000000a9300000, 0x00000000a9300000|100%| O|  |TAMS 0x00000000a9300000, 0x00000000a9200000| Untracked 
| 147|0x00000000a9300000, 0x00000000a9400000, 0x00000000a9400000|100%| O|  |TAMS 0x00000000a9400000, 0x00000000a9300000| Untracked 
| 148|0x00000000a9400000, 0x00000000a9500000, 0x00000000a9500000|100%| O|  |TAMS 0x00000000a9500000, 0x00000000a9400000| Untracked 
| 149|0x00000000a9500000, 0x00000000a9600000, 0x00000000a9600000|100%|HS|  |TAMS 0x00000000a9600000, 0x00000000a9500000| Complete 
| 150|0x00000000a9600000, 0x00000000a9700000, 0x00000000a9700000|100%| O|  |TAMS 0x00000000a9700000, 0x00000000a9600000| Updating 
| 151|0x00000000a9700000, 0x00000000a9800000, 0x00000000a9800000|100%| O|  |TAMS 0x00000000a9800000, 0x00000000a9700000| Untracked 
| 152|0x00000000a9800000, 0x00000000a9900000, 0x00000000a9900000|100%| O|  |TAMS 0x00000000a9900000, 0x00000000a9800000| Updating 
| 153|0x00000000a9900000, 0x00000000a9a00000, 0x00000000a9a00000|100%| O|  |TAMS 0x00000000a9a00000, 0x00000000a9900000| Untracked 
| 154|0x00000000a9a00000, 0x00000000a9b00000, 0x00000000a9b00000|100%|HS|  |TAMS 0x00000000a9b00000, 0x00000000a9a00000| Complete 
| 155|0x00000000a9b00000, 0x00000000a9c00000, 0x00000000a9c00000|100%|HC|  |TAMS 0x00000000a9c00000, 0x00000000a9b00000| Complete 
| 156|0x00000000a9c00000, 0x00000000a9d00000, 0x00000000a9d00000|100%| O|  |TAMS 0x00000000a9d00000, 0x00000000a9c00000| Updating 
| 157|0x00000000a9d00000, 0x00000000a9e00000, 0x00000000a9e00000|100%| O|  |TAMS 0x00000000a9e00000, 0x00000000a9d00000| Untracked 
| 158|0x00000000a9e00000, 0x00000000a9f00000, 0x00000000a9f00000|100%| O|  |TAMS 0x00000000a9f00000, 0x00000000a9e00000| Untracked 
| 159|0x00000000a9f00000, 0x00000000aa000000, 0x00000000aa000000|100%| O|  |TAMS 0x00000000aa000000, 0x00000000a9f00000| Untracked 
| 160|0x00000000aa000000, 0x00000000aa100000, 0x00000000aa100000|100%| O|  |TAMS 0x00000000aa100000, 0x00000000aa000000| Untracked 
| 161|0x00000000aa100000, 0x00000000aa200000, 0x00000000aa200000|100%| O|  |TAMS 0x00000000aa200000, 0x00000000aa100000| Untracked 
| 162|0x00000000aa200000, 0x00000000aa300000, 0x00000000aa300000|100%| O|  |TAMS 0x00000000aa300000, 0x00000000aa200000| Untracked 
| 163|0x00000000aa300000, 0x00000000aa400000, 0x00000000aa400000|100%| O|  |TAMS 0x00000000aa400000, 0x00000000aa300000| Untracked 
| 164|0x00000000aa400000, 0x00000000aa500000, 0x00000000aa500000|100%| O|  |TAMS 0x00000000aa500000, 0x00000000aa400000| Untracked 
| 165|0x00000000aa500000, 0x00000000aa600000, 0x00000000aa600000|100%| O|  |TAMS 0x00000000aa600000, 0x00000000aa500000| Untracked 
| 166|0x00000000aa600000, 0x00000000aa700000, 0x00000000aa700000|100%| O|  |TAMS 0x00000000aa700000, 0x00000000aa600000| Untracked 
| 167|0x00000000aa700000, 0x00000000aa800000, 0x00000000aa800000|100%| O|  |TAMS 0x00000000aa800000, 0x00000000aa700000| Untracked 
| 168|0x00000000aa800000, 0x00000000aa900000, 0x00000000aa900000|100%| O|  |TAMS 0x00000000aa900000, 0x00000000aa800000| Updating 
| 169|0x00000000aa900000, 0x00000000aaa00000, 0x00000000aaa00000|100%| O|  |TAMS 0x00000000aaa00000, 0x00000000aa900000| Updating 
| 170|0x00000000aaa00000, 0x00000000aab00000, 0x00000000aab00000|100%| O|  |TAMS 0x00000000aab00000, 0x00000000aaa00000| Updating 
| 171|0x00000000aab00000, 0x00000000aac00000, 0x00000000aac00000|100%| O|  |TAMS 0x00000000aac00000, 0x00000000aab00000| Updating 
| 172|0x00000000aac00000, 0x00000000aad00000, 0x00000000aad00000|100%| O|  |TAMS 0x00000000aad00000, 0x00000000aac00000| Updating 
| 173|0x00000000aad00000, 0x00000000aae00000, 0x00000000aae00000|100%| O|  |TAMS 0x00000000aae00000, 0x00000000aad00000| Updating 
| 174|0x00000000aae00000, 0x00000000aaf00000, 0x00000000aaf00000|100%| O|  |TAMS 0x00000000aaf00000, 0x00000000aae00000| Untracked 
| 175|0x00000000aaf00000, 0x00000000ab000000, 0x00000000ab000000|100%| O|  |TAMS 0x00000000ab000000, 0x00000000aaf00000| Untracked 
| 176|0x00000000ab000000, 0x00000000ab100000, 0x00000000ab100000|100%| O|  |TAMS 0x00000000ab100000, 0x00000000ab000000| Untracked 
| 177|0x00000000ab100000, 0x00000000ab200000, 0x00000000ab200000|100%| O|  |TAMS 0x00000000ab200000, 0x00000000ab100000| Untracked 
| 178|0x00000000ab200000, 0x00000000ab300000, 0x00000000ab300000|100%| O|  |TAMS 0x00000000ab300000, 0x00000000ab200000| Untracked 
| 179|0x00000000ab300000, 0x00000000ab400000, 0x00000000ab400000|100%| O|  |TAMS 0x00000000ab400000, 0x00000000ab300000| Untracked 
| 180|0x00000000ab400000, 0x00000000ab500000, 0x00000000ab500000|100%| O|  |TAMS 0x00000000ab500000, 0x00000000ab400000| Untracked 
| 181|0x00000000ab500000, 0x00000000ab600000, 0x00000000ab600000|100%| O|  |TAMS 0x00000000ab600000, 0x00000000ab500000| Untracked 
| 182|0x00000000ab600000, 0x00000000ab700000, 0x00000000ab700000|100%| O|  |TAMS 0x00000000ab700000, 0x00000000ab600000| Untracked 
| 183|0x00000000ab700000, 0x00000000ab800000, 0x00000000ab800000|100%| O|  |TAMS 0x00000000ab800000, 0x00000000ab700000| Untracked 
| 184|0x00000000ab800000, 0x00000000ab900000, 0x00000000ab900000|100%| O|  |TAMS 0x00000000ab900000, 0x00000000ab800000| Untracked 
| 185|0x00000000ab900000, 0x00000000aba00000, 0x00000000aba00000|100%| O|  |TAMS 0x00000000aba00000, 0x00000000ab900000| Untracked 
| 186|0x00000000aba00000, 0x00000000abb00000, 0x00000000abb00000|100%| O|  |TAMS 0x00000000abb00000, 0x00000000aba00000| Untracked 
| 187|0x00000000abb00000, 0x00000000abc00000, 0x00000000abc00000|100%| O|  |TAMS 0x00000000abc00000, 0x00000000abb00000| Updating 
| 188|0x00000000abc00000, 0x00000000abd00000, 0x00000000abd00000|100%|HS|  |TAMS 0x00000000abd00000, 0x00000000abc00000| Complete 
| 189|0x00000000abd00000, 0x00000000abe00000, 0x00000000abe00000|100%|HC|  |TAMS 0x00000000abe00000, 0x00000000abd00000| Complete 
| 190|0x00000000abe00000, 0x00000000abf00000, 0x00000000abf00000|100%| O|  |TAMS 0x00000000abf00000, 0x00000000abe00000| Updating 
| 191|0x00000000abf00000, 0x00000000ac000000, 0x00000000ac000000|100%| O|  |TAMS 0x00000000ac000000, 0x00000000abf00000| Updating 
| 192|0x00000000ac000000, 0x00000000ac100000, 0x00000000ac100000|100%| O|  |TAMS 0x00000000ac100000, 0x00000000ac000000| Untracked 
| 193|0x00000000ac100000, 0x00000000ac200000, 0x00000000ac200000|100%| O|  |TAMS 0x00000000ac200000, 0x00000000ac100000| Untracked 
| 194|0x00000000ac200000, 0x00000000ac300000, 0x00000000ac300000|100%| O|  |TAMS 0x00000000ac300000, 0x00000000ac200000| Untracked 
| 195|0x00000000ac300000, 0x00000000ac400000, 0x00000000ac400000|100%| O|  |TAMS 0x00000000ac400000, 0x00000000ac300000| Untracked 
| 196|0x00000000ac400000, 0x00000000ac500000, 0x00000000ac500000|100%| O|  |TAMS 0x00000000ac500000, 0x00000000ac400000| Untracked 
| 197|0x00000000ac500000, 0x00000000ac600000, 0x00000000ac600000|100%| O|  |TAMS 0x00000000ac600000, 0x00000000ac500000| Untracked 
| 198|0x00000000ac600000, 0x00000000ac700000, 0x00000000ac700000|100%| O|  |TAMS 0x00000000ac700000, 0x00000000ac600000| Untracked 
| 199|0x00000000ac700000, 0x00000000ac800000, 0x00000000ac800000|100%| O|  |TAMS 0x00000000ac800000, 0x00000000ac700000| Untracked 
| 200|0x00000000ac800000, 0x00000000ac900000, 0x00000000ac900000|100%| O|  |TAMS 0x00000000ac900000, 0x00000000ac800000| Untracked 
| 201|0x00000000ac900000, 0x00000000aca00000, 0x00000000aca00000|100%| O|  |TAMS 0x00000000aca00000, 0x00000000ac900000| Untracked 
| 202|0x00000000aca00000, 0x00000000acb00000, 0x00000000acb00000|100%| O|  |TAMS 0x00000000acb00000, 0x00000000aca00000| Untracked 
| 203|0x00000000acb00000, 0x00000000acc00000, 0x00000000acc00000|100%| O|  |TAMS 0x00000000acc00000, 0x00000000acb00000| Untracked 
| 204|0x00000000acc00000, 0x00000000acd00000, 0x00000000acd00000|100%| O|  |TAMS 0x00000000acd00000, 0x00000000acc00000| Untracked 
| 205|0x00000000acd00000, 0x00000000ace00000, 0x00000000ace00000|100%| O|  |TAMS 0x00000000ace00000, 0x00000000acd00000| Untracked 
| 206|0x00000000ace00000, 0x00000000acf00000, 0x00000000acf00000|100%| O|  |TAMS 0x00000000acf00000, 0x00000000ace00000| Untracked 
| 207|0x00000000acf00000, 0x00000000ad000000, 0x00000000ad000000|100%| O|  |TAMS 0x00000000ad000000, 0x00000000acf00000| Untracked 
| 208|0x00000000ad000000, 0x00000000ad100000, 0x00000000ad100000|100%| O|  |TAMS 0x00000000ad100000, 0x00000000ad000000| Untracked 
| 209|0x00000000ad100000, 0x00000000ad200000, 0x00000000ad200000|100%| O|  |TAMS 0x00000000ad200000, 0x00000000ad100000| Untracked 
| 210|0x00000000ad200000, 0x00000000ad300000, 0x00000000ad300000|100%| O|  |TAMS 0x00000000ad300000, 0x00000000ad200000| Untracked 
| 211|0x00000000ad300000, 0x00000000ad400000, 0x00000000ad400000|100%| O|  |TAMS 0x00000000ad400000, 0x00000000ad300000| Untracked 
| 212|0x00000000ad400000, 0x00000000ad500000, 0x00000000ad500000|100%| O|  |TAMS 0x00000000ad500000, 0x00000000ad400000| Untracked 
| 213|0x00000000ad500000, 0x00000000ad600000, 0x00000000ad600000|100%| O|  |TAMS 0x00000000ad600000, 0x00000000ad500000| Untracked 
| 214|0x00000000ad600000, 0x00000000ad700000, 0x00000000ad700000|100%| O|  |TAMS 0x00000000ad700000, 0x00000000ad600000| Untracked 
| 215|0x00000000ad700000, 0x00000000ad800000, 0x00000000ad800000|100%| O|  |TAMS 0x00000000ad800000, 0x00000000ad700000| Untracked 
| 216|0x00000000ad800000, 0x00000000ad900000, 0x00000000ad900000|100%| O|  |TAMS 0x00000000ad900000, 0x00000000ad800000| Untracked 
| 217|0x00000000ad900000, 0x00000000ada00000, 0x00000000ada00000|100%| O|  |TAMS 0x00000000ada00000, 0x00000000ad900000| Untracked 
| 218|0x00000000ada00000, 0x00000000adb00000, 0x00000000adb00000|100%| O|  |TAMS 0x00000000adb00000, 0x00000000ada00000| Untracked 
| 219|0x00000000adb00000, 0x00000000adc00000, 0x00000000adc00000|100%| O|  |TAMS 0x00000000adc00000, 0x00000000adb00000| Untracked 
| 220|0x00000000adc00000, 0x00000000add00000, 0x00000000add00000|100%| O|  |TAMS 0x00000000add00000, 0x00000000adc00000| Untracked 
| 221|0x00000000add00000, 0x00000000ade00000, 0x00000000ade00000|100%| O|  |TAMS 0x00000000ade00000, 0x00000000add00000| Untracked 
| 222|0x00000000ade00000, 0x00000000adf00000, 0x00000000adf00000|100%| O|  |TAMS 0x00000000adf00000, 0x00000000ade00000| Untracked 
| 223|0x00000000adf00000, 0x00000000ae000000, 0x00000000ae000000|100%| O|  |TAMS 0x00000000ae000000, 0x00000000adf00000| Untracked 
| 224|0x00000000ae000000, 0x00000000ae100000, 0x00000000ae100000|100%| O|  |TAMS 0x00000000ae100000, 0x00000000ae000000| Updating 
| 225|0x00000000ae100000, 0x00000000ae200000, 0x00000000ae200000|100%| O|  |TAMS 0x00000000ae200000, 0x00000000ae100000| Updating 
| 226|0x00000000ae200000, 0x00000000ae300000, 0x00000000ae300000|100%| O|  |TAMS 0x00000000ae300000, 0x00000000ae200000| Updating 
| 227|0x00000000ae300000, 0x00000000ae400000, 0x00000000ae400000|100%| O|  |TAMS 0x00000000ae400000, 0x00000000ae300000| Updating 
| 228|0x00000000ae400000, 0x00000000ae500000, 0x00000000ae500000|100%| O|  |TAMS 0x00000000ae500000, 0x00000000ae400000| Updating 
| 229|0x00000000ae500000, 0x00000000ae600000, 0x00000000ae600000|100%| O|  |TAMS 0x00000000ae600000, 0x00000000ae500000| Untracked 
| 230|0x00000000ae600000, 0x00000000ae700000, 0x00000000ae700000|100%| O|  |TAMS 0x00000000ae700000, 0x00000000ae600000| Updating 
| 231|0x00000000ae700000, 0x00000000ae800000, 0x00000000ae800000|100%| O|  |TAMS 0x00000000ae800000, 0x00000000ae700000| Untracked 
| 232|0x00000000ae800000, 0x00000000ae900000, 0x00000000ae900000|100%| O|  |TAMS 0x00000000ae900000, 0x00000000ae800000| Untracked 
| 233|0x00000000ae900000, 0x00000000aea00000, 0x00000000aea00000|100%| O|  |TAMS 0x00000000aea00000, 0x00000000ae900000| Untracked 
| 234|0x00000000aea00000, 0x00000000aeb00000, 0x00000000aeb00000|100%| O|  |TAMS 0x00000000aeb00000, 0x00000000aea00000| Untracked 
| 235|0x00000000aeb00000, 0x00000000aec00000, 0x00000000aec00000|100%| O|  |TAMS 0x00000000aec00000, 0x00000000aeb00000| Untracked 
| 236|0x00000000aec00000, 0x00000000aed00000, 0x00000000aed00000|100%| O|  |TAMS 0x00000000aed00000, 0x00000000aec00000| Untracked 
| 237|0x00000000aed00000, 0x00000000aee00000, 0x00000000aee00000|100%| O|  |TAMS 0x00000000aee00000, 0x00000000aed00000| Untracked 
| 238|0x00000000aee00000, 0x00000000aef00000, 0x00000000aef00000|100%| O|  |TAMS 0x00000000aef00000, 0x00000000aee00000| Untracked 
| 239|0x00000000aef00000, 0x00000000af000000, 0x00000000af000000|100%| O|  |TAMS 0x00000000af000000, 0x00000000aef00000| Untracked 
| 240|0x00000000af000000, 0x00000000af100000, 0x00000000af100000|100%| O|  |TAMS 0x00000000af100000, 0x00000000af000000| Untracked 
| 241|0x00000000af100000, 0x00000000af200000, 0x00000000af200000|100%| O|  |TAMS 0x00000000af200000, 0x00000000af100000| Untracked 
| 242|0x00000000af200000, 0x00000000af300000, 0x00000000af300000|100%| O|  |TAMS 0x00000000af300000, 0x00000000af200000| Updating 
| 243|0x00000000af300000, 0x00000000af400000, 0x00000000af400000|100%| O|  |TAMS 0x00000000af400000, 0x00000000af300000| Updating 
| 244|0x00000000af400000, 0x00000000af500000, 0x00000000af500000|100%| O|  |TAMS 0x00000000af500000, 0x00000000af400000| Updating 
| 245|0x00000000af500000, 0x00000000af600000, 0x00000000af600000|100%| O|  |TAMS 0x00000000af600000, 0x00000000af500000| Untracked 
| 246|0x00000000af600000, 0x00000000af700000, 0x00000000af700000|100%| O|  |TAMS 0x00000000af700000, 0x00000000af600000| Untracked 
| 247|0x00000000af700000, 0x00000000af800000, 0x00000000af800000|100%| O|  |TAMS 0x00000000af800000, 0x00000000af700000| Untracked 
| 248|0x00000000af800000, 0x00000000af900000, 0x00000000af900000|100%| O|  |TAMS 0x00000000af900000, 0x00000000af800000| Untracked 
| 249|0x00000000af900000, 0x00000000afa00000, 0x00000000afa00000|100%| O|  |TAMS 0x00000000afa00000, 0x00000000af900000| Updating 
| 250|0x00000000afa00000, 0x00000000afb00000, 0x00000000afb00000|100%| O|  |TAMS 0x00000000afb00000, 0x00000000afa00000| Updating 
| 251|0x00000000afb00000, 0x00000000afc00000, 0x00000000afc00000|100%| O|  |TAMS 0x00000000afc00000, 0x00000000afb00000| Untracked 
| 252|0x00000000afc00000, 0x00000000afd00000, 0x00000000afd00000|100%|HS|  |TAMS 0x00000000afd00000, 0x00000000afc00000| Complete 
| 253|0x00000000afd00000, 0x00000000afe00000, 0x00000000afe00000|100%|HC|  |TAMS 0x00000000afe00000, 0x00000000afd00000| Complete 
| 254|0x00000000afe00000, 0x00000000aff00000, 0x00000000aff00000|100%|HC|  |TAMS 0x00000000aff00000, 0x00000000afe00000| Complete 
| 255|0x00000000aff00000, 0x00000000b0000000, 0x00000000b0000000|100%| O|  |TAMS 0x00000000b0000000, 0x00000000aff00000| Untracked 
| 256|0x00000000b0000000, 0x00000000b0100000, 0x00000000b0100000|100%| O|  |TAMS 0x00000000b0100000, 0x00000000b0000000| Updating 
| 257|0x00000000b0100000, 0x00000000b0200000, 0x00000000b0200000|100%| O|  |TAMS 0x00000000b0200000, 0x00000000b0100000| Untracked 
| 258|0x00000000b0200000, 0x00000000b0300000, 0x00000000b0300000|100%| O|  |TAMS 0x00000000b0300000, 0x00000000b0200000| Untracked 
| 259|0x00000000b0300000, 0x00000000b0400000, 0x00000000b0400000|100%| O|  |TAMS 0x00000000b0400000, 0x00000000b0300000| Untracked 
| 260|0x00000000b0400000, 0x00000000b0500000, 0x00000000b0500000|100%| O|  |TAMS 0x00000000b0500000, 0x00000000b0400000| Untracked 
| 261|0x00000000b0500000, 0x00000000b0600000, 0x00000000b0600000|100%| O|  |TAMS 0x00000000b0600000, 0x00000000b0500000| Untracked 
| 262|0x00000000b0600000, 0x00000000b0700000, 0x00000000b0700000|100%| O|  |TAMS 0x00000000b0700000, 0x00000000b0600000| Untracked 
| 263|0x00000000b0700000, 0x00000000b0800000, 0x00000000b0800000|100%| O|  |TAMS 0x00000000b0800000, 0x00000000b0700000| Untracked 
| 264|0x00000000b0800000, 0x00000000b0900000, 0x00000000b0900000|100%| O|  |TAMS 0x00000000b0900000, 0x00000000b0800000| Untracked 
| 265|0x00000000b0900000, 0x00000000b0a00000, 0x00000000b0a00000|100%| O|  |TAMS 0x00000000b0a00000, 0x00000000b0900000| Untracked 
| 266|0x00000000b0a00000, 0x00000000b0b00000, 0x00000000b0b00000|100%| O|  |TAMS 0x00000000b0b00000, 0x00000000b0a00000| Updating 
| 267|0x00000000b0b00000, 0x00000000b0c00000, 0x00000000b0c00000|100%| O|  |TAMS 0x00000000b0c00000, 0x00000000b0b00000| Updating 
| 268|0x00000000b0c00000, 0x00000000b0d00000, 0x00000000b0d00000|100%| O|  |TAMS 0x00000000b0d00000, 0x00000000b0c00000| Updating 
| 269|0x00000000b0d00000, 0x00000000b0e00000, 0x00000000b0e00000|100%| O|  |TAMS 0x00000000b0e00000, 0x00000000b0d00000| Untracked 
| 270|0x00000000b0e00000, 0x00000000b0f00000, 0x00000000b0f00000|100%| O|  |TAMS 0x00000000b0f00000, 0x00000000b0e00000| Updating 
| 271|0x00000000b0f00000, 0x00000000b1000000, 0x00000000b1000000|100%| O|  |TAMS 0x00000000b1000000, 0x00000000b0f00000| Updating 
| 272|0x00000000b1000000, 0x00000000b1100000, 0x00000000b1100000|100%| O|  |TAMS 0x00000000b1100000, 0x00000000b1000000| Untracked 
| 273|0x00000000b1100000, 0x00000000b1200000, 0x00000000b1200000|100%| O|  |TAMS 0x00000000b1200000, 0x00000000b1100000| Untracked 
| 274|0x00000000b1200000, 0x00000000b1300000, 0x00000000b1300000|100%| O|  |TAMS 0x00000000b1300000, 0x00000000b1200000| Untracked 
| 275|0x00000000b1300000, 0x00000000b1400000, 0x00000000b1400000|100%| O|  |TAMS 0x00000000b1400000, 0x00000000b1300000| Untracked 
| 276|0x00000000b1400000, 0x00000000b1500000, 0x00000000b1500000|100%| O|  |TAMS 0x00000000b1500000, 0x00000000b1400000| Untracked 
| 277|0x00000000b1500000, 0x00000000b1600000, 0x00000000b1600000|100%| O|  |TAMS 0x00000000b1600000, 0x00000000b1500000| Untracked 
| 278|0x00000000b1600000, 0x00000000b1700000, 0x00000000b1700000|100%| O|  |TAMS 0x00000000b1700000, 0x00000000b1600000| Updating 
| 279|0x00000000b1700000, 0x00000000b1800000, 0x00000000b1800000|100%| O|  |TAMS 0x00000000b1800000, 0x00000000b1700000| Updating 
| 280|0x00000000b1800000, 0x00000000b1900000, 0x00000000b1900000|100%| O|  |TAMS 0x00000000b1900000, 0x00000000b1800000| Untracked 
| 281|0x00000000b1900000, 0x00000000b1a00000, 0x00000000b1a00000|100%| O|  |TAMS 0x00000000b1a00000, 0x00000000b1900000| Untracked 
| 282|0x00000000b1a00000, 0x00000000b1b00000, 0x00000000b1b00000|100%| O|  |TAMS 0x00000000b1b00000, 0x00000000b1a00000| Untracked 
| 283|0x00000000b1b00000, 0x00000000b1c00000, 0x00000000b1c00000|100%| O|  |TAMS 0x00000000b1c00000, 0x00000000b1b00000| Untracked 
| 284|0x00000000b1c00000, 0x00000000b1d00000, 0x00000000b1d00000|100%| O|  |TAMS 0x00000000b1d00000, 0x00000000b1c00000| Untracked 
| 285|0x00000000b1d00000, 0x00000000b1e00000, 0x00000000b1e00000|100%| O|  |TAMS 0x00000000b1e00000, 0x00000000b1d00000| Untracked 
| 286|0x00000000b1e00000, 0x00000000b1f00000, 0x00000000b1f00000|100%| O|  |TAMS 0x00000000b1f00000, 0x00000000b1e00000| Untracked 
| 287|0x00000000b1f00000, 0x00000000b2000000, 0x00000000b2000000|100%| O|  |TAMS 0x00000000b2000000, 0x00000000b1f00000| Untracked 
| 288|0x00000000b2000000, 0x00000000b2100000, 0x00000000b2100000|100%| O|  |TAMS 0x00000000b2100000, 0x00000000b2000000| Untracked 
| 289|0x00000000b2100000, 0x00000000b2200000, 0x00000000b2200000|100%| O|  |TAMS 0x00000000b2200000, 0x00000000b2100000| Untracked 
| 290|0x00000000b2200000, 0x00000000b2300000, 0x00000000b2300000|100%| O|  |TAMS 0x00000000b2300000, 0x00000000b2200000| Untracked 
| 291|0x00000000b2300000, 0x00000000b2400000, 0x00000000b2400000|100%| O|  |TAMS 0x00000000b2400000, 0x00000000b2300000| Untracked 
| 292|0x00000000b2400000, 0x00000000b2500000, 0x00000000b2500000|100%| O|  |TAMS 0x00000000b2500000, 0x00000000b2400000| Untracked 
| 293|0x00000000b2500000, 0x00000000b2600000, 0x00000000b2600000|100%| O|  |TAMS 0x00000000b25b1600, 0x00000000b2500000| Updating 
| 294|0x00000000b2600000, 0x00000000b2700000, 0x00000000b2700000|100%| O|  |TAMS 0x00000000b2600000, 0x00000000b2600000| Untracked 
| 295|0x00000000b2700000, 0x00000000b2800000, 0x00000000b2800000|100%| O|  |TAMS 0x00000000b2700000, 0x00000000b2700000| Untracked 
| 296|0x00000000b2800000, 0x00000000b2900000, 0x00000000b2900000|100%| O|  |TAMS 0x00000000b2800000, 0x00000000b2800000| Untracked 
| 297|0x00000000b2900000, 0x00000000b2a00000, 0x00000000b2a00000|100%| O|  |TAMS 0x00000000b2900000, 0x00000000b2900000| Untracked 
| 298|0x00000000b2a00000, 0x00000000b2b00000, 0x00000000b2b00000|100%| O|  |TAMS 0x00000000b2a00000, 0x00000000b2a00000| Untracked 
| 299|0x00000000b2b00000, 0x00000000b2c00000, 0x00000000b2c00000|100%| O|  |TAMS 0x00000000b2b00000, 0x00000000b2b00000| Untracked 
| 300|0x00000000b2c00000, 0x00000000b2d00000, 0x00000000b2d00000|100%| O|  |TAMS 0x00000000b2c00000, 0x00000000b2c00000| Untracked 
| 301|0x00000000b2d00000, 0x00000000b2e00000, 0x00000000b2e00000|100%| O|  |TAMS 0x00000000b2d00000, 0x00000000b2d00000| Untracked 
| 302|0x00000000b2e00000, 0x00000000b2f00000, 0x00000000b2f00000|100%| O|  |TAMS 0x00000000b2e00000, 0x00000000b2e00000| Untracked 
| 303|0x00000000b2f00000, 0x00000000b3000000, 0x00000000b3000000|100%| O|  |TAMS 0x00000000b2f00000, 0x00000000b2f00000| Untracked 
| 304|0x00000000b3000000, 0x00000000b3100000, 0x00000000b3100000|100%| O|  |TAMS 0x00000000b3000000, 0x00000000b3000000| Untracked 
| 305|0x00000000b3100000, 0x00000000b3200000, 0x00000000b3200000|100%| O|  |TAMS 0x00000000b3100000, 0x00000000b3100000| Untracked 
| 306|0x00000000b3200000, 0x00000000b3300000, 0x00000000b3300000|100%| O|  |TAMS 0x00000000b3200000, 0x00000000b3200000| Untracked 
| 307|0x00000000b3300000, 0x00000000b3400000, 0x00000000b3400000|100%| O|  |TAMS 0x00000000b3300000, 0x00000000b3300000| Untracked 
| 308|0x00000000b3400000, 0x00000000b345c200, 0x00000000b3500000| 35%| O|  |TAMS 0x00000000b3400000, 0x00000000b3400000| Updating 
| 309|0x00000000b3500000, 0x00000000b3500000, 0x00000000b3600000|  0%| F|  |TAMS 0x00000000b3500000, 0x00000000b3500000| Untracked 
| 310|0x00000000b3600000, 0x00000000b3600000, 0x00000000b3700000|  0%| F|  |TAMS 0x00000000b3600000, 0x00000000b3600000| Untracked 
| 311|0x00000000b3700000, 0x00000000b3700000, 0x00000000b3800000|  0%| F|  |TAMS 0x00000000b3700000, 0x00000000b3700000| Untracked 
| 312|0x00000000b3800000, 0x00000000b3800000, 0x00000000b3900000|  0%| F|  |TAMS 0x00000000b3800000, 0x00000000b3800000| Untracked 
| 313|0x00000000b3900000, 0x00000000b3900000, 0x00000000b3a00000|  0%| F|  |TAMS 0x00000000b3900000, 0x00000000b3900000| Untracked 
| 314|0x00000000b3a00000, 0x00000000b3a00000, 0x00000000b3b00000|  0%| F|  |TAMS 0x00000000b3a00000, 0x00000000b3a00000| Untracked 
| 315|0x00000000b3b00000, 0x00000000b3c00000, 0x00000000b3c00000|100%| S|CS|TAMS 0x00000000b3b00000, 0x00000000b3b00000| Complete 
| 316|0x00000000b3c00000, 0x00000000b3d00000, 0x00000000b3d00000|100%| S|CS|TAMS 0x00000000b3c00000, 0x00000000b3c00000| Complete 
| 317|0x00000000b3d00000, 0x00000000b3d00000, 0x00000000b3e00000|  0%| F|  |TAMS 0x00000000b3d00000, 0x00000000b3d00000| Untracked 
| 318|0x00000000b3e00000, 0x00000000b3e00000, 0x00000000b3f00000|  0%| F|  |TAMS 0x00000000b3e00000, 0x00000000b3e00000| Untracked 
| 319|0x00000000b3f00000, 0x00000000b3f00000, 0x00000000b4000000|  0%| F|  |TAMS 0x00000000b3f00000, 0x00000000b3f00000| Untracked 
| 320|0x00000000b4000000, 0x00000000b4000000, 0x00000000b4100000|  0%| F|  |TAMS 0x00000000b4000000, 0x00000000b4000000| Untracked 
| 321|0x00000000b4100000, 0x00000000b4100000, 0x00000000b4200000|  0%| F|  |TAMS 0x00000000b4100000, 0x00000000b4100000| Untracked 
| 322|0x00000000b4200000, 0x00000000b4200000, 0x00000000b4300000|  0%| F|  |TAMS 0x00000000b4200000, 0x00000000b4200000| Untracked 
| 323|0x00000000b4300000, 0x00000000b4300000, 0x00000000b4400000|  0%| F|  |TAMS 0x00000000b4300000, 0x00000000b4300000| Untracked 
| 324|0x00000000b4400000, 0x00000000b4400000, 0x00000000b4500000|  0%| F|  |TAMS 0x00000000b4400000, 0x00000000b4400000| Untracked 
| 325|0x00000000b4500000, 0x00000000b45d6660, 0x00000000b4600000| 83%| E|  |TAMS 0x00000000b4500000, 0x00000000b4500000| Complete 
| 326|0x00000000b4600000, 0x00000000b4700000, 0x00000000b4700000|100%| E|CS|TAMS 0x00000000b4600000, 0x00000000b4600000| Complete 
| 327|0x00000000b4700000, 0x00000000b4800000, 0x00000000b4800000|100%| E|CS|TAMS 0x00000000b4700000, 0x00000000b4700000| Complete 
| 328|0x00000000b4800000, 0x00000000b4900000, 0x00000000b4900000|100%| E|CS|TAMS 0x00000000b4800000, 0x00000000b4800000| Complete 
| 329|0x00000000b4900000, 0x00000000b4a00000, 0x00000000b4a00000|100%| E|CS|TAMS 0x00000000b4900000, 0x00000000b4900000| Complete 
| 330|0x00000000b4a00000, 0x00000000b4b00000, 0x00000000b4b00000|100%| E|CS|TAMS 0x00000000b4a00000, 0x00000000b4a00000| Complete 
| 331|0x00000000b4b00000, 0x00000000b4c00000, 0x00000000b4c00000|100%| E|CS|TAMS 0x00000000b4b00000, 0x00000000b4b00000| Complete 
|1533|0x00000000ffd00000, 0x00000000ffe00000, 0x00000000ffe00000|100%| O|  |TAMS 0x00000000ffe00000, 0x00000000ffd00000| Updating 
|1534|0x00000000ffe00000, 0x00000000fff00000, 0x00000000fff00000|100%| O|  |TAMS 0x00000000fff00000, 0x00000000ffe00000| Updating 
|1535|0x00000000fff00000, 0x0000000100000000, 0x0000000100000000|100%| O|  |TAMS 0x0000000100000000, 0x00000000fff00000| Untracked 

Card table byte_map: [0x000001df25f40000,0x000001df26240000] _byte_map_base: 0x000001df25a40000

Marking Bits (Prev, Next): (CMBitMap*) 0x000001df12d0bdd0, (CMBitMap*) 0x000001df12d0bd90
 Prev Bits: [0x000001df27d40000, 0x000001df29540000)
 Next Bits: [0x000001df26540000, 0x000001df27d40000)

Polling page: 0x000001df12470000

Metaspace:

Usage:
  Non-class:    126.30 MB used.
      Class:     19.12 MB used.
       Both:    145.42 MB used.

Virtual space:
  Non-class space:      128.00 MB reserved,     126.88 MB (>99%) committed,  2 nodes.
      Class space:        1.00 GB reserved,      19.62 MB (  2%) committed,  1 nodes.
             Both:        1.12 GB reserved,     146.50 MB ( 13%) committed. 

Chunk freelists:
   Non-Class:  1.01 MB
       Class:  12.42 MB
        Both:  13.44 MB

MaxMetaspaceSize: unlimited
CompressedClassSpaceSize: 1.00 GB
Initial GC threshold: 21.00 MB
Current GC threshold: 225.75 MB
CDS: off
MetaspaceReclaimPolicy: balanced
 - commit_granule_bytes: 65536.
 - commit_granule_words: 8192.
 - virtual_space_node_default_size: 8388608.
 - enlarge_chunks_in_place: 1.
 - new_chunks_are_fully_committed: 0.
 - uncommit_free_chunks: 1.
 - use_allocation_guard: 0.
 - handle_deallocations: 1.


Internal statistics:

num_allocs_failed_limit: 12.
num_arena_births: 1596.
num_arena_deaths: 10.
num_vsnodes_births: 3.
num_vsnodes_deaths: 0.
num_space_committed: 2343.
num_space_uncommitted: 0.
num_chunks_returned_to_freelist: 25.
num_chunks_taken_from_freelist: 7512.
num_chunk_merges: 12.
num_chunk_splits: 5022.
num_chunks_enlarged: 3366.
num_inconsistent_stats: 0.

CodeHeap 'non-profiled nmethods': size=119168Kb used=15289Kb max_used=15289Kb free=103878Kb
 bounds [0x000001df1dd30000, 0x000001df1ec20000, 0x000001df25190000]
CodeHeap 'profiled nmethods': size=119104Kb used=37014Kb max_used=37014Kb free=82089Kb
 bounds [0x000001df16190000, 0x000001df185c0000, 0x000001df1d5e0000]
CodeHeap 'non-nmethods': size=7488Kb used=4172Kb max_used=4236Kb free=3316Kb
 bounds [0x000001df1d5e0000, 0x000001df1da10000, 0x000001df1dd30000]
 total_blobs=19307 nmethods=18304 adapters=908
 compilation: enabled
              stopped_count=0, restarted_count=0
 full_count=0

Compilation events (20 events):
Event: 63.077 Thread 0x000001df41337350 nmethod 22431 0x000001df1ec1c390 code [0x000001df1ec1c520, 0x000001df1ec1c678]
Event: 63.077 Thread 0x000001df41337350 22432       4       com.sun.org.apache.xerces.internal.impl.XMLScanner::checkEntityLimit (320 bytes)
Event: 63.092 Thread 0x000001df3e11c250 22438   !   3       jdk.xml.internal.SecuritySupport::readJAXPProperty (147 bytes)
Event: 63.092 Thread 0x000001df3e11ccf0 22439       1       jdk.xml.internal.XMLSecurityManager$Limit::systemProperty (5 bytes)
Event: 63.093 Thread 0x000001df3e11ccf0 nmethod 22439 0x000001df1ec1c810 code [0x000001df1ec1c9a0, 0x000001df1ec1ca78]
Event: 63.095 Thread 0x000001df3e11c7a0 22440       3       com.sun.org.apache.xerces.internal.dom.ParentNode::getLength (5 bytes)
Event: 63.095 Thread 0x000001df2c9e7d10 22441       3       com.sun.org.apache.xerces.internal.dom.ParentNode::item (6 bytes)
Event: 63.096 Thread 0x000001df3e11c7a0 nmethod 22440 0x000001df185a7610 code [0x000001df185a77a0, 0x000001df185a78e8]
Event: 63.096 Thread 0x000001df2c9e7d10 nmethod 22441 0x000001df185a7990 code [0x000001df185a7b20, 0x000001df185a7c68]
Event: 63.117 Thread 0x000001df3e11c250 nmethod 22438 0x000001df185a7d10 code [0x000001df185a8520, 0x000001df185ad058]
Event: 63.210 Thread 0x000001df3e11c7a0 22452       3       java.io.InputStreamReader::<init> (30 bytes)
Event: 63.211 Thread 0x000001df3e11c250 22453       3       com.google.common.collect.ImmutableMultimap$Builder::newMutableValueCollection (8 bytes)
Event: 63.216 Thread 0x000001df3e11c250 nmethod 22453 0x000001df185aee90 code [0x000001df185af040, 0x000001df185af378]
Event: 63.216 Thread 0x000001df3e11c7a0 nmethod 22452 0x000001df185af490 code [0x000001df185af680, 0x000001df185afb68]
Event: 63.217 Thread 0x000001df3e11c250 22456       3       android.databinding.tool.util.SymbolTableUtil::readResources (269 bytes)
Event: 63.233 Thread 0x000001df420e77f0 nmethod 22436 0x000001df1ec1cb10 code [0x000001df1ec1cd40, 0x000001df1ec1da90]
Event: 63.236 Thread 0x000001df3e11c250 nmethod 22456 0x000001df185afd10 code [0x000001df185b03e0, 0x000001df185b44c8]
Event: 63.244 Thread 0x000001df420e77f0 22450       4       android.databinding.tool.util.SymbolTableUtil::addResource (108 bytes)
Event: 63.260 Thread 0x000001df3e11c250 22457       3       com.google.common.collect.ImmutableMapEntry::createEntryArray (5 bytes)
Event: 63.262 Thread 0x000001df3e11c250 nmethod 22457 0x000001df185b5910 code [0x000001df185b5aa0, 0x000001df185b5c18]

GC Heap History (20 events):
Event: 60.530 GC heap before
{Heap before GC invocations=69 (full 0):
 garbage-first heap   total 343040K, used 272384K [0x00000000a0000000, 0x0000000100000000)
  region size 1024K, 24 young (24576K), 2 survivors (2048K)
 Metaspace       used 141269K, committed 142336K, reserved 1179648K
  class space    used 18500K, committed 19008K, reserved 1048576K
}
Event: 60.535 GC heap after
{Heap after GC invocations=70 (full 0):
 garbage-first heap   total 343040K, used 256993K [0x00000000a0000000, 0x0000000100000000)
  region size 1024K, 3 young (3072K), 3 survivors (3072K)
 Metaspace       used 141269K, committed 142336K, reserved 1179648K
  class space    used 18500K, committed 19008K, reserved 1048576K
}
Event: 61.131 GC heap before
{Heap before GC invocations=70 (full 0):
 garbage-first heap   total 343040K, used 279521K [0x00000000a0000000, 0x0000000100000000)
  region size 1024K, 24 young (24576K), 3 survivors (3072K)
 Metaspace       used 144752K, committed 145792K, reserved 1179648K
  class space    used 19025K, committed 19520K, reserved 1048576K
}
Event: 61.136 GC heap after
{Heap after GC invocations=71 (full 0):
 garbage-first heap   total 343040K, used 259774K [0x00000000a0000000, 0x0000000100000000)
  region size 1024K, 3 young (3072K), 3 survivors (3072K)
 Metaspace       used 144752K, committed 145792K, reserved 1179648K
  class space    used 19025K, committed 19520K, reserved 1048576K
}
Event: 61.572 GC heap before
{Heap before GC invocations=71 (full 0):
 garbage-first heap   total 343040K, used 281278K [0x00000000a0000000, 0x0000000100000000)
  region size 1024K, 24 young (24576K), 3 survivors (3072K)
 Metaspace       used 145622K, committed 146688K, reserved 1179648K
  class space    used 19122K, committed 19648K, reserved 1048576K
}
Event: 61.575 GC heap after
{Heap after GC invocations=72 (full 0):
 garbage-first heap   total 343040K, used 260987K [0x00000000a0000000, 0x0000000100000000)
  region size 1024K, 2 young (2048K), 2 survivors (2048K)
 Metaspace       used 145622K, committed 146688K, reserved 1179648K
  class space    used 19122K, committed 19648K, reserved 1048576K
}
Event: 62.022 GC heap before
{Heap before GC invocations=72 (full 0):
 garbage-first heap   total 343040K, used 283515K [0x00000000a0000000, 0x0000000100000000)
  region size 1024K, 25 young (25600K), 2 survivors (2048K)
 Metaspace       used 148221K, committed 149248K, reserved 1179648K
  class space    used 19481K, committed 19968K, reserved 1048576K
}
Event: 62.024 GC heap after
{Heap after GC invocations=73 (full 0):
 garbage-first heap   total 343040K, used 261914K [0x00000000a0000000, 0x0000000100000000)
  region size 1024K, 3 young (3072K), 3 survivors (3072K)
 Metaspace       used 148221K, committed 149248K, reserved 1179648K
  class space    used 19481K, committed 19968K, reserved 1048576K
}
Event: 62.387 GC heap before
{Heap before GC invocations=73 (full 0):
 garbage-first heap   total 343040K, used 286490K [0x00000000a0000000, 0x0000000100000000)
  region size 1024K, 28 young (28672K), 3 survivors (3072K)
 Metaspace       used 148753K, committed 149888K, reserved 1179648K
  class space    used 19576K, committed 20096K, reserved 1048576K
}
Event: 62.390 GC heap after
{Heap after GC invocations=74 (full 0):
 garbage-first heap   total 343040K, used 263071K [0x00000000a0000000, 0x0000000100000000)
  region size 1024K, 3 young (3072K), 3 survivors (3072K)
 Metaspace       used 148753K, committed 149888K, reserved 1179648K
  class space    used 19576K, committed 20096K, reserved 1048576K
}
Event: 62.641 GC heap before
{Heap before GC invocations=74 (full 0):
 garbage-first heap   total 343040K, used 292767K [0x00000000a0000000, 0x0000000100000000)
  region size 1024K, 29 young (29696K), 3 survivors (3072K)
 Metaspace       used 148826K, committed 149952K, reserved 1179648K
  class space    used 19576K, committed 20096K, reserved 1048576K
}
Event: 62.647 GC heap after
{Heap after GC invocations=75 (full 0):
 garbage-first heap   total 343040K, used 266914K [0x00000000a0000000, 0x0000000100000000)
  region size 1024K, 4 young (4096K), 4 survivors (4096K)
 Metaspace       used 148826K, committed 149952K, reserved 1179648K
  class space    used 19576K, committed 20096K, reserved 1048576K
}
Event: 62.979 GC heap before
{Heap before GC invocations=75 (full 0):
 garbage-first heap   total 343040K, used 292514K [0x00000000a0000000, 0x0000000100000000)
  region size 1024K, 29 young (29696K), 4 survivors (4096K)
 Metaspace       used 148905K, committed 150016K, reserved 1179648K
  class space    used 19576K, committed 20096K, reserved 1048576K
}
Event: 62.985 GC heap after
{Heap after GC invocations=76 (full 0):
 garbage-first heap   total 343040K, used 277362K [0x00000000a0000000, 0x0000000100000000)
  region size 1024K, 4 young (4096K), 4 survivors (4096K)
 Metaspace       used 148905K, committed 150016K, reserved 1179648K
  class space    used 19576K, committed 20096K, reserved 1048576K
}
Event: 63.097 GC heap before
{Heap before GC invocations=76 (full 0):
 garbage-first heap   total 343040K, used 291698K [0x00000000a0000000, 0x0000000100000000)
  region size 1024K, 18 young (18432K), 4 survivors (4096K)
 Metaspace       used 148907K, committed 150016K, reserved 1179648K
  class space    used 19576K, committed 20096K, reserved 1048576K
}
Event: 63.104 GC heap after
{Heap after GC invocations=77 (full 0):
 garbage-first heap   total 343040K, used 291943K [0x00000000a0000000, 0x0000000100000000)
  region size 1024K, 3 young (3072K), 3 survivors (3072K)
 Metaspace       used 148907K, committed 150016K, reserved 1179648K
  class space    used 19576K, committed 20096K, reserved 1048576K
}
Event: 63.144 GC heap before
{Heap before GC invocations=77 (full 0):
 garbage-first heap   total 343040K, used 305255K [0x00000000a0000000, 0x0000000100000000)
  region size 1024K, 16 young (16384K), 3 survivors (3072K)
 Metaspace       used 148908K, committed 150016K, reserved 1179648K
  class space    used 19576K, committed 20096K, reserved 1048576K
}
Event: 63.154 GC heap after
{Heap after GC invocations=78 (full 0):
 garbage-first heap   total 343040K, used 305861K [0x00000000a0000000, 0x0000000100000000)
  region size 1024K, 2 young (2048K), 2 survivors (2048K)
 Metaspace       used 148908K, committed 150016K, reserved 1179648K
  class space    used 19576K, committed 20096K, reserved 1048576K
}
Event: 63.189 GC heap before
{Heap before GC invocations=78 (full 0):
 garbage-first heap   total 343040K, used 320197K [0x00000000a0000000, 0x0000000100000000)
  region size 1024K, 16 young (16384K), 2 survivors (2048K)
 Metaspace       used 148908K, committed 150016K, reserved 1179648K
  class space    used 19576K, committed 20096K, reserved 1048576K
}
Event: 63.198 GC heap after
{Heap after GC invocations=79 (full 0):
 garbage-first heap   total 343040K, used 320880K [0x00000000a0000000, 0x0000000100000000)
  region size 1024K, 2 young (2048K), 2 survivors (2048K)
 Metaspace       used 148908K, committed 150016K, reserved 1179648K
  class space    used 19576K, committed 20096K, reserved 1048576K
}

Dll operation events (3 events):
Event: 0.005 Loaded shared library C:\Program Files\Android\Android Studio2\jbr\bin\java.dll
Event: 0.094 Loaded shared library C:\Program Files\Android\Android Studio2\jbr\bin\zip.dll
Event: 0.301 Loaded shared library C:\Program Files\Android\Android Studio2\jbr\bin\verify.dll

Deoptimization events (20 events):
Event: 63.282 Thread 0x000001df37ca4e60 DEOPT PACKING pc=0x000001df171bbc4f sp=0x00000064347fc4f0
Event: 63.282 Thread 0x000001df37ca4e60 DEOPT UNPACKING pc=0x000001df1d637143 sp=0x00000064347fb9d8 mode 0
Event: 63.283 Thread 0x000001df37ca4e60 DEOPT PACKING pc=0x000001df171bbc4f sp=0x00000064347fc4f0
Event: 63.283 Thread 0x000001df37ca4e60 DEOPT UNPACKING pc=0x000001df1d637143 sp=0x00000064347fb9d8 mode 0
Event: 63.289 Thread 0x000001df37ca4e60 DEOPT PACKING pc=0x000001df171bbc4f sp=0x00000064347fc4f0
Event: 63.289 Thread 0x000001df37ca4e60 DEOPT UNPACKING pc=0x000001df1d637143 sp=0x00000064347fb9d8 mode 0
Event: 63.291 Thread 0x000001df37ca4e60 DEOPT PACKING pc=0x000001df171bbc4f sp=0x00000064347fc4f0
Event: 63.291 Thread 0x000001df37ca4e60 DEOPT UNPACKING pc=0x000001df1d637143 sp=0x00000064347fb9d8 mode 0
Event: 63.292 Thread 0x000001df37ca4e60 DEOPT PACKING pc=0x000001df171bbc4f sp=0x00000064347fc4f0
Event: 63.292 Thread 0x000001df37ca4e60 DEOPT UNPACKING pc=0x000001df1d637143 sp=0x00000064347fb9d8 mode 0
Event: 63.294 Thread 0x000001df37ca4e60 DEOPT PACKING pc=0x000001df171bbc4f sp=0x00000064347fc4f0
Event: 63.294 Thread 0x000001df37ca4e60 DEOPT UNPACKING pc=0x000001df1d637143 sp=0x00000064347fb9d8 mode 0
Event: 63.296 Thread 0x000001df37ca4e60 DEOPT PACKING pc=0x000001df171bbc4f sp=0x00000064347fc4f0
Event: 63.296 Thread 0x000001df37ca4e60 DEOPT UNPACKING pc=0x000001df1d637143 sp=0x00000064347fb9d8 mode 0
Event: 63.297 Thread 0x000001df37ca4e60 DEOPT PACKING pc=0x000001df171bbc4f sp=0x00000064347fc4f0
Event: 63.297 Thread 0x000001df37ca4e60 DEOPT UNPACKING pc=0x000001df1d637143 sp=0x00000064347fb9d8 mode 0
Event: 63.297 Thread 0x000001df37ca4e60 DEOPT PACKING pc=0x000001df171bbc4f sp=0x00000064347fc4f0
Event: 63.297 Thread 0x000001df37ca4e60 DEOPT UNPACKING pc=0x000001df1d637143 sp=0x00000064347fb9d8 mode 0
Event: 63.298 Thread 0x000001df37ca4e60 DEOPT PACKING pc=0x000001df171bbc4f sp=0x00000064347fc4f0
Event: 63.298 Thread 0x000001df37ca4e60 DEOPT UNPACKING pc=0x000001df1d637143 sp=0x00000064347fb9d8 mode 0

Classes unloaded (5 events):
Event: 53.249 Thread 0x000001df2c995630 Unloading class 0x0000000101015000 'jdk/internal/reflect/GeneratedSerializationConstructorAccessor142'
Event: 53.249 Thread 0x000001df2c995630 Unloading class 0x0000000101014c00 'jdk/internal/reflect/GeneratedSerializationConstructorAccessor141'
Event: 53.249 Thread 0x000001df2c995630 Unloading class 0x0000000101014800 'jdk/internal/reflect/GeneratedSerializationConstructorAccessor140'
Event: 53.249 Thread 0x000001df2c995630 Unloading class 0x0000000100f3c800 'java/lang/invoke/LambdaForm$DMH+0x0000000100f3c800'
Event: 53.249 Thread 0x000001df2c995630 Unloading class 0x0000000100f3c400 'java/lang/invoke/LambdaForm$DMH+0x0000000100f3c400'

Classes redefined (0 events):
No events

Internal exceptions (20 events):
Event: 62.817 Thread 0x000001df37ca4e60 Exception <a 'sun/nio/fs/WindowsException'{0x00000000b3f888c8}> (0x00000000b3f888c8) 
thrown [s\src\hotspot\share\prims\jni.cpp, line 517]
Event: 62.822 Thread 0x000001df37ca4e60 Exception <a 'sun/nio/fs/WindowsException'{0x00000000b3fb8340}> (0x00000000b3fb8340) 
thrown [s\src\hotspot\share\prims\jni.cpp, line 517]
Event: 62.823 Thread 0x000001df37ca4e60 Exception <a 'sun/nio/fs/WindowsException'{0x00000000b3fb8e50}> (0x00000000b3fb8e50) 
thrown [s\src\hotspot\share\prims\jni.cpp, line 517]
Event: 62.826 Thread 0x000001df37ca4e60 Exception <a 'sun/nio/fs/WindowsException'{0x00000000b3fe5f20}> (0x00000000b3fe5f20) 
thrown [s\src\hotspot\share\prims\jni.cpp, line 517]
Event: 62.827 Thread 0x000001df37ca4e60 Exception <a 'sun/nio/fs/WindowsException'{0x00000000b3fe6a30}> (0x00000000b3fe6a30) 
thrown [s\src\hotspot\share\prims\jni.cpp, line 517]
Event: 62.831 Thread 0x000001df37ca4e60 Exception <a 'sun/nio/fs/WindowsException'{0x00000000b3e186d0}> (0x00000000b3e186d0) 
thrown [s\src\hotspot\share\prims\jni.cpp, line 517]
Event: 62.831 Thread 0x000001df37ca4e60 Exception <a 'sun/nio/fs/WindowsException'{0x00000000b3e191e8}> (0x00000000b3e191e8) 
thrown [s\src\hotspot\share\prims\jni.cpp, line 517]
Event: 62.835 Thread 0x000001df37ca4e60 Exception <a 'sun/nio/fs/WindowsException'{0x00000000b3e46508}> (0x00000000b3e46508) 
thrown [s\src\hotspot\share\prims\jni.cpp, line 517]
Event: 62.835 Thread 0x000001df37ca4e60 Exception <a 'sun/nio/fs/WindowsException'{0x00000000b3e47018}> (0x00000000b3e47018) 
thrown [s\src\hotspot\share\prims\jni.cpp, line 517]
Event: 62.839 Thread 0x000001df37ca4e60 Exception <a 'sun/nio/fs/WindowsException'{0x00000000b3e76880}> (0x00000000b3e76880) 
thrown [s\src\hotspot\share\prims\jni.cpp, line 517]
Event: 62.839 Thread 0x000001df37ca4e60 Exception <a 'sun/nio/fs/WindowsException'{0x00000000b3e77390}> (0x00000000b3e77390) 
thrown [s\src\hotspot\share\prims\jni.cpp, line 517]
Event: 62.843 Thread 0x000001df37ca4e60 Exception <a 'sun/nio/fs/WindowsException'{0x00000000b3ea7518}> (0x00000000b3ea7518) 
thrown [s\src\hotspot\share\prims\jni.cpp, line 517]
Event: 62.844 Thread 0x000001df37ca4e60 Exception <a 'sun/nio/fs/WindowsException'{0x00000000b3ea8028}> (0x00000000b3ea8028) 
thrown [s\src\hotspot\share\prims\jni.cpp, line 517]
Event: 62.847 Thread 0x000001df37ca4e60 Exception <a 'sun/nio/fs/WindowsException'{0x00000000b3ed7698}> (0x00000000b3ed7698) 
thrown [s\src\hotspot\share\prims\jni.cpp, line 517]
Event: 62.847 Thread 0x000001df37ca4e60 Exception <a 'sun/nio/fs/WindowsException'{0x00000000b3ed81a8}> (0x00000000b3ed81a8) 
thrown [s\src\hotspot\share\prims\jni.cpp, line 517]
Event: 62.850 Thread 0x000001df37ca4e60 Exception <a 'sun/nio/fs/WindowsException'{0x00000000b3d07f50}> (0x00000000b3d07f50) 
thrown [s\src\hotspot\share\prims\jni.cpp, line 517]
Event: 62.851 Thread 0x000001df37ca4e60 Exception <a 'sun/nio/fs/WindowsException'{0x00000000b3d08a58}> (0x00000000b3d08a58) 
thrown [s\src\hotspot\share\prims\jni.cpp, line 517]
Event: 62.862 Thread 0x000001df37ca4e60 Implicit null exception at 0x000001df1eb44d98 to 0x000001df1eb4744c
Event: 63.092 Thread 0x000001df37ca4e60 Implicit null exception at 0x000001df1e740bd5 to 0x000001df1e741004
Event: 63.094 Thread 0x000001df37ca4e60 Implicit null exception at 0x000001df1e98ae22 to 0x000001df1e98b238

VM Operations (20 events):
Event: 62.024 Executing VM operation: G1CollectForAllocation done
Event: 62.061 Executing VM operation: HandshakeAllThreads
Event: 62.061 Executing VM operation: HandshakeAllThreads done
Event: 62.061 Executing VM operation: HandshakeAllThreads
Event: 62.062 Executing VM operation: HandshakeAllThreads done
Event: 62.302 Executing VM operation: ICBufferFull
Event: 62.302 Executing VM operation: ICBufferFull done
Event: 62.387 Executing VM operation: G1CollectForAllocation
Event: 62.392 Executing VM operation: G1CollectForAllocation done
Event: 62.641 Executing VM operation: G1CollectForAllocation
Event: 62.649 Executing VM operation: G1CollectForAllocation done
Event: 62.979 Executing VM operation: G1CollectForAllocation
Event: 62.986 Executing VM operation: G1CollectForAllocation done
Event: 63.096 Executing VM operation: G1CollectForAllocation
Event: 63.104 Executing VM operation: G1CollectForAllocation done
Event: 63.144 Executing VM operation: G1CollectForAllocation
Event: 63.156 Executing VM operation: G1CollectForAllocation done
Event: 63.189 Executing VM operation: G1CollectForAllocation
Event: 63.202 Executing VM operation: G1CollectForAllocation done
Event: 63.298 Executing VM operation: G1PauseRemark

Events (20 events):
Event: 62.093 Thread 0x000001df2c9ebc10 flushing nmethod 0x000001df1835d510
Event: 62.093 Thread 0x000001df2c9ebc10 flushing nmethod 0x000001df18368910
Event: 62.093 Thread 0x000001df2c9ebc10 flushing nmethod 0x000001df1836f790
Event: 62.093 Thread 0x000001df2c9ebc10 flushing nmethod 0x000001df18371110
Event: 62.093 Thread 0x000001df2c9ebc10 flushing nmethod 0x000001df18373690
Event: 62.093 Thread 0x000001df2c9ebc10 flushing nmethod 0x000001df18376090
Event: 62.093 Thread 0x000001df2c9ebc10 flushing nmethod 0x000001df1838b390
Event: 62.093 Thread 0x000001df2c9ebc10 flushing nmethod 0x000001df1838f210
Event: 62.093 Thread 0x000001df2c9ebc10 flushing nmethod 0x000001df18390210
Event: 62.093 Thread 0x000001df2c9ebc10 flushing nmethod 0x000001df18391c90
Event: 62.093 Thread 0x000001df2c9ebc10 flushing nmethod 0x000001df18392210
Event: 62.093 Thread 0x000001df2c9ebc10 flushing nmethod 0x000001df1839dc10
Event: 62.093 Thread 0x000001df2c9ebc10 flushing nmethod 0x000001df1839f990
Event: 62.110 loading class java/util/AbstractList$RandomAccessSpliterator
Event: 62.110 loading class java/util/AbstractList$RandomAccessSpliterator done
Event: 62.308 Thread 0x000001df3e6a3540 Thread added: 0x000001df3e6a3540
Event: 62.323 Thread 0x000001df3550d520 Thread added: 0x000001df3550d520
Event: 62.323 Thread 0x000001df3550da70 Thread added: 0x000001df3550da70
Event: 62.329 Thread 0x000001df420e77f0 Thread added: 0x000001df420e77f0
Event: 62.437 Thread 0x000001df3d3e8b80 Thread added: 0x000001df3d3e8b80


Dynamic libraries:
0x00007ff7fea30000 - 0x00007ff7fea3a000 	C:\Program Files\Android\Android Studio2\jbr\bin\java.exe
0x00007fffc4c90000 - 0x00007fffc4ea7000 	C:\WINDOWS\SYSTEM32\ntdll.dll
0x00007fffc3220000 - 0x00007fffc32e4000 	C:\WINDOWS\System32\KERNEL32.DLL
0x00007fffc2130000 - 0x00007fffc24e7000 	C:\WINDOWS\System32\KERNELBASE.dll
0x00007fffc24f0000 - 0x00007fffc2601000 	C:\WINDOWS\System32\ucrtbase.dll
0x00007fffb1d20000 - 0x00007fffb1d37000 	C:\Program Files\Android\Android Studio2\jbr\bin\jli.dll
0x00007fffb0350000 - 0x00007fffb036b000 	C:\Program Files\Android\Android Studio2\jbr\bin\VCRUNTIME140.dll
0x00007fffc29c0000 - 0x00007fffc2b6f000 	C:\WINDOWS\System32\USER32.dll
0x00007fffaa340000 - 0x00007fffaa5d3000 	C:\WINDOWS\WinSxS\amd64_microsoft.windows.common-controls_6595b64144ccf1df_6.0.22621.3672_none_2713b9d173822955\COMCTL32.dll
0x00007fffc2920000 - 0x00007fffc2946000 	C:\WINDOWS\System32\win32u.dll
0x00007fffc2b70000 - 0x00007fffc2c17000 	C:\WINDOWS\System32\msvcrt.dll
0x00007fffc4140000 - 0x00007fffc4169000 	C:\WINDOWS\System32\GDI32.dll
0x00007fffc2780000 - 0x00007fffc2898000 	C:\WINDOWS\System32\gdi32full.dll
0x00007fffc1fa0000 - 0x00007fffc203a000 	C:\WINDOWS\System32\msvcp_win.dll
0x00007fffc4100000 - 0x00007fffc4131000 	C:\WINDOWS\System32\IMM32.DLL
0x00007fffb1d10000 - 0x00007fffb1d1c000 	C:\Program Files\Android\Android Studio2\jbr\bin\vcruntime140_1.dll
0x00007fffa8540000 - 0x00007fffa85cd000 	C:\Program Files\Android\Android Studio2\jbr\bin\msvcp140.dll
0x00007fff5cfa0000 - 0x00007fff5dc23000 	C:\Program Files\Android\Android Studio2\jbr\bin\server\jvm.dll
0x00007fffc3f80000 - 0x00007fffc4032000 	C:\WINDOWS\System32\ADVAPI32.dll
0x00007fffc4450000 - 0x00007fffc44f8000 	C:\WINDOWS\System32\sechost.dll
0x00007fffc2040000 - 0x00007fffc2068000 	C:\WINDOWS\System32\bcrypt.dll
0x00007fffc2c80000 - 0x00007fffc2d94000 	C:\WINDOWS\System32\RPCRT4.dll
0x00007fffb7df0000 - 0x00007fffb7df9000 	C:\WINDOWS\SYSTEM32\WSOCK32.dll
0x00007fffc0e10000 - 0x00007fffc0e5d000 	C:\WINDOWS\SYSTEM32\POWRPROF.dll
0x00007fffb85d0000 - 0x00007fffb85da000 	C:\WINDOWS\SYSTEM32\VERSION.dll
0x00007fffc3300000 - 0x00007fffc3371000 	C:\WINDOWS\System32\WS2_32.dll
0x00007fffbbc60000 - 0x00007fffbbc94000 	C:\WINDOWS\SYSTEM32\WINMM.dll
0x00007fffc0df0000 - 0x00007fffc0e03000 	C:\WINDOWS\SYSTEM32\UMPDC.dll
0x00007fffc1040000 - 0x00007fffc1058000 	C:\WINDOWS\SYSTEM32\kernel.appcore.dll
0x00007fffbed70000 - 0x00007fffbed7a000 	C:\Program Files\Android\Android Studio2\jbr\bin\jimage.dll
0x00007fffbf7c0000 - 0x00007fffbf9f2000 	C:\WINDOWS\SYSTEM32\DBGHELP.DLL
0x00007fffc3bf0000 - 0x00007fffc3f7e000 	C:\WINDOWS\System32\combase.dll
0x00007fffc41a0000 - 0x00007fffc4277000 	C:\WINDOWS\System32\OLEAUT32.dll
0x00007fffb6610000 - 0x00007fffb6642000 	C:\WINDOWS\SYSTEM32\dbgcore.DLL
0x00007fffc28a0000 - 0x00007fffc291b000 	C:\WINDOWS\System32\bcryptPrimitives.dll
0x00007fffb3190000 - 0x00007fffb319e000 	C:\Program Files\Android\Android Studio2\jbr\bin\instrument.dll
0x00007fffb1ed0000 - 0x00007fffb1ef5000 	C:\Program Files\Android\Android Studio2\jbr\bin\java.dll
0x00007fffbc850000 - 0x00007fffbc868000 	C:\Program Files\Android\Android Studio2\jbr\bin\zip.dll
0x00007fffc3380000 - 0x00007fffc3be9000 	C:\WINDOWS\System32\SHELL32.dll
0x00007fffbfed0000 - 0x00007fffc07cf000 	C:\WINDOWS\SYSTEM32\windows.storage.dll
0x00007fffbfd90000 - 0x00007fffbfecf000 	C:\WINDOWS\SYSTEM32\wintypes.dll
0x00007fffc46b0000 - 0x00007fffc47a9000 	C:\WINDOWS\System32\SHCORE.dll
0x00007fffc40a0000 - 0x00007fffc40fe000 	C:\WINDOWS\System32\shlwapi.dll
0x00007fffc1ed0000 - 0x00007fffc1ef7000 	C:\WINDOWS\SYSTEM32\profapi.dll
0x00007fffb9e30000 - 0x00007fffb9e49000 	C:\Program Files\Android\Android Studio2\jbr\bin\net.dll
0x00007fffbd8e0000 - 0x00007fffbda16000 	C:\WINDOWS\SYSTEM32\WINHTTP.dll
0x00007fffc1500000 - 0x00007fffc1569000 	C:\WINDOWS\system32\mswsock.dll
0x00007fffb5a50000 - 0x00007fffb5a66000 	C:\Program Files\Android\Android Studio2\jbr\bin\nio.dll
0x00007fffb31a0000 - 0x00007fffb31b0000 	C:\Program Files\Android\Android Studio2\jbr\bin\verify.dll
0x00007fff90200000 - 0x00007fff90227000 	C:\Users\Hashem Arenat\.gradle\native\c067742578af261105cb4f569cf0c3c89f3d7b1fecec35dd04571415982c5e48\windows-amd64\native-platform.dll
0x00007fff64e90000 - 0x00007fff64fd4000 	C:\Users\Hashem Arenat\.gradle\native\38dada09dfb8b06ba9b0570ebf7e218e3eb74d4ef43ca46872605cf95ebc2f47\windows-amd64\native-platform-file-events.dll
0x00007fffbc5b0000 - 0x00007fffbc5b9000 	C:\Program Files\Android\Android Studio2\jbr\bin\management.dll
0x00007fffbb8f0000 - 0x00007fffbb8fb000 	C:\Program Files\Android\Android Studio2\jbr\bin\management_ext.dll
0x00007fffc32f0000 - 0x00007fffc32f8000 	C:\WINDOWS\System32\PSAPI.DLL
0x00007fffc1850000 - 0x00007fffc186b000 	C:\WINDOWS\SYSTEM32\CRYPTSP.dll
0x00007fffc1000000 - 0x00007fffc1035000 	C:\WINDOWS\system32\rsaenh.dll
0x00007fffc15a0000 - 0x00007fffc15c8000 	C:\WINDOWS\SYSTEM32\USERENV.dll
0x00007fffc1830000 - 0x00007fffc183c000 	C:\WINDOWS\SYSTEM32\CRYPTBASE.dll
0x00007fffc0aa0000 - 0x00007fffc0acd000 	C:\WINDOWS\SYSTEM32\IPHLPAPI.DLL
0x00007fffc4170000 - 0x00007fffc4179000 	C:\WINDOWS\System32\NSI.dll
0x00007fffbc470000 - 0x00007fffbc489000 	C:\WINDOWS\SYSTEM32\dhcpcsvc6.DLL
0x00007fffbc450000 - 0x00007fffbc46f000 	C:\WINDOWS\SYSTEM32\dhcpcsvc.DLL
0x00007fffc0b10000 - 0x00007fffc0c12000 	C:\WINDOWS\SYSTEM32\DNSAPI.dll
0x00007fffbce60000 - 0x00007fffbce69000 	C:\Program Files\Android\Android Studio2\jbr\bin\extnet.dll
0x00007fffb5910000 - 0x00007fffb5918000 	C:\WINDOWS\system32\wshunix.dll
0x00007fffa7b30000 - 0x00007fffa7b47000 	C:\WINDOWS\system32\napinsp.dll
0x00007fffa8bb0000 - 0x00007fffa8bcb000 	C:\WINDOWS\system32\pnrpnsp.dll
0x00007fffa2cf0000 - 0x00007fffa2d01000 	C:\WINDOWS\System32\winrnr.dll
0x00007fffba040000 - 0x00007fffba055000 	C:\WINDOWS\system32\wshbth.dll
0x00007fffbbfc0000 - 0x00007fffbbfe7000 	C:\WINDOWS\system32\nlansp_c.dll
0x00007fffbbb20000 - 0x00007fffbbb2a000 	C:\Windows\System32\rasadhlp.dll
0x00007fffbbbd0000 - 0x00007fffbbc53000 	C:\WINDOWS\System32\fwpuclnt.dll
0x00007fff7dce0000 - 0x00007fff7dcfe000 	C:\Users\Hashem Arenat\AppData\Local\Temp\native-platform13870521503884834446dir\native-platform.dll
0x00007fff9c0c0000 - 0x00007fff9c0c7000 	C:\Program Files\Android\Android Studio2\jbr\bin\rmi.dll

dbghelp: loaded successfully - version: 4.0.5 - missing functions: none
symbol engine: initialized successfully - sym options: 0x614 - pdb path: .;C:\Program Files\Android\Android Studio2\jbr\bin;C:\WINDOWS\SYSTEM32;C:\WINDOWS\WinSxS\amd64_microsoft.windows.common-controls_6595b64144ccf1df_6.0.22621.3672_none_2713b9d173822955;C:\Program Files\Android\Android Studio2\jbr\bin\server;C:\Users\Hashem Arenat\.gradle\native\c067742578af261105cb4f569cf0c3c89f3d7b1fecec35dd04571415982c5e48\windows-amd64;C:\Users\Hashem Arenat\.gradle\native\38dada09dfb8b06ba9b0570ebf7e218e3eb74d4ef43ca46872605cf95ebc2f47\windows-amd64;C:\Users\Hashem Arenat\AppData\Local\Temp\native-platform13870521503884834446dir

VM Arguments:
jvm_args: --add-opens=java.base/java.util=ALL-UNNAMED --add-opens=java.base/java.lang=ALL-UNNAMED --add-opens=java.base/java.lang.invoke=ALL-UNNAMED --add-opens=java.prefs/java.util.prefs=ALL-UNNAMED --add-opens=java.base/java.nio.charset=ALL-UNNAMED --add-opens=java.base/java.net=ALL-UNNAMED --add-opens=java.base/java.util.concurrent.atomic=ALL-UNNAMED -Xmx1536M -Dfile.encoding=UTF-8 -Duser.country=US -Duser.language=en -Duser.variant -javaagent:C:\Users\Hashem Arenat\.gradle\wrapper\dists\gradle-8.7-bin\bhs2wmbdwecv87pi65oeuq5iu\gradle-8.7\lib\agents\gradle-instrumentation-agent-8.7.jar 
java_command: org.gradle.launcher.daemon.bootstrap.GradleDaemon 8.7
java_class_path (initial): C:\Users\Hashem Arenat\.gradle\wrapper\dists\gradle-8.7-bin\bhs2wmbdwecv87pi65oeuq5iu\gradle-8.7\lib\gradle-launcher-8.7.jar
Launcher Type: SUN_STANDARD

[Global flags]
     intx CICompilerCount                          = 12                                        {product} {ergonomic}
     uint ConcGCThreads                            = 4                                         {product} {ergonomic}
     uint G1ConcRefinementThreads                  = 15                                        {product} {ergonomic}
   size_t G1HeapRegionSize                         = 1048576                                   {product} {ergonomic}
    uintx GCDrainStackTargetSize                   = 64                                        {product} {ergonomic}
   size_t InitialHeapSize                          = 264241152                                 {product} {ergonomic}
   size_t MarkStackSize                            = 4194304                                   {product} {ergonomic}
   size_t MaxHeapSize                              = 1610612736                                {product} {command line}
   size_t MaxNewSize                               = 965738496                                 {product} {ergonomic}
   size_t MinHeapDeltaBytes                        = 1048576                                   {product} {ergonomic}
   size_t MinHeapSize                              = 8388608                                   {product} {ergonomic}
    uintx NonNMethodCodeHeapSize                   = 7602480                                {pd product} {ergonomic}
    uintx NonProfiledCodeHeapSize                  = 122027880                              {pd product} {ergonomic}
    uintx ProfiledCodeHeapSize                     = 122027880                              {pd product} {ergonomic}
    uintx ReservedCodeCacheSize                    = 251658240                              {pd product} {ergonomic}
     bool SegmentedCodeCache                       = true                                      {product} {ergonomic}
   size_t SoftMaxHeapSize                          = 1610612736                             {manageable} {ergonomic}
     bool UseCompressedClassPointers               = true                           {product lp64_product} {ergonomic}
     bool UseCompressedOops                        = true                           {product lp64_product} {ergonomic}
     bool UseG1GC                                  = true                                      {product} {ergonomic}
     bool UseLargePagesIndividualAllocation        = false                                  {pd product} {ergonomic}

Logging:
Log output configuration:
 #0: stdout all=warning uptime,level,tags
 #1: stderr all=off uptime,level,tags

Environment Variables:
JAVA_HOME=C:\Program Files\Java\jdk-21
PATH=D:\DevSuiteHome_1\jdk\jre\bin\classic;D:\DevSuiteHome_1\jdk\jre\bin;D:\DevSuiteHome_1\jdk\jre\bin\client;D:\DevSuiteHome_1\jlib;D:\DevSuiteHome_1\bin;D:\DevSuiteHome_1\jre\1.4.2\bin\client;D:\DevSuiteHome_1\jre\1.4.2\bin;C:\Program Files\Common Files\Oracle\Java\javapath;C:\WINDOWS\system32;C:\WINDOWS;C:\WINDOWS\System32\Wbem;C:\WINDOWS\System32\WindowsPowerShell\v1.0\;C:\WINDOWS\System32\OpenSSH\;C:\MinGW\bin;C:\Program Files\Java\jdk-21\bin;C:\Program Files\nodejs;C:\Program Files\nodejs\node_modules\npm\bin;C:\Program Files\Git\cmd;C:\Program Files\dotnet\;C:\Users\Hashem Arenat\AppData\Local\Microsoft\WindowsApps;C:\AppServ\Apache24\bin;C:\AppServ\php7;C:\AppServ\MySQL\bin;C:\Program Files\Java\jdk-21\bin;C:\scrcpy-win64-v2.2;C:\dart-sdk\bin;C:\Users\Hashem Arenat\AppData\Local\Programs\Microsoft VS Code\bin;C:\flutter\bin;C:\Users\Hashem Arenat\Desktop\cmder\bin;C:\Users\Hashem Arenat\AppData\Roaming\npm;;C:\Program Files\JetBrains\IntelliJ IDEA Community Edition 2024.1.2\bin;;C:\Program Files\JetBrains\IntelliJ IDEA 2024.1.2\bin;
USERNAME=Hashem 1
OS=Windows_NT
PROCESSOR_IDENTIFIER=Intel64 Family 6 Model 154 Stepping 3, GenuineIntel
TMP=C:\Users\HASHEM~1\AppData\Local\Temp
TEMP=C:\Users\HASHEM~1\AppData\Local\Temp



Periodic native trim disabled

JNI global refs:
JNI global refs: 37, weak refs: 9

JNI global refs memory usage: 843, weak refs: 841

OOME stack traces (most recent first):
Classloader memory used:
Loader org.gradle.internal.classloader.VisitableURLClassLoader                         : 5328K
Loader org.gradle.internal.classloader.VisitableURLClassLoader$InstrumentingVisitableURLClassLoader: 4451K
Loader bootstrap                                                                       : 3405K
Loader java.net.URLClassLoader                                                         : 2698K
Loader org.gradle.initialization.MixInLegacyTypesClassLoader                           : 1421K
Loader jdk.internal.loader.ClassLoaders$AppClassLoader                                 : 1028K
Loader jdk.internal.reflect.DelegatingClassLoader                                      : 127K
Loader jdk.internal.loader.ClassLoaders$PlatformClassLoader                            : 105K
Loader org.codehaus.groovy.runtime.callsite.CallSiteClassLoader                        : 32119B
Loader org.gradle.internal.classloader.VisitableURLClassLoader                         : 14717B
Loader sun.reflect.misc.MethodUtil                                                     : 373B

Classes loaded by more than one classloader:
Class Program                                                                         : loaded 5 times (x 70B)
Class com.google.common.collect.ImmutableMapEntry$NonTerminalImmutableMapEntry        : loaded 3 times (x 83B)
Class kotlin.collections.EmptyMap                                                     : loaded 3 times (x 107B)
Class kotlin.comparisons.ComparisonsKt__ComparisonsKt                                 : loaded 3 times (x 69B)
Class com.google.common.collect.ImmutableSet$CachingAsList                            : loaded 3 times (x 146B)
Class com.google.common.collect.Multiset                                              : loaded 3 times (x 68B)
Class com.google.common.collect.RegularImmutableList                                  : loaded 3 times (x 173B)
Class com.google.common.collect.Iterators$MergingIterator                             : loaded 3 times (x 79B)
Class kotlin.ranges.IntRange$Companion                                                : loaded 3 times (x 69B)
Class kotlin.collections.AbstractList                                                 : loaded 3 times (x 157B)
Class kotlin.collections.AbstractCollection                                           : loaded 3 times (x 115B)
Class kotlin.collections.ArraysKt__ArraysJVMKt                                        : loaded 3 times (x 69B)
Class kotlin.collections.SetsKt__SetsKt                                               : loaded 3 times (x 69B)
Class kotlin.ranges.IntRange                                                          : loaded 3 times (x 91B)
Class com.google.common.base.CharMatcher$IsEither                                     : loaded 3 times (x 109B)
Class com.google.common.base.CharMatcher$AnyOf                                        : loaded 3 times (x 110B)
Class com.google.common.base.Equivalence$Identity                                     : loaded 3 times (x 80B)
Class kotlin.collections.AbstractIterator                                             : loaded 3 times (x 81B)
Class kotlin.SynchronizedLazyImpl                                                     : loaded 3 times (x 74B)
Class com.google.common.collect.ImmutableAsList                                       : loaded 3 times (x 169B)
Class com.google.common.collect.Platform                                              : loaded 3 times (x 69B)
Class kotlin.collections.AbstractList$Companion                                       : loaded 3 times (x 69B)
Class kotlin.Pair                                                                     : loaded 3 times (x 70B)
Class kotlin.collections.CollectionsKt__IterablesKt                                   : loaded 3 times (x 69B)
Class kotlin.text.StringsKt___StringsKt                                               : loaded 3 times (x 69B)
Class com.google.common.collect.Sets$4                                                : loaded 3 times (x 137B)
Class [Lcom.google.common.collect.AbstractMapEntry;                                   : loaded 3 times (x 67B)
Class com.google.common.collect.Sets$3                                                : loaded 3 times (x 137B)
Class com.google.common.collect.SingletonImmutableList                                : loaded 3 times (x 167B)
Class com.google.common.collect.Sets$2                                                : loaded 3 times (x 137B)
Class com.google.common.collect.Sets$1                                                : loaded 3 times (x 137B)
Class com.google.common.collect.MapDifference                                         : loaded 3 times (x 68B)
Class com.google.common.base.CharMatcher$FastMatcher                                  : loaded 3 times (x 109B)
Class kotlin.io.TerminateException                                                    : loaded 3 times (x 80B)
Class kotlin.LazyKt__LazyKt                                                           : loaded 3 times (x 69B)
Class com.google.common.base.Joiner$2                                                 : loaded 3 times (x 77B)
Class com.google.common.base.Joiner$1                                                 : loaded 3 times (x 78B)
Class kotlin.internal.ProgressionUtilKt                                               : loaded 3 times (x 69B)
Class com.google.common.collect.ImmutableMapEntry                                     : loaded 3 times (x 83B)
Class kotlin.sequences.Sequence                                                       : loaded 3 times (x 68B)
Class org.apache.commons.io.output.NullOutputStream                                   : loaded 3 times (x 83B)
Class com.google.common.base.CharMatcher$NamedFastMatcher                             : loaded 3 times (x 110B)
Class kotlin.io.FileWalkDirection                                                     : loaded 3 times (x 77B)
Class kotlin.collections.MapsKt___MapsKt                                              : loaded 3 times (x 69B)
Class com.google.common.collect.ImmutableEnumSet                                      : loaded 3 times (x 144B)
Class com.google.common.collect.ListMultimap                                          : loaded 3 times (x 68B)
Class kotlin.text.CharsKt__CharKt                                                     : loaded 3 times (x 69B)
Class kotlin.collections.ArraysKt                                                     : loaded 3 times (x 69B)
Class kotlin.io.FileTreeWalk$WalkState                                                : loaded 3 times (x 71B)
Class kotlin.collections.MapsKt__MapsKt                                               : loaded 3 times (x 69B)
Class kotlin.sequences.SequencesKt___SequencesJvmKt                                   : loaded 3 times (x 69B)
Class com.google.common.collect.ImmutableSet                                          : loaded 3 times (x 143B)
Class com.google.common.collect.ImmutableBiMap                                        : loaded 3 times (x 141B)
Class com.google.common.collect.AbstractMultimap                                      : loaded 3 times (x 121B)
Class com.google.common.base.Objects                                                  : loaded 3 times (x 69B)
Class kotlin.io.FilesKt__FileTreeWalkKt                                               : loaded 3 times (x 69B)
Class com.google.common.base.Supplier                                                 : loaded 3 times (x 68B)
Class kotlin.io.FilesKt__FilePathComponentsKt                                         : loaded 3 times (x 69B)
Class kotlin.collections.ArraysUtilJVM                                                : loaded 3 times (x 69B)
Class kotlin.enums.EnumEntries                                                        : loaded 3 times (x 68B)
Class kotlin.text.StringsKt__RegexExtensionsJVMKt                                     : loaded 3 times (x 69B)
Class com.google.common.collect.SortedMapDifference                                   : loaded 3 times (x 68B)
Class org.apache.commons.io.output.StringBuilderWriter                                : loaded 3 times (x 98B)
Class com.google.common.collect.ImmutableMap$MapViewOfValuesAsSingletonSets           : loaded 3 times (x 124B)
Class com.google.common.base.CharMatcher$ForPredicate                                 : loaded 3 times (x 110B)
Class com.google.common.collect.ImmutableSet$Builder                                  : loaded 3 times (x 83B)
Class com.google.common.collect.ImmutableBiMap$Builder                                : loaded 3 times (x 80B)
Class kotlin.ranges.RangesKt                                                          : loaded 3 times (x 69B)
Class kotlin.io.FilesKt__UtilsKt                                                      : loaded 3 times (x 69B)
Class com.google.common.collect.Sets                                                  : loaded 3 times (x 69B)
Class kotlin.collections.State                                                        : loaded 3 times (x 77B)
Class com.google.common.collect.Lists$StringAsImmutableList                           : loaded 3 times (x 167B)
Class com.google.common.collect.ImmutableEntry                                        : loaded 3 times (x 80B)
Class kotlin.enums.EnumEntriesKt                                                      : loaded 3 times (x 69B)
Class [Lkotlin.Pair;                                                                  : loaded 3 times (x 67B)
Class com.google.common.base.CharMatcher$Negated                                      : loaded 3 times (x 111B)
Class com.google.common.collect.ImmutableList$Builder                                 : loaded 3 times (x 75B)
Class com.google.common.collect.AbstractMapEntry                                      : loaded 3 times (x 79B)
Class com.google.common.base.NullnessCasts                                            : loaded 3 times (x 69B)
Class com.google.common.collect.AbstractIterator                                      : loaded 3 times (x 80B)
Class com.google.common.math.IntMath                                                  : loaded 3 times (x 69B)
Class kotlin.text.StringsKt__AppendableKt                                             : loaded 3 times (x 69B)
Class kotlin.collections.MapsKt                                                       : loaded 3 times (x 69B)
Class com.google.common.base.CharMatcher$NegatedFastMatcher                           : loaded 3 times (x 111B)
Class kotlin.collections.EmptySet                                                     : loaded 3 times (x 120B)
Class kotlin.collections.MapsKt__MapWithDefaultKt                                     : loaded 3 times (x 69B)
Class kotlin.LazyKt__LazyJVMKt                                                        : loaded 3 times (x 69B)
Class kotlin.text.StringsKt__IndentKt                                                 : loaded 3 times (x 69B)
Class com.google.common.base.CharMatcher                                              : loaded 3 times (x 109B)
Class com.google.common.base.Suppliers                                                : loaded 3 times (x 69B)
Class com.google.common.base.CommonPattern                                            : loaded 3 times (x 72B)
Class org.apache.commons.io.file.PathFilter                                           : loaded 3 times (x 68B)
Class [Lkotlin.collections.State;                                                     : loaded 3 times (x 67B)
Class kotlin.text.CharsKt__CharJVMKt                                                  : loaded 3 times (x 69B)
Class com.google.common.base.CharMatcher$IsNot                                        : loaded 3 times (x 109B)
Class kotlin.TuplesKt                                                                 : loaded 3 times (x 69B)
Class kotlin.ranges.IntProgression$Companion                                          : loaded 3 times (x 69B)
Class com.google.common.collect.Maps$IteratorBasedAbstractMap                         : loaded 3 times (x 123B)
Class com.google.common.collect.SingletonImmutableBiMap                               : loaded 3 times (x 141B)
Class kotlin.text.StringsKt__StringNumberConversionsJVMKt                             : loaded 3 times (x 69B)
Class kotlin.collections.ArraysKt___ArraysKt                                          : loaded 3 times (x 69B)
Class com.google.common.collect.ImmutableCollection$Builder                           : loaded 3 times (x 74B)
Class com.google.common.collect.Maps$EntryTransformer                                 : loaded 3 times (x 68B)
Class org.apache.commons.io.output.AbstractByteArrayOutputStream                      : loaded 3 times (x 100B)
Class kotlin.collections.MapsKt__MapsJVMKt                                            : loaded 3 times (x 69B)
Class com.google.common.collect.Iterables                                             : loaded 3 times (x 69B)
Class kotlin.comparisons.ComparisonsKt___ComparisonsKt                                : loaded 3 times (x 69B)
Class kotlin.text.StringsKt__StringsKt                                                : loaded 3 times (x 69B)
Class com.google.common.collect.Iterators$ArrayItr                                    : loaded 3 times (x 95B)
Class com.google.common.base.CharMatcher$Or                                           : loaded 3 times (x 110B)
Class com.google.common.collect.ImmutableMap$1                                        : loaded 3 times (x 79B)
Class com.google.common.collect.ImmutableSet$SetBuilderImpl                           : loaded 3 times (x 74B)
Class com.google.common.collect.Maps$BiMapConverter                                   : loaded 3 times (x 88B)
Class kotlin.collections.CollectionsKt__IteratorsKt                                   : loaded 3 times (x 69B)
Class kotlin.NotImplementedError                                                      : loaded 3 times (x 80B)
Class kotlin.io.FileTreeWalk$DirectoryState                                           : loaded 3 times (x 71B)
Class kotlin.ranges.RangesKt__RangesKt                                                : loaded 3 times (x 69B)
Class kotlin.collections.CollectionsKt___CollectionsJvmKt                             : loaded 3 times (x 69B)
Class com.google.common.collect.ImmutableList$SubList                                 : loaded 3 times (x 169B)
Class kotlin.collections.ArraysKt___ArraysJvmKt                                       : loaded 3 times (x 69B)
Class com.google.common.base.CharMatcher$BitSetMatcher                                : loaded 3 times (x 110B)
Class kotlin.collections.CollectionsKt                                                : loaded 3 times (x 69B)
Class kotlin.Unit                                                                     : loaded 3 times (x 69B)
Class com.google.common.collect.ImmutableMap$IteratorBasedImmutableMap                : loaded 3 times (x 124B)
Class kotlin.ranges.IntProgression                                                    : loaded 3 times (x 79B)
Class com.google.common.collect.ArrayListMultimapGwtSerializationDependencies         : loaded 3 times (x 170B)
Class com.google.common.collect.ImmutableMap                                          : loaded 3 times (x 118B)
Class kotlin.io.CloseableKt                                                           : loaded 3 times (x 69B)
Class org.apache.commons.io.output.UnsynchronizedByteArrayOutputStream                : loaded 3 times (x 100B)
Class com.google.common.collect.AbstractListMultimap                                  : loaded 3 times (x 170B)
Class com.google.common.collect.IndexedImmutableSet$1                                 : loaded 3 times (x 173B)
Class com.google.common.base.Converter                                                : loaded 3 times (x 88B)
Class com.google.common.base.ExtraObjectsMethodsForWeb                                : loaded 3 times (x 69B)
Class com.google.common.collect.IndexedImmutableSet                                   : loaded 3 times (x 150B)
Class com.google.common.collect.ImmutableSet$EmptySetBuilderImpl                      : loaded 3 times (x 74B)
Class kotlin.Lazy                                                                     : loaded 3 times (x 68B)
Class kotlin.comparisons.ComparisonsKt                                                : loaded 3 times (x 69B)
Class kotlin.io.FilesKt                                                               : loaded 3 times (x 69B)
Class kotlin.io.FilesKt__FileReadWriteKt                                              : loaded 3 times (x 69B)
Class kotlin.collections.CollectionsKt__CollectionsKt                                 : loaded 3 times (x 69B)
Class com.google.common.base.CharMatcher$And                                          : loaded 3 times (x 110B)
Class com.google.common.base.CharMatcher$1                                            : loaded 3 times (x 111B)
Class com.google.common.collect.Iterators                                             : loaded 3 times (x 69B)
Class kotlin.Function                                                                 : loaded 3 times (x 68B)
Class kotlin.io.LinesSequence                                                         : loaded 3 times (x 73B)
Class kotlin.io.FileSystemException                                                   : loaded 3 times (x 80B)
Class kotlin.jvm.internal.FunctionBase                                                : loaded 3 times (x 68B)
Class kotlin.collections.SetsKt                                                       : loaded 3 times (x 69B)
Class org.apache.commons.io.IOUtils                                                   : loaded 3 times (x 69B)
Class com.google.common.base.Equivalence                                              : loaded 3 times (x 80B)
Class com.google.common.primitives.Ints                                               : loaded 3 times (x 69B)
Class kotlin.text.Charsets                                                            : loaded 3 times (x 69B)
Class kotlin.io.FileAlreadyExistsException                                            : loaded 3 times (x 80B)
Class com.google.common.collect.ImmutableMap$Builder                                  : loaded 3 times (x 80B)
Class kotlin.io.FileTreeWalk$FileTreeWalkIterator$TopDownDirectoryState               : loaded 3 times (x 72B)
Class kotlin.collections.ArraysKt__ArraysKt                                           : loaded 3 times (x 69B)
Class com.google.common.collect.SingletonImmutableSet                                 : loaded 3 times (x 144B)
Class [Lkotlin.io.FileWalkDirection;                                                  : loaded 3 times (x 67B)
Class kotlin.UNINITIALIZED_VALUE                                                      : loaded 3 times (x 69B)
Class kotlin.collections.CollectionsKt___CollectionsKt                                : loaded 3 times (x 69B)
Class kotlin.ranges.RangesKt___RangesKt                                               : loaded 3 times (x 69B)
Class kotlin.text.CharsKt                                                             : loaded 3 times (x 69B)
Class kotlin.io.NoSuchFileException                                                   : loaded 3 times (x 80B)
Class com.google.common.collect.ImmutableMapEntrySet                                  : loaded 3 times (x 150B)
Class kotlin.KotlinNullPointerException                                               : loaded 3 times (x 81B)
Class kotlin.ranges.ClosedRange                                                       : loaded 3 times (x 68B)
Class kotlin._Assertions                                                              : loaded 3 times (x 69B)
Class com.google.common.collect.PeekingIterator                                       : loaded 3 times (x 68B)
Class com.google.common.base.Predicate                                                : loaded 3 times (x 68B)
Class kotlin.text.StringsKt                                                           : loaded 3 times (x 69B)
Class com.google.common.collect.RegularImmutableAsList                                : loaded 3 times (x 177B)
Class com.google.common.base.Platform                                                 : loaded 3 times (x 69B)
Class com.google.common.base.CharMatcher$Is                                           : loaded 3 times (x 109B)
Class com.google.common.collect.AbstractMapBasedMultimap                              : loaded 3 times (x 137B)
Class kotlin.sequences.ConstrainedOnceSequence                                        : loaded 3 times (x 73B)
Class kotlin.jvm.functions.Function1                                                  : loaded 3 times (x 68B)
Class com.google.common.collect.RegularImmutableSet                                   : loaded 3 times (x 147B)
Class kotlin.jvm.functions.Function0                                                  : loaded 3 times (x 68B)
Class kotlin.jvm.internal.Lambda                                                      : loaded 3 times (x 73B)
Class kotlin.enums.EnumEntriesList                                                    : loaded 3 times (x 183B)
Class kotlin.collections.MapsKt___MapsJvmKt                                           : loaded 3 times (x 69B)
Class kotlin.collections.SetsKt__SetsJVMKt                                            : loaded 3 times (x 69B)
Class kotlin.sequences.SequencesKt___SequencesKt                                      : loaded 3 times (x 69B)
Class kotlin.collections.CollectionsKt__CollectionsJVMKt                              : loaded 3 times (x 69B)
Class kotlin.annotation.Retention                                                     : loaded 3 times (x 68B)
Class com.google.common.collect.Sets$ImprovedAbstractSet                              : loaded 3 times (x 133B)
Class kotlin.sequences.FilteringSequence$iterator$1                                   : loaded 3 times (x 77B)
Class kotlin.text.StringsKt__StringBuilderKt                                          : loaded 3 times (x 69B)
Class [Lcom.google.common.collect.ImmutableEntry;                                     : loaded 3 times (x 67B)
Class kotlin.NoWhenBranchMatchedException                                             : loaded 3 times (x 80B)
Class com.google.common.collect.ImmutableSet$RegularSetBuilderImpl                    : loaded 3 times (x 75B)
Class com.google.common.collect.ImmutableSet$JdkBackedSetBuilderImpl                  : loaded 3 times (x 74B)
Class kotlin.UninitializedPropertyAccessException                                     : loaded 3 times (x 80B)
Class kotlin.LazyKt                                                                   : loaded 3 times (x 69B)
Class kotlin.sequences.SequencesKt__SequencesJVMKt                                    : loaded 3 times (x 69B)
Class kotlin.sequences.SequencesKt__SequencesKt                                       : loaded 3 times (x 69B)
Class kotlin.annotation.Target                                                        : loaded 3 times (x 68B)
Class com.google.common.collect.Maps$8                                                : loaded 3 times (x 80B)
Class kotlin.sequences.FilteringSequence                                              : loaded 3 times (x 73B)
Class kotlin.collections.CollectionsKt__IteratorsJVMKt                                : loaded 3 times (x 69B)
Class kotlin.Metadata                                                                 : loaded 3 times (x 68B)
Class kotlin.io.FileTreeWalk$FileTreeWalkIterator                                     : loaded 3 times (x 81B)
Class [Lcom.google.common.collect.ImmutableMapEntry;                                  : loaded 3 times (x 67B)
Class com.google.common.base.PatternCompiler                                          : loaded 3 times (x 68B)
Class com.google.common.collect.ImmutableMapEntrySet$RegularEntrySet                  : loaded 3 times (x 150B)
Class com.google.common.base.CharMatcher$InRange                                      : loaded 3 times (x 109B)
Class com.google.common.collect.ImmutableList$1                                       : loaded 3 times (x 95B)
Class com.google.common.collect.UnmodifiableListIterator                              : loaded 3 times (x 93B)
Class org.apache.commons.io.output.AppendableWriter                                   : loaded 3 times (x 98B)
Class org.apache.commons.io.StandardLineSeparator                                     : loaded 3 times (x 77B)
Class [Lorg.apache.commons.io.StandardLineSeparator;                                  : loaded 3 times (x 67B)
Class kotlin.comparisons.ComparisonsKt___ComparisonsJvmKt                             : loaded 3 times (x 69B)
Class com.google.common.collect.Maps$KeySet                                           : loaded 3 times (x 135B)
Class com.google.common.collect.AbstractIndexedListIterator                           : loaded 3 times (x 94B)
Class com.google.common.collect.RegularImmutableMap                                   : loaded 3 times (x 119B)
Class com.google.common.collect.Maps                                                  : loaded 3 times (x 69B)
Class kotlin.collections.EmptyIterator                                                : loaded 3 times (x 87B)
Class com.google.common.collect.Sets$SetView                                          : loaded 3 times (x 136B)
Class kotlin.io.TextStreamsKt                                                         : loaded 3 times (x 69B)
Class kotlin.sequences.SequencesKt                                                    : loaded 3 times (x 69B)
Class com.google.common.primitives.IntsMethodsForWeb                                  : loaded 3 times (x 69B)
Class com.google.common.collect.Lists                                                 : loaded 3 times (x 69B)
Class com.google.common.collect.CollectPreconditions                                  : loaded 3 times (x 69B)
Class com.google.common.collect.BiMap                                                 : loaded 3 times (x 68B)
Class com.google.common.collect.RegularImmutableMap$KeySet                            : loaded 3 times (x 150B)
Class com.google.common.collect.Iterators$9                                           : loaded 3 times (x 79B)
Class com.google.common.base.Function                                                 : loaded 3 times (x 68B)
Class com.google.common.base.Preconditions                                            : loaded 3 times (x 69B)
Class com.google.common.base.Equivalence$Equals                                       : loaded 3 times (x 80B)
Class com.google.common.base.Joiner                                                   : loaded 3 times (x 77B)
Class org.apache.commons.io.output.ThresholdingOutputStream                           : loaded 3 times (x 92B)
Class com.google.common.math.IntMath$1                                                : loaded 3 times (x 69B)
Class kotlin.ranges.OpenEndRange                                                      : loaded 3 times (x 68B)
Class com.google.common.collect.Iterators$5                                           : loaded 3 times (x 80B)
Class com.google.common.collect.Iterators$4                                           : loaded 3 times (x 80B)
Class com.google.common.collect.RegularImmutableMap$BucketOverflowException           : loaded 3 times (x 80B)
Class com.google.common.collect.Iterators$1                                           : loaded 3 times (x 79B)
Class kotlin.text.StringsKt___StringsJvmKt                                            : loaded 3 times (x 69B)
Class kotlin.jvm.internal.Intrinsics                                                  : loaded 3 times (x 69B)
Class com.google.common.collect.ImmutableList                                         : loaded 3 times (x 166B)
Class kotlin.io.LinesSequence$iterator$1                                              : loaded 3 times (x 77B)
Class com.google.common.collect.ObjectArrays                                          : loaded 3 times (x 69B)
Class kotlin.collections.EmptyList                                                    : loaded 3 times (x 134B)
Class kotlin.collections.CollectionsKt__MutableCollectionsJVMKt                       : loaded 3 times (x 69B)
Class com.google.common.collect.ImmutableList$ReverseImmutableList                    : loaded 3 times (x 169B)
Class org.apache.commons.io.filefilter.IOFileFilter                                   : loaded 3 times (x 68B)
Class kotlin.io.FileTreeWalk                                                          : loaded 3 times (x 73B)
Class com.google.common.math.MathPreconditions                                        : loaded 3 times (x 69B)
Class com.google.common.collect.ImmutableEnumMap                                      : loaded 3 times (x 124B)
Class com.google.common.base.Ascii                                                    : loaded 3 times (x 69B)
Class com.google.common.collect.RegularImmutableMap$Values                            : loaded 3 times (x 167B)
Class kotlin.jvm.internal.markers.KMappedMarker                                       : loaded 3 times (x 68B)
Class kotlin.text.StringsKt__RegexExtensionsKt                                        : loaded 3 times (x 69B)
Class com.google.common.base.PairwiseEquivalence                                      : loaded 3 times (x 81B)
Class com.google.common.collect.ImmutableCollection                                   : loaded 3 times (x 123B)
Class com.google.common.collect.ForwardingObject                                      : loaded 3 times (x 70B)
Class kotlin.text.StringsKt__StringNumberConversionsKt                                : loaded 3 times (x 69B)
Class kotlin.sequences.SequencesKt__SequenceBuilderKt                                 : loaded 3 times (x 69B)
Class com.google.common.collect.RegularImmutableBiMap                                 : loaded 3 times (x 147B)
Class kotlin.collections.AbstractIterator$WhenMappings                                : loaded 3 times (x 69B)
Class kotlin.text.StringsKt__StringBuilderJVMKt                                       : loaded 3 times (x 69B)
Class com.google.common.base.FunctionalEquivalence                                    : loaded 3 times (x 81B)
Class com.google.common.collect.Multimap                                              : loaded 3 times (x 68B)
Class com.google.common.base.JdkPattern                                               : loaded 3 times (x 73B)
Class kotlin.collections.SetsKt___SetsKt                                              : loaded 3 times (x 69B)
Class kotlin.collections.CollectionsKt__ReversedViewsKt                               : loaded 3 times (x 69B)
Class com.google.common.collect.Hashing                                               : loaded 3 times (x 69B)
Class org.apache.commons.io.output.ByteArrayOutputStream                              : loaded 3 times (x 100B)
Class kotlin.collections.CollectionsKt__MutableCollectionsKt                          : loaded 3 times (x 69B)
Class com.google.common.collect.ArrayListMultimap                                     : loaded 3 times (x 170B)
Class com.google.common.base.Platform$JdkPatternCompiler                              : loaded 3 times (x 73B)
Class kotlin.io.FileTreeWalk$FileTreeWalkIterator$WhenMappings                        : loaded 3 times (x 69B)
Class com.google.common.collect.UnmodifiableIterator                                  : loaded 3 times (x 78B)
Class com.google.common.base.Strings                                                  : loaded 3 times (x 69B)
Class kotlin.text.StringsKt__StringsJVMKt                                             : loaded 3 times (x 69B)
Class kotlin.reflect.jvm.internal.impl.builtins.jvm.JavaToKotlinClassMap$PlatformMutabilityMapping: loaded 2 times (x 70B)
Class com.sun.xml.bind.v2.model.annotation.AbstractInlineAnnotationReaderImpl         : loaded 2 times (x 102B)
Class com.android.tools.build.jetifier.core.pom.PomRewriteRule$Companion              : loaded 2 times (x 69B)
Class com.android.tools.build.jetifier.core.PackageMap$PackageRule$JsonData           : loaded 2 times (x 70B)
Class com.sun.xml.bind.v2.model.nav.ReflectionNavigator$1                             : loaded 2 times (x 79B)
Class com.sun.xml.bind.v2.model.nav.ReflectionNavigator$2                             : loaded 2 times (x 79B)
Class com.sun.xml.bind.v2.model.nav.ReflectionNavigator$3                             : loaded 2 times (x 75B)
Class com.sun.xml.bind.v2.model.nav.ReflectionNavigator$5                             : loaded 2 times (x 75B)
Class kotlin.reflect.jvm.internal.impl.name.Name                                      : loaded 2 times (x 73B)
Class kotlin.collections.CollectionsKt___CollectionsKt$asSequence$$inlined$Sequence$1 : loaded 2 times (x 73B)
Class com.sun.xml.bind.v2.model.nav.ReflectionNavigator$6                             : loaded 2 times (x 79B)
Class com.google.common.cache.CacheLoader$InvalidCacheLoadException                   : loaded 2 times (x 80B)
Class org.gradle.internal.classloader.DefaultClassLoaderFactory                       : loaded 2 times (x 80B)
Class com.google.gson.JsonNull                                                        : loaded 2 times (x 90B)
Class com.google.common.collect.Collections2$FilteredCollection                       : loaded 2 times (x 117B)
Class com.sun.xml.bind.v2.runtime.property.SingleReferenceNodeProperty$1              : loaded 2 times (x 83B)
Class kotlin.reflect.KClass                                                           : loaded 2 times (x 68B)
Class com.google.common.base.Stopwatch                                                : loaded 2 times (x 70B)
Class com.google.gson.internal.sql.SqlTypesSupport$2                                  : loaded 2 times (x 72B)
Class com.google.common.util.concurrent.AbstractFuture$SynchronizedHelper             : loaded 2 times (x 76B)
Class kotlin.reflect.jvm.internal.impl.name.FqNamesUtilKt                             : loaded 2 times (x 69B)
Class com.android.tools.build.jetifier.core.config.Config                             : loaded 2 times (x 70B)
Class [Lcom.sun.xml.bind.v2.model.core.ID;                                            : loaded 2 times (x 67B)
Class net.rubygrapefruit.platform.ProcessLauncher                                     : loaded 2 times (x 68B)
Class javax.xml.bind.annotation.XmlTransient                                          : loaded 2 times (x 68B)
Class [Lcom.sun.xml.bind.v2.model.annotation.Locatable;                               : loaded 2 times (x 67B)
Class com.google.gson.internal.sql.SqlTypesSupport$1                                  : loaded 2 times (x 72B)
Class com.google.common.cache.LocalCache$LoadingValueReference                        : loaded 2 times (x 94B)
Class com.google.common.collect.ImmutableListMultimap$Builder                         : loaded 2 times (x 81B)
Class kotlin.reflect.jvm.internal.KPropertyImpl$_descriptor$1                         : loaded 2 times (x 77B)
Class com.sun.xml.bind.v2.runtime.unmarshaller.ChildLoader                            : loaded 2 times (x 70B)
Class com.sun.xml.bind.v2.runtime.NameBuilder                                         : loaded 2 times (x 70B)
Class kotlin.ResultKt                                                                 : loaded 2 times (x 69B)
Class com.sun.xml.bind.v2.model.impl.ModelBuilder                                     : loaded 2 times (x 90B)
Class com.google.common.base.CharMatcher$SingleWidth                                  : loaded 2 times (x 110B)
Class kotlin.jvm.internal.markers.KMutableMap                                         : loaded 2 times (x 68B)
Class org.apache.http.client.methods.HttpUriRequest                                   : loaded 2 times (x 68B)
Class com.google.common.collect.NullsFirstOrdering                                    : loaded 2 times (x 113B)
Class [Lcom.google.gson.ToNumberStrategy;                                             : loaded 2 times (x 67B)
Class com.android.tools.build.jetifier.core.proguard.ProGuardTypesMap$expandedRules$2 : loaded 2 times (x 77B)
Class com.google.gson.JsonElement                                                     : loaded 2 times (x 90B)
Class kotlin.reflect.jvm.internal.KotlinReflectionInternalError                       : loaded 2 times (x 80B)
Class com.sun.xml.bind.v2.runtime.reflect.PrimitiveArrayListerBoolean                 : loaded 2 times (x 74B)
Class com.sun.xml.bind.v2.runtime.ArrayBeanInfoImpl                                   : loaded 2 times (x 87B)
Class com.google.common.collect.NaturalOrdering                                       : loaded 2 times (x 113B)
Class com.android.tools.build.jetifier.core.proguard.ProGuardTypesMap$Companion       : loaded 2 times (x 69B)
Class com.google.common.collect.ByFunctionOrdering                                    : loaded 2 times (x 113B)
Class javax.xml.bind.annotation.XmlAttribute                                          : loaded 2 times (x 68B)
Class com.google.common.base.Optional                                                 : loaded 2 times (x 78B)
Class com.google.gson.internal.bind.DefaultDateTypeAdapter$DateType$1                 : loaded 2 times (x 71B)
Class com.sun.xml.bind.v2.model.impl.RuntimeTypeRefImpl                               : loaded 2 times (x 94B)
Class com.sun.xml.bind.v2.runtime.reflect.Accessor$GetterSetterReflection             : loaded 2 times (x 83B)
Class com.google.gson.internal.bind.JsonTreeReader                                    : loaded 2 times (x 96B)
Class org.gradle.internal.service.UnknownServiceException                             : loaded 2 times (x 81B)
Class org.objectweb.asm.AnnotationVisitor                                             : loaded 2 times (x 76B)
Class org.objectweb.asm.RecordComponentWriter                                         : loaded 2 times (x 76B)
Class kotlin.sequences.SequenceScope                                                  : loaded 2 times (x 71B)
Class com.sun.xml.bind.v2.model.core.ReferencePropertyInfo                            : loaded 2 times (x 68B)
Class com.google.common.cache.LocalCache$1                                            : loaded 2 times (x 87B)
Class com.sun.xml.bind.v2.model.impl.ReferencePropertyInfoImpl                        : loaded 2 times (x 125B)
Class com.google.common.cache.LocalCache$2                                            : loaded 2 times (x 140B)
Class com.sun.xml.bind.v2.runtime.unmarshaller.Base64Data                             : loaded 2 times (x 87B)
Class com.sun.xml.bind.v2.runtime.property.SingleElementNodeProperty                  : loaded 2 times (x 100B)
Class [Lcom.google.common.collect.LinkedHashMultimap$ValueEntry;                      : loaded 2 times (x 67B)
Class com.sun.xml.bind.v2.runtime.unmarshaller.StructureLoader$1                      : loaded 2 times (x 69B)
Class com.sun.xml.bind.DatatypeConverterImpl                                          : loaded 2 times (x 109B)
Class org.gradle.internal.service.DefaultServiceLocator                               : loaded 2 times (x 81B)
Class kotlin.reflect.jvm.internal.KClassImpl$Data$supertypes$2                        : loaded 2 times (x 77B)
Class org.gradle.internal.classloader.VisitableURLClassLoader$Spec                    : loaded 2 times (x 72B)
Class org.gradle.api.GradleException                                                  : loaded 2 times (x 80B)
Class com.sun.xml.bind.v2.model.impl.RuntimeReferencePropertyInfoImpl                 : loaded 2 times (x 139B)
Class com.google.common.base.CharMatcher$JavaLetterOrDigit                            : loaded 2 times (x 109B)
Class com.sun.xml.bind.v2.runtime.reflect.Lister                                      : loaded 2 times (x 74B)
Class com.google.gson.internal.bind.CollectionTypeAdapterFactory$Adapter              : loaded 2 times (x 72B)
Class kotlin.reflect.jvm.internal.KCallableImpl$_annotations$1                        : loaded 2 times (x 77B)
Class [Ljavax.xml.bind.annotation.XmlAccessOrder;                                     : loaded 2 times (x 67B)
Class org.gradle.api.internal.classpath.ModuleRegistry                                : loaded 2 times (x 68B)
Class com.sun.xml.bind.v2.runtime.ElementBeanInfoImpl$IntercepterLoader               : loaded 2 times (x 79B)
Class com.sun.xml.bind.v2.model.impl.ClassInfoImpl$1                                  : loaded 2 times (x 69B)
Class com.sun.xml.bind.v2.model.impl.ClassInfoImpl$ConflictException                  : loaded 2 times (x 80B)
Class javax.xml.bind.Marshaller                                                       : loaded 2 times (x 68B)
Class com.google.common.collect.CompoundOrdering                                      : loaded 2 times (x 113B)
Class com.sun.xml.bind.v2.runtime.property.ArrayERProperty                            : loaded 2 times (x 102B)
Class com.google.common.cache.CacheBuilder                                            : loaded 2 times (x 70B)
Class kotlin.reflect.jvm.internal.KCallableImpl$_parameters$1                         : loaded 2 times (x 77B)
Class org.objectweb.asm.ByteVector                                                    : loaded 2 times (x 77B)
Class com.sun.xml.bind.v2.model.annotation.Init                                       : loaded 2 times (x 69B)
Class kotlin.collections.ArrayAsCollection                                            : loaded 2 times (x 103B)
Class kotlin.jvm.internal.markers.KMutableCollection                                  : loaded 2 times (x 68B)
Class com.sun.xml.bind.v2.model.impl.ArrayInfoImpl                                    : loaded 2 times (x 96B)
Class com.sun.xml.bind.v2.runtime.AttributeAccessor                                   : loaded 2 times (x 68B)
Class [Ljavax.xml.bind.annotation.XmlElement;                                         : loaded 2 times (x 67B)
Class com.sun.xml.bind.v2.runtime.BridgeAdapter                                       : loaded 2 times (x 85B)
Class kotlin.reflect.jvm.internal.KCallableImpl$_typeParameters$1                     : loaded 2 times (x 77B)
Class com.google.common.collect.Sets$1$1                                              : loaded 2 times (x 80B)
Class com.sun.xml.bind.api.CompositeStructure                                         : loaded 2 times (x 70B)
Class com.sun.xml.bind.v2.model.impl.EnumLeafInfoImpl                                 : loaded 2 times (x 126B)
Class com.sun.xml.bind.IDResolver                                                     : loaded 2 times (x 73B)
Class com.google.common.base.Ticker                                                   : loaded 2 times (x 70B)
Class org.gradle.api.internal.ClassPathProvider                                       : loaded 2 times (x 68B)
Class com.google.gson.internal.ConstructorConstructor$9                               : loaded 2 times (x 74B)
Class kotlin.reflect.jvm.internal.KTypeParameterOwnerImpl                             : loaded 2 times (x 68B)
Class javax.xml.bind.annotation.XmlAccessOrder                                        : loaded 2 times (x 77B)
Class com.sun.xml.bind.api.RawAccessor                                                : loaded 2 times (x 71B)
Class com.google.gson.TypeAdapterFactory                                              : loaded 2 times (x 68B)
Class com.google.gson.reflect.TypeToken                                               : loaded 2 times (x 73B)
Class org.objectweb.asm.ModuleWriter                                                  : loaded 2 times (x 80B)
Class org.gradle.internal.classloader.ClasspathUtil$1                                 : loaded 2 times (x 74B)
Class com.google.gson.internal.bind.ReflectiveTypeAdapterFactory$Adapter              : loaded 2 times (x 75B)
Class com.sun.xml.bind.v2.runtime.unmarshaller.Scope                                  : loaded 2 times (x 70B)
Class com.sun.xml.bind.AccessorFactory                                                : loaded 2 times (x 68B)
Class com.sun.xml.bind.v2.model.runtime.RuntimeMapPropertyInfo                        : loaded 2 times (x 68B)
Class kotlin.reflect.jvm.internal.KPackageImpl$data$1                                 : loaded 2 times (x 77B)
Class javax.xml.bind.annotation.XmlSchema                                             : loaded 2 times (x 68B)
Class com.google.common.base.Enums$StringConverter                                    : loaded 2 times (x 88B)
Class com.sun.xml.bind.v2.model.nav.ParameterizedTypeImpl                             : loaded 2 times (x 83B)
Class com.sun.xml.bind.api.ErrorListener                                              : loaded 2 times (x 68B)
Class com.android.tools.build.jetifier.core.rule.RewriteRule$Companion                : loaded 2 times (x 69B)
Class [Lkotlin.reflect.KProperty;                                                     : loaded 2 times (x 67B)
Class kotlin.sequences.TransformingSequence                                           : loaded 2 times (x 73B)
Class com.google.gson.TypeAdapter$1                                                   : loaded 2 times (x 72B)
Class net.rubygrapefruit.platform.internal.Platform$Posix                             : loaded 2 times (x 79B)
Class com.google.common.collect.ImmutableMultimap                                     : loaded 2 times (x 145B)
Class com.sun.xml.bind.v2.model.impl.ClassInfoImpl                                    : loaded 2 times (x 135B)
Class com.google.gson.internal.sql.SqlTimestampTypeAdapter$1                          : loaded 2 times (x 73B)
Class com.sun.xml.bind.v2.model.impl.RuntimeTypeInfoSetImpl                           : loaded 2 times (x 121B)
Class com.google.common.collect.MultimapBuilder$MultimapBuilderWithKeys               : loaded 2 times (x 80B)
Class com.google.common.cache.AbstractCache$StatsCounter                              : loaded 2 times (x 68B)
Class com.sun.xml.bind.v2.model.impl.RuntimeElementPropertyInfoImpl                   : loaded 2 times (x 137B)
Class com.sun.xml.bind.v2.runtime.BridgeContextImpl                                   : loaded 2 times (x 75B)
Class dagger.hilt.processor.internal.optionvalues.GradleProjectType                   : loaded 2 times (x 77B)
Class org.objectweb.asm.FieldVisitor                                                  : loaded 2 times (x 75B)
Class com.sun.xml.bind.v2.runtime.unmarshaller.LocatorEx                              : loaded 2 times (x 68B)
Class javax.xml.bind.JAXBContext                                                      : loaded 2 times (x 76B)
Class com.google.gson.internal.Streams$AppendableWriter                               : loaded 2 times (x 97B)
Class org.objectweb.asm.Symbol                                                        : loaded 2 times (x 71B)
Class com.sun.xml.bind.v2.runtime.unmarshaller.LeafPropertyXsiLoader                  : loaded 2 times (x 76B)
Class com.google.gson.internal.LinkedTreeMap$EntrySet$1                               : loaded 2 times (x 79B)
Class Build_gradle$1$1                                                                : loaded 2 times (x 76B)
Class com.google.common.collect.Ordering                                              : loaded 2 times (x 112B)
Class com.sun.xml.bind.api.impl.NameConverter$1                                       : loaded 2 times (x 91B)
Class com.sun.xml.bind.api.impl.NameConverter$2                                       : loaded 2 times (x 91B)
Class javax.xml.bind.annotation.XmlType                                               : loaded 2 times (x 68B)
Class kotlin.reflect.jvm.internal.ReflectProperties$Val$1                             : loaded 2 times (x 69B)
Class com.google.common.cache.LocalCache$Strength$1                                   : loaded 2 times (x 79B)
Class com.google.common.collect.EmptyImmutableListMultimap                            : loaded 2 times (x 174B)
Class com.google.gson.GsonBuilder                                                     : loaded 2 times (x 70B)
Class com.google.common.cache.LocalCache$Strength$2                                   : loaded 2 times (x 79B)
Class com.google.common.cache.LocalCache$Strength$3                                   : loaded 2 times (x 79B)
Class org.gradle.internal.classloader.ClassLoaderFactory                              : loaded 2 times (x 68B)
Class javax.xml.bind.annotation.XmlRegistry                                           : loaded 2 times (x 68B)
Class com.sun.xml.bind.v2.runtime.unmarshaller.DomLoader                              : loaded 2 times (x 76B)
Class javax.xml.bind.annotation.XmlAccessType                                         : loaded 2 times (x 77B)
Class com.sun.xml.bind.v2.runtime.unmarshaller.ProxyLoader                            : loaded 2 times (x 76B)
Class [Lkotlin.reflect.jvm.internal.impl.name.FqName;                                 : loaded 2 times (x 67B)
Class com.sun.xml.bind.v2.runtime.reflect.AdaptedAccessor                             : loaded 2 times (x 83B)
Class kotlin.reflect.jvm.internal.KPropertyImpl$Companion                             : loaded 2 times (x 69B)
Class com.sun.xml.bind.v2.runtime.IllegalAnnotationsException$Builder                 : loaded 2 times (x 75B)
Class com.google.common.base.Absent                                                   : loaded 2 times (x 78B)
Class com.google.common.util.concurrent.AbstractFuture$Waiter                         : loaded 2 times (x 70B)
Class kotlin.jvm.internal.FunctionReference                                           : loaded 2 times (x 120B)
Class com.google.common.util.concurrent.Uninterruptibles                              : loaded 2 times (x 69B)
Class com.google.common.collect.Iterators$10                                          : loaded 2 times (x 79B)
Class com.sun.xml.bind.v2.model.runtime.RuntimeTypeInfo                               : loaded 2 times (x 68B)
Class kotlin.coroutines.EmptyCoroutineContext                                         : loaded 2 times (x 75B)
Class kotlin.reflect.jvm.internal.impl.builtins.PrimitiveType$arrayTypeFqName$2       : loaded 2 times (x 77B)
Class javax.xml.bind.annotation.XmlMixed                                              : loaded 2 times (x 68B)
Class com.sun.xml.bind.v2.model.nav.Navigator                                         : loaded 2 times (x 68B)
Class com.sun.xml.bind.v2.runtime.property.Utils$1                                    : loaded 2 times (x 75B)
Class com.sun.xml.bind.v2.runtime.reflect.Accessor$1                                  : loaded 2 times (x 83B)
Class org.gradle.api.internal.classpath.ManifestUtil                                  : loaded 2 times (x 69B)
Class org.gradle.api.specs.Spec                                                       : loaded 2 times (x 68B)
Class com.sun.xml.bind.v2.runtime.reflect.Accessor$2                                  : loaded 2 times (x 85B)
Class kotlin.reflect.jvm.internal.impl.name.FqNameUnsafe$1                            : loaded 2 times (x 72B)
Class com.sun.xml.bind.v2.runtime.property.ArrayReferenceNodeProperty                 : loaded 2 times (x 102B)
Class com.android.tools.build.jetifier.core.TypeRewriter                              : loaded 2 times (x 70B)
Class com.google.common.cache.CacheLoader$UnsupportedLoadingOperationException        : loaded 2 times (x 80B)
Class com.google.gson.internal.bind.TypeAdapters$1                                    : loaded 2 times (x 73B)
Class com.google.gson.JsonIOException                                                 : loaded 2 times (x 80B)
Class com.google.gson.internal.bind.TypeAdapters$2                                    : loaded 2 times (x 73B)
Class com.google.common.base.CharMatcher$Whitespace                                   : loaded 2 times (x 110B)
Class com.sun.xml.bind.v2.model.impl.RuntimeModelBuilder                              : loaded 2 times (x 98B)
Class com.google.gson.internal.bind.TypeAdapters$3                                    : loaded 2 times (x 73B)
Class kotlin.jvm.internal.ReflectionFactory                                           : loaded 2 times (x 89B)
Class com.google.common.collect.Maps$TransformedEntriesMap                            : loaded 2 times (x 125B)
Class com.sun.xml.bind.v2.model.runtime.RuntimeElementPropertyInfo                    : loaded 2 times (x 68B)
Class com.google.gson.internal.bind.TypeAdapters$4                                    : loaded 2 times (x 73B)
Class com.google.gson.internal.bind.TypeAdapters$5                                    : loaded 2 times (x 73B)
Class kotlin.reflect.jvm.internal.impl.name.SpecialNames                              : loaded 2 times (x 69B)
Class com.google.common.util.concurrent.ListenableFuture                              : loaded 2 times (x 68B)
Class com.google.gson.internal.bind.TypeAdapters$6                                    : loaded 2 times (x 73B)
Class android.databinding.tool.CompilerArguments$Type                                 : loaded 2 times (x 77B)
Class com.google.gson.internal.bind.TypeAdapters$7                                    : loaded 2 times (x 73B)
Class org.apache.http.client.methods.AbortableHttpRequest                             : loaded 2 times (x 68B)
Class com.google.gson.internal.bind.TypeAdapters$8                                    : loaded 2 times (x 73B)
Class com.google.gson.internal.bind.TypeAdapters$9                                    : loaded 2 times (x 73B)
Class com.sun.xml.bind.v2.runtime.property.SingleMapNodeProperty                      : loaded 2 times (x 100B)
Class kotlin.jvm.internal.ArrayIterator                                               : loaded 2 times (x 77B)
Class com.google.common.base.Enums                                                    : loaded 2 times (x 69B)
Class com.google.common.cache.CacheBuilder$NullListener                               : loaded 2 times (x 80B)
Class com.sun.xml.bind.v2.runtime.property.UnmarshallerChain                          : loaded 2 times (x 70B)
Class com.android.tools.build.jetifier.core.utils.StdOutLogConsumer                   : loaded 2 times (x 75B)
Class org.objectweb.asm.Label                                                         : loaded 2 times (x 71B)
Class kotlin.collections.builders.ListBuilder$Companion                               : loaded 2 times (x 69B)
Class com.google.common.collect.BaseImmutableMultimap                                 : loaded 2 times (x 121B)
Class com.android.tools.build.jetifier.core.rule.RewriteRule                          : loaded 2 times (x 70B)
Class org.apache.http.HttpEntityEnclosingRequest                                      : loaded 2 times (x 68B)
Class com.sun.xml.bind.v2.model.impl.FieldPropertySeed                                : loaded 2 times (x 88B)
Class com.sun.xml.bind.v2.model.impl.RuntimeBuiltinLeafInfoImpl$10$1                  : loaded 2 times (x 354B)
Class com.google.gson.internal.sql.SqlTimeTypeAdapter$1                               : loaded 2 times (x 73B)
Class org.gradle.internal.classloader.ClassLoaderVisitor                              : loaded 2 times (x 74B)
Class com.google.common.collect.Iterators$6                                           : loaded 2 times (x 79B)
Class com.android.tools.build.jetifier.core.type.JavaType$Companion                   : loaded 2 times (x 69B)
Class com.google.common.util.concurrent.AbstractFuture$UnsafeAtomicHelper             : loaded 2 times (x 76B)
Class com.sun.xml.bind.v2.runtime.ClassBeanInfoImpl                                   : loaded 2 times (x 90B)
Class kotlin.jvm.internal.markers.KMutableIterable                                    : loaded 2 times (x 68B)
Class org.objectweb.asm.AnnotationWriter                                              : loaded 2 times (x 77B)
Class kotlin.reflect.jvm.internal.impl.name.ClassId                                   : loaded 2 times (x 70B)
Class com.sun.xml.bind.api.JAXBRIContext                                              : loaded 2 times (x 87B)
Class com.sun.xml.bind.v2.model.runtime.RuntimeReferencePropertyInfo                  : loaded 2 times (x 68B)
Class com.google.gson.internal.sql.SqlDateTypeAdapter$1                               : loaded 2 times (x 73B)
Class kotlin.reflect.full.IllegalPropertyDelegateAccessException                      : loaded 2 times (x 80B)
Class [Lkotlin.reflect.KClassifier;                                                   : loaded 2 times (x 67B)
Class kotlin.coroutines.CoroutineContext                                              : loaded 2 times (x 68B)
Class [Lkotlin.reflect.KClass;                                                        : loaded 2 times (x 67B)
Class [Lnet.rubygrapefruit.platform.internal.FunctionResult$Failure;                  : loaded 2 times (x 67B)
Class com.sun.xml.bind.v2.ContextFactory                                              : loaded 2 times (x 69B)
Class kotlin.jvm.internal.Reflection                                                  : loaded 2 times (x 69B)
Class net.rubygrapefruit.platform.internal.Platform$Windows                           : loaded 2 times (x 77B)
Class org.gradle.internal.IoActions                                                   : loaded 2 times (x 69B)
Class com.android.tools.build.jetifier.core.proguard.ProGuardTypesMap$JsonData        : loaded 2 times (x 70B)
Class [Lcom.google.common.collect.LinkedHashMultimap$ValueSetLink;                    : loaded 2 times (x 67B)
Class com.google.common.collect.AllEqualOrdering                                      : loaded 2 times (x 112B)
Class com.sun.xml.bind.v2.model.impl.RuntimeBuiltinLeafInfoImpl$UUIDImpl              : loaded 2 times (x 134B)
Class com.google.common.collect.ComparatorOrdering                                    : loaded 2 times (x 113B)
Class com.sun.xml.bind.v2.runtime.ElementBeanInfoImpl$1                               : loaded 2 times (x 104B)
Class kotlin.reflect.jvm.internal.KProperty1Impl$_getter$1                            : loaded 2 times (x 77B)
Class com.sun.istack.SAXParseException2                                               : loaded 2 times (x 86B)
Class com.google.gson.internal.$Gson$Types                                            : loaded 2 times (x 69B)
Class com.google.common.cache.ReferenceEntry                                          : loaded 2 times (x 68B)
Class com.sun.xml.bind.v2.model.annotation.XmlTypeQuick                               : loaded 2 times (x 93B)
Class org.apache.http.HttpMessage                                                     : loaded 2 times (x 68B)
Class kotlin.collections.IntIterator                                                  : loaded 2 times (x 80B)
Class kotlin.collections.builders.ListBuilderKt                                       : loaded 2 times (x 69B)
Class kotlin.reflect.jvm.internal.impl.name.FqName                                    : loaded 2 times (x 70B)
Class com.google.common.collect.LexicographicalOrdering                               : loaded 2 times (x 113B)
Class com.sun.xml.bind.v2.runtime.unmarshaller.Intercepter                            : loaded 2 times (x 68B)
Class [Lcom.sun.xml.bind.v2.runtime.property.AttributeProperty;                       : loaded 2 times (x 67B)
Class kotlin.jvm.internal.markers.KMutableIterator                                    : loaded 2 times (x 68B)
Class kotlin.jvm.internal.PropertyReference1Impl                                      : loaded 2 times (x 125B)
Class com.sun.xml.bind.v2.runtime.Coordinator                                         : loaded 2 times (x 81B)
Class com.google.gson.internal.bind.JsonTreeWriter                                    : loaded 2 times (x 96B)
Class javax.xml.bind.annotation.XmlID                                                 : loaded 2 times (x 68B)
Class com.sun.xml.bind.v2.model.nav.ReflectionNavigator                               : loaded 2 times (x 121B)
Class [Lcom.google.gson.ReflectionAccessFilter$FilterResult;                          : loaded 2 times (x 67B)
Class kotlin.Result$Companion                                                         : loaded 2 times (x 69B)
Class com.google.common.collect.ImmutableMultimap$EntryCollection                     : loaded 2 times (x 126B)
Class com.sun.xml.bind.v2.runtime.property.ArrayProperty                              : loaded 2 times (x 100B)
Class [Lcom.sun.xml.bind.v2.runtime.Location;                                         : loaded 2 times (x 67B)
Class com.google.gson.internal.bind.TypeAdapters$34$1                                 : loaded 2 times (x 72B)
Class kotlin.reflect.jvm.internal.KClassImpl$Data$sealedSubclasses$2                  : loaded 2 times (x 77B)
Class org.apache.http.HttpEntity                                                      : loaded 2 times (x 68B)
Class kotlin.jvm.internal.FunctionReferenceImpl                                       : loaded 2 times (x 120B)
Class android.databinding.tool.util.LoggedErrorException                              : loaded 2 times (x 80B)
Class com.sun.xml.bind.v2.model.core.ValuePropertyInfo                                : loaded 2 times (x 68B)
Class com.google.common.collect.ImmutableMultimap$Builder                             : loaded 2 times (x 81B)
Class com.google.gson.internal.$Gson$Types$ParameterizedTypeImpl                      : loaded 2 times (x 79B)
Class com.sun.xml.bind.v2.runtime.reflect.AdaptedLister                               : loaded 2 times (x 75B)
Class [Lcom.sun.xml.bind.v2.model.impl.ClassInfoImpl$PropertyGroup;                   : loaded 2 times (x 67B)
Class com.sun.xml.bind.v2.model.core.NonElementRef                                    : loaded 2 times (x 68B)
Class net.rubygrapefruit.platform.internal.NativeLibraryLocator                       : loaded 2 times (x 71B)
Class com.google.common.base.CharMatcher$None                                         : loaded 2 times (x 110B)
Class com.sun.xml.bind.v2.runtime.property.StructureLoaderBuilder                     : loaded 2 times (x 68B)
Class com.sun.xml.bind.v2.runtime.unmarshaller.DefaultIDResolver                      : loaded 2 times (x 74B)
Class com.sun.xml.bind.v2.ClassFactory$1                                              : loaded 2 times (x 78B)
Class kotlin.reflect.KType                                                            : loaded 2 times (x 68B)
Class org.gradle.api.internal.classpath.EffectiveClassPath                            : loaded 2 times (x 88B)
Class kotlin.Result$Failure                                                           : loaded 2 times (x 70B)
Class kotlin.reflect.jvm.internal.KClassImpl$Data$allMembers$2                        : loaded 2 times (x 77B)
Class [Lkotlin.annotation.AnnotationRetention;                                        : loaded 2 times (x 67B)
Class org.apache.http.client.methods.Configurable                                     : loaded 2 times (x 68B)
Class com.sun.xml.bind.v2.model.impl.DummyPropertyInfo                                : loaded 2 times (x 68B)
Class kotlin.jvm.internal.DefaultConstructorMarker                                    : loaded 2 times (x 69B)
Class com.google.gson.internal.bind.ReflectiveTypeAdapterFactory                      : loaded 2 times (x 73B)
Class com.google.gson.LongSerializationPolicy                                         : loaded 2 times (x 78B)
Class com.google.common.collect.LinkedHashMultimap$ValueSet                           : loaded 2 times (x 140B)
Class [Lkotlin.reflect.jvm.internal.impl.builtins.jvm.JavaToKotlinClassMap$PlatformMutabilityMapping;: loaded 2 times (x 67B)
Class com.google.common.cache.CacheLoader$FunctionToCacheLoader                       : loaded 2 times (x 73B)
Class com.google.common.cache.CacheBuilder$1                                          : loaded 2 times (x 83B)
Class com.google.gson.internal.sql.SqlDateTypeAdapter                                 : loaded 2 times (x 72B)
Class com.google.common.cache.CacheBuilder$2                                          : loaded 2 times (x 70B)
Class com.google.common.base.Splitter$Strategy                                        : loaded 2 times (x 68B)
Class com.sun.xml.bind.v2.runtime.ValueListBeanInfoImpl                               : loaded 2 times (x 87B)
Class com.google.gson.internal.$Gson$Preconditions                                    : loaded 2 times (x 69B)
Class kotlin.reflect.jvm.internal.KClassImpl$Data$constructors$2                      : loaded 2 times (x 77B)
Class [Lcom.google.common.cache.CacheBuilder$NullListener;                            : loaded 2 times (x 67B)
Class com.sun.xml.bind.v2.runtime.property.ArrayElementLeafProperty                   : loaded 2 times (x 103B)
Class javax.xml.bind.annotation.XmlAccessorOrder                                      : loaded 2 times (x 68B)
Class kotlin.reflect.jvm.internal.KClassImpl                                          : loaded 2 times (x 113B)
Class [Lcom.google.common.cache.RemovalListener;                                      : loaded 2 times (x 67B)
Class kotlin.reflect.jvm.internal.KClassImpl$Data$nestedClasses$2                     : loaded 2 times (x 77B)
Class net.rubygrapefruit.platform.internal.Platform$Unsupported                       : loaded 2 times (x 77B)
Class com.google.gson.internal.ConstructorConstructor                                 : loaded 2 times (x 70B)
Class [Lkotlin.reflect.KDeclarationContainer;                                         : loaded 2 times (x 67B)
Class javax.xml.bind.JAXBException                                                    : loaded 2 times (x 83B)
Class kotlin.LazyKt__LazyJVMKt$WhenMappings                                           : loaded 2 times (x 69B)
Class kotlin.reflect.jvm.internal.KProperty1Impl                                      : loaded 2 times (x 126B)
Class com.sun.xml.bind.v2.model.impl.TypeInfoSetImpl                                  : loaded 2 times (x 109B)
Class com.sun.xml.bind.v2.model.annotation.MethodLocatable                            : loaded 2 times (x 76B)
Class kotlin.sequences.SequencesKt___SequencesKt$filterNotNull$1                      : loaded 2 times (x 76B)
Class kotlin.jvm.internal.ClassBasedDeclarationContainer                              : loaded 2 times (x 68B)
Class org.gradle.internal.installation.CurrentGradleInstallation                      : loaded 2 times (x 71B)
Class [Lcom.sun.xml.bind.v2.runtime.property.StructureLoaderBuilder;                  : loaded 2 times (x 67B)
Class kotlin.reflect.jvm.internal.KClassImpl$Data$typeParameters$2                    : loaded 2 times (x 77B)
Class com.sun.xml.bind.v2.model.core.PropertyKind                                     : loaded 2 times (x 77B)
Class org.gradle.internal.agents.InstrumentingClassLoader                             : loaded 2 times (x 68B)
Class org.gradle.internal.installation.CurrentGradleInstallationLocator               : loaded 2 times (x 69B)
Class kotlin.reflect.jvm.internal.KClassImpl$Data$inheritedNonStaticMembers$2         : loaded 2 times (x 77B)
Class com.google.common.collect.Sets$3$1                                              : loaded 2 times (x 80B)
Class [Lcom.google.common.cache.LocalCache$Segment;                                   : loaded 2 times (x 67B)
Class org.gradle.api.internal.classpath.Module                                        : loaded 2 times (x 68B)
Class javax.activation.DataHandler                                                    : loaded 2 times (x 90B)
Class com.sun.xml.bind.v2.runtime.unmarshaller.SAXConnector$TagNameImpl               : loaded 2 times (x 73B)
Class [Landroid.databinding.tool.CompilerArguments$Type;                              : loaded 2 times (x 67B)
Class com.google.common.collect.ImmutableSortedSet                                    : loaded 2 times (x 234B)
Class com.google.common.collect.Maps$9                                                : loaded 2 times (x 74B)
Class kotlin.reflect.KProperty                                                        : loaded 2 times (x 68B)
Class com.sun.xml.bind.WhiteSpaceProcessor                                            : loaded 2 times (x 69B)
Class com.google.common.base.Splitter$1$1                                             : loaded 2 times (x 84B)
Class com.sun.xml.bind.v2.model.impl.AnyTypeImpl                                      : loaded 2 times (x 87B)
Class com.sun.xml.bind.v2.model.core.ErrorHandler                                     : loaded 2 times (x 68B)
Class com.sun.xml.bind.v2.model.core.PropertyInfo                                     : loaded 2 times (x 68B)
Class com.sun.xml.bind.v2.model.impl.RuntimeBuiltinLeafInfoImpl$1                     : loaded 2 times (x 74B)
Class com.android.tools.build.jetifier.core.utils.Log                                 : loaded 2 times (x 69B)
Class com.sun.xml.bind.v2.model.impl.RuntimeBuiltinLeafInfoImpl$2                     : loaded 2 times (x 134B)
Class net.rubygrapefruit.platform.internal.NativeLibraryLoader                        : loaded 2 times (x 71B)
Class com.sun.xml.bind.v2.runtime.Name                                                : loaded 2 times (x 73B)
Class com.sun.xml.bind.v2.model.impl.RuntimeBuiltinLeafInfoImpl$3                     : loaded 2 times (x 134B)
Class com.sun.xml.bind.v2.model.impl.RuntimeBuiltinLeafInfoImpl$4                     : loaded 2 times (x 134B)
Class com.google.gson.JsonSyntaxException                                             : loaded 2 times (x 80B)
Class kotlin.reflect.jvm.internal.impl.descriptors.runtime.structure.ReflectClassUtilKt: loaded 2 times (x 69B)
Class kotlin.jvm.internal.MutablePropertyReference0                                   : loaded 2 times (x 135B)
Class com.sun.xml.bind.v2.model.impl.RuntimeBuiltinLeafInfoImpl$5                     : loaded 2 times (x 134B)
Class com.sun.xml.bind.v2.model.impl.RuntimeMapPropertyInfoImpl                       : loaded 2 times (x 135B)
Class kotlin.jvm.internal.MutablePropertyReference1                                   : loaded 2 times (x 135B)
Class com.google.common.collect.SortedSetMultimap                                     : loaded 2 times (x 68B)
Class com.sun.xml.bind.v2.model.annotation.XmlElementDeclQuick                        : loaded 2 times (x 94B)
Class com.sun.xml.bind.v2.model.impl.RuntimeBuiltinLeafInfoImpl$6                     : loaded 2 times (x 134B)
Class kotlin.jvm.internal.MutablePropertyReference2                                   : loaded 2 times (x 135B)
Class com.google.common.collect.ExplicitOrdering                                      : loaded 2 times (x 113B)
Class com.sun.xml.bind.v2.model.impl.RuntimeBuiltinLeafInfoImpl$7                     : loaded 2 times (x 134B)
Class com.google.gson.internal.bind.DateTypeAdapter                                   : loaded 2 times (x 72B)
Class kotlin.reflect.jvm.internal.KClassImpl$Data$qualifiedName$2                     : loaded 2 times (x 77B)
Class com.sun.xml.bind.v2.model.impl.RuntimeBuiltinLeafInfoImpl$8                     : loaded 2 times (x 134B)
Class com.sun.xml.bind.v2.model.impl.RuntimeBuiltinLeafInfoImpl$9                     : loaded 2 times (x 134B)
Class kotlin.collections.builders.ListBuilder$Itr                                     : loaded 2 times (x 92B)
Class com.sun.xml.bind.v2.runtime.unmarshaller.Loader                                 : loaded 2 times (x 75B)
Class org.gradle.internal.classpath.DefaultClassPath$ImmutableUniqueList$Builder      : loaded 2 times (x 73B)
Class com.sun.xml.bind.v2.model.core.NonElement                                       : loaded 2 times (x 68B)
Class [Lorg.objectweb.asm.AnnotationWriter;                                           : loaded 2 times (x 67B)
Class org.gradle.internal.service.CachingServiceLocator                               : loaded 2 times (x 80B)
Class [Lcom.google.common.cache.LocalCache$Strength;                                  : loaded 2 times (x 67B)
Class org.apache.http.client.methods.HttpPut                                          : loaded 2 times (x 151B)
Class com.android.tools.build.jetifier.core.pom.PomDependency                         : loaded 2 times (x 70B)
Class com.sun.xml.bind.v2.runtime.property.PropertyFactory                            : loaded 2 times (x 69B)
Class com.sun.xml.bind.v2.runtime.unmarshaller.UnmarshallingContext$ExpectedTypeRootLoader: loaded 2 times (x 78B)
Class kotlin.reflect.KCallable                                                        : loaded 2 times (x 68B)
Class com.sun.xml.bind.v2.model.impl.PropertyInfoImpl                                 : loaded 2 times (x 106B)
Class net.rubygrapefruit.platform.internal.Platform$Linux64Bit                        : loaded 2 times (x 81B)
Class com.google.gson.internal.Streams                                                : loaded 2 times (x 69B)
Class com.sun.xml.bind.v2.runtime.LifecycleMethods                                    : loaded 2 times (x 70B)
Class com.android.tools.build.jetifier.core.pom.DependencyVersionsMap$Companion       : loaded 2 times (x 69B)
Class com.sun.xml.bind.v2.runtime.unmarshaller.UnmarshallingContext$State             : loaded 2 times (x 70B)
Class javax.xml.bind.annotation.XmlInlineBinaryData                                   : loaded 2 times (x 68B)
Class com.sun.xml.bind.v2.runtime.JAXBContextImpl$6                                   : loaded 2 times (x 89B)
Class org.gradle.internal.classpath.DefaultClassPath                                  : loaded 2 times (x 88B)
Class com.google.gson.JsonObject                                                      : loaded 2 times (x 91B)
Class kotlin.reflect.jvm.internal.KDeclarationContainerImpl$Data                      : loaded 2 times (x 70B)
Class com.google.common.collect.AbstractSetMultimap                                   : loaded 2 times (x 172B)
Class com.sun.xml.bind.v2.runtime.unmarshaller.LocatorExWrapper                       : loaded 2 times (x 84B)
Class com.sun.xml.bind.v2.model.impl.SingleTypePropertyInfoImpl                       : loaded 2 times (x 111B)
Class com.sun.xml.bind.v2.runtime.reflect.NullSafeAccessor                            : loaded 2 times (x 83B)
Class kotlin.reflect.jvm.internal.ReflectProperties$LazySoftVal                       : loaded 2 times (x 76B)
Class kotlin.Result                                                                   : loaded 2 times (x 70B)
Class com.google.gson.internal.ReflectionAccessFilterHelper                           : loaded 2 times (x 69B)
Class kotlin.reflect.jvm.internal.KClassImpl$Data$objectInstance$2                    : loaded 2 times (x 77B)
Class com.sun.xml.bind.v2.model.runtime.RuntimeEnumLeafInfo                           : loaded 2 times (x 68B)
Class com.google.common.util.concurrent.AbstractFuture$SetFuture                      : loaded 2 times (x 73B)
Class com.sun.xml.bind.v2.runtime.JAXBContextImpl$5                                   : loaded 2 times (x 72B)
Class com.sun.xml.bind.v2.runtime.JAXBContextImpl$3                                   : loaded 2 times (x 72B)
Class com.google.gson.internal.LinkedTreeMap                                          : loaded 2 times (x 121B)
Class com.google.gson.internal.UnsafeAllocator                                        : loaded 2 times (x 70B)
Class com.sun.xml.bind.v2.model.annotation.XmlElementRefQuick                         : loaded 2 times (x 92B)
Class com.sun.xml.bind.v2.runtime.Transducer                                          : loaded 2 times (x 68B)
Class com.sun.xml.bind.v2.model.annotation.XmlElementRefsQuick                        : loaded 2 times (x 89B)
Class com.google.common.collect.MultimapBuilder$ArrayListSupplier                     : loaded 2 times (x 75B)
Class kotlin.annotation.MustBeDocumented                                              : loaded 2 times (x 68B)
Class com.sun.xml.bind.v2.runtime.LeafBeanInfoImpl                                    : loaded 2 times (x 87B)
Class kotlin.reflect.jvm.internal.impl.utils.CollectionsKt                            : loaded 2 times (x 69B)
Class javax.xml.bind.annotation.XmlRootElement                                        : loaded 2 times (x 68B)
Class com.google.common.collect.TransformedIterator                                   : loaded 2 times (x 78B)
Class kotlin.reflect.jvm.internal.KPropertyImpl                                       : loaded 2 times (x 113B)
Class com.sun.xml.bind.v2.runtime.JAXBContextImpl$2                                   : loaded 2 times (x 76B)
Class [Lcom.sun.xml.bind.v2.runtime.property.Property;                                : loaded 2 times (x 67B)
Class com.google.common.base.Splitter$SplittingIterator                               : loaded 2 times (x 82B)
Class kotlin.annotation.AnnotationRetention                                           : loaded 2 times (x 77B)
Class com.android.tools.build.jetifier.core.PackageMap$Companion                      : loaded 2 times (x 69B)
Class com.google.gson.internal.reflect.ReflectionHelper$RecordNotSupportedHelper      : loaded 2 times (x 76B)
Class com.google.common.collect.ImmutableMultisetGwtSerializationDependencies         : loaded 2 times (x 123B)
Class com.google.gson.annotations.JsonAdapter                                         : loaded 2 times (x 68B)
Class kotlin.reflect.KTypeParameter                                                   : loaded 2 times (x 68B)
Class com.google.common.collect.ImmutableListMultimap                                 : loaded 2 times (x 174B)
Class kotlin.reflect.jvm.internal.KClassImpl$Data$allNonStaticMembers$2               : loaded 2 times (x 77B)
Class com.sun.xml.bind.v2.runtime.unmarshaller.XmlVisitor$TextPredictor               : loaded 2 times (x 68B)
Class com.google.common.cache.LocalCache$LocalManualCache$1                           : loaded 2 times (x 73B)
Class com.google.gson.internal.LinkedTreeMap$EntrySet                                 : loaded 2 times (x 134B)
Class kotlin.ranges.IntProgressionIterator                                            : loaded 2 times (x 80B)
Class kotlin.reflect.jvm.internal.impl.builtins.jvm.JavaToKotlinClassMap              : loaded 2 times (x 69B)
Class Build_gradle$1                                                                  : loaded 2 times (x 72B)
Class kotlin.jvm.JvmClassMappingKt                                                    : loaded 2 times (x 69B)
Class Build_gradle$2                                                                  : loaded 2 times (x 76B)
Class com.sun.xml.bind.v2.runtime.reflect.PrimitiveArrayListerLong                    : loaded 2 times (x 74B)
Class kotlin.reflect.jvm.internal.KClassImpl$data$1                                   : loaded 2 times (x 77B)
Class javax.xml.bind.annotation.XmlAnyElement                                         : loaded 2 times (x 68B)
Class com.sun.xml.bind.v2.model.impl.TypeInfoImpl                                     : loaded 2 times (x 83B)
Class com.sun.xml.bind.v2.runtime.JAXBContextImpl$1                                   : loaded 2 times (x 76B)
Class javax.xml.bind.Binder                                                           : loaded 2 times (x 83B)
Class com.sun.xml.bind.v2.runtime.property.ArrayReferenceNodeProperty$MixedTextLoader : loaded 2 times (x 76B)
Class com.sun.xml.bind.v2.TODO                                                        : loaded 2 times (x 69B)
Class kotlin.jvm.functions.Function2                                                  : loaded 2 times (x 68B)
Class [Lcom.google.common.collect.AbstractIterator$State;                             : loaded 2 times (x 67B)
Class kotlin.jvm.functions.Function3                                                  : loaded 2 times (x 68B)
Class org.objectweb.asm.SymbolTable$Entry                                             : loaded 2 times (x 72B)
Class [Lcom.google.common.cache.LocalCache$EntryFactory;                              : loaded 2 times (x 67B)
Class com.sun.xml.bind.v2.runtime.reflect.PrimitiveArrayListerDouble                  : loaded 2 times (x 74B)
Class kotlin.jvm.functions.Function4                                                  : loaded 2 times (x 68B)
Class kotlin.reflect.jvm.internal.KClassImpl$Data$declaredNonStaticMembers$2          : loaded 2 times (x 77B)
Class kotlin.jvm.functions.Function5                                                  : loaded 2 times (x 68B)
Class net.rubygrapefruit.platform.internal.jni.NativeLibraryFunctions                 : loaded 2 times (x 69B)
Class javax.xml.bind.annotation.XmlElements                                           : loaded 2 times (x 68B)
Class com.google.gson.internal.bind.NumberTypeAdapter                                 : loaded 2 times (x 72B)
Class com.google.gson.ToNumberPolicy                                                  : loaded 2 times (x 81B)
Class kotlin.collections.AbstractMutableList                                          : loaded 2 times (x 166B)
Class kotlin.jvm.functions.Function7                                                  : loaded 2 times (x 68B)
Class com.sun.xml.bind.v2.runtime.reflect.PrimitiveArrayListerInteger                 : loaded 2 times (x 74B)
Class com.sun.xml.bind.v2.runtime.property.TagAndType                                 : loaded 2 times (x 70B)
Class kotlin.jvm.functions.Function8                                                  : loaded 2 times (x 68B)
Class org.gradle.internal.classloader.FilteringClassLoader                            : loaded 2 times (x 103B)
Class kotlin.jvm.functions.Function9                                                  : loaded 2 times (x 68B)
Class com.sun.xml.bind.v2.runtime.property.Utils                                      : loaded 2 times (x 69B)
Class com.sun.xml.bind.v2.runtime.reflect.Accessor                                    : loaded 2 times (x 83B)
Class com.sun.xml.bind.v2.model.impl.ModelBuilderI                                    : loaded 2 times (x 68B)
Class com.google.common.collect.Maps$AbstractFilteredMap                              : loaded 2 times (x 125B)
Class javax.xml.bind.PropertyException                                                : loaded 2 times (x 83B)
Class com.google.common.cache.LocalCache$StrongValueReference                         : loaded 2 times (x 88B)
Class com.android.tools.build.jetifier.core.pom.DependencyVersionsMap                 : loaded 2 times (x 70B)
Class com.google.common.base.Suppliers$NonSerializableMemoizingSupplier               : loaded 2 times (x 77B)
Class kotlin.reflect.KDeclarationContainer                                            : loaded 2 times (x 68B)
Class com.sun.xml.bind.v2.model.annotation.RuntimeAnnotationReader                    : loaded 2 times (x 68B)
Class com.sun.xml.bind.v2.runtime.unmarshaller.XsiNilLoader$Single                    : loaded 2 times (x 78B)
Class com.android.tools.build.jetifier.core.pom.PomRewriteRule                        : loaded 2 times (x 70B)
Class kotlin.reflect.jvm.internal.KProperty1Impl$delegateSource$1                     : loaded 2 times (x 77B)
Class com.sun.istack.Pool                                                             : loaded 2 times (x 68B)
Class com.google.common.collect.ImmutableSetMultimap                                  : loaded 2 times (x 178B)
Class com.sun.xml.bind.v2.model.runtime.RuntimeTypeRef                                : loaded 2 times (x 68B)
Class com.sun.xml.bind.v2.runtime.reflect.PrimitiveArrayListerByte                    : loaded 2 times (x 74B)
Class [Lkotlin.coroutines.intrinsics.CoroutineSingletons;                             : loaded 2 times (x 67B)
Class com.sun.xml.bind.v2.model.runtime.RuntimeElement                                : loaded 2 times (x 68B)
Class kotlin.reflect.jvm.internal.KClassImpl$Data$descriptor$2                        : loaded 2 times (x 77B)
Class com.google.common.cache.LocalCache$EntryFactory$8                               : loaded 2 times (x 81B)
Class org.apache.commons.io.CloseableURLConnection                                    : loaded 2 times (x 115B)
Class com.google.gson.ToNumberStrategy                                                : loaded 2 times (x 68B)
Class com.google.gson.internal.bind.ObjectTypeAdapter$1                               : loaded 2 times (x 74B)
Class com.google.common.collect.LinkedHashMultimap                                    : loaded 2 times (x 173B)
Class com.sun.xml.bind.v2.model.annotation.LocatableAnnotation                        : loaded 2 times (x 83B)
Class com.google.common.cache.LocalCache$EntryFactory$7                               : loaded 2 times (x 81B)
Class kotlin.reflect.jvm.internal.KClassImpl$Data$annotations$2                       : loaded 2 times (x 77B)
Class com.sun.xml.bind.v2.model.impl.ClassInfoImpl$PropertyGroup                      : loaded 2 times (x 77B)
Class javax.xml.bind.annotation.XmlAnyAttribute                                       : loaded 2 times (x 68B)
Class kotlin.Triple                                                                   : loaded 2 times (x 70B)
Class com.sun.xml.bind.v2.model.core.TypeInfo                                         : loaded 2 times (x 68B)
Class com.sun.xml.bind.v2.model.core.BuiltinLeafInfo                                  : loaded 2 times (x 68B)
Class com.sun.xml.bind.v2.model.impl.LeafInfoImpl                                     : loaded 2 times (x 100B)
Class com.google.common.cache.CacheLoader                                             : loaded 2 times (x 72B)
Class com.android.tools.build.jetifier.core.type.JavaType                             : loaded 2 times (x 70B)
Class com.google.common.cache.LocalCache$EntryFactory$6                               : loaded 2 times (x 81B)
Class com.google.common.collect.ImmutableBiMapFauxverideShim                          : loaded 2 times (x 118B)
Class com.sun.xml.bind.v2.runtime.property.Property                                   : loaded 2 times (x 68B)
Class kotlin.reflect.KAnnotatedElement                                                : loaded 2 times (x 68B)
Class kotlin.jvm.internal.SpreadBuilder                                               : loaded 2 times (x 74B)
Class org.objectweb.asm.MethodTooLargeException                                       : loaded 2 times (x 81B)
Class com.sun.xml.bind.v2.model.impl.GetterSetterPropertySeed                         : loaded 2 times (x 88B)
Class com.sun.xml.bind.v2.model.impl.ValuePropertyInfoImpl                            : loaded 2 times (x 118B)
Class com.google.common.cache.LocalCache$EntryFactory$5                               : loaded 2 times (x 81B)
Class com.google.common.base.CaseFormat$StringConverter                               : loaded 2 times (x 88B)
Class com.google.common.cache.LocalCache$EntryFactory$4                               : loaded 2 times (x 81B)
Class com.android.tools.build.jetifier.core.PackageMap                                : loaded 2 times (x 70B)
Class com.google.gson.internal.bind.CollectionTypeAdapterFactory                      : loaded 2 times (x 73B)
Class [Lcom.sun.xml.bind.v2.util.QNameMap$Entry;                                      : loaded 2 times (x 67B)
Class com.google.gson.FieldNamingPolicy                                               : loaded 2 times (x 81B)
Class com.sun.xml.bind.v2.runtime.unmarshaller.DefaultValueLoaderDecorator            : loaded 2 times (x 76B)
Class javax.xml.bind.annotation.XmlAccessorType                                       : loaded 2 times (x 68B)
Class org.apache.commons.io.output.NullWriter                                         : loaded 2 times (x 97B)
Class kotlin.sequences.SequencesKt__SequenceBuilderKt$sequence$$inlined$Sequence$1    : loaded 2 times (x 73B)
Class com.google.common.cache.Cache                                                   : loaded 2 times (x 68B)
Class com.sun.xml.bind.v2.runtime.property.SingleMapNodeProperty$1                    : loaded 2 times (x 76B)
Class com.android.tools.build.jetifier.core.utils.LogLevel                            : loaded 2 times (x 77B)
Class com.sun.xml.bind.v2.runtime.property.SingleMapNodeProperty$2                    : loaded 2 times (x 76B)
Class com.sun.xml.bind.v2.model.impl.ElementPropertyInfoImpl                          : loaded 2 times (x 121B)
Class com.google.common.collect.Maps$EntrySet                                         : loaded 2 times (x 134B)
Class com.google.common.cache.LocalCache$EntryFactory$3                               : loaded 2 times (x 81B)
Class org.gradle.internal.classloader.SystemClassLoaderSpec                           : loaded 2 times (x 69B)
Class com.google.common.collect.MultimapBuilder$SetMultimapBuilder                    : loaded 2 times (x 73B)
Class com.google.gson.internal.bind.ReflectiveTypeAdapterFactory$FieldReflectionAdapter: loaded 2 times (x 75B)
Class com.google.common.util.concurrent.internal.InternalFutureFailureAccess          : loaded 2 times (x 70B)
Class android.databinding.tool.util.L                                                 : loaded 2 times (x 69B)
Class com.google.common.collect.Multimaps$CustomListMultimap                          : loaded 2 times (x 172B)
Class [Lkotlin.reflect.KCallable;                                                     : loaded 2 times (x 67B)
Class com.sun.xml.bind.api.impl.NameConverter                                         : loaded 2 times (x 68B)
Class com.sun.xml.bind.v2.model.impl.RuntimeBuiltinLeafInfoImpl$PcdataImpl            : loaded 2 times (x 132B)
Class net.rubygrapefruit.platform.internal.Platform$FreeBSD64Bit                      : loaded 2 times (x 80B)
Class com.google.common.base.Charsets                                                 : loaded 2 times (x 69B)
Class com.google.common.primitives.Ints$IntConverter                                  : loaded 2 times (x 88B)
Class kotlin.collections.CollectionsKt___CollectionsKt$withIndex$1                    : loaded 2 times (x 77B)
Class com.google.common.cache.LocalCache$EntryFactory$2                               : loaded 2 times (x 81B)
Class [Lcom.google.common.base.AbstractIterator$State;                                : loaded 2 times (x 67B)
Class com.sun.xml.bind.v2.model.runtime.RuntimeNonElementRef                          : loaded 2 times (x 68B)
Class com.google.gson.FieldNamingPolicy$7                                             : loaded 2 times (x 81B)
Class org.apache.http.client.methods.HttpEntityEnclosingRequestBase                   : loaded 2 times (x 151B)
Class com.google.common.cache.LocalCache$EntryFactory$1                               : loaded 2 times (x 81B)
Class com.google.gson.FieldNamingPolicy$6                                             : loaded 2 times (x 81B)
Class net.rubygrapefruit.platform.internal.Platform$MacOs                             : loaded 2 times (x 80B)
Class com.google.common.base.AbstractIterator                                         : loaded 2 times (x 78B)
Class com.sun.xml.bind.v2.model.impl.RuntimeElementInfoImpl                           : loaded 2 times (x 117B)
Class org.objectweb.asm.ClassWriter                                                   : loaded 2 times (x 104B)
Class com.google.common.base.Equivalence$Wrapper                                      : loaded 2 times (x 70B)
Class com.sun.xml.bind.v2.runtime.reflect.Lister$ArrayLister                          : loaded 2 times (x 75B)
Class com.google.gson.stream.JsonReader$1                                             : loaded 2 times (x 70B)
Class com.sun.xml.bind.v2.model.impl.AttributePropertyInfoImpl                        : loaded 2 times (x 122B)
Class com.sun.xml.bind.v2.runtime.RuntimeUtil                                         : loaded 2 times (x 69B)
Class com.sun.xml.bind.v2.model.core.ID                                               : loaded 2 times (x 77B)
Class com.google.gson.internal.bind.NumberTypeAdapter$1                               : loaded 2 times (x 74B)
Class com.google.gson.ToNumberPolicy$1                                                : loaded 2 times (x 81B)
Class com.android.tools.build.jetifier.core.type.TypesMap$Companion                   : loaded 2 times (x 69B)
Class com.android.tools.build.jetifier.core.rule.RewriteRulesMap                      : loaded 2 times (x 70B)
Class javax.xml.bind.annotation.XmlElement$DEFAULT                                    : loaded 2 times (x 69B)
Class kotlin.coroutines.jvm.internal.RestrictedSuspendLambda                          : loaded 2 times (x 89B)
Class com.google.gson.ToNumberPolicy$2                                                : loaded 2 times (x 81B)
Class com.google.common.base.AbstractIterator$1                                       : loaded 2 times (x 69B)
Class com.google.gson.ToNumberPolicy$3                                                : loaded 2 times (x 81B)
Class com.google.gson.FieldNamingPolicy$5                                             : loaded 2 times (x 81B)
Class com.google.gson.FieldNamingPolicy$4                                             : loaded 2 times (x 81B)
Class com.google.gson.internal.LazilyParsedNumber                                     : loaded 2 times (x 76B)
Class com.google.gson.ToNumberPolicy$4                                                : loaded 2 times (x 81B)
Class com.sun.xml.bind.v2.model.runtime.RuntimeTypeInfoSet                            : loaded 2 times (x 68B)
Class com.google.gson.FieldNamingPolicy$3                                             : loaded 2 times (x 81B)
Class com.google.gson.internal.bind.ReflectiveTypeAdapterFactory$RecordAdapter        : loaded 2 times (x 75B)
Class kotlin.collections.MapWithDefault                                               : loaded 2 times (x 68B)
Class com.sun.xml.bind.api.Bridge                                                     : loaded 2 times (x 83B)
Class [Lcom.google.common.cache.CacheBuilder$OneWeigher;                              : loaded 2 times (x 67B)
Class com.sun.xml.bind.v2.model.annotation.XmlSchemaQuick                             : loaded 2 times (x 93B)
Class net.rubygrapefruit.platform.NativeIntegrationLinkageException                   : loaded 2 times (x 80B)
Class com.google.gson.FieldNamingPolicy$2                                             : loaded 2 times (x 81B)
Class com.google.common.base.CharMatcher$Ascii                                        : loaded 2 times (x 110B)
Class com.google.common.cache.LocalCache$ComputingValueReference                      : loaded 2 times (x 94B)
Class com.sun.xml.bind.v2.model.impl.RuntimeAttributePropertyInfoImpl                 : loaded 2 times (x 142B)
Class javax.xml.bind.annotation.adapters.XmlJavaTypeAdapters                          : loaded 2 times (x 68B)
Class com.sun.xml.bind.v2.model.impl.RuntimeClassInfoImpl$RuntimePropertySeed         : loaded 2 times (x 82B)
Class com.sun.xml.bind.v2.runtime.property.SingleElementLeafProperty                  : loaded 2 times (x 100B)
Class kotlin.reflect.jvm.internal.impl.builtins.PrimitiveType                         : loaded 2 times (x 77B)
Class com.google.common.collect.ImmutableList$SerializedForm                          : loaded 2 times (x 71B)
Class org.gradle.api.UncheckedIOException                                             : loaded 2 times (x 80B)
Class kotlin.collections.builders.ListBuilder                                         : loaded 2 times (x 167B)
Class com.sun.xml.bind.v2.model.impl.BuiltinLeafInfoImpl                              : loaded 2 times (x 103B)
Class com.sun.xml.bind.v2.model.annotation.XmlTransientQuick                          : loaded 2 times (x 88B)
Class com.google.gson.internal.Excluder                                               : loaded 2 times (x 73B)
Class com.sun.xml.bind.v2.model.impl.Utils                                            : loaded 2 times (x 69B)
Class kotlin.coroutines.jvm.internal.RestrictedContinuationImpl                       : loaded 2 times (x 85B)
Class com.sun.xml.bind.v2.runtime.reflect.Accessor$GetterOnlyReflection               : loaded 2 times (x 83B)
Class com.google.gson.FieldNamingPolicy$1                                             : loaded 2 times (x 81B)
Class com.sun.xml.bind.v2.model.impl.ModelBuilder$1                                   : loaded 2 times (x 74B)
Class com.sun.xml.bind.v2.model.core.TypeInfoSet                                      : loaded 2 times (x 68B)
Class com.google.gson.internal.sql.SqlTimestampTypeAdapter                            : loaded 2 times (x 74B)
Class com.android.tools.build.jetifier.core.rule.RewriteRule$JsonData                 : loaded 2 times (x 70B)
Class [Lkotlin.annotation.AnnotationTarget;                                           : loaded 2 times (x 67B)
Class com.google.common.collect.ForwardingCollection                                  : loaded 2 times (x 128B)
Class com.sun.xml.bind.v2.model.core.ElementPropertyInfo                              : loaded 2 times (x 68B)
Class kotlin.reflect.full.IllegalCallableAccessException                              : loaded 2 times (x 80B)
Class com.google.gson.JsonParseException                                              : loaded 2 times (x 80B)
Class com.sun.xml.bind.v2.util.TypeCast                                               : loaded 2 times (x 69B)
Class [Lcom.google.gson.LongSerializationPolicy;                                      : loaded 2 times (x 67B)
Class kotlin.jvm.internal.CallableReference                                           : loaded 2 times (x 104B)
Class com.google.common.base.CharMatcher$Any                                          : loaded 2 times (x 110B)
Class com.sun.xml.bind.v2.runtime.unmarshaller.UnmarshallingContext$DefaultRootLoader : loaded 2 times (x 78B)
Class com.google.gson.internal.reflect.ReflectionHelper$RecordHelper                  : loaded 2 times (x 73B)
Class com.sun.xml.bind.v2.runtime.IllegalAnnotationsException                         : loaded 2 times (x 84B)
Class com.sun.xml.bind.v2.model.impl.RuntimeBuiltinLeafInfoImpl$StringImplImpl        : loaded 2 times (x 134B)
Class com.sun.xml.bind.v2.model.annotation.Quick                                      : loaded 2 times (x 86B)
Class kotlin.properties.ReadOnlyProperty                                              : loaded 2 times (x 68B)
Class com.sun.xml.bind.v2.runtime.NameList                                            : loaded 2 times (x 70B)
Class kotlin.reflect.jvm.internal.ReflectProperties$Val                               : loaded 2 times (x 72B)
Class com.google.common.cache.LocalCache$Strength                                     : loaded 2 times (x 79B)
Class com.sun.xml.bind.v2.runtime.unmarshaller.StructureLoader                        : loaded 2 times (x 76B)
Class com.sun.xml.bind.v2.model.runtime.RuntimeAttributePropertyInfo                  : loaded 2 times (x 68B)
Class android.databinding.tool.util.L$Client                                          : loaded 2 times (x 68B)
Class com.google.common.collect.AbstractMapBasedMultimap$KeySet                       : loaded 2 times (x 135B)
Class kotlin.reflect.KProperty$Getter                                                 : loaded 2 times (x 68B)
Class com.google.common.collect.SortedIterable                                        : loaded 2 times (x 68B)
Class com.google.common.collect.MultimapBuilder                                       : loaded 2 times (x 71B)
Class com.sun.xml.bind.v2.runtime.reflect.PrimitiveArrayListerShort                   : loaded 2 times (x 74B)
Class javax.xml.bind.annotation.XmlElementRef                                         : loaded 2 times (x 68B)
Class [Ljavax.xml.bind.annotation.XmlAccessType;                                      : loaded 2 times (x 67B)
Class kotlin.io.FilePathComponents                                                    : loaded 2 times (x 70B)
Class com.google.common.base.CharMatcher$RangesMatcher                                : loaded 2 times (x 110B)
Class javax.xml.bind.JAXBIntrospector                                                 : loaded 2 times (x 71B)
Class com.sun.xml.bind.v2.runtime.reflect.Lister$CollectionLister                     : loaded 2 times (x 75B)
Class kotlin.reflect.jvm.internal.KClassImpl$Data$simpleName$2                        : loaded 2 times (x 77B)
Class org.objectweb.asm.Handler                                                       : loaded 2 times (x 70B)
Class com.google.gson.ReflectionAccessFilter$FilterResult                             : loaded 2 times (x 77B)
Class kotlin.reflect.jvm.internal.impl.name.FqNameUnsafe                              : loaded 2 times (x 70B)
Class com.sun.xml.bind.annotation.XmlLocation                                         : loaded 2 times (x 68B)
Class com.sun.xml.bind.v2.runtime.property.ArrayERProperty$ReceiverImpl               : loaded 2 times (x 73B)
Class com.google.common.collect.ImmutableSortedSet$Builder                            : loaded 2 times (x 84B)
Class javax.xml.bind.JAXBElement                                                      : loaded 2 times (x 79B)
Class [Lcom.google.gson.FieldNamingPolicy;                                            : loaded 2 times (x 67B)
Class com.google.common.base.Verify                                                   : loaded 2 times (x 69B)
Class com.sun.xml.bind.v2.runtime.Location                                            : loaded 2 times (x 68B)
Class net.rubygrapefruit.platform.internal.Platform$Linux32Bit                        : loaded 2 times (x 81B)
Class com.sun.xml.bind.v2.runtime.reflect.ListTransducedAccessorImpl                  : loaded 2 times (x 78B)
Class com.google.common.util.concurrent.AbstractFuture$Failure                        : loaded 2 times (x 70B)
Class net.rubygrapefruit.platform.internal.Platform$MacOs64Bit                        : loaded 2 times (x 80B)
Class javax.xml.bind.annotation.XmlSeeAlso                                            : loaded 2 times (x 68B)
Class com.google.common.cache.LocalCache$ValueReference                               : loaded 2 times (x 68B)
Class com.google.gson.internal.bind.DefaultDateTypeAdapter                            : loaded 2 times (x 72B)
Class com.google.common.collect.CollectSpliterators                                   : loaded 2 times (x 69B)
Class com.google.gson.internal.bind.ArrayTypeAdapter$1                                : loaded 2 times (x 73B)
Class com.sun.xml.bind.v2.runtime.unmarshaller.XsiNilLoader$Array                     : loaded 2 times (x 78B)
Class javax.xml.bind.annotation.XmlMimeType                                           : loaded 2 times (x 68B)
Class com.sun.xml.bind.v2.model.impl.PropertySeed                                     : loaded 2 times (x 68B)
Class android.databinding.tool.writer.JavaFileWriter                                  : loaded 2 times (x 72B)
Class org.gradle.internal.classloader.ClasspathUtil                                   : loaded 2 times (x 69B)
Class org.apache.commons.io.FileUtils                                                 : loaded 2 times (x 69B)
Class com.sun.xml.bind.v2.runtime.reflect.PrimitiveArrayListerFloat                   : loaded 2 times (x 74B)
Class org.objectweb.asm.Type                                                          : loaded 2 times (x 70B)
Class org.objectweb.asm.CurrentFrame                                                  : loaded 2 times (x 71B)
Class com.google.common.util.concurrent.AbstractFuture                                : loaded 2 times (x 93B)
Class javax.xml.bind.annotation.XmlElementDecl                                        : loaded 2 times (x 68B)
Class com.google.common.cache.LocalCache$AbstractReferenceEntry                       : loaded 2 times (x 105B)
Class com.android.tools.build.jetifier.core.config.ConfigParser                       : loaded 2 times (x 69B)
Class [Lcom.sun.xml.bind.v2.runtime.unmarshaller.Scope;                               : loaded 2 times (x 67B)
Class com.google.gson.Gson$1                                                          : loaded 2 times (x 74B)
Class javax.xml.bind.UnmarshallerHandler                                              : loaded 2 times (x 68B)
Class com.google.gson.Gson$2                                                          : loaded 2 times (x 74B)
Class com.google.gson.Gson$3                                                          : loaded 2 times (x 73B)
Class com.android.tools.build.jetifier.core.config.Config$Companion                   : loaded 2 times (x 69B)
Class com.google.gson.Gson$4                                                          : loaded 2 times (x 74B)
Class com.google.common.base.CaseFormat$1                                             : loaded 2 times (x 81B)
Class [Lkotlin.DeprecationLevel;                                                      : loaded 2 times (x 67B)
Class com.google.common.base.Splitter$1                                               : loaded 2 times (x 75B)
Class com.google.common.collect.ReverseOrdering                                       : loaded 2 times (x 113B)
Class com.google.gson.Gson$5                                                          : loaded 2 times (x 74B)
Class com.google.common.base.CaseFormat$2                                             : loaded 2 times (x 81B)
Class kotlin.reflect.jvm.internal.impl.resolve.jvm.JvmPrimitiveType                   : loaded 2 times (x 77B)
Class javax.xml.bind.annotation.XmlList                                               : loaded 2 times (x 68B)
Class com.google.common.base.CaseFormat$3                                             : loaded 2 times (x 81B)
Class com.google.common.base.CaseFormat$4                                             : loaded 2 times (x 81B)
Class kotlin.reflect.jvm.internal.impl.builtins.CompanionObjectMapping                : loaded 2 times (x 69B)
Class com.google.common.collect.Maps$FilteredEntryMap                                 : loaded 2 times (x 126B)
Class com.google.common.base.Ticker$1                                                 : loaded 2 times (x 70B)
Class org.gradle.api.internal.DefaultClassPathRegistry                                : loaded 2 times (x 74B)
Class com.google.gson.TypeAdapter                                                     : loaded 2 times (x 71B)
Class com.google.gson.FieldNamingStrategy                                             : loaded 2 times (x 68B)
Class com.google.common.base.CaseFormat$5                                             : loaded 2 times (x 81B)
Class com.google.common.collect.AbstractIterator$State                                : loaded 2 times (x 77B)
Class com.google.gson.internal.LinkedTreeMap$1                                        : loaded 2 times (x 89B)
Class com.google.gson.internal.UnsafeAllocator$1                                      : loaded 2 times (x 71B)
Class [Lorg.objectweb.asm.Symbol;                                                     : loaded 2 times (x 67B)
Class com.google.common.util.concurrent.AbstractFuture$Cancellation                   : loaded 2 times (x 70B)
Class com.google.gson.internal.UnsafeAllocator$2                                      : loaded 2 times (x 71B)
Class com.sun.xml.bind.v2.runtime.reflect.PrimitiveArrayListerCharacter               : loaded 2 times (x 74B)
Class com.google.gson.internal.UnsafeAllocator$3                                      : loaded 2 times (x 71B)
Class com.google.gson.internal.bind.SerializationDelegatingTypeAdapter                : loaded 2 times (x 72B)
Class org.gradle.internal.installation.GradleInstallation$1                           : loaded 2 times (x 73B)
Class com.google.gson.internal.UnsafeAllocator$4                                      : loaded 2 times (x 70B)
Class javax.xml.bind.helpers.AbstractUnmarshallerImpl                                 : loaded 2 times (x 128B)
Class kotlin.reflect.jvm.internal.KPackageImpl                                        : loaded 2 times (x 83B)
Class org.gradle.api.internal.classpath.DefaultModuleRegistry$DefaultModule           : loaded 2 times (x 84B)
Class net.rubygrapefruit.platform.internal.Platform                                   : loaded 2 times (x 77B)
Class com.sun.xml.bind.v2.model.impl.Util                                             : loaded 2 times (x 69B)
Class com.google.common.base.CharMatcher$JavaIsoControl                               : loaded 2 times (x 110B)
Class com.google.common.collect.MultimapBuilder$1                                     : loaded 2 times (x 81B)
Class com.sun.xml.bind.v2.runtime.BridgeImpl                                          : loaded 2 times (x 85B)
Class org.gradle.api.internal.DefaultClassPathProvider                                : loaded 2 times (x 74B)
Class com.google.common.collect.MultimapBuilder$2                                     : loaded 2 times (x 81B)
Class com.sun.xml.bind.v2.runtime.CompositeStructureBeanInfo                          : loaded 2 times (x 96B)
Class com.sun.xml.bind.v2.runtime.AnyTypeBeanInfo                                     : loaded 2 times (x 90B)
Class com.google.common.collect.MultimapBuilder$3                                     : loaded 2 times (x 82B)
Class kotlin.reflect.jvm.internal.KClassImpl$Data$inheritedStaticMembers$2            : loaded 2 times (x 77B)
Class com.google.common.collect.MultimapBuilder$4                                     : loaded 2 times (x 82B)
Class javax.activation.MimeTypeParseException                                         : loaded 2 times (x 80B)
Class javax.xml.bind.ValidationEventHandler                                           : loaded 2 times (x 68B)
Class com.google.common.cache.LocalCache$Segment                                      : loaded 2 times (x 152B)
Class kotlin.reflect.KMutableProperty                                                 : loaded 2 times (x 68B)
Class kotlin.reflect.KClassifier                                                      : loaded 2 times (x 68B)
Class com.google.common.collect.ImmutableSortedAsList                                 : loaded 2 times (x 181B)
Class com.sun.xml.bind.v2.model.impl.RuntimeAnyTypeImpl                               : loaded 2 times (x 92B)
Class com.android.tools.build.jetifier.core.proguard.ProGuardTypesMap                 : loaded 2 times (x 70B)
Class com.sun.xml.bind.v2.runtime.unmarshaller.UnmarshallerImpl                       : loaded 2 times (x 137B)
Class com.sun.xml.bind.v2.runtime.reflect.TransducedAccessor$CompositeTransducedAccessorImpl: loaded 2 times (x 77B)
Class com.sun.xml.bind.v2.model.impl.ERPropertyInfoImpl                               : loaded 2 times (x 106B)
Class com.google.common.collect.Maps$FilteredEntryMap$EntrySet$1                      : loaded 2 times (x 80B)
Class com.android.tools.build.jetifier.core.PackageMap$PackageRule                    : loaded 2 times (x 70B)
Class [Lkotlin.LazyThreadSafetyMode;                                                  : loaded 2 times (x 67B)
Class com.sun.xml.bind.v2.runtime.unmarshaller.Receiver                               : loaded 2 times (x 68B)
Class javax.xml.bind.annotation.XmlValue                                              : loaded 2 times (x 68B)
Class com.google.common.base.Suppliers$SupplierOfInstance                             : loaded 2 times (x 77B)
Class org.objectweb.asm.RecordComponentVisitor                                        : loaded 2 times (x 75B)
Class kotlin.text.Regex$Companion                                                     : loaded 2 times (x 69B)
Class com.sun.xml.bind.v2.model.core.AttributePropertyInfo                            : loaded 2 times (x 68B)
Class com.android.tools.build.jetifier.core.utils.LogConsumer                         : loaded 2 times (x 68B)
Class com.sun.xml.bind.v2.runtime.unmarshaller.TextLoader                             : loaded 2 times (x 76B)
Class com.google.common.collect.LinkedHashMultimapGwtSerializationDependencies        : loaded 2 times (x 172B)
Class com.sun.xml.bind.v2.model.runtime.RuntimeValuePropertyInfo                      : loaded 2 times (x 68B)
Class com.google.common.collect.Maps$FilteredEntryMap$EntrySet$1$1                    : loaded 2 times (x 85B)
Class javax.xml.bind.annotation.XmlElement                                            : loaded 2 times (x 68B)
Class [Lcom.google.common.cache.Weigher;                                              : loaded 2 times (x 67B)
Class com.sun.xml.bind.v2.runtime.reflect.Accessor$SetterOnlyReflection               : loaded 2 times (x 83B)
Class com.google.common.base.CharMatcher$JavaLowerCase                                : loaded 2 times (x 109B)
Class org.objectweb.asm.ClassTooLargeException                                        : loaded 2 times (x 81B)
Class com.android.tools.build.jetifier.core.rule.RewriteRulesMap$Companion            : loaded 2 times (x 69B)
Class com.android.tools.build.jetifier.core.proguard.ProGuardType                     : loaded 2 times (x 70B)
Class org.gradle.api.internal.classpath.UnknownModuleException                        : loaded 2 times (x 80B)
Class kotlin.coroutines.intrinsics.IntrinsicsKt__IntrinsicsJvmKt                      : loaded 2 times (x 69B)
Class [Lcom.google.gson.stream.JsonToken;                                             : loaded 2 times (x 67B)
Class com.sun.xml.bind.Util                                                           : loaded 2 times (x 69B)
Class com.google.common.base.Splitter                                                 : loaded 2 times (x 70B)
Class com.google.common.util.concurrent.AbstractFuture$Listener                       : loaded 2 times (x 70B)
Class kotlin.reflect.KProperty0                                                       : loaded 2 times (x 68B)
Class com.google.common.base.CaseFormat                                               : loaded 2 times (x 81B)
Class kotlin.reflect.KProperty1                                                       : loaded 2 times (x 68B)
Class com.sun.xml.bind.v2.model.runtime.RuntimeClassInfo                              : loaded 2 times (x 68B)
Class com.sun.xml.bind.v2.model.core.EnumLeafInfo                                     : loaded 2 times (x 68B)
Class kotlin.reflect.KProperty2                                                       : loaded 2 times (x 68B)
Class com.sun.xml.bind.v2.util.QNameMap$Entry                                         : loaded 2 times (x 70B)
Class org.objectweb.asm.Edge                                                          : loaded 2 times (x 70B)
Class com.sun.xml.bind.v2.runtime.BinderImpl                                          : loaded 2 times (x 84B)
Class com.google.gson.internal.bind.MapTypeAdapterFactory                             : loaded 2 times (x 73B)
Class com.google.common.collect.SetMultimap                                           : loaded 2 times (x 68B)
Class kotlin.jvm.internal.ArrayIteratorKt                                             : loaded 2 times (x 69B)
Class net.rubygrapefruit.platform.internal.FunctionResult                             : loaded 2 times (x 75B)
Class kotlin.coroutines.Continuation                                                  : loaded 2 times (x 68B)
Class javax.xml.bind.annotation.XmlIDREF                                              : loaded 2 times (x 68B)
Class org.apache.commons.io.FilenameUtils                                             : loaded 2 times (x 69B)
Class com.google.gson.internal.LinkedTreeMap$LinkedTreeMapIterator                    : loaded 2 times (x 78B)
Class com.sun.xml.bind.v2.model.annotation.AnnotationReader                           : loaded 2 times (x 68B)
Class net.rubygrapefruit.platform.internal.Platform$Window64Bit                       : loaded 2 times (x 77B)
Class [Lorg.objectweb.asm.SymbolTable$Entry;                                          : loaded 2 times (x 67B)
Class kotlin.jvm.internal.markers.KMutableList                                        : loaded 2 times (x 68B)
Class kotlin.reflect.jvm.internal.KMutableProperty1Impl$_setter$1                     : loaded 2 times (x 77B)
Class com.sun.xml.bind.v2.runtime.reflect.TransducedAccessor$CompositeContextDependentTransducedAccessorImpl: loaded 2 times (x 77B)
Class com.google.common.collect.RegularImmutableSortedSet                             : loaded 2 times (x 234B)
Class kotlin.sequences.SequenceBuilderIterator                                        : loaded 2 times (x 83B)
Class com.android.tools.build.jetifier.core.pom.PomRewriteRule$JsonData               : loaded 2 times (x 70B)
Class kotlin.reflect.jvm.internal.KClassImpl$Data                                     : loaded 2 times (x 70B)
Class com.google.common.collect.CollectSpliterators$1WithCharacteristics              : loaded 2 times (x 88B)
Class com.google.common.base.Suppliers$MemoizingSupplier                              : loaded 2 times (x 77B)
Class com.google.gson.internal.bind.ObjectTypeAdapter                                 : loaded 2 times (x 72B)
Class kotlin.reflect.jvm.internal.KDeclarationContainerImpl$Data$moduleData$2         : loaded 2 times (x 77B)
Class kotlin.reflect.jvm.internal.KClassifierImpl                                     : loaded 2 times (x 68B)
Class com.google.gson.internal.reflect.ReflectionHelper$RecordSupportedHelper         : loaded 2 times (x 76B)
Class net.rubygrapefruit.platform.internal.Platform$FreeBSD32Bit                      : loaded 2 times (x 80B)
Class kotlin.jvm.internal.MutablePropertyReference1Impl                               : loaded 2 times (x 135B)
Class com.google.gson.internal.bind.DefaultDateTypeAdapter$DateType                   : loaded 2 times (x 71B)
Class kotlin.jvm.internal.CallableReference$NoReceiver                                : loaded 2 times (x 69B)
Class org.objectweb.asm.FieldWriter                                                   : loaded 2 times (x 76B)
Class org.objectweb.asm.ClassVisitor                                                  : loaded 2 times (x 86B)
Class com.google.common.cache.LoadingCache                                            : loaded 2 times (x 68B)
Class org.gradle.internal.service.ServiceLookupException                              : loaded 2 times (x 80B)
Class kotlin.SafePublicationLazyImpl$Companion                                        : loaded 2 times (x 69B)
Class com.sun.xml.bind.v2.model.annotation.XmlRootElementQuick                        : loaded 2 times (x 90B)
Class com.sun.xml.bind.v2.model.annotation.RuntimeInlineAnnotationReader              : loaded 2 times (x 104B)
Class javax.xml.bind.annotation.XmlSchemaType                                         : loaded 2 times (x 68B)
Class com.google.gson.internal.bind.ReflectiveTypeAdapterFactory$BoundField           : loaded 2 times (x 73B)
Class org.gradle.cache.GlobalCache                                                    : loaded 2 times (x 68B)
Class com.sun.xml.bind.v2.model.core.MaybeElement                                     : loaded 2 times (x 68B)
Class com.google.gson.internal.bind.TypeAdapters                                      : loaded 2 times (x 69B)
Class [Lcom.google.gson.ToNumberPolicy;                                               : loaded 2 times (x 67B)
Class com.google.common.base.Present                                                  : loaded 2 times (x 79B)
Class com.google.common.collect.ReverseNaturalOrdering                                : loaded 2 times (x 112B)
Class javax.xml.bind.annotation.XmlEnum                                               : loaded 2 times (x 68B)
Class kotlin.reflect.jvm.internal.KMutableProperty1Impl                               : loaded 2 times (x 133B)
Class com.sun.xml.bind.v2.runtime.property.ArrayElementNodeProperty                   : loaded 2 times (x 103B)
Class kotlin.text.DelimitedRangesSequence                                             : loaded 2 times (x 73B)
Class kotlin.reflect.jvm.internal.EmptyContainerForLocal                              : loaded 2 times (x 82B)
Class com.google.common.cache.LocalCache$StrongEntry                                  : loaded 2 times (x 106B)
Class [Lorg.gradle.api.internal.ClassPathProvider;                                    : loaded 2 times (x 67B)
Class com.google.common.util.concurrent.AbstractFuture$SafeAtomicHelper               : loaded 2 times (x 77B)
Class [Lcom.sun.xml.bind.v2.model.core.PropertyKind;                                  : loaded 2 times (x 67B)
Class com.sun.xml.bind.v2.runtime.JAXBContextImpl$JAXBContextBuilder                  : loaded 2 times (x 84B)
Class com.google.common.collect.ImmutableMultimap$Values                              : loaded 2 times (x 124B)
Class javax.activation.DataSource                                                     : loaded 2 times (x 68B)
Class com.sun.xml.bind.v2.model.annotation.XmlElementQuick                            : loaded 2 times (x 94B)
Class net.rubygrapefruit.platform.internal.Platform$FreeBSD                           : loaded 2 times (x 80B)
Class org.gradle.util.internal.GUtil                                                  : loaded 2 times (x 69B)
Class kotlin.jvm.internal.CollectionToArray                                           : loaded 2 times (x 69B)
Class net.rubygrapefruit.platform.internal.Platform$Unix                              : loaded 2 times (x 80B)
Class kotlin.reflect.jvm.internal.ReflectProperties                                   : loaded 2 times (x 69B)
Class com.sun.xml.bind.v2.runtime.reflect.Accessor$ReadOnlyFieldReflection            : loaded 2 times (x 83B)
Class [Lcom.android.tools.build.jetifier.core.utils.LogLevel;                         : loaded 2 times (x 67B)
Class com.google.gson.stream.JsonWriter                                               : loaded 2 times (x 96B)
Class net.rubygrapefruit.platform.Process                                             : loaded 2 times (x 68B)
Class com.google.common.collect.ImmutableMap$SerializedForm                           : loaded 2 times (x 71B)
Class org.gradle.internal.classloader.ClassLoaderSpec                                 : loaded 2 times (x 69B)
Class com.sun.xml.bind.v2.model.impl.RuntimeArrayInfoImpl                             : loaded 2 times (x 105B)
Class kotlin.jvm.internal.PropertyReference2                                          : loaded 2 times (x 125B)
Class com.sun.xml.bind.v2.runtime.unmarshaller.XsiNilLoader                           : loaded 2 times (x 78B)
Class org.objectweb.asm.Frame                                                         : loaded 2 times (x 71B)
Class com.google.common.cache.LocalCache$LocalManualCache                             : loaded 2 times (x 97B)
Class kotlin.jvm.internal.PropertyReference1                                          : loaded 2 times (x 125B)
Class kotlin.jvm.internal.PropertyReference0                                          : loaded 2 times (x 125B)
Class [Lkotlin.reflect.KAnnotatedElement;                                             : loaded 2 times (x 67B)
Class net.rubygrapefruit.platform.NativeIntegrationUnavailableException               : loaded 2 times (x 80B)
Class com.google.common.cache.CacheLoader$1                                           : loaded 2 times (x 73B)
Class com.google.common.collect.LinkedHashMultimap$ValueEntry                         : loaded 2 times (x 87B)
Class com.sun.xml.bind.v2.model.impl.Utils$1                                          : loaded 2 times (x 75B)
Class net.rubygrapefruit.platform.NativeIntegration                                   : loaded 2 times (x 68B)
Class com.sun.xml.bind.v2.runtime.unmarshaller.XsiTypeLoader                          : loaded 2 times (x 76B)
Class com.android.tools.build.jetifier.core.type.TypesMap$JsonData                    : loaded 2 times (x 70B)
Class com.google.common.util.concurrent.AbstractFuture$TrustedFuture                  : loaded 2 times (x 95B)
Class com.sun.xml.bind.v2.model.impl.RuntimeEnumLeafInfoImpl                          : loaded 2 times (x 147B)
Class com.sun.xml.bind.v2.model.impl.ClassInfoImpl$DuplicateException                 : loaded 2 times (x 80B)
Class com.sun.xml.bind.v2.runtime.JAXBContextImpl                                     : loaded 2 times (x 88B)
Class kotlin.collections.IndexedValue                                                 : loaded 2 times (x 70B)
Class kotlin.SafePublicationLazyImpl                                                  : loaded 2 times (x 74B)
Class com.sun.xml.bind.v2.model.impl.ElementInfoImpl                                  : loaded 2 times (x 107B)
Class com.google.gson.internal.bind.TypeAdapters$EnumTypeAdapter                      : loaded 2 times (x 72B)
Class kotlin.reflect.KProperty$Accessor                                               : loaded 2 times (x 68B)
Class com.sun.xml.bind.v2.runtime.unmarshaller.WildcardLoader                         : loaded 2 times (x 77B)
Class org.apache.commons.io.FileExistsException                                       : loaded 2 times (x 80B)
Class com.sun.xml.bind.v2.model.core.LeafInfo                                         : loaded 2 times (x 68B)
Class com.google.common.collect.Maps$ViewCachingAbstractMap                           : loaded 2 times (x 123B)
Class com.google.common.collect.MultimapBuilder$ListMultimapBuilder                   : loaded 2 times (x 73B)
Class [Lcom.sun.xml.bind.v2.model.annotation.Quick;                                   : loaded 2 times (x 67B)
Class com.sun.xml.bind.v2.model.impl.RuntimeClassInfoImpl                             : loaded 2 times (x 160B)
Class com.sun.xml.bind.v2.util.FlattenIterator                                        : loaded 2 times (x 77B)
Class com.sun.xml.bind.v2.model.runtime.RuntimeArrayInfo                              : loaded 2 times (x 68B)
Class org.apache.commons.io.output.QueueOutputStream                                  : loaded 2 times (x 85B)
Class com.google.common.collect.ForwardingMapEntry                                    : loaded 2 times (x 84B)
Class javax.xml.bind.annotation.W3CDomHandler                                         : loaded 2 times (x 83B)
Class kotlin.annotation.AnnotationTarget                                              : loaded 2 times (x 77B)
Class kotlin.text.Regex                                                               : loaded 2 times (x 70B)
Class com.google.gson.Gson$FutureTypeAdapter                                          : loaded 2 times (x 74B)
Class javax.xml.bind.UnmarshalException                                               : loaded 2 times (x 83B)
Class kotlin.coroutines.intrinsics.IntrinsicsKt__IntrinsicsKt                         : loaded 2 times (x 69B)
Class com.google.common.collect.Sets$FilteredSet                                      : loaded 2 times (x 135B)
Class org.gradle.api.Action                                                           : loaded 2 times (x 68B)
Class com.sun.xml.bind.v2.ClassFactory                                                : loaded 2 times (x 69B)
Class com.google.gson.internal.bind.DateTypeAdapter$1                                 : loaded 2 times (x 73B)
Class com.sun.xml.bind.v2.model.annotation.Locatable                                  : loaded 2 times (x 68B)
Class com.google.common.cache.CacheBuilder$OneWeigher                                 : loaded 2 times (x 80B)
Class com.google.common.collect.ImmutableMapKeySet                                    : loaded 2 times (x 150B)
Class com.sun.xml.bind.v2.model.core.MapPropertyInfo                                  : loaded 2 times (x 68B)
Class kotlin.UnsafeLazyImpl                                                           : loaded 2 times (x 74B)
Class net.rubygrapefruit.platform.internal.Platform$MacOs32Bit                        : loaded 2 times (x 80B)
Class com.sun.xml.bind.api.BridgeContext                                              : loaded 2 times (x 74B)
Class kotlin.reflect.jvm.internal.KCallableImpl                                       : loaded 2 times (x 103B)
Class com.google.common.base.MoreObjects                                              : loaded 2 times (x 69B)
Class com.google.common.collect.ForwardingSet                                         : loaded 2 times (x 149B)
Class com.google.gson.internal.reflect.ReflectionHelper                               : loaded 2 times (x 69B)
Class org.objectweb.asm.SymbolTable                                                   : loaded 2 times (x 70B)
Class kotlin.reflect.KMutableProperty0                                                : loaded 2 times (x 68B)
Class kotlin.reflect.KMutableProperty1                                                : loaded 2 times (x 68B)
Class [Lorg.objectweb.asm.AnnotationVisitor;                                          : loaded 2 times (x 67B)
Class kotlin.reflect.KMutableProperty2                                                : loaded 2 times (x 68B)
Class com.google.common.cache.CacheStats                                              : loaded 2 times (x 69B)
Class com.sun.xml.bind.v2.runtime.reflect.Lister$1                                    : loaded 2 times (x 74B)
Class com.sun.xml.bind.annotation.OverrideAnnotationOf                                : loaded 2 times (x 68B)
Class kotlin.coroutines.jvm.internal.BaseContinuationImpl                             : loaded 2 times (x 85B)
Class org.objectweb.asm.Attribute                                                     : loaded 2 times (x 75B)
Class com.sun.xml.bind.v2.runtime.reflect.Lister$2                                    : loaded 2 times (x 75B)
Class [Lcom.sun.xml.bind.v2.model.impl.ClassInfoImpl$SecondaryAnnotation;             : loaded 2 times (x 67B)
Class com.sun.xml.bind.v2.runtime.unmarshaller.TagName                                : loaded 2 times (x 73B)
Class javax.xml.bind.annotation.adapters.XmlJavaTypeAdapter                           : loaded 2 times (x 68B)
Class com.sun.xml.bind.v2.model.impl.RuntimeBuiltinLeafInfoImpl$10                    : loaded 2 times (x 134B)
Class org.gradle.internal.classloader.VisitableURLClassLoader                         : loaded 2 times (x 115B)
Class com.sun.xml.bind.v2.model.impl.RuntimeBuiltinLeafInfoImpl$11                    : loaded 2 times (x 134B)
Class com.google.common.cache.LocalCache$LocalLoadingCache                            : loaded 2 times (x 132B)
Class com.sun.xml.bind.v2.model.impl.RuntimeBuiltinLeafInfoImpl$12                    : loaded 2 times (x 134B)
Class com.sun.xml.bind.v2.model.impl.RuntimeBuiltinLeafInfoImpl$13                    : loaded 2 times (x 135B)
Class kotlin.reflect.jvm.internal.RuntimeTypeMapper                                   : loaded 2 times (x 69B)
Class com.sun.xml.bind.v2.model.impl.RuntimeBuiltinLeafInfoImpl$14                    : loaded 2 times (x 134B)
Class com.sun.xml.bind.v2.model.runtime.RuntimeNonElement                             : loaded 2 times (x 68B)
Class com.sun.xml.bind.v2.model.impl.RuntimeBuiltinLeafInfoImpl$15                    : loaded 2 times (x 134B)
Class kotlin.reflect.jvm.internal.KCallableImpl$_returnType$1                         : loaded 2 times (x 77B)
Class com.sun.xml.bind.v2.model.impl.RuntimeBuiltinLeafInfoImpl$16                    : loaded 2 times (x 134B)
Class kotlin.reflect.jvm.internal.KPropertyImpl$_javaField$1                          : loaded 2 times (x 77B)
Class com.sun.xml.bind.v2.model.impl.RuntimeBuiltinLeafInfoImpl$17                    : loaded 2 times (x 134B)
Class com.sun.xml.bind.v2.model.impl.TypeInfoSetImpl$1                                : loaded 2 times (x 78B)
Class com.sun.xml.bind.v2.model.impl.RuntimeBuiltinLeafInfoImpl$18                    : loaded 2 times (x 134B)
Class com.google.common.collect.ImmutableMultimap$Keys                                : loaded 2 times (x 164B)
Class kotlin.reflect.jvm.internal.KClassImpl$Data$declaredMembers$2                   : loaded 2 times (x 77B)
Class com.google.common.base.CharMatcher$Digit                                        : loaded 2 times (x 110B)
Class com.google.common.util.concurrent.AbstractFuture$AtomicHelper                   : loaded 2 times (x 76B)
Class com.sun.xml.bind.v2.model.impl.RuntimeBuiltinLeafInfoImpl$19                    : loaded 2 times (x 134B)
Class android.databinding.tool.util.Preconditions                                     : loaded 2 times (x 69B)
Class org.gradle.internal.Cast                                                        : loaded 2 times (x 69B)
Class kotlin.reflect.KMutableProperty$Setter                                          : loaded 2 times (x 68B)
Class com.google.common.collect.NullnessCasts                                         : loaded 2 times (x 69B)
Class com.sun.xml.bind.AccessorFactoryImpl                                            : loaded 2 times (x 79B)
Class com.google.gson.internal.bind.ReflectiveTypeAdapterFactory$1                    : loaded 2 times (x 77B)
Class com.google.gson.LongSerializationPolicy$1                                       : loaded 2 times (x 78B)
Class Build_gradle                                                                    : loaded 2 times (x 128B)
Class com.sun.xml.bind.v2.model.runtime.RuntimePropertyInfo                           : loaded 2 times (x 68B)
Class com.sun.xml.bind.v2.model.impl.RuntimeBuiltinLeafInfoImpl                       : loaded 2 times (x 131B)
Class com.google.gson.LongSerializationPolicy$2                                       : loaded 2 times (x 78B)
Class kotlin.reflect.jvm.internal.ReflectionFactoryImpl                               : loaded 2 times (x 89B)
Class org.gradle.api.internal.ClassPathRegistry                                       : loaded 2 times (x 68B)
Class com.google.gson.internal.bind.TypeAdapterRuntimeTypeWrapper                     : loaded 2 times (x 72B)
Class com.google.gson.internal.Excluder$1                                             : loaded 2 times (x 72B)
Class com.sun.xml.bind.v2.model.annotation.SecureLoader                               : loaded 2 times (x 69B)
Class com.google.gson.stream.JsonReader                                               : loaded 2 times (x 95B)
Class com.google.common.cache.LocalCache$EntryFactory                                 : loaded 2 times (x 81B)
Class com.google.gson.stream.MalformedJsonException                                   : loaded 2 times (x 80B)
Class [Lcom.google.common.base.CaseFormat;                                            : loaded 2 times (x 67B)
Class com.google.common.util.concurrent.UncheckedExecutionException                   : loaded 2 times (x 80B)
Class com.sun.xml.bind.v2.runtime.unmarshaller.SAXConnector                           : loaded 2 times (x 99B)
Class org.gradle.internal.classloader.VisitableURLClassLoader$InstrumentingVisitableURLClassLoader: loaded 2 times (x 121B)
Class com.google.gson.internal.bind.MapTypeAdapterFactory$Adapter                     : loaded 2 times (x 72B)
Class kotlin.coroutines.jvm.internal.DebugProbesKt                                    : loaded 2 times (x 69B)
Class org.gradle.internal.classloader.ClassLoaderHierarchy                            : loaded 2 times (x 68B)
Class com.sun.xml.bind.v2.model.runtime.RuntimeLeafInfo                               : loaded 2 times (x 68B)
Class com.google.gson.internal.Primitives                                             : loaded 2 times (x 69B)
Class com.sun.xml.bind.v2.runtime.unmarshaller.LeafPropertyLoader                     : loaded 2 times (x 76B)
Class com.google.common.collect.Maps$FilteredEntryMap$EntrySet                        : loaded 2 times (x 150B)
Class kotlin.text.DelimitedRangesSequence$iterator$1                                  : loaded 2 times (x 77B)
Class com.sun.xml.bind.v2.model.impl.ClassInfoImpl$SecondaryAnnotation                : loaded 2 times (x 78B)
Class kotlin.jvm.internal.MutablePropertyReference                                    : loaded 2 times (x 117B)
Class android.databinding.tool.processing.ScopedException                             : loaded 2 times (x 84B)
Class com.sun.xml.bind.v2.model.impl.RuntimeBuiltinLeafInfoImpl$20                    : loaded 2 times (x 134B)
Class javax.xml.bind.annotation.XmlElementRefs                                        : loaded 2 times (x 68B)
Class com.sun.xml.bind.v2.model.impl.ElementPropertyInfoImpl$1                        : loaded 2 times (x 160B)
Class com.sun.xml.bind.v2.model.impl.RuntimeBuiltinLeafInfoImpl$21                    : loaded 2 times (x 134B)
Class com.sun.xml.bind.v2.model.impl.RuntimeBuiltinLeafInfoImpl$22                    : loaded 2 times (x 134B)
Class com.sun.xml.bind.v2.model.impl.RuntimeBuiltinLeafInfoImpl$23                    : loaded 2 times (x 134B)
Class com.sun.istack.SAXException2                                                    : loaded 2 times (x 81B)
Class com.sun.xml.bind.v2.model.impl.RuntimeBuiltinLeafInfoImpl$24                    : loaded 2 times (x 135B)
Class com.sun.xml.bind.v2.runtime.output.Pcdata                                       : loaded 2 times (x 86B)
Class com.sun.xml.bind.v2.model.impl.RuntimeBuiltinLeafInfoImpl$26                    : loaded 2 times (x 134B)
Class kotlin.collections.builders.MapBuilder                                          : loaded 2 times (x 110B)
Class com.sun.xml.bind.v2.model.impl.RuntimeBuiltinLeafInfoImpl$27                    : loaded 2 times (x 134B)
Class javax.xml.bind.annotation.XmlElementWrapper                                     : loaded 2 times (x 68B)
Class com.sun.xml.bind.v2.model.impl.RuntimeBuiltinLeafInfoImpl$28                    : loaded 2 times (x 74B)
Class com.google.common.base.CharMatcher$JavaDigit                                    : loaded 2 times (x 109B)
Class com.sun.xml.bind.v2.runtime.unmarshaller.XmlVisitor                             : loaded 2 times (x 68B)
Class com.google.gson.JsonArray                                                       : loaded 2 times (x 98B)
Class com.sun.xml.bind.v2.model.runtime.RuntimeBuiltinLeafInfo                        : loaded 2 times (x 68B)
Class com.sun.xml.bind.v2.model.impl.RuntimeValuePropertyInfoImpl                     : loaded 2 times (x 133B)
Class net.rubygrapefruit.platform.internal.LibraryDef                                 : loaded 2 times (x 70B)
Class [Lorg.objectweb.asm.Type;                                                       : loaded 2 times (x 67B)
Class com.sun.xml.bind.v2.model.impl.MapPropertyInfoImpl                              : loaded 2 times (x 117B)
Class com.google.common.collect.MultimapBuilder$SortedSetMultimapBuilder              : loaded 2 times (x 75B)
Class javax.xml.bind.annotation.XmlSchemaTypes                                        : loaded 2 times (x 68B)
Class kotlin.sequences.TransformingSequence$iterator$1                                : loaded 2 times (x 77B)
Class com.google.common.base.AbstractIterator$State                                   : loaded 2 times (x 77B)
Class com.google.common.cache.Weigher                                                 : loaded 2 times (x 68B)
Class com.sun.xml.bind.v2.runtime.InternalBridge                                      : loaded 2 times (x 85B)
Class com.google.gson.JsonPrimitive                                                   : loaded 2 times (x 91B)
Class kotlin.collections.IndexingIterator                                             : loaded 2 times (x 77B)
Class javax.xml.bind.annotation.DomHandler                                            : loaded 2 times (x 68B)
Class com.google.gson.internal.ObjectConstructor                                      : loaded 2 times (x 68B)
Class com.google.gson.Gson                                                            : loaded 2 times (x 70B)
Class org.apache.http.message.AbstractHttpMessage                                     : loaded 2 times (x 106B)
Class Settings_gradle$1$1                                                             : loaded 2 times (x 72B)
Class kotlin.collections.IndexingIterable                                             : loaded 2 times (x 77B)
Class org.gradle.internal.InternalTransformer                                         : loaded 2 times (x 68B)
Class com.sun.xml.bind.api.AccessorException                                          : loaded 2 times (x 80B)
Class com.sun.xml.bind.v2.runtime.ElementBeanInfoImpl                                 : loaded 2 times (x 87B)
Class com.sun.xml.bind.v2.model.impl.RuntimeBuiltinLeafInfoImpl$StringImpl            : loaded 2 times (x 132B)
Class kotlin.reflect.jvm.internal.impl.builtins.StandardNames$FqNames                 : loaded 2 times (x 69B)
Class org.gradle.internal.service.ServiceLocator                                      : loaded 2 times (x 68B)
Class com.sun.xml.bind.v2.runtime.reflect.Utils$1                                     : loaded 2 times (x 75B)
Class com.google.gson.internal.bind.JsonAdapterAnnotationTypeAdapterFactory           : loaded 2 times (x 73B)
Class Settings_gradle$1                                                               : loaded 2 times (x 72B)
Class net.rubygrapefruit.platform.internal.Platform$Linux                             : loaded 2 times (x 81B)
Class com.sun.xml.bind.v2.runtime.property.ArrayElementProperty                       : loaded 2 times (x 103B)
Class com.sun.xml.bind.v2.model.annotation.XmlAttributeQuick                          : loaded 2 times (x 91B)
Class com.google.common.util.concurrent.SettableFuture                                : loaded 2 times (x 95B)
Class com.sun.xml.bind.v2.model.core.TypeRef                                          : loaded 2 times (x 68B)
Class kotlin.reflect.jvm.internal.KClassImpl$Data$declaredStaticMembers$2             : loaded 2 times (x 77B)
Class net.rubygrapefruit.platform.NativeException                                     : loaded 2 times (x 80B)
Class net.rubygrapefruit.platform.Native                                              : loaded 2 times (x 69B)
Class com.sun.xml.bind.v2.model.core.Element                                          : loaded 2 times (x 68B)
Class com.sun.xml.bind.unmarshaller.InfosetScanner                                    : loaded 2 times (x 68B)
Class com.google.common.collect.ImmutableBiMap$SerializedForm                         : loaded 2 times (x 73B)
Class [Lcom.sun.xml.bind.v2.runtime.property.PropertyImpl;                            : loaded 2 times (x 67B)
Class com.sun.xml.bind.InternalAccessorFactory                                        : loaded 2 times (x 68B)
Class com.sun.xml.bind.api.impl.NameConverter$Standard                                : loaded 2 times (x 91B)
Class android.databinding.tool.CompilerArguments$Companion                            : loaded 2 times (x 69B)
Class com.sun.xml.bind.v2.model.annotation.AnnotationSource                           : loaded 2 times (x 68B)
Class net.rubygrapefruit.platform.internal.Platform$Window32Bit                       : loaded 2 times (x 77B)
Class javax.xml.bind.ValidationEvent                                                  : loaded 2 times (x 68B)
Class kotlin.coroutines.jvm.internal.CoroutineStackFrame                              : loaded 2 times (x 68B)
Class com.sun.xml.bind.v2.util.ByteArrayOutputStreamEx                                : loaded 2 times (x 92B)
Class com.sun.istack.FinalArrayList                                                   : loaded 2 times (x 169B)
Class [Lkotlin.reflect.jvm.internal.impl.builtins.PrimitiveType;                      : loaded 2 times (x 67B)
Class com.google.gson.internal.JsonReaderInternalAccess                               : loaded 2 times (x 70B)
Class org.gradle.api.internal.classpath.DefaultModuleRegistry                         : loaded 2 times (x 84B)
Class com.sun.xml.bind.v2.model.core.ClassInfo                                        : loaded 2 times (x 68B)
Class com.google.common.base.CharMatcher$Invisible                                    : loaded 2 times (x 110B)
Class kotlin.reflect.KFunction                                                        : loaded 2 times (x 68B)
Class com.google.common.collect.LinkedHashMultimap$ValueSetLink                       : loaded 2 times (x 68B)
Class com.google.common.cache.RemovalListener                                         : loaded 2 times (x 68B)
Class org.gradle.internal.classpath.ClassPath                                         : loaded 2 times (x 68B)
Class kotlin.jvm.KotlinReflectionNotSupportedError                                    : loaded 2 times (x 80B)
Class com.google.common.cache.CacheLoader$SupplierToCacheLoader                       : loaded 2 times (x 73B)
Class org.apache.http.client.methods.AbstractExecutionAwareRequest                    : loaded 2 times (x 126B)
Class org.apache.http.client.methods.HttpRequestBase                                  : loaded 2 times (x 143B)
Class com.google.gson.internal.bind.TypeAdapters$10                                   : loaded 2 times (x 73B)
Class com.google.gson.internal.bind.TypeAdapters$11                                   : loaded 2 times (x 73B)
Class com.google.common.collect.ImmutableMultiset                                     : loaded 2 times (x 161B)
Class com.google.gson.internal.bind.TypeAdapters$12                                   : loaded 2 times (x 73B)
Class kotlin.reflect.jvm.internal.impl.builtins.PrimitiveType$typeFqName$2            : loaded 2 times (x 77B)
Class kotlin.reflect.jvm.internal.KDeclarationContainerImpl                           : loaded 2 times (x 82B)
Class com.google.gson.internal.bind.TypeAdapters$13                                   : loaded 2 times (x 73B)
Class com.sun.xml.bind.v2.runtime.property.ArrayERProperty$ItemsLoader                : loaded 2 times (x 76B)
Class com.sun.xml.bind.v2.model.nav.ReflectionNavigator$10                            : loaded 2 times (x 75B)
Class com.google.gson.internal.bind.TypeAdapters$14                                   : loaded 2 times (x 73B)
Class com.google.gson.internal.sql.SqlTypesSupport                                    : loaded 2 times (x 69B)
Class org.gradle.internal.classpath.DefaultClassPath$ImmutableUniqueList              : loaded 2 times (x 159B)
Class com.google.gson.internal.bind.TypeAdapters$15                                   : loaded 2 times (x 73B)
Class com.sun.xml.bind.v2.model.core.Ref                                              : loaded 2 times (x 70B)
Class com.google.gson.internal.bind.TypeAdapters$16                                   : loaded 2 times (x 73B)
Class com.sun.xml.bind.v2.runtime.unmarshaller.UnmarshallingContext                   : loaded 2 times (x 101B)
Class com.google.gson.internal.bind.TypeAdapters$17                                   : loaded 2 times (x 73B)
Class com.google.gson.internal.bind.TypeAdapters$18                                   : loaded 2 times (x 73B)
Class [Lcom.google.gson.FieldNamingStrategy;                                          : loaded 2 times (x 67B)
Class com.google.common.base.CharMatcher$JavaLetter                                   : loaded 2 times (x 109B)
Class com.google.common.collect.ImmutableMultimap$1                                   : loaded 2 times (x 80B)
Class com.google.gson.internal.bind.TypeAdapters$19                                   : loaded 2 times (x 73B)
Class com.google.common.collect.ImmutableMultimap$2                                   : loaded 2 times (x 79B)
Class com.google.gson.annotations.SerializedName                                      : loaded 2 times (x 68B)
Class javax.xml.bind.annotation.XmlAttachmentRef                                      : loaded 2 times (x 68B)
Class com.android.tools.build.jetifier.core.type.TypesMap                             : loaded 2 times (x 70B)
Class com.google.gson.internal.bind.ArrayTypeAdapter                                  : loaded 2 times (x 72B)
Class org.gradle.internal.classpath.TransformedClassPath                              : loaded 2 times (x 94B)
Class kotlin.coroutines.jvm.internal.SuspendFunction                                  : loaded 2 times (x 68B)
Class com.sun.xml.bind.api.impl.NameUtil                                              : loaded 2 times (x 78B)
Class com.google.gson.internal.bind.TreeTypeAdapter                                   : loaded 2 times (x 73B)
Class com.sun.xml.bind.v2.model.nav.ReflectionNavigator$BinderArg                     : loaded 2 times (x 71B)
Class [Lkotlin.reflect.jvm.internal.impl.resolve.jvm.JvmPrimitiveType;                : loaded 2 times (x 67B)
Class com.sun.xml.bind.v2.runtime.property.SingleReferenceNodeProperty                : loaded 2 times (x 100B)
Class kotlin.reflect.jvm.internal.impl.builtins.StandardNames                         : loaded 2 times (x 69B)
Class com.google.common.util.concurrent.AbstractFuture$Trusted                        : loaded 2 times (x 68B)
Class javax.xml.bind.DatatypeConverterInterface                                       : loaded 2 times (x 68B)
Class com.google.common.base.VerifyException                                          : loaded 2 times (x 80B)
Class com.google.common.graph.SuccessorsFunction                                      : loaded 2 times (x 68B)
Class android.databinding.tool.CompilerArguments                                      : loaded 2 times (x 70B)
Class kotlin.LazyThreadSafetyMode                                                     : loaded 2 times (x 77B)
Class kotlin.reflect.jvm.internal.KClassImpl$Data$allStaticMembers$2                  : loaded 2 times (x 77B)
Class com.sun.xml.bind.v2.runtime.reflect.Utils                                       : loaded 2 times (x 69B)
Class [Ldagger.hilt.processor.internal.optionvalues.GradleProjectType;                : loaded 2 times (x 67B)
Class javax.xml.bind.MarshalException                                                 : loaded 2 times (x 83B)
Class Settings_gradle                                                                 : loaded 2 times (x 126B)
Class kotlin.jvm.functions.Function10                                                 : loaded 2 times (x 68B)
Class com.google.common.collect.SortedIterables                                       : loaded 2 times (x 69B)
Class kotlin.jvm.functions.Function11                                                 : loaded 2 times (x 68B)
Class kotlin.coroutines.intrinsics.CoroutineSingletons                                : loaded 2 times (x 77B)
Class kotlin.jvm.functions.Function12                                                 : loaded 2 times (x 68B)
Class kotlin.jvm.functions.Function13                                                 : loaded 2 times (x 68B)
Class com.google.gson.internal.sql.SqlTimeTypeAdapter                                 : loaded 2 times (x 72B)
Class kotlin.jvm.functions.Function14                                                 : loaded 2 times (x 68B)
Class com.google.gson.internal.bind.TypeAdapters$20                                   : loaded 2 times (x 73B)
Class kotlin.jvm.functions.Function15                                                 : loaded 2 times (x 68B)
Class com.google.gson.internal.bind.TypeAdapters$21                                   : loaded 2 times (x 73B)
Class kotlin.jvm.functions.Function16                                                 : loaded 2 times (x 68B)
Class org.objectweb.asm.MethodWriter                                                  : loaded 2 times (x 104B)
Class com.google.gson.internal.bind.TypeAdapters$22                                   : loaded 2 times (x 73B)
Class kotlin.jvm.functions.Function17                                                 : loaded 2 times (x 68B)
Class com.google.gson.internal.bind.TypeAdapters$23                                   : loaded 2 times (x 73B)
Class kotlin.jvm.functions.Function18                                                 : loaded 2 times (x 68B)
Class com.google.gson.internal.bind.TypeAdapters$24                                   : loaded 2 times (x 73B)
Class kotlin.jvm.functions.Function19                                                 : loaded 2 times (x 68B)
Class com.sun.xml.bind.v2.model.annotation.XmlSchemaTypeQuick                         : loaded 2 times (x 91B)
Class com.google.gson.internal.bind.TypeAdapters$25                                   : loaded 2 times (x 73B)
Class com.android.tools.build.jetifier.core.proguard.ProGuardType$Companion           : loaded 2 times (x 69B)
Class com.google.gson.internal.bind.TypeAdapters$26                                   : loaded 2 times (x 73B)
Class com.google.gson.internal.bind.TypeAdapters$27                                   : loaded 2 times (x 73B)
Class com.google.common.collect.Multimaps                                             : loaded 2 times (x 69B)
Class com.sun.xml.bind.v2.runtime.property.PropertyImpl                               : loaded 2 times (x 100B)
Class com.google.gson.internal.bind.TypeAdapters$28                                   : loaded 2 times (x 73B)
Class kotlin.coroutines.intrinsics.IntrinsicsKt                                       : loaded 2 times (x 69B)
Class com.google.gson.internal.bind.TypeAdapters$29                                   : loaded 2 times (x 73B)
Class com.google.common.collect.Maps$IteratorBasedAbstractMap$1                       : loaded 2 times (x 136B)
Class kotlin.jvm.internal.markers.KMutableListIterator                                : loaded 2 times (x 68B)
Class kotlin.reflect.jvm.internal.impl.builtins.PrimitiveType$Companion               : loaded 2 times (x 69B)
Class com.google.common.collect.Maps$13                                               : loaded 2 times (x 83B)
Class com.sun.xml.bind.v2.model.runtime.RuntimeElementInfo                            : loaded 2 times (x 68B)
Class com.sun.xml.bind.v2.runtime.property.AttributeProperty                          : loaded 2 times (x 103B)
Class com.sun.xml.bind.v2.runtime.JaxBeanInfo$1                                       : loaded 2 times (x 75B)
Class javax.xml.bind.Unmarshaller                                                     : loaded 2 times (x 68B)
Class com.google.common.collect.Maps$12                                               : loaded 2 times (x 80B)
Class com.google.common.util.concurrent.ExecutionError                                : loaded 2 times (x 80B)
Class com.sun.xml.bind.v2.model.impl.TypeRefImpl                                      : loaded 2 times (x 85B)
Class com.google.gson.internal.LinkedTreeMap$Node                                     : loaded 2 times (x 77B)
Class com.sun.xml.bind.v2.model.core.RegistryInfo                                     : loaded 2 times (x 68B)
Class org.objectweb.asm.ModuleVisitor                                                 : loaded 2 times (x 79B)
Class net.rubygrapefruit.platform.internal.FunctionResult$Failure                     : loaded 2 times (x 77B)
Class org.apache.commons.io.function.IOFunction                                       : loaded 2 times (x 68B)
Class com.sun.xml.bind.v2.runtime.reflect.ListIterator                                : loaded 2 times (x 68B)
Class com.sun.xml.bind.v2.model.annotation.XmlEnumQuick                               : loaded 2 times (x 89B)
Class com.google.common.collect.AbstractIterator$1                                    : loaded 2 times (x 69B)
Class com.sun.xml.bind.v2.model.nav.TypeVisitor                                       : loaded 2 times (x 74B)
Class kotlin.DeprecationLevel                                                         : loaded 2 times (x 77B)
Class org.apache.http.client.methods.HttpExecutionAware                               : loaded 2 times (x 68B)
Class com.google.common.cache.LocalCache                                              : loaded 2 times (x 185B)
Class javax.xml.bind.helpers.DefaultValidationEventHandler                            : loaded 2 times (x 73B)
Class kotlin.jvm.internal.PropertyReference                                           : loaded 2 times (x 113B)
Class com.sun.xml.bind.v2.model.annotation.XmlValueQuick                              : loaded 2 times (x 88B)
Class kotlin.io.FileTreeWalk$FileTreeWalkIterator$SingleFileState                     : loaded 2 times (x 72B)
Class com.sun.xml.bind.v2.runtime.property.PropertyFactory$1                          : loaded 2 times (x 69B)
Class kotlin.jvm.functions.Function20                                                 : loaded 2 times (x 68B)
Class com.google.common.collect.UsingToStringOrdering                                 : loaded 2 times (x 112B)
Class kotlin.jvm.functions.Function21                                                 : loaded 2 times (x 68B)
Class com.sun.xml.bind.v2.util.QNameMap                                               : loaded 2 times (x 70B)
Class kotlin.jvm.functions.Function22                                                 : loaded 2 times (x 68B)
Class com.google.common.util.concurrent.AbstractFuture$UnsafeAtomicHelper$1           : loaded 2 times (x 74B)
Class com.sun.xml.bind.v2.runtime.reflect.Lister$IDREFS                               : loaded 2 times (x 75B)
Class com.google.common.base.CharMatcher$JavaUpperCase                                : loaded 2 times (x 109B)
Class com.sun.xml.bind.v2.model.core.ElementInfo                                      : loaded 2 times (x 68B)
Class com.android.tools.build.jetifier.core.TypeRewriter$Companion                    : loaded 2 times (x 69B)
Class com.android.tools.build.jetifier.core.config.Config$JsonData                    : loaded 2 times (x 70B)
Class com.sun.istack.Pool$Impl                                                        : loaded 2 times (x 75B)
Class com.sun.xml.bind.v2.model.core.ArrayInfo                                        : loaded 2 times (x 68B)
Class com.google.gson.internal.bind.TypeAdapters$31                                   : loaded 2 times (x 74B)
Class com.google.gson.internal.bind.TypeAdapters$32                                   : loaded 2 times (x 74B)
Class com.sun.xml.bind.v2.runtime.reflect.DefaultTransducedAccessor                   : loaded 2 times (x 77B)
Class com.google.gson.internal.bind.TypeAdapters$33                                   : loaded 2 times (x 74B)
Class com.google.gson.internal.bind.TypeAdapters$34                                   : loaded 2 times (x 74B)
Class com.google.gson.internal.ConstructorConstructor$13                              : loaded 2 times (x 73B)
Class com.sun.xml.bind.v2.runtime.JaxBeanInfo                                         : loaded 2 times (x 87B)
Class com.google.gson.internal.ConstructorConstructor$16                              : loaded 2 times (x 73B)
Class com.google.common.collect.MultimapBuilder$MultimapBuilderWithKeys$1             : loaded 2 times (x 74B)
Class kotlin.reflect.jvm.internal.KDeclarationContainerImpl$Companion                 : loaded 2 times (x 69B)
Class com.google.common.collect.MultimapBuilder$MultimapBuilderWithKeys$2             : loaded 2 times (x 74B)
Class com.google.gson.internal.ConstructorConstructor$18                              : loaded 2 times (x 73B)
Class com.sun.xml.bind.v2.runtime.reflect.TransducedAccessor$IDREFTransducedAccessorImpl: loaded 2 times (x 78B)
Class com.google.common.collect.MultimapBuilder$MultimapBuilderWithKeys$3             : loaded 2 times (x 74B)
Class com.sun.xml.bind.v2.runtime.reflect.Accessor$FieldReflection                    : loaded 2 times (x 83B)
Class com.google.gson.internal.ConstructorConstructor$19                              : loaded 2 times (x 74B)
Class com.google.common.collect.MultimapBuilder$MultimapBuilderWithKeys$4             : loaded 2 times (x 74B)
Class com.google.common.collect.NullsLastOrdering                                     : loaded 2 times (x 113B)
Class javax.xml.bind.ValidationEventLocator                                           : loaded 2 times (x 68B)
Class kotlin.collections.builders.MapBuilder$Companion                                : loaded 2 times (x 69B)
Class org.apache.http.HttpRequest                                                     : loaded 2 times (x 68B)
Class org.objectweb.asm.MethodVisitor                                                 : loaded 2 times (x 103B)
Class com.google.common.collect.MultimapBuilder$MultimapBuilderWithKeys$5             : loaded 2 times (x 76B)
Class com.google.common.collect.MultimapBuilder$MultimapBuilderWithKeys$6             : loaded 2 times (x 74B)
Class com.google.common.collect.AbstractMapBasedMultimap$KeySet$1                     : loaded 2 times (x 80B)
Class org.gradle.internal.installation.GradleInstallation                             : loaded 2 times (x 73B)
Class kotlin.jvm.functions.Function6                                                  : loaded 2 times (x 68B)
Class com.sun.xml.bind.v2.runtime.reflect.TransducedAccessor                          : loaded 2 times (x 76B)
Class com.google.gson.stream.JsonToken                                                : loaded 2 times (x 77B)


---------------  S Y S T E M  ---------------

OS:
 Windows 11 , 64 bit Build 22621 (10.0.22621.3958)
OS uptime: 1 days 6:22 hours
Hyper-V role detected

CPU: total 20 (initial active 20) (10 cores per cpu, 2 threads per core) family 6 model 154 stepping 3 microcode 0x429, cx8, cmov, fxsr, ht, mmx, 3dnowpref, sse, sse2, sse3, ssse3, sse4.1, sse4.2, popcnt, lzcnt, tsc, tscinvbit, avx, avx2, aes, erms, clmul, bmi1, bmi2, adx, sha, fma, vzeroupper, clflush, clflushopt, clwb, hv
Processor Information for all 20 processors :
  Max Mhz: 2300, Current Mhz: 2300, Mhz Limit: 2300

Memory: 4k page, system-wide physical 16004M (2592M free)
TotalPageFile size 18052M (AvailPageFile size 132M)
current process WorkingSet (physical memory assigned to process): 799M, peak: 802M
current process commit charge ("private bytes"): 852M, peak: 1053M

vm_info: OpenJDK 64-Bit Server VM (17.0.10+0--11609105) for windows-amd64 JRE (17.0.10+0--11609105), built on Mar 21 2024 19:10:56 by "androidbuild" with MS VC++ 16.10 / 16.11 (VS2019)

END.
