#
# There is insufficient memory for the Java Runtime Environment to continue.
# Native memory allocation (malloc) failed to allocate 32744 bytes for ChunkPool::allocate
# Possible reasons:
#   The system is out of physical RAM or swap space
#   The process is running with CompressedOops enabled, and the Java Heap may be blocking the growth of the native heap
# Possible solutions:
#   Reduce memory load on the system
#   Increase physical memory or swap space
#   Check if swap backing store is full
#   Decrease Java heap size (-Xmx/-Xms)
#   Decrease number of Java threads
#   Decrease Java thread stack sizes (-Xss)
#   Set larger code cache with -XX:ReservedCodeCacheSize=
#   JVM is running with Unscaled Compressed Oops mode in which the Java heap is
#     placed in the first 4GB address space. The Java Heap base address is the
#     maximum limit for the native heap growth. Please use -XX:HeapBaseMinAddress
#     to set the Java Heap base and to place the Java Heap above 4GB virtual address.
# This output file may be truncated or incomplete.
#
#  Out of Memory Error (arena.cpp:79), pid=6888, tid=12872
#
# JRE version: OpenJDK Runtime Environment (17.0.10) (build 17.0.10+0--11609105)
# Java VM: OpenJDK 64-Bit Server VM (17.0.10+0--11609105, mixed mode, tiered, compressed oops, compressed class ptrs, g1 gc, windows-amd64)
# No core dump will be written. Minidumps are not enabled by default on client versions of Windows
#

---------------  S U M M A R Y ------------

Command Line: --add-opens=java.base/java.util=ALL-UNNAMED --add-opens=java.base/java.lang=ALL-UNNAMED --add-opens=java.base/java.lang.invoke=ALL-UNNAMED --add-opens=java.prefs/java.util.prefs=ALL-UNNAMED --add-opens=java.base/java.nio.charset=ALL-UNNAMED --add-opens=java.base/java.net=ALL-UNNAMED --add-opens=java.base/java.util.concurrent.atomic=ALL-UNNAMED -Xmx2048m -Dfile.encoding=UTF-8 -Duser.country=US -Duser.language=en -Duser.variant -javaagent:C:\Users\Hashem Arenat\.gradle\wrapper\dists\gradle-8.7-bin\bhs2wmbdwecv87pi65oeuq5iu\gradle-8.7\lib\agents\gradle-instrumentation-agent-8.7.jar org.gradle.launcher.daemon.bootstrap.GradleDaemon 8.7

Host: 12th Gen Intel(R) Core(TM) i7-12700H, 20 cores, 15G,  Windows 11 , 64 bit Build 22621 (10.0.22621.3958)
Time: Fri Nov  8 19:57:52 2024 Jerusalem Standard Time elapsed time: 11.765739 seconds (0d 0h 0m 11s)

---------------  T H R E A D  ---------------

Current thread (0x000001f5b80dd820):  JavaThread "C2 CompilerThread3" daemon [_thread_in_native, id=12872, stack(0x0000002b86700000,0x0000002b86800000)]


Current CompileTask:
C2:  11765 13953       4       org.gradle.tooling.internal.adapter.ProtocolToModelAdapter$InvocationHandlerImpl::invoke (176 bytes)

Stack: [0x0000002b86700000,0x0000002b86800000]
Native frames: (J=compiled Java code, j=interpreted, Vv=VM code, C=native code)
V  [jvm.dll+0x688de9]
V  [jvm.dll+0x8423da]
V  [jvm.dll+0x84401e]
V  [jvm.dll+0x844683]
V  [jvm.dll+0x24be0f]
V  [jvm.dll+0xac721]
V  [jvm.dll+0xacb6c]
V  [jvm.dll+0x619d2f]
V  [jvm.dll+0x61ac22]
V  [jvm.dll+0x619174]
V  [jvm.dll+0x21d918]
V  [jvm.dll+0x21cec1]
V  [jvm.dll+0x1a60ad]
V  [jvm.dll+0x22cd78]
V  [jvm.dll+0x22aeb0]
V  [jvm.dll+0x7f6877]
V  [jvm.dll+0x7f0c7a]
V  [jvm.dll+0x687c65]
C  [ucrtbase.dll+0x29333]
C  [KERNEL32.DLL+0x1257d]
C  [ntdll.dll+0x5af08]


---------------  P R O C E S S  ---------------

Threads class SMR info:
_java_thread_list=0x000001f5ab7b6d60, length=142, elements={
0x000001f58af4bcb0, 0x000001f5a5e4e230, 0x000001f5a5e4f0b0, 0x000001f5a5e67ad0,
0x000001f5a5e68760, 0x000001f5a5eb5500, 0x000001f5a5eb7ed0, 0x000001f5a5eb8fd0,
0x000001f5a5eba9a0, 0x000001f5a5ebb2b0, 0x000001f5a5fe9030, 0x000001f5a615d5a0,
0x000001f5a64310a0, 0x000001f5a6a6f9c0, 0x000001f5ad6e1180, 0x000001f5ae0fc190,
0x000001f5a6aa56c0, 0x000001f5ab5109a0, 0x000001f5ad679e80, 0x000001f5ad679970,
0x000001f5ad678a40, 0x000001f5ad676be0, 0x000001f5ad678530, 0x000001f5ad677b10,
0x000001f5ad677600, 0x000001f5ad678020, 0x000001f5af0b3840, 0x000001f5af0b3330,
0x000001f5af0b2400, 0x000001f5af0b2910, 0x000001f5af0b3d50, 0x000001f5af0b4260,
0x000001f5af0b5190, 0x000001f5af0b4770, 0x000001f5af0b56a0, 0x000001f5af0b4c80,
0x000001f5adc4e4e0, 0x000001f5adc4fe30, 0x000001f5adc4f410, 0x000001f5adc4dac0,
0x000001f5adc530d0, 0x000001f5adc535e0, 0x000001f5adc50340, 0x000001f5adc4f920,
0x000001f5adc526b0, 0x000001f5adc4e9f0, 0x000001f5adc4ef00, 0x000001f5adc50850,
0x000001f5adc52bc0, 0x000001f5adc50d60, 0x000001f5adc4c170, 0x000001f5adc521a0,
0x000001f5adc53af0, 0x000001f5adc51780, 0x000001f5adc4dfd0, 0x000001f5adc4d5b0,
0x000001f5ad67a390, 0x000001f5aef11a80, 0x000001f5aef16670, 0x000001f5aef124a0,
0x000001f5aef11060, 0x000001f5aef11f90, 0x000001f5aef175a0, 0x000001f5aef15c50,
0x000001f5aef16160, 0x000001f5aef15230, 0x000001f5aef129b0, 0x000001f5aef14d20,
0x000001f5aef17ab0, 0x000001f5aef16b80, 0x000001f5aef17090, 0x000001f5aef17fc0,
0x000001f5aef14300, 0x000001f5aef13df0, 0x000001f5aef133d0, 0x000001f5aef189e0,
0x000001f5aef15740, 0x000001f5aef11570, 0x000001f5aef12ec0, 0x000001f5aef138e0,
0x000001f5aef14810, 0x000001f5afbcdb00, 0x000001f5afbce010, 0x000001f5afbd0890,
0x000001f5afbc9420, 0x000001f5afbcc1b0, 0x000001f5afbcbca0, 0x000001f5afbcd5f0,
0x000001f5afbc9e40, 0x000001f5afbcc6c0, 0x000001f5afbce520, 0x000001f5afbd0380,
0x000001f5afbd0da0, 0x000001f5afbcb790, 0x000001f5afbcf450, 0x000001f5afbc9930,
0x000001f5afbca350, 0x000001f5afbcfe70, 0x000001f5afbcea30, 0x000001f5afbca860,
0x000001f5afbcad70, 0x000001f5afbcb280, 0x000001f5afbcf960, 0x000001f5afbcd0e0,
0x000001f5afbcef40, 0x000001f5afbccbd0, 0x000001f5b06be060, 0x000001f5b06bc200,
0x000001f5b06bb7e0, 0x000001f5b06bb2d0, 0x000001f5b06bd640, 0x000001f5b06bf4a0,
0x000001f5b06b8f60, 0x000001f5b06bdb50, 0x000001f5b06ba3a0, 0x000001f5b06b9470,
0x000001f5b06bfec0, 0x000001f5b06b8a50, 0x000001f5b06c03d0, 0x000001f5af0c9f90,
0x000001f5af0ce160, 0x000001f5af0ca4a0, 0x000001f5af0cb8e0, 0x000001f5af0c9570,
0x000001f5af0c9a80, 0x000001f5af0ca9b0, 0x000001f5af0cf090, 0x000001f5af0cf5a0,
0x000001f5af0caec0, 0x000001f5af0cb3d0, 0x000001f5af0ce670, 0x000001f5af0cdc50,
0x000001f5af0d04d0, 0x000001f5af0cc810, 0x000001f5b80ddd70, 0x000001f5b80de810,
0x000001f5b80de2c0, 0x000001f5b80db840, 0x000001f5b80dd820, 0x000001f5b80dbd90,
0x000001f5b06bcc20, 0x000001f5b06bd130
}

Java Threads: ( => current thread )
  0x000001f58af4bcb0 JavaThread "main" [_thread_blocked, id=26520, stack(0x0000002bfbd00000,0x0000002bfbe00000)]
  0x000001f5a5e4e230 JavaThread "Reference Handler" daemon [_thread_blocked, id=19080, stack(0x0000002bfc400000,0x0000002bfc500000)]
  0x000001f5a5e4f0b0 JavaThread "Finalizer" daemon [_thread_blocked, id=18336, stack(0x0000002bfc500000,0x0000002bfc600000)]
  0x000001f5a5e67ad0 JavaThread "Signal Dispatcher" daemon [_thread_blocked, id=6252, stack(0x0000002bfc600000,0x0000002bfc700000)]
  0x000001f5a5e68760 JavaThread "Attach Listener" daemon [_thread_blocked, id=13988, stack(0x0000002bfc700000,0x0000002bfc800000)]
  0x000001f5a5eb5500 JavaThread "Service Thread" daemon [_thread_blocked, id=25548, stack(0x0000002bfc800000,0x0000002bfc900000)]
  0x000001f5a5eb7ed0 JavaThread "Monitor Deflation Thread" daemon [_thread_blocked, id=22044, stack(0x0000002bfc900000,0x0000002bfca00000)]
  0x000001f5a5eb8fd0 JavaThread "C2 CompilerThread0" daemon [_thread_in_native, id=11584, stack(0x0000002bfca00000,0x0000002bfcb00000)]
  0x000001f5a5eba9a0 JavaThread "C1 CompilerThread0" daemon [_thread_blocked, id=11192, stack(0x0000002bfcb00000,0x0000002bfcc00000)]
  0x000001f5a5ebb2b0 JavaThread "Sweeper thread" daemon [_thread_blocked, id=25956, stack(0x0000002bfcc00000,0x0000002bfcd00000)]
  0x000001f5a5fe9030 JavaThread "Common-Cleaner" daemon [_thread_blocked, id=1128, stack(0x0000002bfcd00000,0x0000002bfce00000)]
  0x000001f5a615d5a0 JavaThread "Notification Thread" daemon [_thread_blocked, id=6548, stack(0x0000002bfd100000,0x0000002bfd200000)]
  0x000001f5a64310a0 JavaThread "C2 CompilerThread1" daemon [_thread_in_native, id=24872, stack(0x0000002bfd300000,0x0000002bfd400000)]
  0x000001f5a6a6f9c0 JavaThread "Daemon health stats" [_thread_blocked, id=3132, stack(0x0000002bfdc00000,0x0000002bfdd00000)]
  0x000001f5ad6e1180 JavaThread "Incoming local TCP Connector on port 62224" [_thread_in_native, id=25048, stack(0x0000002bfdd00000,0x0000002bfde00000)]
  0x000001f5ae0fc190 JavaThread "Daemon periodic checks" [_thread_blocked, id=27180, stack(0x0000002bfde00000,0x0000002bfdf00000)]
  0x000001f5a6aa56c0 JavaThread "Daemon" [_thread_blocked, id=29124, stack(0x0000002bfdf00000,0x0000002bfe000000)]
  0x000001f5ab5109a0 JavaThread "Handler for socket connection from /127.0.0.1:62224 to /127.0.0.1:62225" [_thread_in_native, id=7832, stack(0x0000002bfe000000,0x0000002bfe100000)]
  0x000001f5ad679e80 JavaThread "Cancel handler" [_thread_blocked, id=29508, stack(0x0000002bfe100000,0x0000002bfe200000)]
  0x000001f5ad679970 JavaThread "Daemon worker" [_thread_in_vm, id=4624, stack(0x0000002bfe200000,0x0000002bfe300000)]
  0x000001f5ad678a40 JavaThread "Asynchronous log dispatcher for DefaultDaemonConnection: socket connection from /127.0.0.1:62224 to /127.0.0.1:62225" [_thread_blocked, id=11796, stack(0x0000002bfe300000,0x0000002bfe400000)]
  0x000001f5ad676be0 JavaThread "Stdin handler" [_thread_blocked, id=23476, stack(0x0000002bfe400000,0x0000002bfe500000)]
  0x000001f5ad678530 JavaThread "Daemon client event forwarder" [_thread_blocked, id=17692, stack(0x0000002bfe500000,0x0000002bfe600000)]
  0x000001f5ad677b10 JavaThread "Cache worker for journal cache (C:\Users\Hashem Arenat\.gradle\caches\journal-1)" [_thread_blocked, id=19956, stack(0x0000002bfd600000,0x0000002bfd700000)]
  0x000001f5ad677600 JavaThread "File lock request listener" [_thread_in_native, id=27316, stack(0x0000002bff200000,0x0000002bff300000)]
  0x000001f5ad678020 JavaThread "Cache worker for file hash cache (C:\Users\Hashem Arenat\.gradle\caches\8.7\fileHashes)" [_thread_blocked, id=23092, stack(0x0000002bff300000,0x0000002bff400000)]
  0x000001f5af0b3840 JavaThread "Cache worker for file hash cache (C:\Users\Hashem Arenat\AndroidStudioProjects\ECommerce\.gradle\8.7\fileHashes)" [_thread_blocked, id=28772, stack(0x0000002bff400000,0x0000002bff500000)]
  0x000001f5af0b3330 JavaThread "File watcher server" daemon [_thread_in_native, id=19692, stack(0x0000002bff500000,0x0000002bff600000)]
  0x000001f5af0b2400 JavaThread "File watcher consumer" daemon [_thread_blocked, id=21620, stack(0x0000002bff600000,0x0000002bff700000)]
  0x000001f5af0b2910 JavaThread "jar transforms" [_thread_blocked, id=28072, stack(0x0000002bff700000,0x0000002bff800000)]
  0x000001f5af0b3d50 JavaThread "jar transforms Thread 2" [_thread_blocked, id=27508, stack(0x0000002bff800000,0x0000002bff900000)]
  0x000001f5af0b4260 JavaThread "jar transforms Thread 3" [_thread_blocked, id=23300, stack(0x0000002bff900000,0x0000002bffa00000)]
  0x000001f5af0b5190 JavaThread "jar transforms Thread 4" [_thread_blocked, id=26736, stack(0x0000002bffa00000,0x0000002bffb00000)]
  0x000001f5af0b4770 JavaThread "jar transforms Thread 5" [_thread_blocked, id=10192, stack(0x0000002bffb00000,0x0000002bffc00000)]
  0x000001f5af0b56a0 JavaThread "jar transforms Thread 6" [_thread_blocked, id=24600, stack(0x0000002bffc00000,0x0000002bffd00000)]
  0x000001f5af0b4c80 JavaThread "jar transforms Thread 7" [_thread_blocked, id=3840, stack(0x0000002bffd00000,0x0000002bffe00000)]
  0x000001f5adc4e4e0 JavaThread "jar transforms Thread 8" [_thread_blocked, id=10784, stack(0x0000002bffe00000,0x0000002bfff00000)]
  0x000001f5adc4fe30 JavaThread "jar transforms Thread 9" [_thread_blocked, id=7864, stack(0x0000002bfff00000,0x0000002c00000000)]
  0x000001f5adc4f410 JavaThread "jar transforms Thread 10" [_thread_blocked, id=29692, stack(0x0000002b80000000,0x0000002b80100000)]
  0x000001f5adc4dac0 JavaThread "jar transforms Thread 11" [_thread_blocked, id=16688, stack(0x0000002b80100000,0x0000002b80200000)]
  0x000001f5adc530d0 JavaThread "jar transforms Thread 12" [_thread_blocked, id=22648, stack(0x0000002b80200000,0x0000002b80300000)]
  0x000001f5adc535e0 JavaThread "jar transforms Thread 13" [_thread_blocked, id=22388, stack(0x0000002b80300000,0x0000002b80400000)]
  0x000001f5adc50340 JavaThread "jar transforms Thread 14" [_thread_blocked, id=26396, stack(0x0000002b80400000,0x0000002b80500000)]
  0x000001f5adc4f920 JavaThread "jar transforms Thread 15" [_thread_blocked, id=27196, stack(0x0000002b80500000,0x0000002b80600000)]
  0x000001f5adc526b0 JavaThread "jar transforms Thread 16" [_thread_blocked, id=28536, stack(0x0000002b80600000,0x0000002b80700000)]
  0x000001f5adc4e9f0 JavaThread "jar transforms Thread 17" [_thread_blocked, id=9400, stack(0x0000002b80700000,0x0000002b80800000)]
  0x000001f5adc4ef00 JavaThread "jar transforms Thread 18" [_thread_blocked, id=24788, stack(0x0000002b80800000,0x0000002b80900000)]
  0x000001f5adc50850 JavaThread "jar transforms Thread 19" [_thread_blocked, id=20468, stack(0x0000002b80900000,0x0000002b80a00000)]
  0x000001f5adc52bc0 JavaThread "jar transforms Thread 20" [_thread_blocked, id=24020, stack(0x0000002b80a00000,0x0000002b80b00000)]
  0x000001f5adc50d60 JavaThread "Cache worker for checksums cache (C:\Users\Hashem Arenat\AndroidStudioProjects\ECommerce\.gradle\8.7\checksums)" [_thread_blocked, id=23112, stack(0x0000002b80b00000,0x0000002b80c00000)]
  0x000001f5adc4c170 JavaThread "Cache worker for cache directory md-supplier (C:\Users\Hashem Arenat\.gradle\caches\8.7\md-supplier)" [_thread_blocked, id=28024, stack(0x0000002b80c00000,0x0000002b80d00000)]
  0x000001f5adc521a0 JavaThread "Cache worker for cache directory md-rule (C:\Users\Hashem Arenat\.gradle\caches\8.7\md-rule)" [_thread_blocked, id=29484, stack(0x0000002b80d00000,0x0000002b80e00000)]
  0x000001f5adc53af0 JavaThread "Cache worker for file content cache (C:\Users\Hashem Arenat\.gradle\caches\8.7\fileContent)" [_thread_blocked, id=27860, stack(0x0000002b80e00000,0x0000002b80f00000)]
  0x000001f5adc51780 JavaThread "Unconstrained build operations" [_thread_blocked, id=18176, stack(0x0000002b80f00000,0x0000002b81000000)]
  0x000001f5adc4dfd0 JavaThread "Unconstrained build operations Thread 2" [_thread_blocked, id=25780, stack(0x0000002b81000000,0x0000002b81100000)]
  0x000001f5adc4d5b0 JavaThread "Unconstrained build operations Thread 3" [_thread_blocked, id=23468, stack(0x0000002b81100000,0x0000002b81200000)]
  0x000001f5ad67a390 JavaThread "Unconstrained build operations Thread 4" [_thread_blocked, id=7444, stack(0x0000002b81200000,0x0000002b81300000)]
  0x000001f5aef11a80 JavaThread "Unconstrained build operations Thread 5" [_thread_blocked, id=3716, stack(0x0000002b81300000,0x0000002b81400000)]
  0x000001f5aef16670 JavaThread "Unconstrained build operations Thread 6" [_thread_blocked, id=20100, stack(0x0000002b81400000,0x0000002b81500000)]
  0x000001f5aef124a0 JavaThread "Unconstrained build operations Thread 7" [_thread_blocked, id=9092, stack(0x0000002b81500000,0x0000002b81600000)]
  0x000001f5aef11060 JavaThread "Unconstrained build operations Thread 8" [_thread_blocked, id=26324, stack(0x0000002b81600000,0x0000002b81700000)]
  0x000001f5aef11f90 JavaThread "Unconstrained build operations Thread 9" [_thread_blocked, id=26392, stack(0x0000002b81700000,0x0000002b81800000)]
  0x000001f5aef175a0 JavaThread "Unconstrained build operations Thread 10" [_thread_blocked, id=24116, stack(0x0000002b81800000,0x0000002b81900000)]
  0x000001f5aef15c50 JavaThread "Cache worker for Build Output Cleanup Cache (C:\Users\Hashem Arenat\AndroidStudioProjects\ECommerce\.gradle\buildOutputCleanup)" [_thread_blocked, id=2776, stack(0x0000002b81900000,0x0000002b81a00000)]
  0x000001f5aef16160 JavaThread "Unconstrained build operations Thread 11" [_thread_blocked, id=26620, stack(0x0000002b81a00000,0x0000002b81b00000)]
  0x000001f5aef15230 JavaThread "Unconstrained build operations Thread 12" [_thread_blocked, id=28828, stack(0x0000002b81b00000,0x0000002b81c00000)]
  0x000001f5aef129b0 JavaThread "Unconstrained build operations Thread 13" [_thread_blocked, id=18252, stack(0x0000002b81c00000,0x0000002b81d00000)]
  0x000001f5aef14d20 JavaThread "Unconstrained build operations Thread 14" [_thread_blocked, id=27568, stack(0x0000002b81d00000,0x0000002b81e00000)]
  0x000001f5aef17ab0 JavaThread "Unconstrained build operations Thread 15" [_thread_blocked, id=16252, stack(0x0000002b81e00000,0x0000002b81f00000)]
  0x000001f5aef16b80 JavaThread "Unconstrained build operations Thread 16" [_thread_blocked, id=28612, stack(0x0000002b81f00000,0x0000002b82000000)]
  0x000001f5aef17090 JavaThread "Unconstrained build operations Thread 17" [_thread_blocked, id=26524, stack(0x0000002b82000000,0x0000002b82100000)]
  0x000001f5aef17fc0 JavaThread "Unconstrained build operations Thread 18" [_thread_blocked, id=29028, stack(0x0000002b82100000,0x0000002b82200000)]
  0x000001f5aef14300 JavaThread "Unconstrained build operations Thread 19" [_thread_blocked, id=29440, stack(0x0000002b82200000,0x0000002b82300000)]
  0x000001f5aef13df0 JavaThread "Unconstrained build operations Thread 20" [_thread_blocked, id=17232, stack(0x0000002b82300000,0x0000002b82400000)]
  0x000001f5aef133d0 JavaThread "Unconstrained build operations Thread 21" [_thread_blocked, id=25164, stack(0x0000002b82400000,0x0000002b82500000)]
  0x000001f5aef189e0 JavaThread "Unconstrained build operations Thread 22" [_thread_blocked, id=25380, stack(0x0000002b82500000,0x0000002b82600000)]
  0x000001f5aef15740 JavaThread "Unconstrained build operations Thread 23" [_thread_blocked, id=7988, stack(0x0000002b82600000,0x0000002b82700000)]
  0x000001f5aef11570 JavaThread "Unconstrained build operations Thread 24" [_thread_blocked, id=29176, stack(0x0000002b82700000,0x0000002b82800000)]
  0x000001f5aef12ec0 JavaThread "Unconstrained build operations Thread 25" [_thread_blocked, id=27096, stack(0x0000002b82800000,0x0000002b82900000)]
  0x000001f5aef138e0 JavaThread "Unconstrained build operations Thread 26" [_thread_blocked, id=10920, stack(0x0000002b82900000,0x0000002b82a00000)]
  0x000001f5aef14810 JavaThread "Unconstrained build operations Thread 27" [_thread_blocked, id=23488, stack(0x0000002b82a00000,0x0000002b82b00000)]
  0x000001f5afbcdb00 JavaThread "Unconstrained build operations Thread 28" [_thread_blocked, id=23036, stack(0x0000002b82b00000,0x0000002b82c00000)]
  0x000001f5afbce010 JavaThread "Unconstrained build operations Thread 29" [_thread_blocked, id=14756, stack(0x0000002b82c00000,0x0000002b82d00000)]
  0x000001f5afbd0890 JavaThread "Unconstrained build operations Thread 30" [_thread_blocked, id=11776, stack(0x0000002b82d00000,0x0000002b82e00000)]
  0x000001f5afbc9420 JavaThread "Unconstrained build operations Thread 31" [_thread_blocked, id=27360, stack(0x0000002b82e00000,0x0000002b82f00000)]
  0x000001f5afbcc1b0 JavaThread "Unconstrained build operations Thread 32" [_thread_blocked, id=12108, stack(0x0000002b82f00000,0x0000002b83000000)]
  0x000001f5afbcbca0 JavaThread "Unconstrained build operations Thread 33" [_thread_blocked, id=10988, stack(0x0000002b83000000,0x0000002b83100000)]
  0x000001f5afbcd5f0 JavaThread "Unconstrained build operations Thread 34" [_thread_blocked, id=28688, stack(0x0000002b83100000,0x0000002b83200000)]
  0x000001f5afbc9e40 JavaThread "Unconstrained build operations Thread 35" [_thread_blocked, id=7772, stack(0x0000002b83200000,0x0000002b83300000)]
  0x000001f5afbcc6c0 JavaThread "Unconstrained build operations Thread 36" [_thread_blocked, id=2684, stack(0x0000002b83300000,0x0000002b83400000)]
  0x000001f5afbce520 JavaThread "Unconstrained build operations Thread 37" [_thread_blocked, id=23072, stack(0x0000002b83400000,0x0000002b83500000)]
  0x000001f5afbd0380 JavaThread "Unconstrained build operations Thread 38" [_thread_blocked, id=19200, stack(0x0000002b83500000,0x0000002b83600000)]
  0x000001f5afbd0da0 JavaThread "Unconstrained build operations Thread 39" [_thread_blocked, id=26020, stack(0x0000002b83600000,0x0000002b83700000)]
  0x000001f5afbcb790 JavaThread "Unconstrained build operations Thread 40" [_thread_blocked, id=29056, stack(0x0000002b83700000,0x0000002b83800000)]
  0x000001f5afbcf450 JavaThread "Unconstrained build operations Thread 41" [_thread_blocked, id=11300, stack(0x0000002b83800000,0x0000002b83900000)]
  0x000001f5afbc9930 JavaThread "Unconstrained build operations Thread 42" [_thread_blocked, id=22904, stack(0x0000002b83900000,0x0000002b83a00000)]
  0x000001f5afbca350 JavaThread "Unconstrained build operations Thread 43" [_thread_blocked, id=26092, stack(0x0000002b83a00000,0x0000002b83b00000)]
  0x000001f5afbcfe70 JavaThread "Unconstrained build operations Thread 44" [_thread_blocked, id=11732, stack(0x0000002b83b00000,0x0000002b83c00000)]
  0x000001f5afbcea30 JavaThread "Unconstrained build operations Thread 45" [_thread_blocked, id=24472, stack(0x0000002b83c00000,0x0000002b83d00000)]
  0x000001f5afbca860 JavaThread "Unconstrained build operations Thread 46" [_thread_blocked, id=4872, stack(0x0000002b83d00000,0x0000002b83e00000)]
  0x000001f5afbcad70 JavaThread "Unconstrained build operations Thread 47" [_thread_blocked, id=29408, stack(0x0000002b83e00000,0x0000002b83f00000)]
  0x000001f5afbcb280 JavaThread "Unconstrained build operations Thread 48" [_thread_blocked, id=26896, stack(0x0000002b83f00000,0x0000002b84000000)]
  0x000001f5afbcf960 JavaThread "Unconstrained build operations Thread 49" [_thread_blocked, id=25452, stack(0x0000002b84500000,0x0000002b84600000)]
  0x000001f5afbcd0e0 JavaThread "Unconstrained build operations Thread 50" [_thread_blocked, id=19152, stack(0x0000002b84600000,0x0000002b84700000)]
  0x000001f5afbcef40 JavaThread "Unconstrained build operations Thread 51" [_thread_blocked, id=21276, stack(0x0000002b84700000,0x0000002b84800000)]
  0x000001f5afbccbd0 JavaThread "Unconstrained build operations Thread 52" [_thread_blocked, id=27268, stack(0x0000002b84800000,0x0000002b84900000)]
  0x000001f5b06be060 JavaThread "Unconstrained build operations Thread 53" [_thread_blocked, id=5000, stack(0x0000002b84900000,0x0000002b84a00000)]
  0x000001f5b06bc200 JavaThread "Unconstrained build operations Thread 54" [_thread_blocked, id=14212, stack(0x0000002b84a00000,0x0000002b84b00000)]
  0x000001f5b06bb7e0 JavaThread "Memory manager" [_thread_blocked, id=19912, stack(0x0000002b84300000,0x0000002b84400000)]
  0x000001f5b06bb2d0 JavaThread "build event listener" [_thread_blocked, id=16976, stack(0x0000002b84400000,0x0000002b84500000)]
  0x000001f5b06bd640 JavaThread "pool-3-thread-1" [_thread_blocked, id=28812, stack(0x0000002b84d00000,0x0000002b84e00000)]
  0x000001f5b06bf4a0 JavaThread "included builds" [_thread_blocked, id=14732, stack(0x0000002b84e00000,0x0000002b84f00000)]
  0x000001f5b06b8f60 JavaThread "Execution worker" [_thread_blocked, id=28344, stack(0x0000002b84f00000,0x0000002b85000000)]
  0x000001f5b06bdb50 JavaThread "Execution worker Thread 2" [_thread_blocked, id=2804, stack(0x0000002b85000000,0x0000002b85100000)]
  0x000001f5b06ba3a0 JavaThread "Execution worker Thread 3" [_thread_blocked, id=22040, stack(0x0000002b85100000,0x0000002b85200000)]
  0x000001f5b06b9470 JavaThread "Execution worker Thread 4" [_thread_blocked, id=21456, stack(0x0000002b85200000,0x0000002b85300000)]
  0x000001f5b06bfec0 JavaThread "Execution worker Thread 5" [_thread_blocked, id=25752, stack(0x0000002b85300000,0x0000002b85400000)]
  0x000001f5b06b8a50 JavaThread "Execution worker Thread 6" [_thread_blocked, id=17688, stack(0x0000002b85400000,0x0000002b85500000)]
  0x000001f5b06c03d0 JavaThread "Execution worker Thread 7" [_thread_blocked, id=12372, stack(0x0000002b85500000,0x0000002b85600000)]
  0x000001f5af0c9f90 JavaThread "Execution worker Thread 8" [_thread_blocked, id=29660, stack(0x0000002b85600000,0x0000002b85700000)]
  0x000001f5af0ce160 JavaThread "Execution worker Thread 9" [_thread_blocked, id=11612, stack(0x0000002b85700000,0x0000002b85800000)]
  0x000001f5af0ca4a0 JavaThread "Execution worker Thread 10" [_thread_blocked, id=12044, stack(0x0000002b85800000,0x0000002b85900000)]
  0x000001f5af0cb8e0 JavaThread "Execution worker Thread 11" [_thread_blocked, id=24360, stack(0x0000002b85900000,0x0000002b85a00000)]
  0x000001f5af0c9570 JavaThread "Execution worker Thread 12" [_thread_blocked, id=10332, stack(0x0000002b85a00000,0x0000002b85b00000)]
  0x000001f5af0c9a80 JavaThread "Execution worker Thread 13" [_thread_blocked, id=6024, stack(0x0000002b85b00000,0x0000002b85c00000)]
  0x000001f5af0ca9b0 JavaThread "Execution worker Thread 14" [_thread_blocked, id=7828, stack(0x0000002b85c00000,0x0000002b85d00000)]
  0x000001f5af0cf090 JavaThread "Execution worker Thread 15" [_thread_blocked, id=12752, stack(0x0000002b85d00000,0x0000002b85e00000)]
  0x000001f5af0cf5a0 JavaThread "Execution worker Thread 16" [_thread_blocked, id=29444, stack(0x0000002b85e00000,0x0000002b85f00000)]
  0x000001f5af0caec0 JavaThread "Execution worker Thread 17" [_thread_blocked, id=22116, stack(0x0000002b85f00000,0x0000002b86000000)]
  0x000001f5af0cb3d0 JavaThread "Execution worker Thread 18" [_thread_blocked, id=23900, stack(0x0000002b86000000,0x0000002b86100000)]
  0x000001f5af0ce670 JavaThread "Execution worker Thread 19" [_thread_blocked, id=22744, stack(0x0000002b86100000,0x0000002b86200000)]
  0x000001f5af0cdc50 JavaThread "Cache worker for execution history cache (C:\Users\Hashem Arenat\AndroidStudioProjects\ECommerce\.gradle\8.7\executionHistory)" [_thread_blocked, id=19316, stack(0x0000002b86200000,0x0000002b86300000)]
  0x000001f5af0d04d0 JavaThread "idea-tooling-model-converter" [_thread_blocked, id=29432, stack(0x0000002b86300000,0x0000002b86400000)]
  0x000001f5af0cc810 JavaThread "Unconstrained build operations Thread 55" [_thread_blocked, id=19408, stack(0x0000002b86400000,0x0000002b86500000)]
  0x000001f5b80ddd70 JavaThread "C1 CompilerThread1" daemon [_thread_blocked, id=24372, stack(0x0000002b84200000,0x0000002b84300000)]
  0x000001f5b80de810 JavaThread "C1 CompilerThread2" daemon [_thread_blocked, id=25640, stack(0x0000002b84b00000,0x0000002b84c00000)]
  0x000001f5b80de2c0 JavaThread "C1 CompilerThread3" daemon [_thread_blocked, id=28932, stack(0x0000002b86500000,0x0000002b86600000)]
  0x000001f5b80db840 JavaThread "C2 CompilerThread2" daemon [_thread_in_native, id=28212, stack(0x0000002b86600000,0x0000002b86700000)]
=>0x000001f5b80dd820 JavaThread "C2 CompilerThread3" daemon [_thread_in_native, id=12872, stack(0x0000002b86700000,0x0000002b86800000)]
  0x000001f5b80dbd90 JavaThread "C2 CompilerThread4" daemon [_thread_in_native, id=26252, stack(0x0000002b86800000,0x0000002b86900000)]
  0x000001f5b06bcc20 JavaThread "Unconstrained build operations Thread 56" [_thread_blocked, id=2348, stack(0x0000002b86900000,0x0000002b86a00000)]
  0x000001f5b06bd130 JavaThread "Unconstrained build operations Thread 57" [_thread_blocked, id=22900, stack(0x0000002b86a00000,0x0000002b86b00000)]

Other Threads:
  0x000001f5a5e4b540 VMThread "VM Thread" [stack: 0x0000002bfc300000,0x0000002bfc400000] [id=27336]
  0x000001f5a61becb0 WatcherThread [stack: 0x0000002bfd200000,0x0000002bfd300000] [id=17468]
  0x000001f58afaa240 GCTaskThread "GC Thread#0" [stack: 0x0000002bfbe00000,0x0000002bfbf00000] [id=12384]
  0x000001f5aba0a380 GCTaskThread "GC Thread#1" [stack: 0x0000002bfd700000,0x0000002bfd800000] [id=29228]
  0x000001f5aba0a640 GCTaskThread "GC Thread#2" [stack: 0x0000002bfd800000,0x0000002bfd900000] [id=488]
  0x000001f5abd7e1a0 GCTaskThread "GC Thread#3" [stack: 0x0000002bfd900000,0x0000002bfda00000] [id=13140]
  0x000001f5abd7e460 GCTaskThread "GC Thread#4" [stack: 0x0000002bfda00000,0x0000002bfdb00000] [id=10108]
  0x000001f5abd7e720 GCTaskThread "GC Thread#5" [stack: 0x0000002bfdb00000,0x0000002bfdc00000] [id=22932]
  0x000001f5ad566030 GCTaskThread "GC Thread#6" [stack: 0x0000002bfe600000,0x0000002bfe700000] [id=25064]
  0x000001f5ada22bf0 GCTaskThread "GC Thread#7" [stack: 0x0000002bfe700000,0x0000002bfe800000] [id=10328]
  0x000001f5adf68cb0 GCTaskThread "GC Thread#8" [stack: 0x0000002bfe800000,0x0000002bfe900000] [id=29248]
  0x000001f5abe5de00 GCTaskThread "GC Thread#9" [stack: 0x0000002bfe900000,0x0000002bfea00000] [id=15052]
  0x000001f5aebd43a0 GCTaskThread "GC Thread#10" [stack: 0x0000002bfea00000,0x0000002bfeb00000] [id=5052]
  0x000001f5aebc87f0 GCTaskThread "GC Thread#11" [stack: 0x0000002bfeb00000,0x0000002bfec00000] [id=24572]
  0x000001f5ab682b60 GCTaskThread "GC Thread#12" [stack: 0x0000002bfec00000,0x0000002bfed00000] [id=28312]
  0x000001f5ab681560 GCTaskThread "GC Thread#13" [stack: 0x0000002bfed00000,0x0000002bfee00000] [id=22272]
  0x000001f5ab681820 GCTaskThread "GC Thread#14" [stack: 0x0000002bfee00000,0x0000002bfef00000] [id=24296]
  0x000001f58afbb190 ConcurrentGCThread "G1 Main Marker" [stack: 0x0000002bfbf00000,0x0000002bfc000000] [id=24288]
  0x000001f58afbc350 ConcurrentGCThread "G1 Conc#0" [stack: 0x0000002bfc000000,0x0000002bfc100000] [id=21768]
  0x000001f5ab682320 ConcurrentGCThread "G1 Conc#1" [stack: 0x0000002bfef00000,0x0000002bff000000] [id=15984]
  0x000001f5ab6825e0 ConcurrentGCThread "G1 Conc#2" [stack: 0x0000002bff000000,0x0000002bff100000] [id=24420]
  0x000001f5ab681ae0 ConcurrentGCThread "G1 Conc#3" [stack: 0x0000002bff100000,0x0000002bff200000] [id=29436]
  0x000001f5a5cb5950 ConcurrentGCThread "G1 Refine#0" [stack: 0x0000002bfc100000,0x0000002bfc200000] [id=11980]
  0x000001f5ae23df60 ConcurrentGCThread "G1 Refine#1" [stack: 0x0000002b84000000,0x0000002b84100000] [id=19980]
  0x000001f5ae23e250 ConcurrentGCThread "G1 Refine#2" [stack: 0x0000002b84100000,0x0000002b84200000] [id=10392]
  0x000001f5a5cb6190 ConcurrentGCThread "G1 Service" [stack: 0x0000002bfc200000,0x0000002bfc300000] [id=22612]

Threads with active compile tasks:
C2 CompilerThread0    11780 13971       4       org.gradle.tooling.internal.adapter.ProtocolToModelAdapter$SupportedPropertyInvoker::invoke (154 bytes)
C2 CompilerThread1    11780 13972       4       org.gradle.tooling.internal.adapter.ProtocolToModelAdapter$SafeMethodInvoker::invoke (118 bytes)
C2 CompilerThread2    11780 13968       4       java.lang.reflect.AccessibleObject::checkCanSetAccessible (368 bytes)
C2 CompilerThread3    11780 13953       4       org.gradle.tooling.internal.adapter.ProtocolToModelAdapter$InvocationHandlerImpl::invoke (176 bytes)
C2 CompilerThread4    11780 13973       4       org.gradle.tooling.internal.adapter.ProtocolToModelAdapter$PropertyCachingMethodInvoker::invoke (110 bytes)

VM state: not at safepoint (normal execution)

VM Mutex/Monitor currently owned by a thread: None

Heap address: 0x0000000080000000, size: 2048 MB, Compressed Oops mode: 32-bit

CDS archive(s) not mapped
Compressed class space mapped at: 0x0000000100000000-0x0000000140000000, reserved size: 1073741824
Narrow klass base: 0x0000000000000000, Narrow klass shift: 3, Narrow klass range: 0x140000000

GC Precious Log:
 CPUs: 20 total, 20 available
 Memory: 16004M
 Large Page Support: Disabled
 NUMA Support: Disabled
 Compressed Oops: Enabled (32-bit)
 Heap Region Size: 1M
 Heap Min Capacity: 8M
 Heap Initial Capacity: 252M
 Heap Max Capacity: 2G
 Pre-touch: Disabled
 Parallel Workers: 15
 Concurrent Workers: 4
 Concurrent Refinement Workers: 15
 Periodic GC: Disabled

Heap:
 garbage-first heap   total 408576K, used 327042K [0x0000000080000000, 0x0000000100000000)
  region size 1024K, 131 young (134144K), 7 survivors (7168K)
 Metaspace       used 127620K, committed 128704K, reserved 1179648K
  class space    used 17267K, committed 17728K, reserved 1048576K

Heap Regions: E=young(eden), S=young(survivor), O=old, HS=humongous(starts), HC=humongous(continues), CS=collection set, F=free, OA=open archive, CA=closed archive, TAMS=top-at-mark-start (previous, next)
|   0|0x0000000080000000, 0x0000000080100000, 0x0000000080100000|100%|HS|  |TAMS 0x0000000080100000, 0x0000000080000000| Complete 
|   1|0x0000000080100000, 0x0000000080200000, 0x0000000080200000|100%|HC|  |TAMS 0x0000000080200000, 0x0000000080100000| Complete 
|   2|0x0000000080200000, 0x0000000080300000, 0x0000000080300000|100%|HC|  |TAMS 0x0000000080300000, 0x0000000080200000| Complete 
|   3|0x0000000080300000, 0x0000000080400000, 0x0000000080400000|100%|HC|  |TAMS 0x0000000080400000, 0x0000000080300000| Complete 
|   4|0x0000000080400000, 0x0000000080500000, 0x0000000080500000|100%| O|  |TAMS 0x0000000080500000, 0x0000000080400000| Untracked 
|   5|0x0000000080500000, 0x0000000080600000, 0x0000000080600000|100%| O|  |TAMS 0x0000000080600000, 0x0000000080500000| Untracked 
|   6|0x0000000080600000, 0x0000000080700000, 0x0000000080700000|100%| O|  |TAMS 0x0000000080700000, 0x0000000080600000| Untracked 
|   7|0x0000000080700000, 0x0000000080800000, 0x0000000080800000|100%| O|  |TAMS 0x0000000080800000, 0x0000000080700000| Untracked 
|   8|0x0000000080800000, 0x0000000080900000, 0x0000000080900000|100%| O|  |TAMS 0x0000000080900000, 0x0000000080800000| Untracked 
|   9|0x0000000080900000, 0x0000000080a00000, 0x0000000080a00000|100%| O|  |TAMS 0x0000000080a00000, 0x0000000080900000| Untracked 
|  10|0x0000000080a00000, 0x0000000080b00000, 0x0000000080b00000|100%| O|  |TAMS 0x0000000080b00000, 0x0000000080a00000| Untracked 
|  11|0x0000000080b00000, 0x0000000080c00000, 0x0000000080c00000|100%| O|  |TAMS 0x0000000080c00000, 0x0000000080b00000| Untracked 
|  12|0x0000000080c00000, 0x0000000080d00000, 0x0000000080d00000|100%| O|  |TAMS 0x0000000080d00000, 0x0000000080c00000| Untracked 
|  13|0x0000000080d00000, 0x0000000080e00000, 0x0000000080e00000|100%| O|  |TAMS 0x0000000080e00000, 0x0000000080d00000| Untracked 
|  14|0x0000000080e00000, 0x0000000080f00000, 0x0000000080f00000|100%| O|  |TAMS 0x0000000080f00000, 0x0000000080e00000| Untracked 
|  15|0x0000000080f00000, 0x0000000081000000, 0x0000000081000000|100%| O|  |TAMS 0x0000000081000000, 0x0000000080f00000| Untracked 
|  16|0x0000000081000000, 0x0000000081100000, 0x0000000081100000|100%| O|  |TAMS 0x0000000081100000, 0x0000000081000000| Untracked 
|  17|0x0000000081100000, 0x0000000081200000, 0x0000000081200000|100%| O|  |TAMS 0x0000000081200000, 0x0000000081100000| Untracked 
|  18|0x0000000081200000, 0x0000000081300000, 0x0000000081300000|100%| O|  |TAMS 0x0000000081300000, 0x0000000081200000| Untracked 
|  19|0x0000000081300000, 0x0000000081400000, 0x0000000081400000|100%| O|  |TAMS 0x0000000081400000, 0x0000000081300000| Untracked 
|  20|0x0000000081400000, 0x0000000081500000, 0x0000000081500000|100%| O|  |TAMS 0x0000000081500000, 0x0000000081400000| Untracked 
|  21|0x0000000081500000, 0x0000000081600000, 0x0000000081600000|100%|HS|  |TAMS 0x0000000081600000, 0x0000000081500000| Complete 
|  22|0x0000000081600000, 0x0000000081700000, 0x0000000081700000|100%|HC|  |TAMS 0x0000000081700000, 0x0000000081600000| Complete 
|  23|0x0000000081700000, 0x0000000081800000, 0x0000000081800000|100%|HC|  |TAMS 0x0000000081800000, 0x0000000081700000| Complete 
|  24|0x0000000081800000, 0x0000000081900000, 0x0000000081900000|100%|HC|  |TAMS 0x0000000081900000, 0x0000000081800000| Complete 
|  25|0x0000000081900000, 0x0000000081a00000, 0x0000000081a00000|100%|HC|  |TAMS 0x0000000081a00000, 0x0000000081900000| Complete 
|  26|0x0000000081a00000, 0x0000000081b00000, 0x0000000081b00000|100%|HS|  |TAMS 0x0000000081b00000, 0x0000000081a00000| Complete 
|  27|0x0000000081b00000, 0x0000000081c00000, 0x0000000081c00000|100%|HC|  |TAMS 0x0000000081c00000, 0x0000000081b00000| Complete 
|  28|0x0000000081c00000, 0x0000000081d00000, 0x0000000081d00000|100%|HC|  |TAMS 0x0000000081d00000, 0x0000000081c00000| Complete 
|  29|0x0000000081d00000, 0x0000000081e00000, 0x0000000081e00000|100%|HS|  |TAMS 0x0000000081e00000, 0x0000000081d00000| Complete 
|  30|0x0000000081e00000, 0x0000000081f00000, 0x0000000081f00000|100%|HC|  |TAMS 0x0000000081f00000, 0x0000000081e00000| Complete 
|  31|0x0000000081f00000, 0x0000000082000000, 0x0000000082000000|100%|HC|  |TAMS 0x0000000082000000, 0x0000000081f00000| Complete 
|  32|0x0000000082000000, 0x0000000082100000, 0x0000000082100000|100%| O|  |TAMS 0x0000000082100000, 0x0000000082000000| Untracked 
|  33|0x0000000082100000, 0x0000000082200000, 0x0000000082200000|100%|HS|  |TAMS 0x0000000082200000, 0x0000000082100000| Complete 
|  34|0x0000000082200000, 0x0000000082300000, 0x0000000082300000|100%| O|  |TAMS 0x0000000082300000, 0x0000000082200000| Untracked 
|  35|0x0000000082300000, 0x0000000082400000, 0x0000000082400000|100%| O|  |TAMS 0x0000000082400000, 0x0000000082300000| Untracked 
|  36|0x0000000082400000, 0x0000000082500000, 0x0000000082500000|100%| O|  |TAMS 0x0000000082500000, 0x0000000082400000| Untracked 
|  37|0x0000000082500000, 0x0000000082600000, 0x0000000082600000|100%| O|  |TAMS 0x0000000082600000, 0x0000000082500000| Untracked 
|  38|0x0000000082600000, 0x0000000082700000, 0x0000000082700000|100%| O|  |TAMS 0x0000000082600000, 0x0000000082600000| Untracked 
|  39|0x0000000082700000, 0x0000000082800000, 0x0000000082800000|100%| O|  |TAMS 0x0000000082800000, 0x0000000082700000| Untracked 
|  40|0x0000000082800000, 0x0000000082900000, 0x0000000082900000|100%| O|  |TAMS 0x0000000082900000, 0x0000000082800000| Untracked 
|  41|0x0000000082900000, 0x0000000082a00000, 0x0000000082a00000|100%| O|  |TAMS 0x0000000082a00000, 0x0000000082900000| Untracked 
|  42|0x0000000082a00000, 0x0000000082b00000, 0x0000000082b00000|100%| O|  |TAMS 0x0000000082b00000, 0x0000000082a00000| Untracked 
|  43|0x0000000082b00000, 0x0000000082c00000, 0x0000000082c00000|100%| O|  |TAMS 0x0000000082c00000, 0x0000000082b00000| Untracked 
|  44|0x0000000082c00000, 0x0000000082d00000, 0x0000000082d00000|100%| O|  |TAMS 0x0000000082d00000, 0x0000000082c00000| Untracked 
|  45|0x0000000082d00000, 0x0000000082e00000, 0x0000000082e00000|100%| O|  |TAMS 0x0000000082e00000, 0x0000000082d00000| Untracked 
|  46|0x0000000082e00000, 0x0000000082f00000, 0x0000000082f00000|100%| O|  |TAMS 0x0000000082f00000, 0x0000000082e00000| Untracked 
|  47|0x0000000082f00000, 0x0000000083000000, 0x0000000083000000|100%| O|  |TAMS 0x0000000083000000, 0x0000000082f00000| Untracked 
|  48|0x0000000083000000, 0x0000000083100000, 0x0000000083100000|100%|HS|  |TAMS 0x0000000083100000, 0x0000000083000000| Complete 
|  49|0x0000000083100000, 0x0000000083200000, 0x0000000083200000|100%| O|  |TAMS 0x0000000083200000, 0x0000000083100000| Untracked 
|  50|0x0000000083200000, 0x0000000083300000, 0x0000000083300000|100%| O|  |TAMS 0x0000000083300000, 0x0000000083200000| Untracked 
|  51|0x0000000083300000, 0x0000000083400000, 0x0000000083400000|100%|HS|  |TAMS 0x0000000083400000, 0x0000000083300000| Complete 
|  52|0x0000000083400000, 0x0000000083500000, 0x0000000083500000|100%|HC|  |TAMS 0x0000000083500000, 0x0000000083400000| Complete 
|  53|0x0000000083500000, 0x0000000083600000, 0x0000000083600000|100%|HC|  |TAMS 0x0000000083600000, 0x0000000083500000| Complete 
|  54|0x0000000083600000, 0x0000000083700000, 0x0000000083700000|100%|HS|  |TAMS 0x0000000083700000, 0x0000000083600000| Complete 
|  55|0x0000000083700000, 0x0000000083800000, 0x0000000083800000|100%|HC|  |TAMS 0x0000000083800000, 0x0000000083700000| Complete 
|  56|0x0000000083800000, 0x0000000083900000, 0x0000000083900000|100%|HC|  |TAMS 0x0000000083900000, 0x0000000083800000| Complete 
|  57|0x0000000083900000, 0x0000000083a00000, 0x0000000083a00000|100%|HC|  |TAMS 0x0000000083a00000, 0x0000000083900000| Complete 
|  58|0x0000000083a00000, 0x0000000083b00000, 0x0000000083b00000|100%|HC|  |TAMS 0x0000000083b00000, 0x0000000083a00000| Complete 
|  59|0x0000000083b00000, 0x0000000083c00000, 0x0000000083c00000|100%| O|  |TAMS 0x0000000083c00000, 0x0000000083b00000| Untracked 
|  60|0x0000000083c00000, 0x0000000083d00000, 0x0000000083d00000|100%|HS|  |TAMS 0x0000000083d00000, 0x0000000083c00000| Complete 
|  61|0x0000000083d00000, 0x0000000083e00000, 0x0000000083e00000|100%|HC|  |TAMS 0x0000000083e00000, 0x0000000083d00000| Complete 
|  62|0x0000000083e00000, 0x0000000083f00000, 0x0000000083f00000|100%|HC|  |TAMS 0x0000000083f00000, 0x0000000083e00000| Complete 
|  63|0x0000000083f00000, 0x0000000084000000, 0x0000000084000000|100%|HC|  |TAMS 0x0000000084000000, 0x0000000083f00000| Complete 
|  64|0x0000000084000000, 0x0000000084100000, 0x0000000084100000|100%|HC|  |TAMS 0x0000000084100000, 0x0000000084000000| Complete 
|  65|0x0000000084100000, 0x0000000084200000, 0x0000000084200000|100%| O|  |TAMS 0x0000000084200000, 0x0000000084100000| Untracked 
|  66|0x0000000084200000, 0x0000000084300000, 0x0000000084300000|100%| O|  |TAMS 0x0000000084300000, 0x0000000084200000| Untracked 
|  67|0x0000000084300000, 0x0000000084400000, 0x0000000084400000|100%| O|  |TAMS 0x0000000084400000, 0x0000000084300000| Untracked 
|  68|0x0000000084400000, 0x0000000084500000, 0x0000000084500000|100%| O|  |TAMS 0x0000000084500000, 0x0000000084400000| Untracked 
|  69|0x0000000084500000, 0x0000000084600000, 0x0000000084600000|100%| O|  |TAMS 0x0000000084600000, 0x0000000084500000| Untracked 
|  70|0x0000000084600000, 0x0000000084700000, 0x0000000084700000|100%| O|  |TAMS 0x0000000084700000, 0x0000000084600000| Untracked 
|  71|0x0000000084700000, 0x0000000084800000, 0x0000000084800000|100%| O|  |TAMS 0x0000000084800000, 0x0000000084700000| Untracked 
|  72|0x0000000084800000, 0x0000000084900000, 0x0000000084900000|100%| O|  |TAMS 0x0000000084900000, 0x0000000084800000| Untracked 
|  73|0x0000000084900000, 0x0000000084a00000, 0x0000000084a00000|100%| O|  |TAMS 0x0000000084a00000, 0x0000000084900000| Untracked 
|  74|0x0000000084a00000, 0x0000000084b00000, 0x0000000084b00000|100%| O|  |TAMS 0x0000000084b00000, 0x0000000084a00000| Untracked 
|  75|0x0000000084b00000, 0x0000000084c00000, 0x0000000084c00000|100%| O|  |TAMS 0x0000000084c00000, 0x0000000084b00000| Untracked 
|  76|0x0000000084c00000, 0x0000000084d00000, 0x0000000084d00000|100%| O|  |TAMS 0x0000000084d00000, 0x0000000084c00000| Untracked 
|  77|0x0000000084d00000, 0x0000000084e00000, 0x0000000084e00000|100%|HS|  |TAMS 0x0000000084d00000, 0x0000000084d00000| Complete 
|  78|0x0000000084e00000, 0x0000000084f00000, 0x0000000084f00000|100%| O|  |TAMS 0x0000000084e00000, 0x0000000084e00000| Untracked 
|  79|0x0000000084f00000, 0x0000000085000000, 0x0000000085000000|100%| O|  |TAMS 0x0000000085000000, 0x0000000084f00000| Untracked 
|  80|0x0000000085000000, 0x0000000085100000, 0x0000000085100000|100%|HS|  |TAMS 0x0000000085100000, 0x0000000085000000| Complete 
|  81|0x0000000085100000, 0x0000000085200000, 0x0000000085200000|100%|HS|  |TAMS 0x0000000085200000, 0x0000000085100000| Complete 
|  82|0x0000000085200000, 0x0000000085300000, 0x0000000085300000|100%|HC|  |TAMS 0x0000000085300000, 0x0000000085200000| Complete 
|  83|0x0000000085300000, 0x0000000085400000, 0x0000000085400000|100%|HS|  |TAMS 0x0000000085400000, 0x0000000085300000| Complete 
|  84|0x0000000085400000, 0x0000000085500000, 0x0000000085500000|100%|HC|  |TAMS 0x0000000085500000, 0x0000000085400000| Complete 
|  85|0x0000000085500000, 0x0000000085600000, 0x0000000085600000|100%|HS|  |TAMS 0x0000000085600000, 0x0000000085500000| Complete 
|  86|0x0000000085600000, 0x0000000085700000, 0x0000000085700000|100%|HS|  |TAMS 0x0000000085700000, 0x0000000085600000| Complete 
|  87|0x0000000085700000, 0x0000000085800000, 0x0000000085800000|100%|HC|  |TAMS 0x0000000085800000, 0x0000000085700000| Complete 
|  88|0x0000000085800000, 0x0000000085900000, 0x0000000085900000|100%|HC|  |TAMS 0x0000000085900000, 0x0000000085800000| Complete 
|  89|0x0000000085900000, 0x0000000085a00000, 0x0000000085a00000|100%|HC|  |TAMS 0x0000000085a00000, 0x0000000085900000| Complete 
|  90|0x0000000085a00000, 0x0000000085b00000, 0x0000000085b00000|100%|HS|  |TAMS 0x0000000085b00000, 0x0000000085a00000| Complete 
|  91|0x0000000085b00000, 0x0000000085c00000, 0x0000000085c00000|100%| O|  |TAMS 0x0000000085c00000, 0x0000000085b00000| Untracked 
|  92|0x0000000085c00000, 0x0000000085d00000, 0x0000000085d00000|100%|HS|  |TAMS 0x0000000085d00000, 0x0000000085c00000| Complete 
|  93|0x0000000085d00000, 0x0000000085e00000, 0x0000000085e00000|100%|HS|  |TAMS 0x0000000085e00000, 0x0000000085d00000| Complete 
|  94|0x0000000085e00000, 0x0000000085f00000, 0x0000000085f00000|100%| O|  |TAMS 0x0000000085f00000, 0x0000000085e00000| Untracked 
|  95|0x0000000085f00000, 0x0000000086000000, 0x0000000086000000|100%| O|  |TAMS 0x0000000086000000, 0x0000000085f00000| Untracked 
|  96|0x0000000086000000, 0x0000000086100000, 0x0000000086100000|100%| O|  |TAMS 0x0000000086100000, 0x0000000086000000| Untracked 
|  97|0x0000000086100000, 0x0000000086200000, 0x0000000086200000|100%| O|  |TAMS 0x0000000086200000, 0x0000000086100000| Untracked 
|  98|0x0000000086200000, 0x00000000862ffff8, 0x0000000086300000| 99%| O|  |TAMS 0x00000000862ffff8, 0x0000000086200000| Untracked 
|  99|0x0000000086300000, 0x0000000086400000, 0x0000000086400000|100%| O|  |TAMS 0x0000000086400000, 0x0000000086300000| Untracked 
| 100|0x0000000086400000, 0x0000000086500000, 0x0000000086500000|100%| O|  |TAMS 0x0000000086500000, 0x0000000086400000| Untracked 
| 101|0x0000000086500000, 0x0000000086600000, 0x0000000086600000|100%| O|  |TAMS 0x0000000086600000, 0x0000000086500000| Untracked 
| 102|0x0000000086600000, 0x0000000086700000, 0x0000000086700000|100%| O|  |TAMS 0x0000000086700000, 0x0000000086600000| Untracked 
| 103|0x0000000086700000, 0x0000000086800000, 0x0000000086800000|100%| O|  |TAMS 0x0000000086800000, 0x0000000086700000| Untracked 
| 104|0x0000000086800000, 0x0000000086900000, 0x0000000086900000|100%| O|  |TAMS 0x0000000086900000, 0x0000000086800000| Untracked 
| 105|0x0000000086900000, 0x0000000086a00000, 0x0000000086a00000|100%|HS|  |TAMS 0x0000000086a00000, 0x0000000086900000| Complete 
| 106|0x0000000086a00000, 0x0000000086b00000, 0x0000000086b00000|100%|HS|  |TAMS 0x0000000086b00000, 0x0000000086a00000| Complete 
| 107|0x0000000086b00000, 0x0000000086c00000, 0x0000000086c00000|100%|HC|  |TAMS 0x0000000086c00000, 0x0000000086b00000| Complete 
| 108|0x0000000086c00000, 0x0000000086d00000, 0x0000000086d00000|100%|HC|  |TAMS 0x0000000086d00000, 0x0000000086c00000| Complete 
| 109|0x0000000086d00000, 0x0000000086e00000, 0x0000000086e00000|100%|HC|  |TAMS 0x0000000086e00000, 0x0000000086d00000| Complete 
| 110|0x0000000086e00000, 0x0000000086f00000, 0x0000000086f00000|100%| O|  |TAMS 0x0000000086f00000, 0x0000000086e00000| Untracked 
| 111|0x0000000086f00000, 0x0000000087000000, 0x0000000087000000|100%| O|  |TAMS 0x0000000087000000, 0x0000000086f00000| Untracked 
| 112|0x0000000087000000, 0x0000000087100000, 0x0000000087100000|100%| O|  |TAMS 0x0000000087100000, 0x0000000087000000| Untracked 
| 113|0x0000000087100000, 0x0000000087200000, 0x0000000087200000|100%| O|  |TAMS 0x0000000087200000, 0x0000000087100000| Untracked 
| 114|0x0000000087200000, 0x0000000087300000, 0x0000000087300000|100%| O|  |TAMS 0x0000000087300000, 0x0000000087200000| Untracked 
| 115|0x0000000087300000, 0x0000000087400000, 0x0000000087400000|100%| O|  |TAMS 0x0000000087400000, 0x0000000087300000| Untracked 
| 116|0x0000000087400000, 0x0000000087500000, 0x0000000087500000|100%| O|  |TAMS 0x0000000087500000, 0x0000000087400000| Untracked 
| 117|0x0000000087500000, 0x0000000087600000, 0x0000000087600000|100%| O|  |TAMS 0x0000000087600000, 0x0000000087500000| Untracked 
| 118|0x0000000087600000, 0x0000000087700000, 0x0000000087700000|100%| O|  |TAMS 0x0000000087700000, 0x0000000087600000| Untracked 
| 119|0x0000000087700000, 0x0000000087800000, 0x0000000087800000|100%| O|  |TAMS 0x0000000087800000, 0x0000000087700000| Untracked 
| 120|0x0000000087800000, 0x0000000087900000, 0x0000000087900000|100%| O|  |TAMS 0x0000000087900000, 0x0000000087800000| Untracked 
| 121|0x0000000087900000, 0x0000000087a00000, 0x0000000087a00000|100%| O|  |TAMS 0x0000000087a00000, 0x0000000087900000| Untracked 
| 122|0x0000000087a00000, 0x0000000087b00000, 0x0000000087b00000|100%| O|  |TAMS 0x0000000087b00000, 0x0000000087a00000| Untracked 
| 123|0x0000000087b00000, 0x0000000087c00000, 0x0000000087c00000|100%| O|  |TAMS 0x0000000087c00000, 0x0000000087b00000| Untracked 
| 124|0x0000000087c00000, 0x0000000087d00000, 0x0000000087d00000|100%| O|  |TAMS 0x0000000087d00000, 0x0000000087c00000| Untracked 
| 125|0x0000000087d00000, 0x0000000087e00000, 0x0000000087e00000|100%| O|  |TAMS 0x0000000087e00000, 0x0000000087d00000| Untracked 
| 126|0x0000000087e00000, 0x0000000087f00000, 0x0000000087f00000|100%| O|  |TAMS 0x0000000087f00000, 0x0000000087e00000| Untracked 
| 127|0x0000000087f00000, 0x0000000088000000, 0x0000000088000000|100%| O|  |TAMS 0x0000000088000000, 0x0000000087f00000| Untracked 
| 128|0x0000000088000000, 0x0000000088100000, 0x0000000088100000|100%| O|  |TAMS 0x00000000880f5800, 0x0000000088000000| Untracked 
| 129|0x0000000088100000, 0x0000000088200000, 0x0000000088200000|100%| O|  |TAMS 0x0000000088100000, 0x0000000088100000| Untracked 
| 130|0x0000000088200000, 0x0000000088300000, 0x0000000088300000|100%| O|  |TAMS 0x0000000088200000, 0x0000000088200000| Untracked 
| 131|0x0000000088300000, 0x0000000088400000, 0x0000000088400000|100%| O|  |TAMS 0x0000000088300000, 0x0000000088300000| Untracked 
| 132|0x0000000088400000, 0x0000000088500000, 0x0000000088500000|100%| O|  |TAMS 0x0000000088400000, 0x0000000088400000| Untracked 
| 133|0x0000000088500000, 0x0000000088600000, 0x0000000088600000|100%| O|  |TAMS 0x0000000088500000, 0x0000000088500000| Untracked 
| 134|0x0000000088600000, 0x0000000088700000, 0x0000000088700000|100%| O|  |TAMS 0x0000000088600000, 0x0000000088600000| Untracked 
| 135|0x0000000088700000, 0x0000000088800000, 0x0000000088800000|100%| O|  |TAMS 0x0000000088700000, 0x0000000088700000| Untracked 
| 136|0x0000000088800000, 0x0000000088900000, 0x0000000088900000|100%| O|  |TAMS 0x0000000088800000, 0x0000000088800000| Untracked 
| 137|0x0000000088900000, 0x0000000088a00000, 0x0000000088a00000|100%| O|  |TAMS 0x0000000088900000, 0x0000000088900000| Untracked 
| 138|0x0000000088a00000, 0x0000000088b00000, 0x0000000088b00000|100%| O|  |TAMS 0x0000000088a00000, 0x0000000088a00000| Untracked 
| 139|0x0000000088b00000, 0x0000000088c00000, 0x0000000088c00000|100%| O|  |TAMS 0x0000000088b00000, 0x0000000088b00000| Untracked 
| 140|0x0000000088c00000, 0x0000000088d00000, 0x0000000088d00000|100%|HS|  |TAMS 0x0000000088c00000, 0x0000000088c00000| Complete 
| 141|0x0000000088d00000, 0x0000000088e00000, 0x0000000088e00000|100%|HC|  |TAMS 0x0000000088d00000, 0x0000000088d00000| Complete 
| 142|0x0000000088e00000, 0x0000000088f00000, 0x0000000088f00000|100%|HC|  |TAMS 0x0000000088e00000, 0x0000000088e00000| Complete 
| 143|0x0000000088f00000, 0x0000000089000000, 0x0000000089000000|100%|HC|  |TAMS 0x0000000088f00000, 0x0000000088f00000| Complete 
| 144|0x0000000089000000, 0x0000000089100000, 0x0000000089100000|100%|HC|  |TAMS 0x0000000089000000, 0x0000000089000000| Complete 
| 145|0x0000000089100000, 0x0000000089200000, 0x0000000089200000|100%|HS|  |TAMS 0x0000000089100000, 0x0000000089100000| Complete 
| 146|0x0000000089200000, 0x0000000089300000, 0x0000000089300000|100%|HC|  |TAMS 0x0000000089200000, 0x0000000089200000| Complete 
| 147|0x0000000089300000, 0x0000000089400000, 0x0000000089400000|100%|HC|  |TAMS 0x0000000089300000, 0x0000000089300000| Complete 
| 148|0x0000000089400000, 0x0000000089500000, 0x0000000089500000|100%|HS|  |TAMS 0x0000000089400000, 0x0000000089400000| Complete 
| 149|0x0000000089500000, 0x0000000089600000, 0x0000000089600000|100%|HC|  |TAMS 0x0000000089500000, 0x0000000089500000| Complete 
| 150|0x0000000089600000, 0x0000000089700000, 0x0000000089700000|100%|HC|  |TAMS 0x0000000089600000, 0x0000000089600000| Complete 
| 151|0x0000000089700000, 0x0000000089800000, 0x0000000089800000|100%|HS|  |TAMS 0x0000000089700000, 0x0000000089700000| Complete 
| 152|0x0000000089800000, 0x0000000089900000, 0x0000000089900000|100%| O|  |TAMS 0x0000000089800000, 0x0000000089800000| Untracked 
| 153|0x0000000089900000, 0x0000000089a00000, 0x0000000089a00000|100%| O|  |TAMS 0x0000000089900000, 0x0000000089900000| Untracked 
| 154|0x0000000089a00000, 0x0000000089b00000, 0x0000000089b00000|100%| O|  |TAMS 0x0000000089a00000, 0x0000000089a00000| Untracked 
| 155|0x0000000089b00000, 0x0000000089c00000, 0x0000000089c00000|100%| O|  |TAMS 0x0000000089b00000, 0x0000000089b00000| Untracked 
| 156|0x0000000089c00000, 0x0000000089d00000, 0x0000000089d00000|100%| O|  |TAMS 0x0000000089c00000, 0x0000000089c00000| Untracked 
| 157|0x0000000089d00000, 0x0000000089e00000, 0x0000000089e00000|100%| O|  |TAMS 0x0000000089d00000, 0x0000000089d00000| Untracked 
| 158|0x0000000089e00000, 0x0000000089f00000, 0x0000000089f00000|100%| O|  |TAMS 0x0000000089e00000, 0x0000000089e00000| Untracked 
| 159|0x0000000089f00000, 0x000000008a000000, 0x000000008a000000|100%|HS|  |TAMS 0x0000000089f00000, 0x0000000089f00000| Complete 
| 160|0x000000008a000000, 0x000000008a100000, 0x000000008a100000|100%|HC|  |TAMS 0x000000008a000000, 0x000000008a000000| Complete 
| 161|0x000000008a100000, 0x000000008a200000, 0x000000008a200000|100%|HC|  |TAMS 0x000000008a100000, 0x000000008a100000| Complete 
| 162|0x000000008a200000, 0x000000008a300000, 0x000000008a300000|100%| O|  |TAMS 0x000000008a200000, 0x000000008a200000| Untracked 
| 163|0x000000008a300000, 0x000000008a400000, 0x000000008a400000|100%| O|  |TAMS 0x000000008a300000, 0x000000008a300000| Untracked 
| 164|0x000000008a400000, 0x000000008a500000, 0x000000008a500000|100%| O|  |TAMS 0x000000008a400000, 0x000000008a400000| Untracked 
| 165|0x000000008a500000, 0x000000008a600000, 0x000000008a600000|100%| O|  |TAMS 0x000000008a500000, 0x000000008a500000| Untracked 
| 166|0x000000008a600000, 0x000000008a700000, 0x000000008a700000|100%| O|  |TAMS 0x000000008a600000, 0x000000008a600000| Untracked 
| 167|0x000000008a700000, 0x000000008a800000, 0x000000008a800000|100%| O|  |TAMS 0x000000008a700000, 0x000000008a700000| Untracked 
| 168|0x000000008a800000, 0x000000008a900000, 0x000000008a900000|100%| O|  |TAMS 0x000000008a800000, 0x000000008a800000| Untracked 
| 169|0x000000008a900000, 0x000000008aa00000, 0x000000008aa00000|100%| O|  |TAMS 0x000000008a900000, 0x000000008a900000| Untracked 
| 170|0x000000008aa00000, 0x000000008ab00000, 0x000000008ab00000|100%| O|  |TAMS 0x000000008aa00000, 0x000000008aa00000| Untracked 
| 171|0x000000008ab00000, 0x000000008ac00000, 0x000000008ac00000|100%| O|  |TAMS 0x000000008ab00000, 0x000000008ab00000| Untracked 
| 172|0x000000008ac00000, 0x000000008ad00000, 0x000000008ad00000|100%| O|  |TAMS 0x000000008ac00000, 0x000000008ac00000| Untracked 
| 173|0x000000008ad00000, 0x000000008ae00000, 0x000000008ae00000|100%| O|  |TAMS 0x000000008ad00000, 0x000000008ad00000| Untracked 
| 174|0x000000008ae00000, 0x000000008af00000, 0x000000008af00000|100%| O|  |TAMS 0x000000008ae00000, 0x000000008ae00000| Untracked 
| 175|0x000000008af00000, 0x000000008b000000, 0x000000008b000000|100%| O|  |TAMS 0x000000008af00000, 0x000000008af00000| Untracked 
| 176|0x000000008b000000, 0x000000008b100000, 0x000000008b100000|100%| O|  |TAMS 0x000000008b000000, 0x000000008b000000| Untracked 
| 177|0x000000008b100000, 0x000000008b200000, 0x000000008b200000|100%| O|  |TAMS 0x000000008b100000, 0x000000008b100000| Untracked 
| 178|0x000000008b200000, 0x000000008b300000, 0x000000008b300000|100%| O|  |TAMS 0x000000008b200000, 0x000000008b200000| Untracked 
| 179|0x000000008b300000, 0x000000008b400000, 0x000000008b400000|100%| O|  |TAMS 0x000000008b300000, 0x000000008b300000| Untracked 
| 180|0x000000008b400000, 0x000000008b500000, 0x000000008b500000|100%| O|  |TAMS 0x000000008b400000, 0x000000008b400000| Untracked 
| 181|0x000000008b500000, 0x000000008b600000, 0x000000008b600000|100%| O|  |TAMS 0x000000008b500000, 0x000000008b500000| Untracked 
| 182|0x000000008b600000, 0x000000008b700000, 0x000000008b700000|100%| O|  |TAMS 0x000000008b600000, 0x000000008b600000| Untracked 
| 183|0x000000008b700000, 0x000000008b800000, 0x000000008b800000|100%| O|  |TAMS 0x000000008b700000, 0x000000008b700000| Untracked 
| 184|0x000000008b800000, 0x000000008b900000, 0x000000008b900000|100%| O|  |TAMS 0x000000008b800000, 0x000000008b800000| Untracked 
| 185|0x000000008b900000, 0x000000008ba00000, 0x000000008ba00000|100%| O|  |TAMS 0x000000008b900000, 0x000000008b900000| Untracked 
| 186|0x000000008ba00000, 0x000000008bb00000, 0x000000008bb00000|100%| O|  |TAMS 0x000000008ba00000, 0x000000008ba00000| Untracked 
| 187|0x000000008bb00000, 0x000000008bc00000, 0x000000008bc00000|100%| O|  |TAMS 0x000000008bb00000, 0x000000008bb00000| Untracked 
| 188|0x000000008bc00000, 0x000000008bc60c00, 0x000000008bd00000| 37%| O|  |TAMS 0x000000008bc00000, 0x000000008bc00000| Untracked 
| 189|0x000000008bd00000, 0x000000008be00000, 0x000000008be00000|100%|HS|  |TAMS 0x000000008bd00000, 0x000000008bd00000| Complete 
| 190|0x000000008be00000, 0x000000008bf00000, 0x000000008bf00000|100%|HS|  |TAMS 0x000000008be00000, 0x000000008be00000| Complete 
| 191|0x000000008bf00000, 0x000000008bf00000, 0x000000008c000000|  0%| F|  |TAMS 0x000000008bf00000, 0x000000008bf00000| Untracked 
| 192|0x000000008c000000, 0x000000008c000000, 0x000000008c100000|  0%| F|  |TAMS 0x000000008c000000, 0x000000008c000000| Untracked 
| 193|0x000000008c100000, 0x000000008c100000, 0x000000008c200000|  0%| F|  |TAMS 0x000000008c100000, 0x000000008c100000| Untracked 
| 194|0x000000008c200000, 0x000000008c200000, 0x000000008c300000|  0%| F|  |TAMS 0x000000008c200000, 0x000000008c200000| Untracked 
| 195|0x000000008c300000, 0x000000008c300000, 0x000000008c400000|  0%| F|  |TAMS 0x000000008c300000, 0x000000008c300000| Untracked 
| 196|0x000000008c400000, 0x000000008c400000, 0x000000008c500000|  0%| F|  |TAMS 0x000000008c400000, 0x000000008c400000| Untracked 
| 197|0x000000008c500000, 0x000000008c500000, 0x000000008c600000|  0%| F|  |TAMS 0x000000008c500000, 0x000000008c500000| Untracked 
| 198|0x000000008c600000, 0x000000008c600000, 0x000000008c700000|  0%| F|  |TAMS 0x000000008c600000, 0x000000008c600000| Untracked 
| 199|0x000000008c700000, 0x000000008c700000, 0x000000008c800000|  0%| F|  |TAMS 0x000000008c700000, 0x000000008c700000| Untracked 
| 200|0x000000008c800000, 0x000000008c800000, 0x000000008c900000|  0%| F|  |TAMS 0x000000008c800000, 0x000000008c800000| Untracked 
| 201|0x000000008c900000, 0x000000008c900000, 0x000000008ca00000|  0%| F|  |TAMS 0x000000008c900000, 0x000000008c900000| Untracked 
| 202|0x000000008ca00000, 0x000000008ca00000, 0x000000008cb00000|  0%| F|  |TAMS 0x000000008ca00000, 0x000000008ca00000| Untracked 
| 203|0x000000008cb00000, 0x000000008cb00000, 0x000000008cc00000|  0%| F|  |TAMS 0x000000008cb00000, 0x000000008cb00000| Untracked 
| 204|0x000000008cc00000, 0x000000008cc00000, 0x000000008cd00000|  0%| F|  |TAMS 0x000000008cc00000, 0x000000008cc00000| Untracked 
| 205|0x000000008cd00000, 0x000000008cd00000, 0x000000008ce00000|  0%| F|  |TAMS 0x000000008cd00000, 0x000000008cd00000| Untracked 
| 206|0x000000008ce00000, 0x000000008ce00000, 0x000000008cf00000|  0%| F|  |TAMS 0x000000008ce00000, 0x000000008ce00000| Untracked 
| 207|0x000000008cf00000, 0x000000008cf00000, 0x000000008d000000|  0%| F|  |TAMS 0x000000008cf00000, 0x000000008cf00000| Untracked 
| 208|0x000000008d000000, 0x000000008d000000, 0x000000008d100000|  0%| F|  |TAMS 0x000000008d000000, 0x000000008d000000| Untracked 
| 209|0x000000008d100000, 0x000000008d100000, 0x000000008d200000|  0%| F|  |TAMS 0x000000008d100000, 0x000000008d100000| Untracked 
| 210|0x000000008d200000, 0x000000008d200000, 0x000000008d300000|  0%| F|  |TAMS 0x000000008d200000, 0x000000008d200000| Untracked 
| 211|0x000000008d300000, 0x000000008d300000, 0x000000008d400000|  0%| F|  |TAMS 0x000000008d300000, 0x000000008d300000| Untracked 
| 212|0x000000008d400000, 0x000000008d400000, 0x000000008d500000|  0%| F|  |TAMS 0x000000008d400000, 0x000000008d400000| Untracked 
| 213|0x000000008d500000, 0x000000008d500000, 0x000000008d600000|  0%| F|  |TAMS 0x000000008d500000, 0x000000008d500000| Untracked 
| 214|0x000000008d600000, 0x000000008d600000, 0x000000008d700000|  0%| F|  |TAMS 0x000000008d600000, 0x000000008d600000| Untracked 
| 215|0x000000008d700000, 0x000000008d700000, 0x000000008d800000|  0%| F|  |TAMS 0x000000008d700000, 0x000000008d700000| Untracked 
| 216|0x000000008d800000, 0x000000008d800000, 0x000000008d900000|  0%| F|  |TAMS 0x000000008d800000, 0x000000008d800000| Untracked 
| 217|0x000000008d900000, 0x000000008d900000, 0x000000008da00000|  0%| F|  |TAMS 0x000000008d900000, 0x000000008d900000| Untracked 
| 218|0x000000008da00000, 0x000000008da00000, 0x000000008db00000|  0%| F|  |TAMS 0x000000008da00000, 0x000000008da00000| Untracked 
| 219|0x000000008db00000, 0x000000008db00000, 0x000000008dc00000|  0%| F|  |TAMS 0x000000008db00000, 0x000000008db00000| Untracked 
| 220|0x000000008dc00000, 0x000000008dc00000, 0x000000008dd00000|  0%| F|  |TAMS 0x000000008dc00000, 0x000000008dc00000| Untracked 
| 221|0x000000008dd00000, 0x000000008dd00000, 0x000000008de00000|  0%| F|  |TAMS 0x000000008dd00000, 0x000000008dd00000| Untracked 
| 222|0x000000008de00000, 0x000000008de00000, 0x000000008df00000|  0%| F|  |TAMS 0x000000008de00000, 0x000000008de00000| Untracked 
| 223|0x000000008df00000, 0x000000008df00000, 0x000000008e000000|  0%| F|  |TAMS 0x000000008df00000, 0x000000008df00000| Untracked 
| 224|0x000000008e000000, 0x000000008e000000, 0x000000008e100000|  0%| F|  |TAMS 0x000000008e000000, 0x000000008e000000| Untracked 
| 225|0x000000008e100000, 0x000000008e100000, 0x000000008e200000|  0%| F|  |TAMS 0x000000008e100000, 0x000000008e100000| Untracked 
| 226|0x000000008e200000, 0x000000008e200000, 0x000000008e300000|  0%| F|  |TAMS 0x000000008e200000, 0x000000008e200000| Untracked 
| 227|0x000000008e300000, 0x000000008e300000, 0x000000008e400000|  0%| F|  |TAMS 0x000000008e300000, 0x000000008e300000| Untracked 
| 228|0x000000008e400000, 0x000000008e400000, 0x000000008e500000|  0%| F|  |TAMS 0x000000008e400000, 0x000000008e400000| Untracked 
| 229|0x000000008e500000, 0x000000008e500000, 0x000000008e600000|  0%| F|  |TAMS 0x000000008e500000, 0x000000008e500000| Untracked 
| 230|0x000000008e600000, 0x000000008e700000, 0x000000008e700000|100%| S|CS|TAMS 0x000000008e600000, 0x000000008e600000| Complete 
| 231|0x000000008e700000, 0x000000008e800000, 0x000000008e800000|100%| S|CS|TAMS 0x000000008e700000, 0x000000008e700000| Complete 
| 232|0x000000008e800000, 0x000000008e900000, 0x000000008e900000|100%| S|CS|TAMS 0x000000008e800000, 0x000000008e800000| Complete 
| 233|0x000000008e900000, 0x000000008ea00000, 0x000000008ea00000|100%| S|CS|TAMS 0x000000008e900000, 0x000000008e900000| Complete 
| 234|0x000000008ea00000, 0x000000008ea00000, 0x000000008eb00000|  0%| F|  |TAMS 0x000000008ea00000, 0x000000008ea00000| Untracked 
| 235|0x000000008eb00000, 0x000000008eb00000, 0x000000008ec00000|  0%| F|  |TAMS 0x000000008eb00000, 0x000000008eb00000| Untracked 
| 236|0x000000008ec00000, 0x000000008ec00000, 0x000000008ed00000|  0%| F|  |TAMS 0x000000008ec00000, 0x000000008ec00000| Untracked 
| 237|0x000000008ed00000, 0x000000008ed00000, 0x000000008ee00000|  0%| F|  |TAMS 0x000000008ed00000, 0x000000008ed00000| Untracked 
| 238|0x000000008ee00000, 0x000000008ee00000, 0x000000008ef00000|  0%| F|  |TAMS 0x000000008ee00000, 0x000000008ee00000| Untracked 
| 239|0x000000008ef00000, 0x000000008ef00000, 0x000000008f000000|  0%| F|  |TAMS 0x000000008ef00000, 0x000000008ef00000| Untracked 
| 240|0x000000008f000000, 0x000000008f000000, 0x000000008f100000|  0%| F|  |TAMS 0x000000008f000000, 0x000000008f000000| Untracked 
| 241|0x000000008f100000, 0x000000008f200000, 0x000000008f200000|100%| S|CS|TAMS 0x000000008f100000, 0x000000008f100000| Complete 
| 242|0x000000008f200000, 0x000000008f200000, 0x000000008f300000|  0%| F|  |TAMS 0x000000008f200000, 0x000000008f200000| Untracked 
| 243|0x000000008f300000, 0x000000008f400000, 0x000000008f400000|100%| S|CS|TAMS 0x000000008f300000, 0x000000008f300000| Complete 
| 244|0x000000008f400000, 0x000000008f500000, 0x000000008f500000|100%| S|CS|TAMS 0x000000008f400000, 0x000000008f400000| Complete 
| 245|0x000000008f500000, 0x000000008f500000, 0x000000008f600000|  0%| F|  |TAMS 0x000000008f500000, 0x000000008f500000| Untracked 
| 246|0x000000008f600000, 0x000000008f600000, 0x000000008f700000|  0%| F|  |TAMS 0x000000008f600000, 0x000000008f600000| Untracked 
| 247|0x000000008f700000, 0x000000008f700000, 0x000000008f800000|  0%| F|  |TAMS 0x000000008f700000, 0x000000008f700000| Untracked 
| 248|0x000000008f800000, 0x000000008f800000, 0x000000008f900000|  0%| F|  |TAMS 0x000000008f800000, 0x000000008f800000| Untracked 
| 249|0x000000008f900000, 0x000000008f900000, 0x000000008fa00000|  0%| F|  |TAMS 0x000000008f900000, 0x000000008f900000| Untracked 
| 250|0x000000008fa00000, 0x000000008fa00000, 0x000000008fb00000|  0%| F|  |TAMS 0x000000008fa00000, 0x000000008fa00000| Untracked 
| 251|0x000000008fb00000, 0x000000008fb00000, 0x000000008fc00000|  0%| F|  |TAMS 0x000000008fb00000, 0x000000008fb00000| Untracked 
| 252|0x000000008fc00000, 0x000000008fc00000, 0x000000008fd00000|  0%| F|  |TAMS 0x000000008fc00000, 0x000000008fc00000| Untracked 
| 253|0x000000008fd00000, 0x000000008fd00000, 0x000000008fe00000|  0%| F|  |TAMS 0x000000008fd00000, 0x000000008fd00000| Untracked 
| 254|0x000000008fe00000, 0x000000008fe00000, 0x000000008ff00000|  0%| F|  |TAMS 0x000000008fe00000, 0x000000008fe00000| Untracked 
| 255|0x000000008ff00000, 0x000000008ff00000, 0x0000000090000000|  0%| F|  |TAMS 0x000000008ff00000, 0x000000008ff00000| Untracked 
| 256|0x0000000090000000, 0x0000000090000000, 0x0000000090100000|  0%| F|  |TAMS 0x0000000090000000, 0x0000000090000000| Untracked 
| 257|0x0000000090100000, 0x0000000090100000, 0x0000000090200000|  0%| F|  |TAMS 0x0000000090100000, 0x0000000090100000| Untracked 
| 258|0x0000000090200000, 0x0000000090200000, 0x0000000090300000|  0%| F|  |TAMS 0x0000000090200000, 0x0000000090200000| Untracked 
| 259|0x0000000090300000, 0x0000000090300000, 0x0000000090400000|  0%| F|  |TAMS 0x0000000090300000, 0x0000000090300000| Untracked 
| 260|0x0000000090400000, 0x0000000090400000, 0x0000000090500000|  0%| F|  |TAMS 0x0000000090400000, 0x0000000090400000| Untracked 
| 261|0x0000000090500000, 0x0000000090500000, 0x0000000090600000|  0%| F|  |TAMS 0x0000000090500000, 0x0000000090500000| Untracked 
| 262|0x0000000090600000, 0x0000000090600000, 0x0000000090700000|  0%| F|  |TAMS 0x0000000090600000, 0x0000000090600000| Untracked 
| 263|0x0000000090700000, 0x0000000090700000, 0x0000000090800000|  0%| F|  |TAMS 0x0000000090700000, 0x0000000090700000| Untracked 
| 264|0x0000000090800000, 0x0000000090800000, 0x0000000090900000|  0%| F|  |TAMS 0x0000000090800000, 0x0000000090800000| Untracked 
| 265|0x0000000090900000, 0x0000000090900000, 0x0000000090a00000|  0%| F|  |TAMS 0x0000000090900000, 0x0000000090900000| Untracked 
| 266|0x0000000090a00000, 0x0000000090a00000, 0x0000000090b00000|  0%| F|  |TAMS 0x0000000090a00000, 0x0000000090a00000| Untracked 
| 267|0x0000000090b00000, 0x0000000090b00000, 0x0000000090c00000|  0%| F|  |TAMS 0x0000000090b00000, 0x0000000090b00000| Untracked 
| 268|0x0000000090c00000, 0x0000000090c00000, 0x0000000090d00000|  0%| F|  |TAMS 0x0000000090c00000, 0x0000000090c00000| Untracked 
| 269|0x0000000090d00000, 0x0000000090d00000, 0x0000000090e00000|  0%| F|  |TAMS 0x0000000090d00000, 0x0000000090d00000| Untracked 
| 270|0x0000000090e00000, 0x0000000090e00000, 0x0000000090f00000|  0%| F|  |TAMS 0x0000000090e00000, 0x0000000090e00000| Untracked 
| 271|0x0000000090f00000, 0x0000000090f00000, 0x0000000091000000|  0%| F|  |TAMS 0x0000000090f00000, 0x0000000090f00000| Untracked 
| 272|0x0000000091000000, 0x0000000091000000, 0x0000000091100000|  0%| F|  |TAMS 0x0000000091000000, 0x0000000091000000| Untracked 
| 273|0x0000000091100000, 0x0000000091100000, 0x0000000091200000|  0%| F|  |TAMS 0x0000000091100000, 0x0000000091100000| Untracked 
| 274|0x0000000091200000, 0x0000000091200000, 0x0000000091300000|  0%| F|  |TAMS 0x0000000091200000, 0x0000000091200000| Untracked 
| 275|0x0000000091300000, 0x00000000913fe918, 0x0000000091400000| 99%| E|  |TAMS 0x0000000091300000, 0x0000000091300000| Complete 
| 276|0x0000000091400000, 0x0000000091500000, 0x0000000091500000|100%| E|CS|TAMS 0x0000000091400000, 0x0000000091400000| Complete 
| 277|0x0000000091500000, 0x0000000091600000, 0x0000000091600000|100%| E|CS|TAMS 0x0000000091500000, 0x0000000091500000| Complete 
| 278|0x0000000091600000, 0x0000000091700000, 0x0000000091700000|100%| E|CS|TAMS 0x0000000091600000, 0x0000000091600000| Complete 
| 279|0x0000000091700000, 0x0000000091800000, 0x0000000091800000|100%| E|CS|TAMS 0x0000000091700000, 0x0000000091700000| Complete 
| 280|0x0000000091800000, 0x0000000091900000, 0x0000000091900000|100%| E|CS|TAMS 0x0000000091800000, 0x0000000091800000| Complete 
| 281|0x0000000091900000, 0x0000000091a00000, 0x0000000091a00000|100%| E|CS|TAMS 0x0000000091900000, 0x0000000091900000| Complete 
| 282|0x0000000091a00000, 0x0000000091b00000, 0x0000000091b00000|100%| E|  |TAMS 0x0000000091a00000, 0x0000000091a00000| Complete 
| 283|0x0000000091b00000, 0x0000000091c00000, 0x0000000091c00000|100%| E|CS|TAMS 0x0000000091b00000, 0x0000000091b00000| Complete 
| 284|0x0000000091c00000, 0x0000000091d00000, 0x0000000091d00000|100%| E|CS|TAMS 0x0000000091c00000, 0x0000000091c00000| Complete 
| 285|0x0000000091d00000, 0x0000000091e00000, 0x0000000091e00000|100%| E|CS|TAMS 0x0000000091d00000, 0x0000000091d00000| Complete 
| 286|0x0000000091e00000, 0x0000000091f00000, 0x0000000091f00000|100%| E|CS|TAMS 0x0000000091e00000, 0x0000000091e00000| Complete 
| 287|0x0000000091f00000, 0x0000000092000000, 0x0000000092000000|100%| E|CS|TAMS 0x0000000091f00000, 0x0000000091f00000| Complete 
| 288|0x0000000092000000, 0x0000000092100000, 0x0000000092100000|100%| E|CS|TAMS 0x0000000092000000, 0x0000000092000000| Complete 
| 289|0x0000000092100000, 0x0000000092200000, 0x0000000092200000|100%| E|CS|TAMS 0x0000000092100000, 0x0000000092100000| Complete 
| 290|0x0000000092200000, 0x0000000092300000, 0x0000000092300000|100%| E|CS|TAMS 0x0000000092200000, 0x0000000092200000| Complete 
| 291|0x0000000092300000, 0x0000000092400000, 0x0000000092400000|100%| E|CS|TAMS 0x0000000092300000, 0x0000000092300000| Complete 
| 292|0x0000000092400000, 0x0000000092500000, 0x0000000092500000|100%| E|CS|TAMS 0x0000000092400000, 0x0000000092400000| Complete 
| 293|0x0000000092500000, 0x0000000092600000, 0x0000000092600000|100%| E|CS|TAMS 0x0000000092500000, 0x0000000092500000| Complete 
| 294|0x0000000092600000, 0x0000000092700000, 0x0000000092700000|100%| E|CS|TAMS 0x0000000092600000, 0x0000000092600000| Complete 
| 295|0x0000000092700000, 0x0000000092800000, 0x0000000092800000|100%| E|CS|TAMS 0x0000000092700000, 0x0000000092700000| Complete 
| 296|0x0000000092800000, 0x0000000092900000, 0x0000000092900000|100%| E|CS|TAMS 0x0000000092800000, 0x0000000092800000| Complete 
| 297|0x0000000092900000, 0x0000000092a00000, 0x0000000092a00000|100%| E|CS|TAMS 0x0000000092900000, 0x0000000092900000| Complete 
| 298|0x0000000092a00000, 0x0000000092b00000, 0x0000000092b00000|100%| E|CS|TAMS 0x0000000092a00000, 0x0000000092a00000| Complete 
| 299|0x0000000092b00000, 0x0000000092c00000, 0x0000000092c00000|100%| E|CS|TAMS 0x0000000092b00000, 0x0000000092b00000| Complete 
| 300|0x0000000092c00000, 0x0000000092d00000, 0x0000000092d00000|100%| E|CS|TAMS 0x0000000092c00000, 0x0000000092c00000| Complete 
| 301|0x0000000092d00000, 0x0000000092e00000, 0x0000000092e00000|100%| E|CS|TAMS 0x0000000092d00000, 0x0000000092d00000| Complete 
| 302|0x0000000092e00000, 0x0000000092f00000, 0x0000000092f00000|100%| E|CS|TAMS 0x0000000092e00000, 0x0000000092e00000| Complete 
| 303|0x0000000092f00000, 0x0000000093000000, 0x0000000093000000|100%| E|CS|TAMS 0x0000000092f00000, 0x0000000092f00000| Complete 
| 304|0x0000000093000000, 0x0000000093100000, 0x0000000093100000|100%| E|CS|TAMS 0x0000000093000000, 0x0000000093000000| Complete 
| 305|0x0000000093100000, 0x0000000093200000, 0x0000000093200000|100%| E|CS|TAMS 0x0000000093100000, 0x0000000093100000| Complete 
| 306|0x0000000093200000, 0x0000000093300000, 0x0000000093300000|100%| E|CS|TAMS 0x0000000093200000, 0x0000000093200000| Complete 
| 307|0x0000000093300000, 0x0000000093400000, 0x0000000093400000|100%| E|CS|TAMS 0x0000000093300000, 0x0000000093300000| Complete 
| 308|0x0000000093400000, 0x0000000093500000, 0x0000000093500000|100%| E|CS|TAMS 0x0000000093400000, 0x0000000093400000| Complete 
| 309|0x0000000093500000, 0x0000000093600000, 0x0000000093600000|100%| E|CS|TAMS 0x0000000093500000, 0x0000000093500000| Complete 
| 310|0x0000000093600000, 0x0000000093700000, 0x0000000093700000|100%| E|CS|TAMS 0x0000000093600000, 0x0000000093600000| Complete 
| 311|0x0000000093700000, 0x0000000093800000, 0x0000000093800000|100%| E|CS|TAMS 0x0000000093700000, 0x0000000093700000| Complete 
| 312|0x0000000093800000, 0x0000000093900000, 0x0000000093900000|100%| E|CS|TAMS 0x0000000093800000, 0x0000000093800000| Complete 
| 313|0x0000000093900000, 0x0000000093a00000, 0x0000000093a00000|100%| E|CS|TAMS 0x0000000093900000, 0x0000000093900000| Complete 
| 314|0x0000000093a00000, 0x0000000093b00000, 0x0000000093b00000|100%| E|CS|TAMS 0x0000000093a00000, 0x0000000093a00000| Complete 
| 315|0x0000000093b00000, 0x0000000093c00000, 0x0000000093c00000|100%| E|CS|TAMS 0x0000000093b00000, 0x0000000093b00000| Complete 
| 316|0x0000000093c00000, 0x0000000093d00000, 0x0000000093d00000|100%| E|CS|TAMS 0x0000000093c00000, 0x0000000093c00000| Complete 
| 317|0x0000000093d00000, 0x0000000093e00000, 0x0000000093e00000|100%| E|CS|TAMS 0x0000000093d00000, 0x0000000093d00000| Complete 
| 318|0x0000000093e00000, 0x0000000093f00000, 0x0000000093f00000|100%| E|CS|TAMS 0x0000000093e00000, 0x0000000093e00000| Complete 
| 319|0x0000000093f00000, 0x0000000094000000, 0x0000000094000000|100%| E|CS|TAMS 0x0000000093f00000, 0x0000000093f00000| Complete 
| 320|0x0000000094000000, 0x0000000094100000, 0x0000000094100000|100%| E|CS|TAMS 0x0000000094000000, 0x0000000094000000| Complete 
| 321|0x0000000094100000, 0x0000000094200000, 0x0000000094200000|100%| E|CS|TAMS 0x0000000094100000, 0x0000000094100000| Complete 
| 322|0x0000000094200000, 0x0000000094300000, 0x0000000094300000|100%| E|CS|TAMS 0x0000000094200000, 0x0000000094200000| Complete 
| 323|0x0000000094300000, 0x0000000094400000, 0x0000000094400000|100%| E|CS|TAMS 0x0000000094300000, 0x0000000094300000| Complete 
| 324|0x0000000094400000, 0x0000000094500000, 0x0000000094500000|100%| E|CS|TAMS 0x0000000094400000, 0x0000000094400000| Complete 
| 325|0x0000000094500000, 0x0000000094600000, 0x0000000094600000|100%| E|CS|TAMS 0x0000000094500000, 0x0000000094500000| Complete 
| 326|0x0000000094600000, 0x0000000094700000, 0x0000000094700000|100%| E|CS|TAMS 0x0000000094600000, 0x0000000094600000| Complete 
| 327|0x0000000094700000, 0x0000000094800000, 0x0000000094800000|100%| E|CS|TAMS 0x0000000094700000, 0x0000000094700000| Complete 
| 328|0x0000000094800000, 0x0000000094900000, 0x0000000094900000|100%| E|CS|TAMS 0x0000000094800000, 0x0000000094800000| Complete 
| 329|0x0000000094900000, 0x0000000094a00000, 0x0000000094a00000|100%| E|CS|TAMS 0x0000000094900000, 0x0000000094900000| Complete 
| 330|0x0000000094a00000, 0x0000000094b00000, 0x0000000094b00000|100%| E|CS|TAMS 0x0000000094a00000, 0x0000000094a00000| Complete 
| 331|0x0000000094b00000, 0x0000000094c00000, 0x0000000094c00000|100%| E|CS|TAMS 0x0000000094b00000, 0x0000000094b00000| Complete 
| 332|0x0000000094c00000, 0x0000000094d00000, 0x0000000094d00000|100%| E|CS|TAMS 0x0000000094c00000, 0x0000000094c00000| Complete 
| 333|0x0000000094d00000, 0x0000000094e00000, 0x0000000094e00000|100%| E|CS|TAMS 0x0000000094d00000, 0x0000000094d00000| Complete 
| 334|0x0000000094e00000, 0x0000000094f00000, 0x0000000094f00000|100%| E|CS|TAMS 0x0000000094e00000, 0x0000000094e00000| Complete 
| 335|0x0000000094f00000, 0x0000000095000000, 0x0000000095000000|100%| E|CS|TAMS 0x0000000094f00000, 0x0000000094f00000| Complete 
| 336|0x0000000095000000, 0x0000000095100000, 0x0000000095100000|100%| E|CS|TAMS 0x0000000095000000, 0x0000000095000000| Complete 
| 337|0x0000000095100000, 0x0000000095200000, 0x0000000095200000|100%| E|CS|TAMS 0x0000000095100000, 0x0000000095100000| Complete 
| 338|0x0000000095200000, 0x0000000095300000, 0x0000000095300000|100%| E|CS|TAMS 0x0000000095200000, 0x0000000095200000| Complete 
| 339|0x0000000095300000, 0x0000000095400000, 0x0000000095400000|100%| E|CS|TAMS 0x0000000095300000, 0x0000000095300000| Complete 
| 340|0x0000000095400000, 0x0000000095500000, 0x0000000095500000|100%| E|CS|TAMS 0x0000000095400000, 0x0000000095400000| Complete 
| 341|0x0000000095500000, 0x0000000095600000, 0x0000000095600000|100%| E|CS|TAMS 0x0000000095500000, 0x0000000095500000| Complete 
| 342|0x0000000095600000, 0x0000000095700000, 0x0000000095700000|100%| E|CS|TAMS 0x0000000095600000, 0x0000000095600000| Complete 
| 343|0x0000000095700000, 0x0000000095800000, 0x0000000095800000|100%| E|CS|TAMS 0x0000000095700000, 0x0000000095700000| Complete 
| 344|0x0000000095800000, 0x0000000095900000, 0x0000000095900000|100%| E|CS|TAMS 0x0000000095800000, 0x0000000095800000| Complete 
| 345|0x0000000095900000, 0x0000000095a00000, 0x0000000095a00000|100%| E|CS|TAMS 0x0000000095900000, 0x0000000095900000| Complete 
| 346|0x0000000095a00000, 0x0000000095b00000, 0x0000000095b00000|100%| E|CS|TAMS 0x0000000095a00000, 0x0000000095a00000| Complete 
| 347|0x0000000095b00000, 0x0000000095c00000, 0x0000000095c00000|100%| E|CS|TAMS 0x0000000095b00000, 0x0000000095b00000| Complete 
| 348|0x0000000095c00000, 0x0000000095d00000, 0x0000000095d00000|100%| E|CS|TAMS 0x0000000095c00000, 0x0000000095c00000| Complete 
| 349|0x0000000095d00000, 0x0000000095e00000, 0x0000000095e00000|100%| E|CS|TAMS 0x0000000095d00000, 0x0000000095d00000| Complete 
| 350|0x0000000095e00000, 0x0000000095f00000, 0x0000000095f00000|100%| E|CS|TAMS 0x0000000095e00000, 0x0000000095e00000| Complete 
| 351|0x0000000095f00000, 0x0000000096000000, 0x0000000096000000|100%| E|CS|TAMS 0x0000000095f00000, 0x0000000095f00000| Complete 
| 352|0x0000000096000000, 0x0000000096100000, 0x0000000096100000|100%| E|CS|TAMS 0x0000000096000000, 0x0000000096000000| Complete 
| 353|0x0000000096100000, 0x0000000096200000, 0x0000000096200000|100%| E|CS|TAMS 0x0000000096100000, 0x0000000096100000| Complete 
| 354|0x0000000096200000, 0x0000000096300000, 0x0000000096300000|100%| E|CS|TAMS 0x0000000096200000, 0x0000000096200000| Complete 
| 355|0x0000000096300000, 0x0000000096400000, 0x0000000096400000|100%| E|CS|TAMS 0x0000000096300000, 0x0000000096300000| Complete 
| 356|0x0000000096400000, 0x0000000096500000, 0x0000000096500000|100%| E|CS|TAMS 0x0000000096400000, 0x0000000096400000| Complete 
| 357|0x0000000096500000, 0x0000000096600000, 0x0000000096600000|100%| E|CS|TAMS 0x0000000096500000, 0x0000000096500000| Complete 
| 358|0x0000000096600000, 0x0000000096700000, 0x0000000096700000|100%| E|CS|TAMS 0x0000000096600000, 0x0000000096600000| Complete 
| 359|0x0000000096700000, 0x0000000096800000, 0x0000000096800000|100%| E|CS|TAMS 0x0000000096700000, 0x0000000096700000| Complete 
| 360|0x0000000096800000, 0x0000000096900000, 0x0000000096900000|100%| E|CS|TAMS 0x0000000096800000, 0x0000000096800000| Complete 
| 361|0x0000000096900000, 0x0000000096a00000, 0x0000000096a00000|100%| E|CS|TAMS 0x0000000096900000, 0x0000000096900000| Complete 
| 362|0x0000000096a00000, 0x0000000096b00000, 0x0000000096b00000|100%| E|CS|TAMS 0x0000000096a00000, 0x0000000096a00000| Complete 
| 363|0x0000000096b00000, 0x0000000096c00000, 0x0000000096c00000|100%| E|CS|TAMS 0x0000000096b00000, 0x0000000096b00000| Complete 
| 364|0x0000000096c00000, 0x0000000096d00000, 0x0000000096d00000|100%| E|CS|TAMS 0x0000000096c00000, 0x0000000096c00000| Complete 
| 365|0x0000000096d00000, 0x0000000096e00000, 0x0000000096e00000|100%| E|CS|TAMS 0x0000000096d00000, 0x0000000096d00000| Complete 
| 366|0x0000000096e00000, 0x0000000096f00000, 0x0000000096f00000|100%| E|CS|TAMS 0x0000000096e00000, 0x0000000096e00000| Complete 
| 367|0x0000000096f00000, 0x0000000097000000, 0x0000000097000000|100%| E|CS|TAMS 0x0000000096f00000, 0x0000000096f00000| Complete 
| 368|0x0000000097000000, 0x0000000097100000, 0x0000000097100000|100%| E|CS|TAMS 0x0000000097000000, 0x0000000097000000| Complete 
| 369|0x0000000097100000, 0x0000000097200000, 0x0000000097200000|100%| E|CS|TAMS 0x0000000097100000, 0x0000000097100000| Complete 
| 370|0x0000000097200000, 0x0000000097300000, 0x0000000097300000|100%| E|CS|TAMS 0x0000000097200000, 0x0000000097200000| Complete 
| 371|0x0000000097300000, 0x0000000097400000, 0x0000000097400000|100%| E|CS|TAMS 0x0000000097300000, 0x0000000097300000| Complete 
| 372|0x0000000097400000, 0x0000000097500000, 0x0000000097500000|100%| E|CS|TAMS 0x0000000097400000, 0x0000000097400000| Complete 
| 373|0x0000000097500000, 0x0000000097600000, 0x0000000097600000|100%| E|CS|TAMS 0x0000000097500000, 0x0000000097500000| Complete 
| 374|0x0000000097600000, 0x0000000097700000, 0x0000000097700000|100%| E|CS|TAMS 0x0000000097600000, 0x0000000097600000| Complete 
| 375|0x0000000097700000, 0x0000000097800000, 0x0000000097800000|100%| E|CS|TAMS 0x0000000097700000, 0x0000000097700000| Complete 
| 376|0x0000000097800000, 0x0000000097900000, 0x0000000097900000|100%| E|CS|TAMS 0x0000000097800000, 0x0000000097800000| Complete 
| 377|0x0000000097900000, 0x0000000097a00000, 0x0000000097a00000|100%| E|CS|TAMS 0x0000000097900000, 0x0000000097900000| Complete 
| 378|0x0000000097a00000, 0x0000000097b00000, 0x0000000097b00000|100%| E|CS|TAMS 0x0000000097a00000, 0x0000000097a00000| Complete 
| 379|0x0000000097b00000, 0x0000000097c00000, 0x0000000097c00000|100%| E|CS|TAMS 0x0000000097b00000, 0x0000000097b00000| Complete 
| 380|0x0000000097c00000, 0x0000000097d00000, 0x0000000097d00000|100%| E|CS|TAMS 0x0000000097c00000, 0x0000000097c00000| Complete 
| 381|0x0000000097d00000, 0x0000000097e00000, 0x0000000097e00000|100%| E|CS|TAMS 0x0000000097d00000, 0x0000000097d00000| Complete 
| 382|0x0000000097e00000, 0x0000000097f00000, 0x0000000097f00000|100%| E|CS|TAMS 0x0000000097e00000, 0x0000000097e00000| Complete 
| 383|0x0000000097f00000, 0x0000000098000000, 0x0000000098000000|100%| E|CS|TAMS 0x0000000097f00000, 0x0000000097f00000| Complete 
| 384|0x0000000098000000, 0x0000000098100000, 0x0000000098100000|100%| E|CS|TAMS 0x0000000098000000, 0x0000000098000000| Complete 
| 385|0x0000000098100000, 0x0000000098200000, 0x0000000098200000|100%| E|CS|TAMS 0x0000000098100000, 0x0000000098100000| Complete 
| 386|0x0000000098200000, 0x0000000098300000, 0x0000000098300000|100%| E|CS|TAMS 0x0000000098200000, 0x0000000098200000| Complete 
| 387|0x0000000098300000, 0x0000000098400000, 0x0000000098400000|100%| E|CS|TAMS 0x0000000098300000, 0x0000000098300000| Complete 
| 388|0x0000000098400000, 0x0000000098500000, 0x0000000098500000|100%| E|CS|TAMS 0x0000000098400000, 0x0000000098400000| Complete 
| 389|0x0000000098500000, 0x0000000098600000, 0x0000000098600000|100%| E|CS|TAMS 0x0000000098500000, 0x0000000098500000| Complete 
| 390|0x0000000098600000, 0x0000000098700000, 0x0000000098700000|100%| E|CS|TAMS 0x0000000098600000, 0x0000000098600000| Complete 
| 391|0x0000000098700000, 0x0000000098800000, 0x0000000098800000|100%| E|CS|TAMS 0x0000000098700000, 0x0000000098700000| Complete 
| 392|0x0000000098800000, 0x0000000098900000, 0x0000000098900000|100%| E|CS|TAMS 0x0000000098800000, 0x0000000098800000| Complete 
| 393|0x0000000098900000, 0x0000000098a00000, 0x0000000098a00000|100%| E|CS|TAMS 0x0000000098900000, 0x0000000098900000| Complete 
| 394|0x0000000098a00000, 0x0000000098b00000, 0x0000000098b00000|100%| E|CS|TAMS 0x0000000098a00000, 0x0000000098a00000| Complete 
| 395|0x0000000098b00000, 0x0000000098c00000, 0x0000000098c00000|100%| E|CS|TAMS 0x0000000098b00000, 0x0000000098b00000| Complete 
| 396|0x0000000098c00000, 0x0000000098d00000, 0x0000000098d00000|100%| E|CS|TAMS 0x0000000098c00000, 0x0000000098c00000| Complete 
| 397|0x0000000098d00000, 0x0000000098e00000, 0x0000000098e00000|100%| E|CS|TAMS 0x0000000098d00000, 0x0000000098d00000| Complete 
| 398|0x0000000098e00000, 0x0000000098f00000, 0x0000000098f00000|100%| E|CS|TAMS 0x0000000098e00000, 0x0000000098e00000| Complete 

Card table byte_map: [0x000001f59e2c0000,0x000001f59e6c0000] _byte_map_base: 0x000001f59dec0000

Marking Bits (Prev, Next): (CMBitMap*) 0x000001f58afaa8a0, (CMBitMap*) 0x000001f58afaa860
 Prev Bits: [0x000001f5a0ac0000, 0x000001f5a2ac0000)
 Next Bits: [0x000001f59eac0000, 0x000001f5a0ac0000)

Polling page: 0x000001f588dc0000

Metaspace:

Usage:
  Non-class:    107.77 MB used.
      Class:     16.86 MB used.
       Both:    124.63 MB used.

Virtual space:
  Non-class space:      128.00 MB reserved,     108.38 MB ( 85%) committed,  2 nodes.
      Class space:        1.00 GB reserved,      17.31 MB (  2%) committed,  1 nodes.
             Both:        1.12 GB reserved,     125.69 MB ( 11%) committed. 

Chunk freelists:
   Non-Class:  3.09 MB
       Class:  14.52 MB
        Both:  17.61 MB

MaxMetaspaceSize: unlimited
CompressedClassSpaceSize: 1.00 GB
Initial GC threshold: 21.00 MB
Current GC threshold: 159.62 MB
CDS: off
MetaspaceReclaimPolicy: balanced
 - commit_granule_bytes: 65536.
 - commit_granule_words: 8192.
 - virtual_space_node_default_size: 8388608.
 - enlarge_chunks_in_place: 1.
 - new_chunks_are_fully_committed: 0.
 - uncommit_free_chunks: 1.
 - use_allocation_guard: 0.
 - handle_deallocations: 1.


Internal statistics:

num_allocs_failed_limit: 3.
num_arena_births: 1418.
num_arena_deaths: 0.
num_vsnodes_births: 3.
num_vsnodes_deaths: 0.
num_space_committed: 2010.
num_space_uncommitted: 0.
num_chunks_returned_to_freelist: 3.
num_chunks_taken_from_freelist: 6610.
num_chunk_merges: 0.
num_chunk_splits: 4274.
num_chunks_enlarged: 2756.
num_inconsistent_stats: 0.

CodeHeap 'non-profiled nmethods': size=119168Kb used=8834Kb max_used=8834Kb free=110333Kb
 bounds [0x000001f595fc0000, 0x000001f596870000, 0x000001f59d420000]
CodeHeap 'profiled nmethods': size=119104Kb used=22934Kb max_used=23300Kb free=96169Kb
 bounds [0x000001f58e420000, 0x000001f58fb00000, 0x000001f595870000]
CodeHeap 'non-nmethods': size=7488Kb used=4154Kb max_used=4194Kb free=3333Kb
 bounds [0x000001f595870000, 0x000001f595c90000, 0x000001f595fc0000]
 total_blobs=12795 nmethods=11793 adapters=911
 compilation: enabled
              stopped_count=0, restarted_count=0
 full_count=0

Compilation events (20 events):
Event: 11.717 Thread 0x000001f5b80de2c0 13966       3       kotlin.collections.CollectionsKt__IterablesKt::collectionSizeOrDefault (27 bytes)
Event: 11.717 Thread 0x000001f5b80de2c0 nmethod 13966 0x000001f58f7fe610 code [0x000001f58f7fe840, 0x000001f58f7ff0e8]
Event: 11.718 Thread 0x000001f5a64310a0 13967       4       jdk.internal.org.objectweb.asm.Frame::getAbstractTypeFromDescriptor (415 bytes)
Event: 11.722 Thread 0x000001f5b80db840 13968       4       java.lang.reflect.AccessibleObject::checkCanSetAccessible (368 bytes)
Event: 11.722 Thread 0x000001f5b80ddd70 13969       3       java.util.concurrent.locks.ReentrantReadWriteLock$Sync::tryAcquire (92 bytes)
Event: 11.723 Thread 0x000001f5b80ddd70 nmethod 13969 0x000001f58f7fd990 code [0x000001f58f7fdba0, 0x000001f58f7fe228]
Event: 11.723 Thread 0x000001f5b80dbd90 13970       4       org.gradle.tooling.internal.adapter.MethodInvocation::<init> (50 bytes)
Event: 11.726 Thread 0x000001f5a64310a0 nmethod 13967 0x000001f59685e910 code [0x000001f59685eb00, 0x000001f59685f6a8]
Event: 11.728 Thread 0x000001f5b80dbd90 nmethod 13970 0x000001f59685ff10 code [0x000001f596860080, 0x000001f596860818]
Event: 11.731 Thread 0x000001f5a5eb8fd0 13971       4       org.gradle.tooling.internal.adapter.ProtocolToModelAdapter$SupportedPropertyInvoker::invoke (154 bytes)
Event: 11.739 Thread 0x000001f5a64310a0 13972       4       org.gradle.tooling.internal.adapter.ProtocolToModelAdapter$SafeMethodInvoker::invoke (118 bytes)
Event: 11.740 Thread 0x000001f5b80dbd90 13973       4       org.gradle.tooling.internal.adapter.ProtocolToModelAdapter$PropertyCachingMethodInvoker::invoke (110 bytes)
Event: 11.762 Thread 0x000001f5a5eba9a0 13975       3       org.gradle.internal.impldep.com.google.common.base.Optional::of (12 bytes)
Event: 11.762 Thread 0x000001f5b80de810 13976       3       org.gradle.internal.impldep.com.google.common.base.Preconditions::checkNotNull (14 bytes)
Event: 11.762 Thread 0x000001f5b80de2c0 13977       3       org.gradle.internal.impldep.com.google.common.base.Present::<init> (10 bytes)
Event: 11.762 Thread 0x000001f5b80ddd70 13978       3       org.gradle.internal.impldep.com.google.common.base.Optional::<init> (5 bytes)
Event: 11.762 Thread 0x000001f5b80ddd70 nmethod 13978 0x000001f58ed04b10 code [0x000001f58ed04ca0, 0x000001f58ed04df8]
Event: 11.762 Thread 0x000001f5b80de810 nmethod 13976 0x000001f58ed04690 code [0x000001f58ed04840, 0x000001f58ed04a28]
Event: 11.762 Thread 0x000001f5b80de2c0 nmethod 13977 0x000001f58ed04210 code [0x000001f58ed043c0, 0x000001f58ed045d8]
Event: 11.762 Thread 0x000001f5a5eba9a0 nmethod 13975 0x000001f58ed03a90 code [0x000001f58ed03c60, 0x000001f58ed04068]

GC Heap History (20 events):
Event: 9.595 GC heap before
{Heap before GC invocations=52 (full 0):
 garbage-first heap   total 282624K, used 237742K [0x0000000080000000, 0x0000000100000000)
  region size 1024K, 60 young (61440K), 5 survivors (5120K)
 Metaspace       used 118103K, committed 119104K, reserved 1179648K
  class space    used 16122K, committed 16576K, reserved 1048576K
}
Event: 9.597 GC heap after
{Heap after GC invocations=53 (full 0):
 garbage-first heap   total 282624K, used 182714K [0x0000000080000000, 0x0000000100000000)
  region size 1024K, 6 young (6144K), 6 survivors (6144K)
 Metaspace       used 118103K, committed 119104K, reserved 1179648K
  class space    used 16122K, committed 16576K, reserved 1048576K
}
Event: 9.699 GC heap before
{Heap before GC invocations=53 (full 0):
 garbage-first heap   total 282624K, used 239034K [0x0000000080000000, 0x0000000100000000)
  region size 1024K, 61 young (62464K), 6 survivors (6144K)
 Metaspace       used 118103K, committed 119104K, reserved 1179648K
  class space    used 16122K, committed 16576K, reserved 1048576K
}
Event: 9.702 GC heap after
{Heap after GC invocations=54 (full 0):
 garbage-first heap   total 282624K, used 183592K [0x0000000080000000, 0x0000000100000000)
  region size 1024K, 5 young (5120K), 5 survivors (5120K)
 Metaspace       used 118103K, committed 119104K, reserved 1179648K
  class space    used 16122K, committed 16576K, reserved 1048576K
}
Event: 9.866 GC heap before
{Heap before GC invocations=54 (full 0):
 garbage-first heap   total 282624K, used 238888K [0x0000000080000000, 0x0000000100000000)
  region size 1024K, 59 young (60416K), 5 survivors (5120K)
 Metaspace       used 118104K, committed 119104K, reserved 1179648K
  class space    used 16122K, committed 16576K, reserved 1048576K
}
Event: 9.869 GC heap after
{Heap after GC invocations=55 (full 0):
 garbage-first heap   total 282624K, used 185323K [0x0000000080000000, 0x0000000100000000)
  region size 1024K, 6 young (6144K), 6 survivors (6144K)
 Metaspace       used 118104K, committed 119104K, reserved 1179648K
  class space    used 16122K, committed 16576K, reserved 1048576K
}
Event: 10.049 GC heap before
{Heap before GC invocations=55 (full 0):
 garbage-first heap   total 282624K, used 239595K [0x0000000080000000, 0x0000000100000000)
  region size 1024K, 59 young (60416K), 6 survivors (6144K)
 Metaspace       used 118124K, committed 119104K, reserved 1179648K
  class space    used 16126K, committed 16576K, reserved 1048576K
}
Event: 10.052 GC heap after
{Heap after GC invocations=56 (full 0):
 garbage-first heap   total 282624K, used 187330K [0x0000000080000000, 0x0000000100000000)
  region size 1024K, 6 young (6144K), 6 survivors (6144K)
 Metaspace       used 118124K, committed 119104K, reserved 1179648K
  class space    used 16126K, committed 16576K, reserved 1048576K
}
Event: 10.230 GC heap before
{Heap before GC invocations=56 (full 0):
 garbage-first heap   total 282624K, used 240578K [0x0000000080000000, 0x0000000100000000)
  region size 1024K, 58 young (59392K), 6 survivors (6144K)
 Metaspace       used 118124K, committed 119104K, reserved 1179648K
  class space    used 16126K, committed 16576K, reserved 1048576K
}
Event: 10.234 GC heap after
{Heap after GC invocations=57 (full 0):
 garbage-first heap   total 282624K, used 188946K [0x0000000080000000, 0x0000000100000000)
  region size 1024K, 6 young (6144K), 6 survivors (6144K)
 Metaspace       used 118124K, committed 119104K, reserved 1179648K
  class space    used 16126K, committed 16576K, reserved 1048576K
}
Event: 10.354 GC heap before
{Heap before GC invocations=57 (full 0):
 garbage-first heap   total 282624K, used 241170K [0x0000000080000000, 0x0000000100000000)
  region size 1024K, 57 young (58368K), 6 survivors (6144K)
 Metaspace       used 118124K, committed 119104K, reserved 1179648K
  class space    used 16126K, committed 16576K, reserved 1048576K
}
Event: 10.358 GC heap after
{Heap after GC invocations=58 (full 0):
 garbage-first heap   total 339968K, used 190580K [0x0000000080000000, 0x0000000100000000)
  region size 1024K, 6 young (6144K), 6 survivors (6144K)
 Metaspace       used 118124K, committed 119104K, reserved 1179648K
  class space    used 16126K, committed 16576K, reserved 1048576K
}
Event: 10.560 GC heap before
{Heap before GC invocations=58 (full 0):
 garbage-first heap   total 339968K, used 283764K [0x0000000080000000, 0x0000000100000000)
  region size 1024K, 97 young (99328K), 6 survivors (6144K)
 Metaspace       used 118124K, committed 119104K, reserved 1179648K
  class space    used 16126K, committed 16576K, reserved 1048576K
}
Event: 10.566 GC heap after
{Heap after GC invocations=59 (full 0):
 garbage-first heap   total 339968K, used 193000K [0x0000000080000000, 0x0000000100000000)
  region size 1024K, 8 young (8192K), 8 survivors (8192K)
 Metaspace       used 118124K, committed 119104K, reserved 1179648K
  class space    used 16126K, committed 16576K, reserved 1048576K
}
Event: 10.726 GC heap before
{Heap before GC invocations=59 (full 0):
 garbage-first heap   total 339968K, used 285160K [0x0000000080000000, 0x0000000100000000)
  region size 1024K, 98 young (100352K), 8 survivors (8192K)
 Metaspace       used 118124K, committed 119104K, reserved 1179648K
  class space    used 16126K, committed 16576K, reserved 1048576K
}
Event: 10.731 GC heap after
{Heap after GC invocations=60 (full 0):
 garbage-first heap   total 339968K, used 195093K [0x0000000080000000, 0x0000000100000000)
  region size 1024K, 9 young (9216K), 9 survivors (9216K)
 Metaspace       used 118124K, committed 119104K, reserved 1179648K
  class space    used 16126K, committed 16576K, reserved 1048576K
}
Event: 10.904 GC heap before
{Heap before GC invocations=60 (full 0):
 garbage-first heap   total 339968K, used 286229K [0x0000000080000000, 0x0000000100000000)
  region size 1024K, 98 young (100352K), 9 survivors (9216K)
 Metaspace       used 118124K, committed 119104K, reserved 1179648K
  class space    used 16126K, committed 16576K, reserved 1048576K
}
Event: 10.912 GC heap after
{Heap after GC invocations=61 (full 0):
 garbage-first heap   total 339968K, used 198281K [0x0000000080000000, 0x0000000100000000)
  region size 1024K, 8 young (8192K), 8 survivors (8192K)
 Metaspace       used 118124K, committed 119104K, reserved 1179648K
  class space    used 16126K, committed 16576K, reserved 1048576K
}
Event: 11.053 GC heap before
{Heap before GC invocations=61 (full 0):
 garbage-first heap   total 339968K, used 287369K [0x0000000080000000, 0x0000000100000000)
  region size 1024K, 95 young (97280K), 8 survivors (8192K)
 Metaspace       used 118124K, committed 119104K, reserved 1179648K
  class space    used 16126K, committed 16576K, reserved 1048576K
}
Event: 11.060 GC heap after
{Heap after GC invocations=62 (full 0):
 garbage-first heap   total 408576K, used 200066K [0x0000000080000000, 0x0000000100000000)
  region size 1024K, 7 young (7168K), 7 survivors (7168K)
 Metaspace       used 118124K, committed 119104K, reserved 1179648K
  class space    used 16126K, committed 16576K, reserved 1048576K
}

Dll operation events (3 events):
Event: 0.004 Loaded shared library C:\Program Files\Android\Android Studio2\jbr\bin\java.dll
Event: 0.075 Loaded shared library C:\Program Files\Android\Android Studio2\jbr\bin\zip.dll
Event: 0.249 Loaded shared library C:\Program Files\Android\Android Studio2\jbr\bin\verify.dll

Deoptimization events (20 events):
Event: 11.648 Thread 0x000001f5ad679970 Uncommon trap: trap_request=0xffffff45 fr.pc=0x000001f596573c60 relative=0x0000000000000c40
Event: 11.648 Thread 0x000001f5ad679970 Uncommon trap: reason=unstable_if action=reinterpret pc=0x000001f596573c60 method=java.nio.file.FileTreeWalker.getAttributes(Ljava/nio/file/Path;Z)Ljava/nio/file/attribute/BasicFileAttributes; @ 35 c2
Event: 11.648 Thread 0x000001f5ad679970 DEOPT PACKING pc=0x000001f596573c60 sp=0x0000002bfe2f7ab0
Event: 11.648 Thread 0x000001f5ad679970 DEOPT UNPACKING pc=0x000001f5958c69a3 sp=0x0000002bfe2f7958 mode 2
Event: 11.661 Thread 0x000001f5ad679970 Uncommon trap: trap_request=0xffffffd6 fr.pc=0x000001f596854d70 relative=0x00000000000007d0
Event: 11.661 Thread 0x000001f5ad679970 Uncommon trap: reason=array_check action=maybe_recompile pc=0x000001f596854d70 method=java.util.TimSort.reverseRange([Ljava/lang/Object;II)V @ 27 c2
Event: 11.661 Thread 0x000001f5ad679970 DEOPT PACKING pc=0x000001f596854d70 sp=0x0000002bfe2f7730
Event: 11.661 Thread 0x000001f5ad679970 DEOPT UNPACKING pc=0x000001f5958c69a3 sp=0x0000002bfe2f76a0 mode 2
Event: 11.673 Thread 0x000001f5ad679970 Uncommon trap: trap_request=0xffffffc6 fr.pc=0x000001f5962fcff8 relative=0x00000000000001b8
Event: 11.673 Thread 0x000001f5ad679970 Uncommon trap: reason=bimorphic_or_optimized_type_check action=maybe_recompile pc=0x000001f5962fcff8 method=com.google.common.collect.ImmutableList.copyOf(Ljava/util/Collection;)Lcom/google/common/collect/ImmutableList; @ 16 c2
Event: 11.673 Thread 0x000001f5ad679970 DEOPT PACKING pc=0x000001f5962fcff8 sp=0x0000002bfe2f8820
Event: 11.673 Thread 0x000001f5ad679970 DEOPT UNPACKING pc=0x000001f5958c69a3 sp=0x0000002bfe2f87c8 mode 2
Event: 11.673 Thread 0x000001f5ad679970 Uncommon trap: trap_request=0xffffffc6 fr.pc=0x000001f5962fcff8 relative=0x00000000000001b8
Event: 11.673 Thread 0x000001f5ad679970 Uncommon trap: reason=bimorphic_or_optimized_type_check action=maybe_recompile pc=0x000001f5962fcff8 method=com.google.common.collect.ImmutableList.copyOf(Ljava/util/Collection;)Lcom/google/common/collect/ImmutableList; @ 16 c2
Event: 11.673 Thread 0x000001f5ad679970 DEOPT PACKING pc=0x000001f5962fcff8 sp=0x0000002bfe2f8c10
Event: 11.673 Thread 0x000001f5ad679970 DEOPT UNPACKING pc=0x000001f5958c69a3 sp=0x0000002bfe2f8bb8 mode 2
Event: 11.692 Thread 0x000001f5ad679970 Uncommon trap: trap_request=0xffffff45 fr.pc=0x000001f5966afa64 relative=0x0000000000001424
Event: 11.692 Thread 0x000001f5ad679970 Uncommon trap: reason=unstable_if action=reinterpret pc=0x000001f5966afa64 method=java.util.concurrent.ConcurrentHashMap.putVal(Ljava/lang/Object;Ljava/lang/Object;Z)Ljava/lang/Object; @ 162 c2
Event: 11.692 Thread 0x000001f5ad679970 DEOPT PACKING pc=0x000001f5966afa64 sp=0x0000002bfe2f9aa0
Event: 11.692 Thread 0x000001f5ad679970 DEOPT UNPACKING pc=0x000001f5958c69a3 sp=0x0000002bfe2f9a38 mode 2

Classes unloaded (0 events):
No events

Classes redefined (0 events):
No events

Internal exceptions (20 events):
Event: 11.184 Thread 0x000001f5ad679970 Implicit null exception at 0x000001f59683cc33 to 0x000001f59683f250
Event: 11.186 Thread 0x000001f5ad678020 Implicit null exception at 0x000001f5968024c8 to 0x000001f596803684
Event: 11.186 Thread 0x000001f5ad679970 Implicit null exception at 0x000001f596836927 to 0x000001f596838eac
Event: 11.186 Thread 0x000001f5ad678020 Implicit null exception at 0x000001f5967ff8c8 to 0x000001f5968005ec
Event: 11.186 Thread 0x000001f5ad679970 Implicit null exception at 0x000001f59682eff3 to 0x000001f596830bb8
Event: 11.187 Thread 0x000001f5ad678020 Implicit null exception at 0x000001f5967fe09c to 0x000001f5967fe410
Event: 11.187 Thread 0x000001f5ad679970 Implicit null exception at 0x000001f59682b713 to 0x000001f59682c9a0
Event: 11.188 Thread 0x000001f5ad679970 Implicit null exception at 0x000001f59681fc18 to 0x000001f59681feb8
Event: 11.188 Thread 0x000001f5ad679970 Implicit null exception at 0x000001f59681f3f8 to 0x000001f59681f540
Event: 11.189 Thread 0x000001f5ad679970 Implicit null exception at 0x000001f59681ec78 to 0x000001f59681edb8
Event: 11.233 Thread 0x000001f5af0d04d0 Exception <a 'java/lang/NoSuchMethodError'{0x00000000957c5480}: static Lorg/jetbrains/plugins/gradle/tooling/serialization/internal/adapter/kotlin/dsl/InternalKotlinDslScriptsModel;.<clinit>()V> (0x00000000957c5480) 
thrown [s\src\hotspot\share\prims\jni.cpp, line 1108]
Event: 11.233 Thread 0x000001f5af0d04d0 Exception <a 'java/lang/NoSuchMethodError'{0x00000000957cfe98}: static Lorg/jetbrains/plugins/gradle/tooling/serialization/internal/adapter/kotlin/dsl/InternalKotlinDslScriptModel;.<clinit>()V> (0x00000000957cfe98) 
thrown [s\src\hotspot\share\prims\jni.cpp, line 1108]
Event: 11.375 Thread 0x000001f5ad679970 Exception <a 'sun/nio/fs/WindowsException'{0x0000000094a4d8d0}> (0x0000000094a4d8d0) 
thrown [s\src\hotspot\share\prims\jni.cpp, line 517]
Event: 11.391 Thread 0x000001f5ad679970 Exception <a 'sun/nio/fs/WindowsException'{0x000000009475b9a0}> (0x000000009475b9a0) 
thrown [s\src\hotspot\share\prims\jni.cpp, line 517]
Event: 11.391 Thread 0x000001f5ad679970 Exception <a 'sun/nio/fs/WindowsException'{0x000000009475d010}> (0x000000009475d010) 
thrown [s\src\hotspot\share\prims\jni.cpp, line 517]
Event: 11.391 Thread 0x000001f5ad679970 Exception <a 'sun/nio/fs/WindowsException'{0x000000009475e6d0}> (0x000000009475e6d0) 
thrown [s\src\hotspot\share\prims\jni.cpp, line 517]
Event: 11.391 Thread 0x000001f5ad679970 Exception <a 'sun/nio/fs/WindowsException'{0x000000009475fd90}> (0x000000009475fd90) 
thrown [s\src\hotspot\share\prims\jni.cpp, line 517]
Event: 11.444 Thread 0x000001f5ad679970 Exception <a 'java/lang/NullPointerException'{0x0000000093c0bb08}> (0x0000000093c0bb08) 
thrown [s\src\hotspot\share\interpreter\linkResolver.cpp, line 1447]
Event: 11.475 Thread 0x000001f5ad679970 Implicit null exception at 0x000001f59617b2d1 to 0x000001f59617c70c
Event: 11.636 Thread 0x000001f5ad679970 Exception <a 'java/lang/NoSuchMethodError'{0x00000000922bd590}: 'void java.lang.invoke.DirectMethodHandle$Holder.invokeSpecial(java.lang.Object, java.lang.Object, java.lang.Object, java.lang.Object, int, java.lang.Object, java.lang.Object)'> (0x00000000922bd590) 
thrown [s\src\hotspot\share\interpreter\linkResolver.cpp, line 771]

VM Operations (20 events):
Event: 10.904 Executing VM operation: G1CollectForAllocation
Event: 10.912 Executing VM operation: G1CollectForAllocation done
Event: 11.053 Executing VM operation: G1CollectForAllocation
Event: 11.060 Executing VM operation: G1CollectForAllocation done
Event: 11.088 Executing VM operation: HandshakeAllThreads
Event: 11.088 Executing VM operation: HandshakeAllThreads done
Event: 11.185 Executing VM operation: HandshakeAllThreads
Event: 11.185 Executing VM operation: HandshakeAllThreads done
Event: 11.210 Executing VM operation: ICBufferFull
Event: 11.211 Executing VM operation: ICBufferFull done
Event: 11.317 Executing VM operation: HandshakeAllThreads
Event: 11.317 Executing VM operation: HandshakeAllThreads done
Event: 11.428 Executing VM operation: HandshakeAllThreads
Event: 11.428 Executing VM operation: HandshakeAllThreads done
Event: 11.565 Executing VM operation: HandshakeAllThreads
Event: 11.565 Executing VM operation: HandshakeAllThreads done
Event: 11.597 Executing VM operation: HandshakeAllThreads
Event: 11.597 Executing VM operation: HandshakeAllThreads done
Event: 11.604 Executing VM operation: ICBufferFull
Event: 11.604 Executing VM operation: ICBufferFull done

Events (20 events):
Event: 11.666 loading class javax/xml/stream/events/StartElement done
Event: 11.666 loading class com/sun/xml/internal/stream/events/StartElementEvent done
Event: 11.666 loading class com/sun/xml/internal/stream/events/NamespaceImpl
Event: 11.666 loading class javax/xml/stream/events/Namespace
Event: 11.666 loading class javax/xml/stream/events/Attribute
Event: 11.666 loading class javax/xml/stream/events/Attribute done
Event: 11.666 loading class javax/xml/stream/events/Namespace done
Event: 11.666 loading class com/sun/xml/internal/stream/events/AttributeImpl
Event: 11.666 loading class com/sun/xml/internal/stream/events/AttributeImpl done
Event: 11.666 loading class com/sun/xml/internal/stream/events/NamespaceImpl done
Event: 11.666 loading class com/sun/org/apache/xerces/internal/util/NamespaceSupport$Prefixes
Event: 11.666 loading class com/sun/org/apache/xerces/internal/util/NamespaceSupport$Prefixes done
Event: 11.666 loading class com/sun/xml/internal/stream/events/CharacterEvent
Event: 11.666 loading class javax/xml/stream/events/Characters
Event: 11.666 loading class javax/xml/stream/events/Characters done
Event: 11.666 loading class com/sun/xml/internal/stream/events/CharacterEvent done
Event: 11.666 loading class com/sun/xml/internal/stream/events/EndElementEvent
Event: 11.666 loading class javax/xml/stream/events/EndElement
Event: 11.666 loading class javax/xml/stream/events/EndElement done
Event: 11.666 loading class com/sun/xml/internal/stream/events/EndElementEvent done


Dynamic libraries:
0x00007ff621960000 - 0x00007ff62196a000 	C:\Program Files\Android\Android Studio2\jbr\bin\java.exe
0x00007ffa77f70000 - 0x00007ffa78187000 	C:\WINDOWS\SYSTEM32\ntdll.dll
0x00007ffa76640000 - 0x00007ffa76704000 	C:\WINDOWS\System32\KERNEL32.DLL
0x00007ffa752b0000 - 0x00007ffa75667000 	C:\WINDOWS\System32\KERNELBASE.dll
0x00007ffa75b80000 - 0x00007ffa75c91000 	C:\WINDOWS\System32\ucrtbase.dll
0x00007ffa6c360000 - 0x00007ffa6c377000 	C:\Program Files\Android\Android Studio2\jbr\bin\jli.dll
0x00007ffa55660000 - 0x00007ffa5567b000 	C:\Program Files\Android\Android Studio2\jbr\bin\VCRUNTIME140.dll
0x00007ffa76290000 - 0x00007ffa7643f000 	C:\WINDOWS\System32\USER32.dll
0x00007ffa75a60000 - 0x00007ffa75a86000 	C:\WINDOWS\System32\win32u.dll
0x00007ffa77a60000 - 0x00007ffa77a89000 	C:\WINDOWS\System32\GDI32.dll
0x00007ffa61aa0000 - 0x00007ffa61d33000 	C:\WINDOWS\WinSxS\amd64_microsoft.windows.common-controls_6595b64144ccf1df_6.0.22621.3672_none_2713b9d173822955\COMCTL32.dll
0x00007ffa75670000 - 0x00007ffa75788000 	C:\WINDOWS\System32\gdi32full.dll
0x00007ffa76870000 - 0x00007ffa76917000 	C:\WINDOWS\System32\msvcrt.dll
0x00007ffa75790000 - 0x00007ffa7582a000 	C:\WINDOWS\System32\msvcp_win.dll
0x00007ffa76ad0000 - 0x00007ffa76b01000 	C:\WINDOWS\System32\IMM32.DLL
0x00007ffa61470000 - 0x00007ffa6147c000 	C:\Program Files\Android\Android Studio2\jbr\bin\vcruntime140_1.dll
0x00007ffa20c10000 - 0x00007ffa20c9d000 	C:\Program Files\Android\Android Studio2\jbr\bin\msvcp140.dll
0x00007ffa15620000 - 0x00007ffa162a3000 	C:\Program Files\Android\Android Studio2\jbr\bin\server\jvm.dll
0x00007ffa77020000 - 0x00007ffa770d2000 	C:\WINDOWS\System32\ADVAPI32.dll
0x00007ffa77140000 - 0x00007ffa771e8000 	C:\WINDOWS\System32\sechost.dll
0x00007ffa75280000 - 0x00007ffa752a8000 	C:\WINDOWS\System32\bcrypt.dll
0x00007ffa75d50000 - 0x00007ffa75e64000 	C:\WINDOWS\System32\RPCRT4.dll
0x00007ffa740f0000 - 0x00007ffa7413d000 	C:\WINDOWS\SYSTEM32\POWRPROF.dll
0x00007ffa6e100000 - 0x00007ffa6e109000 	C:\WINDOWS\SYSTEM32\WSOCK32.dll
0x00007ffa6eda0000 - 0x00007ffa6edd4000 	C:\WINDOWS\SYSTEM32\WINMM.dll
0x00007ffa77e90000 - 0x00007ffa77f01000 	C:\WINDOWS\System32\WS2_32.dll
0x00007ffa6b8b0000 - 0x00007ffa6b8ba000 	C:\WINDOWS\SYSTEM32\VERSION.dll
0x00007ffa740d0000 - 0x00007ffa740e3000 	C:\WINDOWS\SYSTEM32\UMPDC.dll
0x00007ffa74320000 - 0x00007ffa74338000 	C:\WINDOWS\SYSTEM32\kernel.appcore.dll
0x00007ffa700b0000 - 0x00007ffa700ba000 	C:\Program Files\Android\Android Studio2\jbr\bin\jimage.dll
0x00007ffa72aa0000 - 0x00007ffa72cd2000 	C:\WINDOWS\SYSTEM32\DBGHELP.DLL
0x00007ffa75ef0000 - 0x00007ffa7627e000 	C:\WINDOWS\System32\combase.dll
0x00007ffa76460000 - 0x00007ffa76537000 	C:\WINDOWS\System32\OLEAUT32.dll
0x00007ffa65ec0000 - 0x00007ffa65ef2000 	C:\WINDOWS\SYSTEM32\dbgcore.DLL
0x00007ffa75a90000 - 0x00007ffa75b0b000 	C:\WINDOWS\System32\bcryptPrimitives.dll
0x00007ffa5efd0000 - 0x00007ffa5efde000 	C:\Program Files\Android\Android Studio2\jbr\bin\instrument.dll
0x00007ffa6fca0000 - 0x00007ffa6fcc5000 	C:\Program Files\Android\Android Studio2\jbr\bin\java.dll
0x00007ffa6fc80000 - 0x00007ffa6fc98000 	C:\Program Files\Android\Android Studio2\jbr\bin\zip.dll
0x00007ffa771f0000 - 0x00007ffa77a59000 	C:\WINDOWS\System32\SHELL32.dll
0x00007ffa731b0000 - 0x00007ffa73aaf000 	C:\WINDOWS\SYSTEM32\windows.storage.dll
0x00007ffa73070000 - 0x00007ffa731af000 	C:\WINDOWS\SYSTEM32\wintypes.dll
0x00007ffa76540000 - 0x00007ffa76639000 	C:\WINDOWS\System32\SHCORE.dll
0x00007ffa77e30000 - 0x00007ffa77e8e000 	C:\WINDOWS\System32\shlwapi.dll
0x00007ffa751b0000 - 0x00007ffa751d7000 	C:\WINDOWS\SYSTEM32\profapi.dll
0x00007ffa6eee0000 - 0x00007ffa6eef9000 	C:\Program Files\Android\Android Studio2\jbr\bin\net.dll
0x00007ffa70cb0000 - 0x00007ffa70de6000 	C:\WINDOWS\SYSTEM32\WINHTTP.dll
0x00007ffa747e0000 - 0x00007ffa74849000 	C:\WINDOWS\system32\mswsock.dll
0x00007ffa6ee40000 - 0x00007ffa6ee56000 	C:\Program Files\Android\Android Studio2\jbr\bin\nio.dll
0x00007ffa6c610000 - 0x00007ffa6c620000 	C:\Program Files\Android\Android Studio2\jbr\bin\verify.dll
0x00007ffa2aec0000 - 0x00007ffa2aee7000 	C:\Users\Hashem Arenat\.gradle\native\c067742578af261105cb4f569cf0c3c89f3d7b1fecec35dd04571415982c5e48\windows-amd64\native-platform.dll
0x00007ffa1f7c0000 - 0x00007ffa1f904000 	C:\Users\Hashem Arenat\.gradle\native\38dada09dfb8b06ba9b0570ebf7e218e3eb74d4ef43ca46872605cf95ebc2f47\windows-amd64\native-platform-file-events.dll
0x00007ffa6e820000 - 0x00007ffa6e829000 	C:\Program Files\Android\Android Studio2\jbr\bin\management.dll
0x00007ffa6e5c0000 - 0x00007ffa6e5cb000 	C:\Program Files\Android\Android Studio2\jbr\bin\management_ext.dll
0x00007ffa76280000 - 0x00007ffa76288000 	C:\WINDOWS\System32\PSAPI.DLL
0x00007ffa74b30000 - 0x00007ffa74b4b000 	C:\WINDOWS\SYSTEM32\CRYPTSP.dll
0x00007ffa742e0000 - 0x00007ffa74315000 	C:\WINDOWS\system32\rsaenh.dll
0x00007ffa74880000 - 0x00007ffa748a8000 	C:\WINDOWS\SYSTEM32\USERENV.dll
0x00007ffa74b10000 - 0x00007ffa74b1c000 	C:\WINDOWS\SYSTEM32\CRYPTBASE.dll
0x00007ffa73d80000 - 0x00007ffa73dad000 	C:\WINDOWS\SYSTEM32\IPHLPAPI.DLL
0x00007ffa76440000 - 0x00007ffa76449000 	C:\WINDOWS\System32\NSI.dll
0x00007ffa70890000 - 0x00007ffa708a9000 	C:\WINDOWS\SYSTEM32\dhcpcsvc6.DLL
0x00007ffa70870000 - 0x00007ffa7088f000 	C:\WINDOWS\SYSTEM32\dhcpcsvc.DLL
0x00007ffa73df0000 - 0x00007ffa73ef2000 	C:\WINDOWS\SYSTEM32\DNSAPI.dll
0x00007ffa6fbe0000 - 0x00007ffa6fbe9000 	C:\Program Files\Android\Android Studio2\jbr\bin\extnet.dll
0x00007ffa65ff0000 - 0x00007ffa65ff8000 	C:\WINDOWS\system32\wshunix.dll
0x00007ffa1fe10000 - 0x00007ffa1fe27000 	C:\WINDOWS\system32\napinsp.dll
0x00007ffa1fe50000 - 0x00007ffa1fe6b000 	C:\WINDOWS\system32\pnrpnsp.dll
0x00007ffa1fe30000 - 0x00007ffa1fe41000 	C:\WINDOWS\System32\winrnr.dll
0x00007ffa6ec50000 - 0x00007ffa6ec65000 	C:\WINDOWS\system32\wshbth.dll
0x00007ffa1fe70000 - 0x00007ffa1fe97000 	C:\WINDOWS\system32\nlansp_c.dll
0x00007ffa700c0000 - 0x00007ffa700ca000 	C:\Windows\System32\rasadhlp.dll
0x00007ffa6f770000 - 0x00007ffa6f7f3000 	C:\WINDOWS\System32\fwpuclnt.dll

dbghelp: loaded successfully - version: 4.0.5 - missing functions: none
symbol engine: initialized successfully - sym options: 0x614 - pdb path: .;C:\Program Files\Android\Android Studio2\jbr\bin;C:\WINDOWS\SYSTEM32;C:\WINDOWS\WinSxS\amd64_microsoft.windows.common-controls_6595b64144ccf1df_6.0.22621.3672_none_2713b9d173822955;C:\Program Files\Android\Android Studio2\jbr\bin\server;C:\Users\Hashem Arenat\.gradle\native\c067742578af261105cb4f569cf0c3c89f3d7b1fecec35dd04571415982c5e48\windows-amd64;C:\Users\Hashem Arenat\.gradle\native\38dada09dfb8b06ba9b0570ebf7e218e3eb74d4ef43ca46872605cf95ebc2f47\windows-amd64

VM Arguments:
jvm_args: --add-opens=java.base/java.util=ALL-UNNAMED --add-opens=java.base/java.lang=ALL-UNNAMED --add-opens=java.base/java.lang.invoke=ALL-UNNAMED --add-opens=java.prefs/java.util.prefs=ALL-UNNAMED --add-opens=java.base/java.nio.charset=ALL-UNNAMED --add-opens=java.base/java.net=ALL-UNNAMED --add-opens=java.base/java.util.concurrent.atomic=ALL-UNNAMED -Xmx2048m -Dfile.encoding=UTF-8 -Duser.country=US -Duser.language=en -Duser.variant -javaagent:C:\Users\Hashem Arenat\.gradle\wrapper\dists\gradle-8.7-bin\bhs2wmbdwecv87pi65oeuq5iu\gradle-8.7\lib\agents\gradle-instrumentation-agent-8.7.jar 
java_command: org.gradle.launcher.daemon.bootstrap.GradleDaemon 8.7
java_class_path (initial): C:\Users\Hashem Arenat\.gradle\wrapper\dists\gradle-8.7-bin\bhs2wmbdwecv87pi65oeuq5iu\gradle-8.7\lib\gradle-launcher-8.7.jar
Launcher Type: SUN_STANDARD

[Global flags]
     intx CICompilerCount                          = 12                                        {product} {ergonomic}
     uint ConcGCThreads                            = 4                                         {product} {ergonomic}
     uint G1ConcRefinementThreads                  = 15                                        {product} {ergonomic}
   size_t G1HeapRegionSize                         = 1048576                                   {product} {ergonomic}
    uintx GCDrainStackTargetSize                   = 64                                        {product} {ergonomic}
   size_t InitialHeapSize                          = 264241152                                 {product} {ergonomic}
   size_t MarkStackSize                            = 4194304                                   {product} {ergonomic}
   size_t MaxHeapSize                              = 2147483648                                {product} {command line}
   size_t MaxNewSize                               = 1287651328                                {product} {ergonomic}
   size_t MinHeapDeltaBytes                        = 1048576                                   {product} {ergonomic}
   size_t MinHeapSize                              = 8388608                                   {product} {ergonomic}
    uintx NonNMethodCodeHeapSize                   = 7602480                                {pd product} {ergonomic}
    uintx NonProfiledCodeHeapSize                  = 122027880                              {pd product} {ergonomic}
    uintx ProfiledCodeHeapSize                     = 122027880                              {pd product} {ergonomic}
    uintx ReservedCodeCacheSize                    = 251658240                              {pd product} {ergonomic}
     bool SegmentedCodeCache                       = true                                      {product} {ergonomic}
   size_t SoftMaxHeapSize                          = 2147483648                             {manageable} {ergonomic}
     bool UseCompressedClassPointers               = true                           {product lp64_product} {ergonomic}
     bool UseCompressedOops                        = true                           {product lp64_product} {ergonomic}
     bool UseG1GC                                  = true                                      {product} {ergonomic}
     bool UseLargePagesIndividualAllocation        = false                                  {pd product} {ergonomic}

Logging:
Log output configuration:
 #0: stdout all=warning uptime,level,tags
 #1: stderr all=off uptime,level,tags

Environment Variables:
JAVA_HOME=C:\Program Files\Java\jdk-21
PATH=D:\DevSuiteHome_1\jdk\jre\bin\classic;D:\DevSuiteHome_1\jdk\jre\bin;D:\DevSuiteHome_1\jdk\jre\bin\client;D:\DevSuiteHome_1\jlib;D:\DevSuiteHome_1\bin;D:\DevSuiteHome_1\jre\1.4.2\bin\client;D:\DevSuiteHome_1\jre\1.4.2\bin;C:\Program Files\Common Files\Oracle\Java\javapath;C:\WINDOWS\system32;C:\WINDOWS;C:\WINDOWS\System32\Wbem;C:\WINDOWS\System32\WindowsPowerShell\v1.0\;C:\WINDOWS\System32\OpenSSH\;C:\MinGW\bin;C:\Program Files\Java\jdk-21\bin;C:\Program Files\nodejs;C:\Program Files\nodejs\node_modules\npm\bin;C:\Program Files\Git\cmd;C:\Program Files\dotnet\;C:\Users\Hashem Arenat\AppData\Local\Microsoft\WindowsApps;C:\AppServ\Apache24\bin;C:\AppServ\php7;C:\AppServ\MySQL\bin;C:\Program Files\Java\jdk-21\bin;C:\scrcpy-win64-v2.2;C:\dart-sdk\bin;C:\Users\Hashem Arenat\AppData\Local\Programs\Microsoft VS Code\bin;C:\flutter\bin;C:\Users\Hashem Arenat\Desktop\cmder\bin;C:\Users\Hashem Arenat\AppData\Roaming\npm;;C:\Program Files\JetBrains\IntelliJ IDEA Community Edition 2024.1.2\bin;;C:\Program Files\JetBrains\IntelliJ IDEA 2024.1.2\bin;
USERNAME=Hashem 1
OS=Windows_NT
PROCESSOR_IDENTIFIER=Intel64 Family 6 Model 154 Stepping 3, GenuineIntel
TMP=C:\Users\HASHEM~1\AppData\Local\Temp
TEMP=C:\Users\HASHEM~1\AppData\Local\Temp



Periodic native trim disabled

JNI global refs:
JNI global refs: 38, weak refs: 1

JNI global refs memory usage: 843, weak refs: 841

OOME stack traces (most recent first):
Classloader memory used:
Loader org.gradle.internal.classloader.VisitableURLClassLoader                         : 5048K
Loader org.gradle.internal.classloader.VisitableURLClassLoader$InstrumentingVisitableURLClassLoader: 5024K
Loader bootstrap                                                                       : 3167K
Loader org.gradle.initialization.MixInLegacyTypesClassLoader                           : 1589K
Loader org.gradle.internal.classloader.VisitableURLClassLoader                         : 867K
Loader jdk.internal.reflect.DelegatingClassLoader                                      : 111K
Loader jdk.internal.loader.ClassLoaders$PlatformClassLoader                            : 69451B
Loader org.codehaus.groovy.runtime.callsite.CallSiteClassLoader                        : 37944B
Loader jdk.internal.loader.ClassLoaders$AppClassLoader                                 : 28765B
Loader org.gradle.groovy.scripts.internal.DefaultScriptCompilationHandler$ScriptClassLoader: 10772B
Loader sun.reflect.misc.MethodUtil                                                     : 373B


[error occurred during error reporting (Classloader stats), id 0xe0000001, Out of Memory Error (s\src\hotspot\share\memory\arena.cpp:79)]


---------------  S Y S T E M  ---------------

OS:
 Windows 11 , 64 bit Build 22621 (10.0.22621.3958)
OS uptime: 4 days 13:01 hours
Hyper-V role detected

CPU: total 20 (initial active 20) (10 cores per cpu, 2 threads per core) family 6 model 154 stepping 3 microcode 0x429, cx8, cmov, fxsr, ht, mmx, 3dnowpref, sse, sse2, sse3, ssse3, sse4.1, sse4.2, popcnt, lzcnt, tsc, tscinvbit, avx, avx2, aes, erms, clmul, bmi1, bmi2, adx, sha, fma, vzeroupper, clflush, clflushopt, clwb, hv
Processor Information for all 20 processors :
  Max Mhz: 2300, Current Mhz: 2300, Mhz Limit: 2300

Memory: 4k page, system-wide physical 16004M (1508M free)
TotalPageFile size 18052M (AvailPageFile size 5M)
current process WorkingSet (physical memory assigned to process): 742M, peak: 742M
current process commit charge ("private bytes"): 804M, peak: 804M

vm_info: OpenJDK 64-Bit Server VM (17.0.10+0--11609105) for windows-amd64 JRE (17.0.10+0--11609105), built on Mar 21 2024 19:10:56 by "androidbuild" with MS VC++ 16.10 / 16.11 (VS2019)

END.
