#
# There is insufficient memory for the Java Runtime Environment to continue.
# Native memory allocation (mmap) failed to map 85983232 bytes for G1 virtual space
# Possible reasons:
#   The system is out of physical RAM or swap space
#   The process is running with CompressedOops enabled, and the Java Heap may be blocking the growth of the native heap
# Possible solutions:
#   Reduce memory load on the system
#   Increase physical memory or swap space
#   Check if swap backing store is full
#   Decrease Java heap size (-Xmx/-Xms)
#   Decrease number of Java threads
#   Decrease Java thread stack sizes (-Xss)
#   Set larger code cache with -XX:ReservedCodeCacheSize=
#   JVM is running with Unscaled Compressed Oops mode in which the Java heap is
#     placed in the first 4GB address space. The Java Heap base address is the
#     maximum limit for the native heap growth. Please use -XX:HeapBaseMinAddress
#     to set the Java Heap base and to place the Java Heap above 4GB virtual address.
# This output file may be truncated or incomplete.
#
#  Out of Memory Error (os_windows.cpp:3825), pid=16420, tid=22516
#
# JRE version: OpenJDK Runtime Environment (17.0.10) (build 17.0.10+0--11609105)
# Java VM: OpenJDK 64-Bit Server VM (17.0.10+0--11609105, mixed mode, tiered, compressed oops, compressed class ptrs, g1 gc, windows-amd64)
# No core dump will be written. Minidumps are not enabled by default on client versions of Windows
#

---------------  S U M M A R Y ------------

Command Line: --add-opens=java.base/java.util=ALL-UNNAMED --add-opens=java.base/java.lang=ALL-UNNAMED --add-opens=java.base/java.lang.invoke=ALL-UNNAMED --add-opens=java.prefs/java.util.prefs=ALL-UNNAMED --add-opens=java.base/java.nio.charset=ALL-UNNAMED --add-opens=java.base/java.net=ALL-UNNAMED --add-opens=java.base/java.util.concurrent.atomic=ALL-UNNAMED -Xmx2048m -Dfile.encoding=UTF-8 -Duser.country=US -Duser.language=en -Duser.variant -javaagent:C:\Users\Hashem Arenat\.gradle\wrapper\dists\gradle-8.7-bin\bhs2wmbdwecv87pi65oeuq5iu\gradle-8.7\lib\agents\gradle-instrumentation-agent-8.7.jar org.gradle.launcher.daemon.bootstrap.GradleDaemon 8.7

Host: 12th Gen Intel(R) Core(TM) i7-12700H, 20 cores, 15G,  Windows 11 , 64 bit Build 22621 (10.0.22621.3958)
Time: Fri Nov  8 20:24:03 2024 Jerusalem Standard Time elapsed time: 5.124362 seconds (0d 0h 0m 5s)

---------------  T H R E A D  ---------------

Current thread (0x000002cc461e9c00):  VMThread "VM Thread" [stack: 0x000000e57aa00000,0x000000e57ab00000] [id=22516]

Stack: [0x000000e57aa00000,0x000000e57ab00000]
Native frames: (J=compiled Java code, j=interpreted, Vv=VM code, C=native code)
V  [jvm.dll+0x688de9]
V  [jvm.dll+0x8423da]
V  [jvm.dll+0x84401e]
V  [jvm.dll+0x844683]
V  [jvm.dll+0x24be0f]
V  [jvm.dll+0x685bb9]
V  [jvm.dll+0x67a46a]
V  [jvm.dll+0x30cbab]
V  [jvm.dll+0x314056]
V  [jvm.dll+0x363dce]
V  [jvm.dll+0x363fff]
V  [jvm.dll+0x2e2978]
V  [jvm.dll+0x2e0b54]
V  [jvm.dll+0x2e015c]
V  [jvm.dll+0x32502b]
V  [jvm.dll+0x848d7b]
V  [jvm.dll+0x849ac1]
V  [jvm.dll+0x849fdd]
V  [jvm.dll+0x84a3b4]
V  [jvm.dll+0x84a480]
V  [jvm.dll+0x7f0c7a]
V  [jvm.dll+0x687c65]
C  [ucrtbase.dll+0x29333]
C  [KERNEL32.DLL+0x1257d]
C  [ntdll.dll+0x5af08]

VM_Operation (0x000000e57c7f60c0): G1CollectForAllocation, mode: safepoint, requested by thread 0x000002cc4cc9b4e0


---------------  P R O C E S S  ---------------

Threads class SMR info:
_java_thread_list=0x000002cc5055ce70, length=113, elements={
0x000002cc2b39b840, 0x000002cc462c8640, 0x000002cc462c93d0, 0x000002cc46301490,
0x000002cc46314ba0, 0x000002cc46316770, 0x000002cc46319140, 0x000002cc46319ee0,
0x000002cc4631d460, 0x000002cc4631da70, 0x000002cc462a0090, 0x000002cc4648d2a0,
0x000002cc4648d7c0, 0x000002cc46567630, 0x000002cc46619710, 0x000002cc46619f40,
0x000002cc4b12dea0, 0x000002cc4cc9c920, 0x000002cc4cc9a0a0, 0x000002cc4cc99170,
0x000002cc4cc99680, 0x000002cc4cc99b90, 0x000002cc4cc9afd0, 0x000002cc4cc9b4e0,
0x000002cc4cc9a5b0, 0x000002cc4cc9aac0, 0x000002cc4cc9b9f0, 0x000002cc4cc9c410,
0x000002cc4d6ce380, 0x000002cc4d6cf2b0, 0x000002cc4d6d1b30, 0x000002cc4d6cfcd0,
0x000002cc4d6d48c0, 0x000002cc4d6d06f0, 0x000002cc4d6d3480, 0x000002cc4d6d2a60,
0x000002cc4d6d1620, 0x000002cc4d6d43b0, 0x000002cc4d6d2040, 0x000002cc4d6ce890,
0x000002cc4d6ceda0, 0x000002cc4d6cf7c0, 0x000002cc4d6d3ea0, 0x000002cc4d6cde70,
0x000002cc4d6d2550, 0x000002cc4d6cd450, 0x000002cc4d6d4dd0, 0x000002cc4d6cd960,
0x000002cc4d6d0c00, 0x000002cc4d6d1110, 0x000002cc4d3f9f10, 0x000002cc4d3f9a00,
0x000002cc4d3fdbd0, 0x000002cc4d7d3f20, 0x000002cc4d3f8ad0, 0x000002cc4d3fcca0,
0x000002cc4d3fd6c0, 0x000002cc4d3f80b0, 0x000002cc4d3fc280, 0x000002cc4d3fc790,
0x000002cc4d3fd1b0, 0x000002cc4d3fe0e0, 0x000002cc4d3f6c70, 0x000002cc4d3fe5f0,
0x000002cc4d3f7690, 0x000002cc4d3f7ba0, 0x000002cc4de8c040, 0x000002cc4de87450,
0x000002cc4de897c0, 0x000002cc4de892b0, 0x000002cc4de88380, 0x000002cc4de8c550,
0x000002cc4de86520, 0x000002cc4de8ca60, 0x000002cc4de89cd0, 0x000002cc4de88da0,
0x000002cc4de86f40, 0x000002cc4de8a1e0, 0x000002cc4de87960, 0x000002cc4de8a6f0,
0x000002cc4de855f0, 0x000002cc4de85b00, 0x000002cc4de8cf70, 0x000002cc4de8ac00,
0x000002cc4de88890, 0x000002cc4de8b110, 0x000002cc4de86010, 0x000002cc4de86a30,
0x000002cc5092db10, 0x000002cc5092ef50, 0x000002cc5092cbe0, 0x000002cc50928500,
0x000002cc5092fe80, 0x000002cc5092d0f0, 0x000002cc50929940, 0x000002cc5092bcb0,
0x000002cc50929430, 0x000002cc5092b290, 0x000002cc5092d600, 0x000002cc5092e020,
0x000002cc5092e530, 0x000002cc50929e50, 0x000002cc5092ea40, 0x000002cc5092a360,
0x000002cc5092c1c0, 0x000002cc5092a870, 0x000002cc5092ad80, 0x000002cc5092b7a0,
0x000002cc5092f460, 0x000002cc50928a10, 0x000002cc5092f970, 0x000002cc50928f20,
0x000002cc5092c6d0
}

Java Threads: ( => current thread )
  0x000002cc2b39b840 JavaThread "main" [_thread_blocked, id=29224, stack(0x000000e57a400000,0x000000e57a500000)]
  0x000002cc462c8640 JavaThread "Reference Handler" daemon [_thread_blocked, id=19972, stack(0x000000e57ab00000,0x000000e57ac00000)]
  0x000002cc462c93d0 JavaThread "Finalizer" daemon [_thread_blocked, id=6736, stack(0x000000e57ac00000,0x000000e57ad00000)]
  0x000002cc46301490 JavaThread "Signal Dispatcher" daemon [_thread_blocked, id=3324, stack(0x000000e57ad00000,0x000000e57ae00000)]
  0x000002cc46314ba0 JavaThread "Attach Listener" daemon [_thread_blocked, id=25232, stack(0x000000e57ae00000,0x000000e57af00000)]
  0x000002cc46316770 JavaThread "Service Thread" daemon [_thread_blocked, id=6252, stack(0x000000e57af00000,0x000000e57b000000)]
  0x000002cc46319140 JavaThread "Monitor Deflation Thread" daemon [_thread_blocked, id=10536, stack(0x000000e57b000000,0x000000e57b100000)]
  0x000002cc46319ee0 JavaThread "C2 CompilerThread0" daemon [_thread_blocked, id=22272, stack(0x000000e57b100000,0x000000e57b200000)]
  0x000002cc4631d460 JavaThread "C1 CompilerThread0" daemon [_thread_blocked, id=28560, stack(0x000000e57b200000,0x000000e57b300000)]
  0x000002cc4631da70 JavaThread "Sweeper thread" daemon [_thread_blocked, id=20492, stack(0x000000e57b300000,0x000000e57b400000)]
  0x000002cc462a0090 JavaThread "Common-Cleaner" daemon [_thread_blocked, id=23712, stack(0x000000e57b400000,0x000000e57b500000)]
  0x000002cc4648d2a0 JavaThread "C1 CompilerThread1" daemon [_thread_blocked, id=12700, stack(0x000000e57b500000,0x000000e57b600000)]
  0x000002cc4648d7c0 JavaThread "C1 CompilerThread2" daemon [_thread_blocked, id=10184, stack(0x000000e57b600000,0x000000e57b700000)]
  0x000002cc46567630 JavaThread "Notification Thread" daemon [_thread_blocked, id=27032, stack(0x000000e57b700000,0x000000e57b800000)]
  0x000002cc46619710 JavaThread "C2 CompilerThread1" daemon [_thread_blocked, id=18156, stack(0x000000e57b900000,0x000000e57ba00000)]
  0x000002cc46619f40 JavaThread "C2 CompilerThread2" daemon [_thread_blocked, id=17320, stack(0x000000e57ba00000,0x000000e57bb00000)]
  0x000002cc4b12dea0 JavaThread "C1 CompilerThread3" daemon [_thread_blocked, id=14548, stack(0x000000e57c200000,0x000000e57c300000)]
  0x000002cc4cc9c920 JavaThread "Daemon health stats" [_thread_blocked, id=18812, stack(0x000000e57c300000,0x000000e57c400000)]
  0x000002cc4cc9a0a0 JavaThread "Incoming local TCP Connector on port 63348" [_thread_in_native, id=15472, stack(0x000000e57bb00000,0x000000e57bc00000)]
  0x000002cc4cc99170 JavaThread "Daemon periodic checks" [_thread_blocked, id=28696, stack(0x000000e57bc00000,0x000000e57bd00000)]
  0x000002cc4cc99680 JavaThread "Daemon" [_thread_blocked, id=28960, stack(0x000000e57c400000,0x000000e57c500000)]
  0x000002cc4cc99b90 JavaThread "Handler for socket connection from /127.0.0.1:63348 to /127.0.0.1:63349" [_thread_in_native, id=28608, stack(0x000000e57c500000,0x000000e57c600000)]
  0x000002cc4cc9afd0 JavaThread "Cancel handler" [_thread_blocked, id=22184, stack(0x000000e57c600000,0x000000e57c700000)]
  0x000002cc4cc9b4e0 JavaThread "Daemon worker" [_thread_blocked, id=11776, stack(0x000000e57c700000,0x000000e57c800000)]
  0x000002cc4cc9a5b0 JavaThread "Asynchronous log dispatcher for DefaultDaemonConnection: socket connection from /127.0.0.1:63348 to /127.0.0.1:63349" [_thread_blocked, id=27392, stack(0x000000e57c800000,0x000000e57c900000)]
  0x000002cc4cc9aac0 JavaThread "Stdin handler" [_thread_blocked, id=19336, stack(0x000000e57c900000,0x000000e57ca00000)]
  0x000002cc4cc9b9f0 JavaThread "Daemon client event forwarder" [_thread_blocked, id=19248, stack(0x000000e57ca00000,0x000000e57cb00000)]
  0x000002cc4cc9c410 JavaThread "Cache worker for journal cache (C:\Users\Hashem Arenat\.gradle\caches\journal-1)" [_thread_blocked, id=12952, stack(0x000000e57d700000,0x000000e57d800000)]
  0x000002cc4d6ce380 JavaThread "File lock request listener" [_thread_in_native, id=29124, stack(0x000000e57d800000,0x000000e57d900000)]
  0x000002cc4d6cf2b0 JavaThread "Cache worker for file hash cache (C:\Users\Hashem Arenat\.gradle\caches\8.7\fileHashes)" [_thread_blocked, id=8780, stack(0x000000e57d900000,0x000000e57da00000)]
  0x000002cc4d6d1b30 JavaThread "Cache worker for file hash cache (C:\Users\Hashem Arenat\AndroidStudioProjects\ECommerce\.gradle\8.7\fileHashes)" [_thread_blocked, id=14212, stack(0x000000e57da00000,0x000000e57db00000)]
  0x000002cc4d6cfcd0 JavaThread "File watcher server" daemon [_thread_in_native, id=4332, stack(0x000000e57db00000,0x000000e57dc00000)]
  0x000002cc4d6d48c0 JavaThread "File watcher consumer" daemon [_thread_blocked, id=6048, stack(0x000000e57dc00000,0x000000e57dd00000)]
  0x000002cc4d6d06f0 JavaThread "jar transforms" [_thread_blocked, id=29488, stack(0x000000e57dd00000,0x000000e57de00000)]
  0x000002cc4d6d3480 JavaThread "jar transforms Thread 2" [_thread_blocked, id=24668, stack(0x000000e57de00000,0x000000e57df00000)]
  0x000002cc4d6d2a60 JavaThread "jar transforms Thread 3" [_thread_blocked, id=17156, stack(0x000000e57df00000,0x000000e57e000000)]
  0x000002cc4d6d1620 JavaThread "jar transforms Thread 4" [_thread_blocked, id=19792, stack(0x000000e57e000000,0x000000e57e100000)]
  0x000002cc4d6d43b0 JavaThread "jar transforms Thread 5" [_thread_blocked, id=27540, stack(0x000000e57e100000,0x000000e57e200000)]
  0x000002cc4d6d2040 JavaThread "jar transforms Thread 6" [_thread_blocked, id=16964, stack(0x000000e57e200000,0x000000e57e300000)]
  0x000002cc4d6ce890 JavaThread "jar transforms Thread 7" [_thread_blocked, id=11856, stack(0x000000e57e300000,0x000000e57e400000)]
  0x000002cc4d6ceda0 JavaThread "jar transforms Thread 8" [_thread_blocked, id=23204, stack(0x000000e57e400000,0x000000e57e500000)]
  0x000002cc4d6cf7c0 JavaThread "jar transforms Thread 9" [_thread_blocked, id=18336, stack(0x000000e57e500000,0x000000e57e600000)]
  0x000002cc4d6d3ea0 JavaThread "jar transforms Thread 10" [_thread_blocked, id=21624, stack(0x000000e57e600000,0x000000e57e700000)]
  0x000002cc4d6cde70 JavaThread "jar transforms Thread 11" [_thread_blocked, id=21508, stack(0x000000e57e700000,0x000000e57e800000)]
  0x000002cc4d6d2550 JavaThread "jar transforms Thread 12" [_thread_blocked, id=17692, stack(0x000000e57e800000,0x000000e57e900000)]
  0x000002cc4d6cd450 JavaThread "jar transforms Thread 13" [_thread_blocked, id=13976, stack(0x000000e57e900000,0x000000e57ea00000)]
  0x000002cc4d6d4dd0 JavaThread "jar transforms Thread 14" [_thread_blocked, id=7988, stack(0x000000e57ea00000,0x000000e57eb00000)]
  0x000002cc4d6cd960 JavaThread "jar transforms Thread 15" [_thread_blocked, id=16248, stack(0x000000e57eb00000,0x000000e57ec00000)]
  0x000002cc4d6d0c00 JavaThread "jar transforms Thread 16" [_thread_blocked, id=14684, stack(0x000000e57ec00000,0x000000e57ed00000)]
  0x000002cc4d6d1110 JavaThread "jar transforms Thread 17" [_thread_blocked, id=17108, stack(0x000000e57ed00000,0x000000e57ee00000)]
  0x000002cc4d3f9f10 JavaThread "jar transforms Thread 18" [_thread_blocked, id=29512, stack(0x000000e57ee00000,0x000000e57ef00000)]
  0x000002cc4d3f9a00 JavaThread "jar transforms Thread 19" [_thread_blocked, id=11276, stack(0x000000e57ef00000,0x000000e57f000000)]
  0x000002cc4d3fdbd0 JavaThread "jar transforms Thread 20" [_thread_blocked, id=1644, stack(0x000000e57f000000,0x000000e57f100000)]
  0x000002cc4d7d3f20 JavaThread "C2 CompilerThread3" daemon [_thread_blocked, id=24348, stack(0x000000e57f100000,0x000000e57f200000)]
  0x000002cc4d3f8ad0 JavaThread "Cache worker for checksums cache (C:\Users\Hashem Arenat\AndroidStudioProjects\ECommerce\.gradle\8.7\checksums)" [_thread_blocked, id=3968, stack(0x000000e57f200000,0x000000e57f300000)]
  0x000002cc4d3fcca0 JavaThread "Cache worker for cache directory md-supplier (C:\Users\Hashem Arenat\.gradle\caches\8.7\md-supplier)" [_thread_blocked, id=19540, stack(0x000000e57f300000,0x000000e57f400000)]
  0x000002cc4d3fd6c0 JavaThread "Cache worker for cache directory md-rule (C:\Users\Hashem Arenat\.gradle\caches\8.7\md-rule)" [_thread_blocked, id=8796, stack(0x000000e57f400000,0x000000e57f500000)]
  0x000002cc4d3f80b0 JavaThread "Cache worker for file content cache (C:\Users\Hashem Arenat\.gradle\caches\8.7\fileContent)" [_thread_blocked, id=21640, stack(0x000000e57f500000,0x000000e57f600000)]
  0x000002cc4d3fc280 JavaThread "Unconstrained build operations" [_thread_blocked, id=20724, stack(0x000000e57f600000,0x000000e57f700000)]
  0x000002cc4d3fc790 JavaThread "Unconstrained build operations Thread 2" [_thread_blocked, id=13196, stack(0x000000e57f700000,0x000000e57f800000)]
  0x000002cc4d3fd1b0 JavaThread "Unconstrained build operations Thread 3" [_thread_blocked, id=12556, stack(0x000000e57f800000,0x000000e57f900000)]
  0x000002cc4d3fe0e0 JavaThread "Unconstrained build operations Thread 4" [_thread_blocked, id=28556, stack(0x000000e57f900000,0x000000e57fa00000)]
  0x000002cc4d3f6c70 JavaThread "Unconstrained build operations Thread 5" [_thread_blocked, id=27196, stack(0x000000e57fa00000,0x000000e57fb00000)]
  0x000002cc4d3fe5f0 JavaThread "Unconstrained build operations Thread 6" [_thread_blocked, id=9584, stack(0x000000e57fb00000,0x000000e57fc00000)]
  0x000002cc4d3f7690 JavaThread "Unconstrained build operations Thread 7" [_thread_blocked, id=22804, stack(0x000000e57fc00000,0x000000e57fd00000)]
  0x000002cc4d3f7ba0 JavaThread "Unconstrained build operations Thread 8" [_thread_blocked, id=9984, stack(0x000000e57fd00000,0x000000e57fe00000)]
  0x000002cc4de8c040 JavaThread "Unconstrained build operations Thread 9" [_thread_blocked, id=17220, stack(0x000000e57fe00000,0x000000e57ff00000)]
  0x000002cc4de87450 JavaThread "Unconstrained build operations Thread 10" [_thread_blocked, id=27420, stack(0x000000e57ff00000,0x000000e580000000)]
  0x000002cc4de897c0 JavaThread "Cache worker for Build Output Cleanup Cache (C:\Users\Hashem Arenat\AndroidStudioProjects\ECommerce\.gradle\buildOutputCleanup)" [_thread_blocked, id=24660, stack(0x000000e500000000,0x000000e500100000)]
  0x000002cc4de892b0 JavaThread "Unconstrained build operations Thread 11" [_thread_blocked, id=26896, stack(0x000000e500100000,0x000000e500200000)]
  0x000002cc4de88380 JavaThread "Unconstrained build operations Thread 12" [_thread_blocked, id=17908, stack(0x000000e500200000,0x000000e500300000)]
  0x000002cc4de8c550 JavaThread "Unconstrained build operations Thread 13" [_thread_blocked, id=28752, stack(0x000000e500300000,0x000000e500400000)]
  0x000002cc4de86520 JavaThread "Unconstrained build operations Thread 14" [_thread_blocked, id=10720, stack(0x000000e500400000,0x000000e500500000)]
  0x000002cc4de8ca60 JavaThread "Unconstrained build operations Thread 15" [_thread_blocked, id=17260, stack(0x000000e500500000,0x000000e500600000)]
  0x000002cc4de89cd0 JavaThread "Unconstrained build operations Thread 16" [_thread_blocked, id=10376, stack(0x000000e500600000,0x000000e500700000)]
  0x000002cc4de88da0 JavaThread "Unconstrained build operations Thread 17" [_thread_blocked, id=2212, stack(0x000000e500700000,0x000000e500800000)]
  0x000002cc4de86f40 JavaThread "Unconstrained build operations Thread 18" [_thread_blocked, id=22260, stack(0x000000e500800000,0x000000e500900000)]
  0x000002cc4de8a1e0 JavaThread "Unconstrained build operations Thread 19" [_thread_blocked, id=14660, stack(0x000000e500900000,0x000000e500a00000)]
  0x000002cc4de87960 JavaThread "Unconstrained build operations Thread 20" [_thread_blocked, id=17956, stack(0x000000e500a00000,0x000000e500b00000)]
  0x000002cc4de8a6f0 JavaThread "Unconstrained build operations Thread 21" [_thread_blocked, id=22752, stack(0x000000e500b00000,0x000000e500c00000)]
  0x000002cc4de855f0 JavaThread "Unconstrained build operations Thread 22" [_thread_blocked, id=16416, stack(0x000000e500c00000,0x000000e500d00000)]
  0x000002cc4de85b00 JavaThread "Unconstrained build operations Thread 23" [_thread_blocked, id=6056, stack(0x000000e500d00000,0x000000e500e00000)]
  0x000002cc4de8cf70 JavaThread "Unconstrained build operations Thread 24" [_thread_blocked, id=25560, stack(0x000000e500e00000,0x000000e500f00000)]
  0x000002cc4de8ac00 JavaThread "Unconstrained build operations Thread 25" [_thread_blocked, id=17480, stack(0x000000e500f00000,0x000000e501000000)]
  0x000002cc4de88890 JavaThread "Unconstrained build operations Thread 26" [_thread_blocked, id=29532, stack(0x000000e501000000,0x000000e501100000)]
  0x000002cc4de8b110 JavaThread "Unconstrained build operations Thread 27" [_thread_blocked, id=19896, stack(0x000000e501100000,0x000000e501200000)]
  0x000002cc4de86010 JavaThread "Unconstrained build operations Thread 28" [_thread_blocked, id=25804, stack(0x000000e501200000,0x000000e501300000)]
  0x000002cc4de86a30 JavaThread "Unconstrained build operations Thread 29" [_thread_blocked, id=21380, stack(0x000000e501300000,0x000000e501400000)]
  0x000002cc5092db10 JavaThread "Unconstrained build operations Thread 30" [_thread_blocked, id=28504, stack(0x000000e501400000,0x000000e501500000)]
  0x000002cc5092ef50 JavaThread "Unconstrained build operations Thread 31" [_thread_blocked, id=20468, stack(0x000000e501500000,0x000000e501600000)]
  0x000002cc5092cbe0 JavaThread "Unconstrained build operations Thread 32" [_thread_blocked, id=28412, stack(0x000000e501600000,0x000000e501700000)]
  0x000002cc50928500 JavaThread "Unconstrained build operations Thread 33" [_thread_blocked, id=22976, stack(0x000000e501700000,0x000000e501800000)]
  0x000002cc5092fe80 JavaThread "Unconstrained build operations Thread 34" [_thread_blocked, id=24052, stack(0x000000e501800000,0x000000e501900000)]
  0x000002cc5092d0f0 JavaThread "Unconstrained build operations Thread 35" [_thread_blocked, id=29548, stack(0x000000e501900000,0x000000e501a00000)]
  0x000002cc50929940 JavaThread "Unconstrained build operations Thread 36" [_thread_blocked, id=20816, stack(0x000000e501a00000,0x000000e501b00000)]
  0x000002cc5092bcb0 JavaThread "Unconstrained build operations Thread 37" [_thread_blocked, id=26760, stack(0x000000e501b00000,0x000000e501c00000)]
  0x000002cc50929430 JavaThread "Unconstrained build operations Thread 38" [_thread_blocked, id=14744, stack(0x000000e501c00000,0x000000e501d00000)]
  0x000002cc5092b290 JavaThread "Unconstrained build operations Thread 39" [_thread_blocked, id=2400, stack(0x000000e501d00000,0x000000e501e00000)]
  0x000002cc5092d600 JavaThread "Unconstrained build operations Thread 40" [_thread_blocked, id=18148, stack(0x000000e501e00000,0x000000e501f00000)]
  0x000002cc5092e020 JavaThread "Unconstrained build operations Thread 41" [_thread_blocked, id=18488, stack(0x000000e501f00000,0x000000e502000000)]
  0x000002cc5092e530 JavaThread "Unconstrained build operations Thread 42" [_thread_blocked, id=10956, stack(0x000000e502000000,0x000000e502100000)]
  0x000002cc50929e50 JavaThread "Unconstrained build operations Thread 43" [_thread_blocked, id=21764, stack(0x000000e502100000,0x000000e502200000)]
  0x000002cc5092ea40 JavaThread "Unconstrained build operations Thread 44" [_thread_blocked, id=29676, stack(0x000000e502200000,0x000000e502300000)]
  0x000002cc5092a360 JavaThread "Unconstrained build operations Thread 45" [_thread_blocked, id=14648, stack(0x000000e502300000,0x000000e502400000)]
  0x000002cc5092c1c0 JavaThread "Unconstrained build operations Thread 46" [_thread_blocked, id=9632, stack(0x000000e502400000,0x000000e502500000)]
  0x000002cc5092a870 JavaThread "Unconstrained build operations Thread 47" [_thread_blocked, id=6636, stack(0x000000e502500000,0x000000e502600000)]
  0x000002cc5092ad80 JavaThread "Unconstrained build operations Thread 48" [_thread_blocked, id=22932, stack(0x000000e502600000,0x000000e502700000)]
  0x000002cc5092b7a0 JavaThread "Unconstrained build operations Thread 49" [_thread_blocked, id=19912, stack(0x000000e502b00000,0x000000e502c00000)]
  0x000002cc5092f460 JavaThread "Unconstrained build operations Thread 50" [_thread_blocked, id=2684, stack(0x000000e502c00000,0x000000e502d00000)]
  0x000002cc50928a10 JavaThread "Unconstrained build operations Thread 51" [_thread_blocked, id=22640, stack(0x000000e502d00000,0x000000e502e00000)]
  0x000002cc5092f970 JavaThread "Unconstrained build operations Thread 52" [_thread_blocked, id=24004, stack(0x000000e502e00000,0x000000e502f00000)]
  0x000002cc50928f20 JavaThread "Unconstrained build operations Thread 53" [_thread_blocked, id=26392, stack(0x000000e502f00000,0x000000e503000000)]
  0x000002cc5092c6d0 JavaThread "Unconstrained build operations Thread 54" [_thread_blocked, id=21588, stack(0x000000e503000000,0x000000e503100000)]

Other Threads:
=>0x000002cc461e9c00 VMThread "VM Thread" [stack: 0x000000e57aa00000,0x000000e57ab00000] [id=22516]
  0x000002cc2b39c6c0 WatcherThread [stack: 0x000000e57b800000,0x000000e57b900000] [id=2804]
  0x000002cc2b3faca0 GCTaskThread "GC Thread#0" [stack: 0x000000e57a500000,0x000000e57a600000] [id=21604]
  0x000002cc4c9b8c60 GCTaskThread "GC Thread#1" [stack: 0x000000e57bd00000,0x000000e57be00000] [id=28812]
  0x000002cc4b0faf30 GCTaskThread "GC Thread#2" [stack: 0x000000e57be00000,0x000000e57bf00000] [id=24164]
  0x000002cc4b0fb1f0 GCTaskThread "GC Thread#3" [stack: 0x000000e57bf00000,0x000000e57c000000] [id=25140]
  0x000002cc4c204fa0 GCTaskThread "GC Thread#4" [stack: 0x000000e57c000000,0x000000e57c100000] [id=14104]
  0x000002cc4c205260 GCTaskThread "GC Thread#5" [stack: 0x000000e57c100000,0x000000e57c200000] [id=25052]
  0x000002cc4d0a24f0 GCTaskThread "GC Thread#6" [stack: 0x000000e57cb00000,0x000000e57cc00000] [id=28360]
  0x000002cc4bc70a30 GCTaskThread "GC Thread#7" [stack: 0x000000e57cc00000,0x000000e57cd00000] [id=21480]
  0x000002cc4c841f50 GCTaskThread "GC Thread#8" [stack: 0x000000e57cd00000,0x000000e57ce00000] [id=22864]
  0x000002cc4c842210 GCTaskThread "GC Thread#9" [stack: 0x000000e57ce00000,0x000000e57cf00000] [id=20444]
  0x000002cc4d5a8250 GCTaskThread "GC Thread#10" [stack: 0x000000e57cf00000,0x000000e57d000000] [id=3856]
  0x000002cc4c8424d0 GCTaskThread "GC Thread#11" [stack: 0x000000e57d000000,0x000000e57d100000] [id=25660]
  0x000002cc4c8b0cc0 GCTaskThread "GC Thread#12" [stack: 0x000000e57d100000,0x000000e57d200000] [id=19068]
  0x000002cc4c8b0f80 GCTaskThread "GC Thread#13" [stack: 0x000000e57d200000,0x000000e57d300000] [id=13332]
  0x000002cc4c8b2000 GCTaskThread "GC Thread#14" [stack: 0x000000e57d300000,0x000000e57d400000] [id=17792]
  0x000002cc2b40bbf0 ConcurrentGCThread "G1 Main Marker" [stack: 0x000000e57a600000,0x000000e57a700000] [id=17568]
  0x000002cc2b40c610 ConcurrentGCThread "G1 Conc#0" [stack: 0x000000e57a700000,0x000000e57a800000] [id=27848]
  0x000002cc4c8b1a80 ConcurrentGCThread "G1 Conc#1" [stack: 0x000000e57d400000,0x000000e57d500000] [id=27360]
  0x000002cc4c8b0480 ConcurrentGCThread "G1 Conc#2" [stack: 0x000000e57d500000,0x000000e57d600000] [id=18808]
  0x000002cc4c8b1240 ConcurrentGCThread "G1 Conc#3" [stack: 0x000000e57d600000,0x000000e57d700000] [id=20980]
  0x000002cc4611d2d0 ConcurrentGCThread "G1 Refine#0" [stack: 0x000000e57a800000,0x000000e57a900000] [id=26588]
  0x000002cc4f0b0ac0 ConcurrentGCThread "G1 Refine#1" [stack: 0x000000e502700000,0x000000e502800000] [id=24240]
  0x000002cc4f0b04e0 ConcurrentGCThread "G1 Refine#2" [stack: 0x000000e502800000,0x000000e502900000] [id=15820]
  0x000002cc4f0b07d0 ConcurrentGCThread "G1 Refine#3" [stack: 0x000000e502900000,0x000000e502a00000] [id=22564]
  0x000002cc4611dd00 ConcurrentGCThread "G1 Service" [stack: 0x000000e57a900000,0x000000e57aa00000] [id=5128]

Threads with active compile tasks:
C2 CompilerThread1     5133 8052       4       org.gradle.internal.service.DefaultServiceRegistry$ClassInspector$ClassDetails::collectTypes (63 bytes)

VM state: at safepoint (normal execution)

VM Mutex/Monitor currently owned by a thread:  ([mutex/lock_event])
[0x000002cc2b397330] Threads_lock - owner thread: 0x000002cc461e9c00
[0x000002cc2b398d10] Heap_lock - owner thread: 0x000002cc4cc9b4e0

Heap address: 0x0000000080000000, size: 2048 MB, Compressed Oops mode: 32-bit

CDS archive(s) not mapped
Compressed class space mapped at: 0x0000000100000000-0x0000000140000000, reserved size: 1073741824
Narrow klass base: 0x0000000000000000, Narrow klass shift: 3, Narrow klass range: 0x140000000

GC Precious Log:
 CPUs: 20 total, 20 available
 Memory: 16004M
 Large Page Support: Disabled
 NUMA Support: Disabled
 Compressed Oops: Enabled (32-bit)
 Heap Region Size: 1M
 Heap Min Capacity: 8M
 Heap Initial Capacity: 252M
 Heap Max Capacity: 2G
 Pre-touch: Disabled
 Parallel Workers: 15
 Concurrent Workers: 4
 Concurrent Refinement Workers: 15
 Periodic GC: Disabled

Heap:
 garbage-first heap   total 258048K, used 104040K [0x0000000080000000, 0x0000000100000000)
  region size 1024K, 1 young (1024K), 1 survivors (1024K)
 Metaspace       used 68109K, committed 68864K, reserved 1114112K
  class space    used 9047K, committed 9408K, reserved 1048576K

Heap Regions: E=young(eden), S=young(survivor), O=old, HS=humongous(starts), HC=humongous(continues), CS=collection set, F=free, OA=open archive, CA=closed archive, TAMS=top-at-mark-start (previous, next)
|   0|0x0000000080000000, 0x0000000080100000, 0x0000000080100000|100%|HS|  |TAMS 0x0000000080100000, 0x0000000080100000| Complete 
|   1|0x0000000080100000, 0x0000000080200000, 0x0000000080200000|100%|HC|  |TAMS 0x0000000080200000, 0x0000000080200000| Complete 
|   2|0x0000000080200000, 0x0000000080300000, 0x0000000080300000|100%|HC|  |TAMS 0x0000000080300000, 0x0000000080300000| Complete 
|   3|0x0000000080300000, 0x0000000080400000, 0x0000000080400000|100%|HC|  |TAMS 0x0000000080400000, 0x0000000080400000| Complete 
|   4|0x0000000080400000, 0x0000000080500000, 0x0000000080500000|100%| O|  |TAMS 0x0000000080500000, 0x0000000080500000| Untracked 
|   5|0x0000000080500000, 0x0000000080600000, 0x0000000080600000|100%| O|  |TAMS 0x0000000080600000, 0x0000000080600000| Untracked 
|   6|0x0000000080600000, 0x0000000080700000, 0x0000000080700000|100%| O|  |TAMS 0x0000000080700000, 0x0000000080700000| Untracked 
|   7|0x0000000080700000, 0x0000000080800000, 0x0000000080800000|100%| O|  |TAMS 0x0000000080800000, 0x0000000080800000| Untracked 
|   8|0x0000000080800000, 0x0000000080900000, 0x0000000080900000|100%| O|  |TAMS 0x0000000080900000, 0x0000000080900000| Untracked 
|   9|0x0000000080900000, 0x0000000080a00000, 0x0000000080a00000|100%| O|  |TAMS 0x0000000080a00000, 0x0000000080a00000| Untracked 
|  10|0x0000000080a00000, 0x0000000080b00000, 0x0000000080b00000|100%|HS|  |TAMS 0x0000000080a00000, 0x0000000080b00000| Complete 
|  11|0x0000000080b00000, 0x0000000080c00000, 0x0000000080c00000|100%| O|  |TAMS 0x0000000080c00000, 0x0000000080c00000| Untracked 
|  12|0x0000000080c00000, 0x0000000080d00000, 0x0000000080d00000|100%| O|  |TAMS 0x0000000080d00000, 0x0000000080d00000| Untracked 
|  13|0x0000000080d00000, 0x0000000080e00000, 0x0000000080e00000|100%| O|  |TAMS 0x0000000080e00000, 0x0000000080e00000| Untracked 
|  14|0x0000000080e00000, 0x0000000080f00000, 0x0000000080f00000|100%| O|  |TAMS 0x0000000080f00000, 0x0000000080f00000| Untracked 
|  15|0x0000000080f00000, 0x0000000081000000, 0x0000000081000000|100%| O|  |TAMS 0x0000000081000000, 0x0000000081000000| Untracked 
|  16|0x0000000081000000, 0x0000000081100000, 0x0000000081100000|100%| O|  |TAMS 0x0000000081100000, 0x0000000081100000| Untracked 
|  17|0x0000000081100000, 0x0000000081200000, 0x0000000081200000|100%| O|  |TAMS 0x0000000081200000, 0x0000000081200000| Untracked 
|  18|0x0000000081200000, 0x0000000081300000, 0x0000000081300000|100%| O|  |TAMS 0x0000000081300000, 0x0000000081300000| Untracked 
|  19|0x0000000081300000, 0x0000000081400000, 0x0000000081400000|100%|HS|  |TAMS 0x0000000081400000, 0x0000000081400000| Complete 
|  20|0x0000000081400000, 0x0000000081500000, 0x0000000081500000|100%|HC|  |TAMS 0x0000000081500000, 0x0000000081500000| Complete 
|  21|0x0000000081500000, 0x0000000081600000, 0x0000000081600000|100%|HC|  |TAMS 0x0000000081600000, 0x0000000081600000| Complete 
|  22|0x0000000081600000, 0x0000000081700000, 0x0000000081700000|100%|HC|  |TAMS 0x0000000081700000, 0x0000000081700000| Complete 
|  23|0x0000000081700000, 0x0000000081800000, 0x0000000081800000|100%|HC|  |TAMS 0x0000000081800000, 0x0000000081800000| Complete 
|  24|0x0000000081800000, 0x0000000081900000, 0x0000000081900000|100%|HS|  |TAMS 0x0000000081900000, 0x0000000081900000| Complete 
|  25|0x0000000081900000, 0x0000000081a00000, 0x0000000081a00000|100%|HC|  |TAMS 0x0000000081a00000, 0x0000000081a00000| Complete 
|  26|0x0000000081a00000, 0x0000000081b00000, 0x0000000081b00000|100%|HC|  |TAMS 0x0000000081b00000, 0x0000000081b00000| Complete 
|  27|0x0000000081b00000, 0x0000000081c00000, 0x0000000081c00000|100%|HS|  |TAMS 0x0000000081c00000, 0x0000000081c00000| Complete 
|  28|0x0000000081c00000, 0x0000000081d00000, 0x0000000081d00000|100%|HC|  |TAMS 0x0000000081d00000, 0x0000000081d00000| Complete 
|  29|0x0000000081d00000, 0x0000000081e00000, 0x0000000081e00000|100%|HC|  |TAMS 0x0000000081e00000, 0x0000000081e00000| Complete 
|  30|0x0000000081e00000, 0x0000000081f00000, 0x0000000081f00000|100%|HS|  |TAMS 0x0000000081f00000, 0x0000000081f00000| Complete 
|  31|0x0000000081f00000, 0x0000000082000000, 0x0000000082000000|100%| O|  |TAMS 0x0000000082000000, 0x0000000082000000| Untracked 
|  32|0x0000000082000000, 0x0000000082100000, 0x0000000082100000|100%| O|  |TAMS 0x0000000082100000, 0x0000000082100000| Untracked 
|  33|0x0000000082100000, 0x0000000082200000, 0x0000000082200000|100%| O|  |TAMS 0x0000000082200000, 0x0000000082200000| Untracked 
|  34|0x0000000082200000, 0x0000000082300000, 0x0000000082300000|100%| O|  |TAMS 0x0000000082300000, 0x0000000082300000| Untracked 
|  35|0x0000000082300000, 0x0000000082400000, 0x0000000082400000|100%| O|  |TAMS 0x0000000082400000, 0x0000000082400000| Untracked 
|  36|0x0000000082400000, 0x0000000082500000, 0x0000000082500000|100%| O|  |TAMS 0x0000000082500000, 0x0000000082500000| Untracked 
|  37|0x0000000082500000, 0x0000000082600000, 0x0000000082600000|100%| O|  |TAMS 0x0000000082600000, 0x0000000082600000| Untracked 
|  38|0x0000000082600000, 0x0000000082700000, 0x0000000082700000|100%| O|  |TAMS 0x0000000082700000, 0x0000000082700000| Untracked 
|  39|0x0000000082700000, 0x0000000082800000, 0x0000000082800000|100%| O|  |TAMS 0x0000000082800000, 0x0000000082800000| Untracked 
|  40|0x0000000082800000, 0x0000000082900000, 0x0000000082900000|100%| O|  |TAMS 0x0000000082900000, 0x0000000082900000| Untracked 
|  41|0x0000000082900000, 0x0000000082a00000, 0x0000000082a00000|100%|HS|  |TAMS 0x0000000082a00000, 0x0000000082a00000| Complete 
|  42|0x0000000082a00000, 0x0000000082b00000, 0x0000000082b00000|100%|HC|  |TAMS 0x0000000082b00000, 0x0000000082b00000| Complete 
|  43|0x0000000082b00000, 0x0000000082c00000, 0x0000000082c00000|100%|HC|  |TAMS 0x0000000082c00000, 0x0000000082c00000| Complete 
|  44|0x0000000082c00000, 0x0000000082d00000, 0x0000000082d00000|100%| O|  |TAMS 0x0000000082d00000, 0x0000000082d00000| Untracked 
|  45|0x0000000082d00000, 0x0000000082e00000, 0x0000000082e00000|100%| O|  |TAMS 0x0000000082e00000, 0x0000000082e00000| Untracked 
|  46|0x0000000082e00000, 0x0000000082f00000, 0x0000000082f00000|100%| O|  |TAMS 0x0000000082f00000, 0x0000000082f00000| Untracked 
|  47|0x0000000082f00000, 0x0000000083000000, 0x0000000083000000|100%| O|  |TAMS 0x0000000083000000, 0x0000000083000000| Untracked 
|  48|0x0000000083000000, 0x0000000083100000, 0x0000000083100000|100%| O|  |TAMS 0x0000000083100000, 0x0000000083100000| Untracked 
|  49|0x0000000083100000, 0x0000000083200000, 0x0000000083200000|100%|HS|  |TAMS 0x0000000083200000, 0x0000000083200000| Complete 
|  50|0x0000000083200000, 0x0000000083300000, 0x0000000083300000|100%|HC|  |TAMS 0x0000000083300000, 0x0000000083300000| Complete 
|  51|0x0000000083300000, 0x0000000083400000, 0x0000000083400000|100%|HC|  |TAMS 0x0000000083400000, 0x0000000083400000| Complete 
|  52|0x0000000083400000, 0x0000000083500000, 0x0000000083500000|100%|HC|  |TAMS 0x0000000083500000, 0x0000000083500000| Complete 
|  53|0x0000000083500000, 0x0000000083600000, 0x0000000083600000|100%|HC|  |TAMS 0x0000000083600000, 0x0000000083600000| Complete 
|  54|0x0000000083600000, 0x0000000083700000, 0x0000000083700000|100%| O|  |TAMS 0x0000000083700000, 0x0000000083700000| Untracked 
|  55|0x0000000083700000, 0x0000000083800000, 0x0000000083800000|100%| O|  |TAMS 0x0000000083800000, 0x0000000083800000| Untracked 
|  56|0x0000000083800000, 0x0000000083900000, 0x0000000083900000|100%| O|  |TAMS 0x0000000083900000, 0x0000000083900000| Untracked 
|  57|0x0000000083900000, 0x0000000083a00000, 0x0000000083a00000|100%|HS|  |TAMS 0x0000000083a00000, 0x0000000083a00000| Complete 
|  58|0x0000000083a00000, 0x0000000083b00000, 0x0000000083b00000|100%|HC|  |TAMS 0x0000000083b00000, 0x0000000083b00000| Complete 
|  59|0x0000000083b00000, 0x0000000083c00000, 0x0000000083c00000|100%|HC|  |TAMS 0x0000000083c00000, 0x0000000083c00000| Complete 
|  60|0x0000000083c00000, 0x0000000083d00000, 0x0000000083d00000|100%|HC|  |TAMS 0x0000000083d00000, 0x0000000083d00000| Complete 
|  61|0x0000000083d00000, 0x0000000083e00000, 0x0000000083e00000|100%|HC|  |TAMS 0x0000000083e00000, 0x0000000083e00000| Complete 
|  62|0x0000000083e00000, 0x0000000083f00000, 0x0000000083f00000|100%| O|  |TAMS 0x0000000083f00000, 0x0000000083f00000| Untracked 
|  63|0x0000000083f00000, 0x0000000084000000, 0x0000000084000000|100%| O|  |TAMS 0x0000000084000000, 0x0000000084000000| Untracked 
|  64|0x0000000084000000, 0x0000000084100000, 0x0000000084100000|100%| O|  |TAMS 0x0000000084100000, 0x0000000084100000| Untracked 
|  65|0x0000000084100000, 0x0000000084100000, 0x0000000084200000|  0%| F|  |TAMS 0x0000000084100000, 0x0000000084100000| Untracked 
|  66|0x0000000084200000, 0x0000000084300000, 0x0000000084300000|100%| O|  |TAMS 0x0000000084300000, 0x0000000084300000| Untracked 
|  67|0x0000000084300000, 0x0000000084400000, 0x0000000084400000|100%| O|  |TAMS 0x0000000084400000, 0x0000000084400000| Untracked 
|  68|0x0000000084400000, 0x0000000084500000, 0x0000000084500000|100%| O|  |TAMS 0x0000000084500000, 0x0000000084500000| Untracked 
|  69|0x0000000084500000, 0x0000000084600000, 0x0000000084600000|100%| O|  |TAMS 0x0000000084600000, 0x0000000084600000| Untracked 
|  70|0x0000000084600000, 0x0000000084700000, 0x0000000084700000|100%| O|  |TAMS 0x0000000084700000, 0x0000000084700000| Untracked 
|  71|0x0000000084700000, 0x0000000084800000, 0x0000000084800000|100%| O|  |TAMS 0x0000000084800000, 0x0000000084800000| Untracked 
|  72|0x0000000084800000, 0x0000000084900000, 0x0000000084900000|100%| O|  |TAMS 0x0000000084900000, 0x0000000084900000| Untracked 
|  73|0x0000000084900000, 0x0000000084a00000, 0x0000000084a00000|100%| O|  |TAMS 0x0000000084a00000, 0x0000000084a00000| Untracked 
|  74|0x0000000084a00000, 0x0000000084b00000, 0x0000000084b00000|100%| O|  |TAMS 0x0000000084b00000, 0x0000000084b00000| Untracked 
|  75|0x0000000084b00000, 0x0000000084c00000, 0x0000000084c00000|100%| O|  |TAMS 0x0000000084c00000, 0x0000000084c00000| Untracked 
|  76|0x0000000084c00000, 0x0000000084d00000, 0x0000000084d00000|100%| O|  |TAMS 0x0000000084d00000, 0x0000000084d00000| Untracked 
|  77|0x0000000084d00000, 0x0000000084e00000, 0x0000000084e00000|100%| O|  |TAMS 0x0000000084e00000, 0x0000000084e00000| Untracked 
|  78|0x0000000084e00000, 0x0000000084f00000, 0x0000000084f00000|100%| O|  |TAMS 0x0000000084ef7c00, 0x0000000084f00000| Untracked 
|  79|0x0000000084f00000, 0x0000000085000000, 0x0000000085000000|100%|HS|  |TAMS 0x0000000084f00000, 0x0000000085000000| Complete 
|  80|0x0000000085000000, 0x0000000085100000, 0x0000000085100000|100%|HS|  |TAMS 0x0000000085000000, 0x0000000085100000| Complete 
|  81|0x0000000085100000, 0x0000000085200000, 0x0000000085200000|100%|HC|  |TAMS 0x0000000085100000, 0x0000000085200000| Complete 
|  82|0x0000000085200000, 0x0000000085300000, 0x0000000085300000|100%|HS|  |TAMS 0x0000000085200000, 0x0000000085300000| Complete 
|  83|0x0000000085300000, 0x0000000085400000, 0x0000000085400000|100%|HC|  |TAMS 0x0000000085300000, 0x0000000085400000| Complete 
|  84|0x0000000085400000, 0x0000000085500000, 0x0000000085500000|100%|HS|  |TAMS 0x0000000085400000, 0x0000000085500000| Complete 
|  85|0x0000000085500000, 0x0000000085600000, 0x0000000085600000|100%|HS|  |TAMS 0x0000000085500000, 0x0000000085600000| Complete 
|  86|0x0000000085600000, 0x0000000085700000, 0x0000000085700000|100%|HC|  |TAMS 0x0000000085600000, 0x0000000085700000| Complete 
|  87|0x0000000085700000, 0x0000000085800000, 0x0000000085800000|100%|HC|  |TAMS 0x0000000085700000, 0x0000000085800000| Complete 
|  88|0x0000000085800000, 0x0000000085900000, 0x0000000085900000|100%|HC|  |TAMS 0x0000000085800000, 0x0000000085900000| Complete 
|  89|0x0000000085900000, 0x0000000085a00000, 0x0000000085a00000|100%|HS|  |TAMS 0x0000000085900000, 0x0000000085a00000| Complete 
|  90|0x0000000085a00000, 0x0000000085b00000, 0x0000000085b00000|100%| O|  |TAMS 0x0000000085a00000, 0x0000000085b00000| Untracked 
|  91|0x0000000085b00000, 0x0000000085c00000, 0x0000000085c00000|100%|HS|  |TAMS 0x0000000085b00000, 0x0000000085c00000| Complete 
|  92|0x0000000085c00000, 0x0000000085d00000, 0x0000000085d00000|100%|HS|  |TAMS 0x0000000085c00000, 0x0000000085d00000| Complete 
|  93|0x0000000085d00000, 0x0000000085e00000, 0x0000000085e00000|100%| O|  |TAMS 0x0000000085d00000, 0x0000000085e00000| Untracked 
|  94|0x0000000085e00000, 0x0000000085f00000, 0x0000000085f00000|100%| O|  |TAMS 0x0000000085e00000, 0x0000000085f00000| Untracked 
|  95|0x0000000085f00000, 0x0000000086000000, 0x0000000086000000|100%| O|  |TAMS 0x0000000085f00000, 0x0000000086000000| Untracked 
|  96|0x0000000086000000, 0x0000000086100000, 0x0000000086100000|100%| O|  |TAMS 0x0000000086000000, 0x0000000086100000| Untracked 
|  97|0x0000000086100000, 0x0000000086200000, 0x0000000086200000|100%| O|  |TAMS 0x0000000086100000, 0x0000000086200000| Untracked 
|  98|0x0000000086200000, 0x0000000086300000, 0x0000000086300000|100%| O|  |TAMS 0x0000000086200000, 0x0000000086300000| Untracked 
|  99|0x0000000086300000, 0x0000000086400000, 0x0000000086400000|100%| O|  |TAMS 0x0000000086300000, 0x0000000086400000| Untracked 
| 100|0x0000000086400000, 0x0000000086500000, 0x0000000086500000|100%| O|  |TAMS 0x0000000086400000, 0x0000000086500000| Untracked 
| 101|0x0000000086500000, 0x00000000865a3400, 0x0000000086600000| 63%| O|  |TAMS 0x0000000086500000, 0x00000000865a3400| Untracked 
| 102|0x0000000086600000, 0x0000000086600000, 0x0000000086700000|  0%| F|  |TAMS 0x0000000086600000, 0x0000000086600000| Untracked 
| 103|0x0000000086700000, 0x0000000086700000, 0x0000000086800000|  0%| F|  |TAMS 0x0000000086700000, 0x0000000086700000| Untracked 
| 104|0x0000000086800000, 0x0000000086800000, 0x0000000086900000|  0%| F|  |TAMS 0x0000000086800000, 0x0000000086800000| Untracked 
| 105|0x0000000086900000, 0x0000000086900000, 0x0000000086a00000|  0%| F|  |TAMS 0x0000000086900000, 0x0000000086900000| Untracked 
| 106|0x0000000086a00000, 0x0000000086a00000, 0x0000000086b00000|  0%| F|  |TAMS 0x0000000086a00000, 0x0000000086a00000| Untracked 
| 107|0x0000000086b00000, 0x0000000086b00000, 0x0000000086c00000|  0%| F|  |TAMS 0x0000000086b00000, 0x0000000086b00000| Untracked 
| 108|0x0000000086c00000, 0x0000000086c00000, 0x0000000086d00000|  0%| F|  |TAMS 0x0000000086c00000, 0x0000000086c00000| Untracked 
| 109|0x0000000086d00000, 0x0000000086d00000, 0x0000000086e00000|  0%| F|  |TAMS 0x0000000086d00000, 0x0000000086d00000| Untracked 
| 110|0x0000000086e00000, 0x0000000086e00000, 0x0000000086f00000|  0%| F|  |TAMS 0x0000000086e00000, 0x0000000086e00000| Untracked 
| 111|0x0000000086f00000, 0x0000000086f00000, 0x0000000087000000|  0%| F|  |TAMS 0x0000000086f00000, 0x0000000086f00000| Untracked 
| 112|0x0000000087000000, 0x0000000087000000, 0x0000000087100000|  0%| F|  |TAMS 0x0000000087000000, 0x0000000087000000| Untracked 
| 113|0x0000000087100000, 0x0000000087100000, 0x0000000087200000|  0%| F|  |TAMS 0x0000000087100000, 0x0000000087100000| Untracked 
| 114|0x0000000087200000, 0x0000000087200000, 0x0000000087300000|  0%| F|  |TAMS 0x0000000087200000, 0x0000000087200000| Untracked 
| 115|0x0000000087300000, 0x0000000087300000, 0x0000000087400000|  0%| F|  |TAMS 0x0000000087300000, 0x0000000087300000| Untracked 
| 116|0x0000000087400000, 0x0000000087400000, 0x0000000087500000|  0%| F|  |TAMS 0x0000000087400000, 0x0000000087400000| Untracked 
| 117|0x0000000087500000, 0x0000000087500000, 0x0000000087600000|  0%| F|  |TAMS 0x0000000087500000, 0x0000000087500000| Untracked 
| 118|0x0000000087600000, 0x0000000087600000, 0x0000000087700000|  0%| F|  |TAMS 0x0000000087600000, 0x0000000087600000| Untracked 
| 119|0x0000000087700000, 0x0000000087700000, 0x0000000087800000|  0%| F|  |TAMS 0x0000000087700000, 0x0000000087700000| Untracked 
| 120|0x0000000087800000, 0x0000000087800000, 0x0000000087900000|  0%| F|  |TAMS 0x0000000087800000, 0x0000000087800000| Untracked 
| 121|0x0000000087900000, 0x0000000087900000, 0x0000000087a00000|  0%| F|  |TAMS 0x0000000087900000, 0x0000000087900000| Untracked 
| 122|0x0000000087a00000, 0x0000000087a00000, 0x0000000087b00000|  0%| F|  |TAMS 0x0000000087a00000, 0x0000000087a00000| Untracked 
| 123|0x0000000087b00000, 0x0000000087b00000, 0x0000000087c00000|  0%| F|  |TAMS 0x0000000087b00000, 0x0000000087b00000| Untracked 
| 124|0x0000000087c00000, 0x0000000087c00000, 0x0000000087d00000|  0%| F|  |TAMS 0x0000000087c00000, 0x0000000087c00000| Untracked 
| 125|0x0000000087d00000, 0x0000000087d00000, 0x0000000087e00000|  0%| F|  |TAMS 0x0000000087d00000, 0x0000000087d00000| Untracked 
| 126|0x0000000087e00000, 0x0000000087e00000, 0x0000000087f00000|  0%| F|  |TAMS 0x0000000087e00000, 0x0000000087e00000| Untracked 
| 127|0x0000000087f00000, 0x0000000087f00000, 0x0000000088000000|  0%| F|  |TAMS 0x0000000087f00000, 0x0000000087f00000| Untracked 
| 128|0x0000000088000000, 0x0000000088000000, 0x0000000088100000|  0%| F|  |TAMS 0x0000000088000000, 0x0000000088000000| Untracked 
| 129|0x0000000088100000, 0x0000000088100000, 0x0000000088200000|  0%| F|  |TAMS 0x0000000088100000, 0x0000000088100000| Untracked 
| 130|0x0000000088200000, 0x0000000088200000, 0x0000000088300000|  0%| F|  |TAMS 0x0000000088200000, 0x0000000088200000| Untracked 
| 131|0x0000000088300000, 0x00000000883f6ca8, 0x0000000088400000| 96%| S|CS|TAMS 0x0000000088300000, 0x0000000088300000| Complete 
| 132|0x0000000088400000, 0x0000000088400000, 0x0000000088500000|  0%| F|  |TAMS 0x0000000088400000, 0x0000000088400000| Untracked 
| 133|0x0000000088500000, 0x0000000088500000, 0x0000000088600000|  0%| F|  |TAMS 0x0000000088500000, 0x0000000088500000| Untracked 
| 134|0x0000000088600000, 0x0000000088600000, 0x0000000088700000|  0%| F|  |TAMS 0x0000000088600000, 0x0000000088600000| Untracked 
| 135|0x0000000088700000, 0x0000000088700000, 0x0000000088800000|  0%| F|  |TAMS 0x0000000088700000, 0x0000000088700000| Untracked 
| 136|0x0000000088800000, 0x0000000088800000, 0x0000000088900000|  0%| F|  |TAMS 0x0000000088800000, 0x0000000088800000| Untracked 
| 137|0x0000000088900000, 0x0000000088900000, 0x0000000088a00000|  0%| F|  |TAMS 0x0000000088900000, 0x0000000088900000| Untracked 
| 138|0x0000000088a00000, 0x0000000088a00000, 0x0000000088b00000|  0%| F|  |TAMS 0x0000000088a00000, 0x0000000088a00000| Untracked 
| 139|0x0000000088b00000, 0x0000000088b00000, 0x0000000088c00000|  0%| F|  |TAMS 0x0000000088b00000, 0x0000000088b00000| Untracked 
| 140|0x0000000088c00000, 0x0000000088c00000, 0x0000000088d00000|  0%| F|  |TAMS 0x0000000088c00000, 0x0000000088c00000| Untracked 
| 141|0x0000000088d00000, 0x0000000088d00000, 0x0000000088e00000|  0%| F|  |TAMS 0x0000000088d00000, 0x0000000088d00000| Untracked 
| 142|0x0000000088e00000, 0x0000000088e00000, 0x0000000088f00000|  0%| F|  |TAMS 0x0000000088e00000, 0x0000000088e00000| Untracked 
| 143|0x0000000088f00000, 0x0000000088f00000, 0x0000000089000000|  0%| F|  |TAMS 0x0000000088f00000, 0x0000000088f00000| Untracked 
| 144|0x0000000089000000, 0x0000000089000000, 0x0000000089100000|  0%| F|  |TAMS 0x0000000089000000, 0x0000000089000000| Untracked 
| 145|0x0000000089100000, 0x0000000089100000, 0x0000000089200000|  0%| F|  |TAMS 0x0000000089100000, 0x0000000089100000| Untracked 
| 146|0x0000000089200000, 0x0000000089200000, 0x0000000089300000|  0%| F|  |TAMS 0x0000000089200000, 0x0000000089200000| Untracked 
| 147|0x0000000089300000, 0x0000000089300000, 0x0000000089400000|  0%| F|  |TAMS 0x0000000089300000, 0x0000000089300000| Untracked 
| 148|0x0000000089400000, 0x0000000089400000, 0x0000000089500000|  0%| F|  |TAMS 0x0000000089400000, 0x0000000089400000| Untracked 
| 149|0x0000000089500000, 0x0000000089500000, 0x0000000089600000|  0%| F|  |TAMS 0x0000000089500000, 0x0000000089500000| Untracked 
| 150|0x0000000089600000, 0x0000000089600000, 0x0000000089700000|  0%| F|  |TAMS 0x0000000089600000, 0x0000000089600000| Untracked 
| 151|0x0000000089700000, 0x0000000089700000, 0x0000000089800000|  0%| F|  |TAMS 0x0000000089700000, 0x0000000089700000| Untracked 
| 152|0x0000000089800000, 0x0000000089800000, 0x0000000089900000|  0%| F|  |TAMS 0x0000000089800000, 0x0000000089800000| Untracked 
| 153|0x0000000089900000, 0x0000000089900000, 0x0000000089a00000|  0%| F|  |TAMS 0x0000000089900000, 0x0000000089900000| Untracked 
| 154|0x0000000089a00000, 0x0000000089a00000, 0x0000000089b00000|  0%| F|  |TAMS 0x0000000089a00000, 0x0000000089a00000| Untracked 
| 155|0x0000000089b00000, 0x0000000089b00000, 0x0000000089c00000|  0%| F|  |TAMS 0x0000000089b00000, 0x0000000089b00000| Untracked 
| 156|0x0000000089c00000, 0x0000000089c00000, 0x0000000089d00000|  0%| F|  |TAMS 0x0000000089c00000, 0x0000000089c00000| Untracked 
| 157|0x0000000089d00000, 0x0000000089d00000, 0x0000000089e00000|  0%| F|  |TAMS 0x0000000089d00000, 0x0000000089d00000| Untracked 
| 158|0x0000000089e00000, 0x0000000089e00000, 0x0000000089f00000|  0%| F|  |TAMS 0x0000000089e00000, 0x0000000089e00000| Untracked 
| 159|0x0000000089f00000, 0x0000000089f00000, 0x000000008a000000|  0%| F|  |TAMS 0x0000000089f00000, 0x0000000089f00000| Untracked 
| 160|0x000000008a000000, 0x000000008a000000, 0x000000008a100000|  0%| F|  |TAMS 0x000000008a000000, 0x000000008a000000| Untracked 
| 161|0x000000008a100000, 0x000000008a100000, 0x000000008a200000|  0%| F|  |TAMS 0x000000008a100000, 0x000000008a100000| Untracked 
| 162|0x000000008a200000, 0x000000008a200000, 0x000000008a300000|  0%| F|  |TAMS 0x000000008a200000, 0x000000008a200000| Untracked 
| 163|0x000000008a300000, 0x000000008a300000, 0x000000008a400000|  0%| F|  |TAMS 0x000000008a300000, 0x000000008a300000| Untracked 
| 164|0x000000008a400000, 0x000000008a400000, 0x000000008a500000|  0%| F|  |TAMS 0x000000008a400000, 0x000000008a400000| Untracked 
| 165|0x000000008a500000, 0x000000008a500000, 0x000000008a600000|  0%| F|  |TAMS 0x000000008a500000, 0x000000008a500000| Untracked 
| 166|0x000000008a600000, 0x000000008a600000, 0x000000008a700000|  0%| F|  |TAMS 0x000000008a600000, 0x000000008a600000| Untracked 
| 167|0x000000008a700000, 0x000000008a700000, 0x000000008a800000|  0%| F|  |TAMS 0x000000008a700000, 0x000000008a700000| Untracked 
| 168|0x000000008a800000, 0x000000008a800000, 0x000000008a900000|  0%| F|  |TAMS 0x000000008a800000, 0x000000008a800000| Untracked 
| 169|0x000000008a900000, 0x000000008a900000, 0x000000008aa00000|  0%| F|  |TAMS 0x000000008a900000, 0x000000008a900000| Untracked 
| 170|0x000000008aa00000, 0x000000008aa00000, 0x000000008ab00000|  0%| F|  |TAMS 0x000000008aa00000, 0x000000008aa00000| Untracked 
| 171|0x000000008ab00000, 0x000000008ab00000, 0x000000008ac00000|  0%| F|  |TAMS 0x000000008ab00000, 0x000000008ab00000| Untracked 
| 172|0x000000008ac00000, 0x000000008ac00000, 0x000000008ad00000|  0%| F|  |TAMS 0x000000008ac00000, 0x000000008ac00000| Untracked 
| 173|0x000000008ad00000, 0x000000008ad00000, 0x000000008ae00000|  0%| F|  |TAMS 0x000000008ad00000, 0x000000008ad00000| Untracked 
| 174|0x000000008ae00000, 0x000000008ae00000, 0x000000008af00000|  0%| F|  |TAMS 0x000000008ae00000, 0x000000008ae00000| Untracked 
| 175|0x000000008af00000, 0x000000008af00000, 0x000000008b000000|  0%| F|  |TAMS 0x000000008af00000, 0x000000008af00000| Untracked 
| 176|0x000000008b000000, 0x000000008b000000, 0x000000008b100000|  0%| F|  |TAMS 0x000000008b000000, 0x000000008b000000| Untracked 
| 177|0x000000008b100000, 0x000000008b100000, 0x000000008b200000|  0%| F|  |TAMS 0x000000008b100000, 0x000000008b100000| Untracked 
| 178|0x000000008b200000, 0x000000008b200000, 0x000000008b300000|  0%| F|  |TAMS 0x000000008b200000, 0x000000008b200000| Untracked 
| 179|0x000000008b300000, 0x000000008b300000, 0x000000008b400000|  0%| F|  |TAMS 0x000000008b300000, 0x000000008b300000| Untracked 
| 180|0x000000008b400000, 0x000000008b400000, 0x000000008b500000|  0%| F|  |TAMS 0x000000008b400000, 0x000000008b400000| Untracked 
| 181|0x000000008b500000, 0x000000008b500000, 0x000000008b600000|  0%| F|  |TAMS 0x000000008b500000, 0x000000008b500000| Untracked 
| 182|0x000000008b600000, 0x000000008b600000, 0x000000008b700000|  0%| F|  |TAMS 0x000000008b600000, 0x000000008b600000| Untracked 
| 183|0x000000008b700000, 0x000000008b700000, 0x000000008b800000|  0%| F|  |TAMS 0x000000008b700000, 0x000000008b700000| Untracked 
| 184|0x000000008b800000, 0x000000008b800000, 0x000000008b900000|  0%| F|  |TAMS 0x000000008b800000, 0x000000008b800000| Untracked 
| 185|0x000000008b900000, 0x000000008b900000, 0x000000008ba00000|  0%| F|  |TAMS 0x000000008b900000, 0x000000008b900000| Untracked 
| 186|0x000000008ba00000, 0x000000008ba00000, 0x000000008bb00000|  0%| F|  |TAMS 0x000000008ba00000, 0x000000008ba00000| Untracked 
| 187|0x000000008bb00000, 0x000000008bb00000, 0x000000008bc00000|  0%| F|  |TAMS 0x000000008bb00000, 0x000000008bb00000| Untracked 
| 188|0x000000008bc00000, 0x000000008bc00000, 0x000000008bd00000|  0%| F|  |TAMS 0x000000008bc00000, 0x000000008bc00000| Untracked 
| 189|0x000000008bd00000, 0x000000008bd00000, 0x000000008be00000|  0%| F|  |TAMS 0x000000008bd00000, 0x000000008bd00000| Untracked 
| 190|0x000000008be00000, 0x000000008be00000, 0x000000008bf00000|  0%| F|  |TAMS 0x000000008be00000, 0x000000008be00000| Untracked 
| 191|0x000000008bf00000, 0x000000008bf00000, 0x000000008c000000|  0%| F|  |TAMS 0x000000008bf00000, 0x000000008bf00000| Untracked 
| 192|0x000000008c000000, 0x000000008c000000, 0x000000008c100000|  0%| F|  |TAMS 0x000000008c000000, 0x000000008c000000| Untracked 
| 193|0x000000008c100000, 0x000000008c100000, 0x000000008c200000|  0%| F|  |TAMS 0x000000008c100000, 0x000000008c100000| Untracked 
| 194|0x000000008c200000, 0x000000008c200000, 0x000000008c300000|  0%| F|  |TAMS 0x000000008c200000, 0x000000008c200000| Untracked 
| 195|0x000000008c300000, 0x000000008c300000, 0x000000008c400000|  0%| F|  |TAMS 0x000000008c300000, 0x000000008c300000| Untracked 
| 196|0x000000008c400000, 0x000000008c400000, 0x000000008c500000|  0%| F|  |TAMS 0x000000008c400000, 0x000000008c400000| Untracked 
| 197|0x000000008c500000, 0x000000008c500000, 0x000000008c600000|  0%| F|  |TAMS 0x000000008c500000, 0x000000008c500000| Untracked 
| 198|0x000000008c600000, 0x000000008c600000, 0x000000008c700000|  0%| F|  |TAMS 0x000000008c600000, 0x000000008c600000| Untracked 
| 199|0x000000008c700000, 0x000000008c700000, 0x000000008c800000|  0%| F|  |TAMS 0x000000008c700000, 0x000000008c700000| Untracked 
| 200|0x000000008c800000, 0x000000008c800000, 0x000000008c900000|  0%| F|  |TAMS 0x000000008c800000, 0x000000008c800000| Untracked 
| 201|0x000000008c900000, 0x000000008c900000, 0x000000008ca00000|  0%| F|  |TAMS 0x000000008c900000, 0x000000008c900000| Untracked 
| 202|0x000000008ca00000, 0x000000008ca00000, 0x000000008cb00000|  0%| F|  |TAMS 0x000000008ca00000, 0x000000008ca00000| Untracked 
| 203|0x000000008cb00000, 0x000000008cb00000, 0x000000008cc00000|  0%| F|  |TAMS 0x000000008cb00000, 0x000000008cb00000| Untracked 
| 204|0x000000008cc00000, 0x000000008cc00000, 0x000000008cd00000|  0%| F|  |TAMS 0x000000008cc00000, 0x000000008cc00000| Untracked 
| 205|0x000000008cd00000, 0x000000008cd00000, 0x000000008ce00000|  0%| F|  |TAMS 0x000000008cd00000, 0x000000008cd00000| Untracked 
| 206|0x000000008ce00000, 0x000000008ce00000, 0x000000008cf00000|  0%| F|  |TAMS 0x000000008ce00000, 0x000000008ce00000| Untracked 
| 207|0x000000008cf00000, 0x000000008cf00000, 0x000000008d000000|  0%| F|  |TAMS 0x000000008cf00000, 0x000000008cf00000| Untracked 
| 208|0x000000008d000000, 0x000000008d000000, 0x000000008d100000|  0%| F|  |TAMS 0x000000008d000000, 0x000000008d000000| Untracked 
| 209|0x000000008d100000, 0x000000008d100000, 0x000000008d200000|  0%| F|  |TAMS 0x000000008d100000, 0x000000008d100000| Untracked 
| 210|0x000000008d200000, 0x000000008d200000, 0x000000008d300000|  0%| F|  |TAMS 0x000000008d200000, 0x000000008d200000| Untracked 
| 211|0x000000008d300000, 0x000000008d300000, 0x000000008d400000|  0%| F|  |TAMS 0x000000008d300000, 0x000000008d300000| Untracked 
| 212|0x000000008d400000, 0x000000008d400000, 0x000000008d500000|  0%| F|  |TAMS 0x000000008d400000, 0x000000008d400000| Untracked 
| 213|0x000000008d500000, 0x000000008d500000, 0x000000008d600000|  0%| F|  |TAMS 0x000000008d500000, 0x000000008d500000| Untracked 
| 214|0x000000008d600000, 0x000000008d600000, 0x000000008d700000|  0%| F|  |TAMS 0x000000008d600000, 0x000000008d600000| Untracked 
| 215|0x000000008d700000, 0x000000008d700000, 0x000000008d800000|  0%| F|  |TAMS 0x000000008d700000, 0x000000008d700000| Untracked 
| 216|0x000000008d800000, 0x000000008d800000, 0x000000008d900000|  0%| F|  |TAMS 0x000000008d800000, 0x000000008d800000| Untracked 
| 217|0x000000008d900000, 0x000000008d900000, 0x000000008da00000|  0%| F|  |TAMS 0x000000008d900000, 0x000000008d900000| Untracked 
| 218|0x000000008da00000, 0x000000008da00000, 0x000000008db00000|  0%| F|  |TAMS 0x000000008da00000, 0x000000008da00000| Untracked 
| 219|0x000000008db00000, 0x000000008db00000, 0x000000008dc00000|  0%| F|  |TAMS 0x000000008db00000, 0x000000008db00000| Untracked 
| 220|0x000000008dc00000, 0x000000008dc00000, 0x000000008dd00000|  0%| F|  |TAMS 0x000000008dc00000, 0x000000008dc00000| Untracked 
| 221|0x000000008dd00000, 0x000000008dd00000, 0x000000008de00000|  0%| F|  |TAMS 0x000000008dd00000, 0x000000008dd00000| Untracked 
| 222|0x000000008de00000, 0x000000008de00000, 0x000000008df00000|  0%| F|  |TAMS 0x000000008de00000, 0x000000008de00000| Untracked 
| 223|0x000000008df00000, 0x000000008df00000, 0x000000008e000000|  0%| F|  |TAMS 0x000000008df00000, 0x000000008df00000| Untracked 
| 224|0x000000008e000000, 0x000000008e000000, 0x000000008e100000|  0%| F|  |TAMS 0x000000008e000000, 0x000000008e000000| Untracked 
| 225|0x000000008e100000, 0x000000008e100000, 0x000000008e200000|  0%| F|  |TAMS 0x000000008e100000, 0x000000008e100000| Untracked 
| 226|0x000000008e200000, 0x000000008e200000, 0x000000008e300000|  0%| F|  |TAMS 0x000000008e200000, 0x000000008e200000| Untracked 
| 227|0x000000008e300000, 0x000000008e300000, 0x000000008e400000|  0%| F|  |TAMS 0x000000008e300000, 0x000000008e300000| Untracked 
| 228|0x000000008e400000, 0x000000008e400000, 0x000000008e500000|  0%| F|  |TAMS 0x000000008e400000, 0x000000008e400000| Untracked 
| 229|0x000000008e500000, 0x000000008e500000, 0x000000008e600000|  0%| F|  |TAMS 0x000000008e500000, 0x000000008e500000| Untracked 
| 230|0x000000008e600000, 0x000000008e600000, 0x000000008e700000|  0%| F|  |TAMS 0x000000008e600000, 0x000000008e600000| Untracked 
| 231|0x000000008e700000, 0x000000008e700000, 0x000000008e800000|  0%| F|  |TAMS 0x000000008e700000, 0x000000008e700000| Untracked 
| 232|0x000000008e800000, 0x000000008e800000, 0x000000008e900000|  0%| F|  |TAMS 0x000000008e800000, 0x000000008e800000| Untracked 
| 233|0x000000008e900000, 0x000000008e900000, 0x000000008ea00000|  0%| F|  |TAMS 0x000000008e900000, 0x000000008e900000| Untracked 
| 234|0x000000008ea00000, 0x000000008ea00000, 0x000000008eb00000|  0%| F|  |TAMS 0x000000008ea00000, 0x000000008ea00000| Untracked 
| 235|0x000000008eb00000, 0x000000008eb00000, 0x000000008ec00000|  0%| F|  |TAMS 0x000000008eb00000, 0x000000008eb00000| Untracked 
| 236|0x000000008ec00000, 0x000000008ec00000, 0x000000008ed00000|  0%| F|  |TAMS 0x000000008ec00000, 0x000000008ec00000| Untracked 
| 237|0x000000008ed00000, 0x000000008ed00000, 0x000000008ee00000|  0%| F|  |TAMS 0x000000008ed00000, 0x000000008ed00000| Untracked 
| 238|0x000000008ee00000, 0x000000008ee00000, 0x000000008ef00000|  0%| F|  |TAMS 0x000000008ee00000, 0x000000008ee00000| Untracked 
| 239|0x000000008ef00000, 0x000000008ef00000, 0x000000008f000000|  0%| F|  |TAMS 0x000000008ef00000, 0x000000008ef00000| Untracked 
| 240|0x000000008f000000, 0x000000008f000000, 0x000000008f100000|  0%| F|  |TAMS 0x000000008f000000, 0x000000008f000000| Untracked 
| 241|0x000000008f100000, 0x000000008f100000, 0x000000008f200000|  0%| F|  |TAMS 0x000000008f100000, 0x000000008f100000| Untracked 
| 242|0x000000008f200000, 0x000000008f200000, 0x000000008f300000|  0%| F|  |TAMS 0x000000008f200000, 0x000000008f200000| Untracked 
| 243|0x000000008f300000, 0x000000008f300000, 0x000000008f400000|  0%| F|  |TAMS 0x000000008f300000, 0x000000008f300000| Untracked 
| 244|0x000000008f400000, 0x000000008f400000, 0x000000008f500000|  0%| F|  |TAMS 0x000000008f400000, 0x000000008f400000| Untracked 
| 245|0x000000008f500000, 0x000000008f500000, 0x000000008f600000|  0%| F|  |TAMS 0x000000008f500000, 0x000000008f500000| Untracked 
| 246|0x000000008f600000, 0x000000008f600000, 0x000000008f700000|  0%| F|  |TAMS 0x000000008f600000, 0x000000008f600000| Untracked 
| 247|0x000000008f700000, 0x000000008f700000, 0x000000008f800000|  0%| F|  |TAMS 0x000000008f700000, 0x000000008f700000| Untracked 
| 248|0x000000008f800000, 0x000000008f800000, 0x000000008f900000|  0%| F|  |TAMS 0x000000008f800000, 0x000000008f800000| Untracked 
| 249|0x000000008f900000, 0x000000008f900000, 0x000000008fa00000|  0%| F|  |TAMS 0x000000008f900000, 0x000000008f900000| Untracked 
| 250|0x000000008fa00000, 0x000000008fa00000, 0x000000008fb00000|  0%| F|  |TAMS 0x000000008fa00000, 0x000000008fa00000| Untracked 
| 251|0x000000008fb00000, 0x000000008fb00000, 0x000000008fc00000|  0%| F|  |TAMS 0x000000008fb00000, 0x000000008fb00000| Untracked 

Card table byte_map: [0x000002cc3e710000,0x000002cc3eb10000] _byte_map_base: 0x000002cc3e310000

Marking Bits (Prev, Next): (CMBitMap*) 0x000002cc2b3fb2c0, (CMBitMap*) 0x000002cc2b3fb300
 Prev Bits: [0x000002cc3ef10000, 0x000002cc40f10000)
 Next Bits: [0x000002cc40f10000, 0x000002cc42f10000)

Polling page: 0x000002cc29380000

Metaspace:

Usage:
  Non-class:     57.68 MB used.
      Class:      8.84 MB used.
       Both:     66.51 MB used.

Virtual space:
  Non-class space:       64.00 MB reserved,      58.06 MB ( 91%) committed,  1 nodes.
      Class space:        1.00 GB reserved,       9.19 MB ( <1%) committed,  1 nodes.
             Both:        1.06 GB reserved,      67.25 MB (  6%) committed. 

Chunk freelists:
   Non-Class:  5.91 MB
       Class:  6.86 MB
        Both:  12.77 MB

MaxMetaspaceSize: unlimited
CompressedClassSpaceSize: 1.00 GB
Initial GC threshold: 21.00 MB
Current GC threshold: 99.81 MB
CDS: off
MetaspaceReclaimPolicy: balanced
 - commit_granule_bytes: 65536.
 - commit_granule_words: 8192.
 - virtual_space_node_default_size: 8388608.
 - enlarge_chunks_in_place: 1.
 - new_chunks_are_fully_committed: 0.
 - uncommit_free_chunks: 1.
 - use_allocation_guard: 0.
 - handle_deallocations: 1.


Internal statistics:

num_allocs_failed_limit: 3.
num_arena_births: 810.
num_arena_deaths: 0.
num_vsnodes_births: 2.
num_vsnodes_deaths: 0.
num_space_committed: 1076.
num_space_uncommitted: 0.
num_chunks_returned_to_freelist: 3.
num_chunks_taken_from_freelist: 3245.
num_chunk_merges: 0.
num_chunk_splits: 2117.
num_chunks_enlarged: 1412.
num_inconsistent_stats: 0.

CodeHeap 'non-profiled nmethods': size=119168Kb used=3966Kb max_used=3966Kb free=115201Kb
 bounds [0x000002cc36410000, 0x000002cc367f0000, 0x000002cc3d870000]
CodeHeap 'profiled nmethods': size=119104Kb used=14187Kb max_used=14187Kb free=104916Kb
 bounds [0x000002cc2e870000, 0x000002cc2f650000, 0x000002cc35cc0000]
CodeHeap 'non-nmethods': size=7488Kb used=4028Kb max_used=4111Kb free=3459Kb
 bounds [0x000002cc35cc0000, 0x000002cc360d0000, 0x000002cc36410000]
 total_blobs=8179 nmethods=7318 adapters=770
 compilation: enabled
              stopped_count=0, restarted_count=0
 full_count=0

Compilation events (20 events):
Event: 5.118 Thread 0x000002cc4648d7c0 nmethod 8053 0x000002cc2f646690 code [0x000002cc2f646860, 0x000002cc2f646d28]
Event: 5.118 Thread 0x000002cc4631d460 nmethod 8037 0x000002cc2f643290 code [0x000002cc2f6437c0, 0x000002cc2f645a08]
Event: 5.118 Thread 0x000002cc46319ee0 nmethod 8047 0x000002cc367eea10 code [0x000002cc367eeba0, 0x000002cc367eec98]
Event: 5.118 Thread 0x000002cc4648d7c0 8048       3       org.gradle.internal.serialization.Cached::of (9 bytes)
Event: 5.118 Thread 0x000002cc4648d2a0 nmethod 8043 0x000002cc2f646e90 code [0x000002cc2f6470c0, 0x000002cc2f647958]
Event: 5.119 Thread 0x000002cc4631d460 8049       3       org.gradle.internal.serialization.Cached$Deferred::<init> (10 bytes)
Event: 5.119 Thread 0x000002cc4648d2a0 8050       3       org.gradle.internal.serialization.Cached::<init> (5 bytes)
Event: 5.119 Thread 0x000002cc4b12dea0 nmethod 8051 0x000002cc2f647d10 code [0x000002cc2f647ee0, 0x000002cc2f6482d8]
Event: 5.119 Thread 0x000002cc4648d7c0 nmethod 8048 0x000002cc2f648490 code [0x000002cc2f648640, 0x000002cc2f6488f8]
Event: 5.119 Thread 0x000002cc4648d2a0 nmethod 8050 0x000002cc2f648a10 code [0x000002cc2f648ba0, 0x000002cc2f648cf8]
Event: 5.119 Thread 0x000002cc4631d460 nmethod 8049 0x000002cc2f648d90 code [0x000002cc2f648f40, 0x000002cc2f649158]
Event: 5.119 Thread 0x000002cc4d7d3f20 nmethod 8013 0x000002cc367eed90 code [0x000002cc367eef20, 0x000002cc367ef638]
Event: 5.120 Thread 0x000002cc4648d2a0 8054       3       com.google.common.collect.MapMakerInternalMap$StrongKeyWeakValueEntry$Helper::copy (17 bytes)
Event: 5.120 Thread 0x000002cc4648d7c0 8055       3       com.google.common.collect.MapMakerInternalMap$StrongKeyWeakValueEntry$Helper::copy (49 bytes)
Event: 5.120 Thread 0x000002cc4b12dea0 8056       3       com.google.common.collect.MapMakerInternalMap$Segment::isCollected (15 bytes)
Event: 5.120 Thread 0x000002cc4631d460 8057       3       com.google.common.collect.MapMakerInternalMap$WeakValueReferenceImpl::copyFor (14 bytes)
Event: 5.120 Thread 0x000002cc4648d2a0 nmethod 8054 0x000002cc2f649290 code [0x000002cc2f649440, 0x000002cc2f649828]
Event: 5.120 Thread 0x000002cc4b12dea0 nmethod 8056 0x000002cc2f649910 code [0x000002cc2f649ac0, 0x000002cc2f649cc8]
Event: 5.120 Thread 0x000002cc4631d460 nmethod 8057 0x000002cc2f649d90 code [0x000002cc2f649f60, 0x000002cc2f64a478]
Event: 5.120 Thread 0x000002cc4648d7c0 nmethod 8055 0x000002cc2f64a610 code [0x000002cc2f64a800, 0x000002cc2f64ad28]

GC Heap History (20 events):
Event: 3.471 GC heap after
{Heap after GC invocations=22 (full 0):
 garbage-first heap   total 140288K, used 68933K [0x0000000080000000, 0x0000000100000000)
  region size 1024K, 2 young (2048K), 2 survivors (2048K)
 Metaspace       used 51477K, committed 52032K, reserved 1114112K
  class space    used 6928K, committed 7168K, reserved 1048576K
}
Event: 3.661 GC heap before
{Heap before GC invocations=23 (full 0):
 garbage-first heap   total 140288K, used 96581K [0x0000000080000000, 0x0000000100000000)
  region size 1024K, 28 young (28672K), 2 survivors (2048K)
 Metaspace       used 53781K, committed 54400K, reserved 1114112K
  class space    used 7170K, committed 7488K, reserved 1048576K
}
Event: 3.663 GC heap after
{Heap after GC invocations=24 (full 0):
 garbage-first heap   total 140288K, used 68982K [0x0000000080000000, 0x0000000100000000)
  region size 1024K, 3 young (3072K), 3 survivors (3072K)
 Metaspace       used 53781K, committed 54400K, reserved 1114112K
  class space    used 7170K, committed 7488K, reserved 1048576K
}
Event: 3.986 GC heap before
{Heap before GC invocations=24 (full 0):
 garbage-first heap   total 140288K, used 97654K [0x0000000080000000, 0x0000000100000000)
  region size 1024K, 31 young (31744K), 3 survivors (3072K)
 Metaspace       used 56152K, committed 56768K, reserved 1114112K
  class space    used 7578K, committed 7872K, reserved 1048576K
}
Event: 3.989 GC heap after
{Heap after GC invocations=25 (full 0):
 garbage-first heap   total 140288K, used 71376K [0x0000000080000000, 0x0000000100000000)
  region size 1024K, 4 young (4096K), 4 survivors (4096K)
 Metaspace       used 56152K, committed 56768K, reserved 1114112K
  class space    used 7578K, committed 7872K, reserved 1048576K
}
Event: 4.289 GC heap before
{Heap before GC invocations=26 (full 0):
 garbage-first heap   total 140288K, used 101072K [0x0000000080000000, 0x0000000100000000)
  region size 1024K, 34 young (34816K), 4 survivors (4096K)
 Metaspace       used 59414K, committed 60032K, reserved 1114112K
  class space    used 8124K, committed 8384K, reserved 1048576K
}
Event: 4.292 GC heap after
{Heap after GC invocations=27 (full 0):
 garbage-first heap   total 140288K, used 73551K [0x0000000080000000, 0x0000000100000000)
  region size 1024K, 4 young (4096K), 4 survivors (4096K)
 Metaspace       used 59414K, committed 60032K, reserved 1114112K
  class space    used 8124K, committed 8384K, reserved 1048576K
}
Event: 4.534 GC heap before
{Heap before GC invocations=27 (full 0):
 garbage-first heap   total 140288K, used 104271K [0x0000000080000000, 0x0000000100000000)
  region size 1024K, 35 young (35840K), 4 survivors (4096K)
 Metaspace       used 60363K, committed 60992K, reserved 1114112K
  class space    used 8191K, committed 8448K, reserved 1048576K
}
Event: 4.537 GC heap after
{Heap after GC invocations=28 (full 0):
 garbage-first heap   total 140288K, used 78330K [0x0000000080000000, 0x0000000100000000)
  region size 1024K, 5 young (5120K), 5 survivors (5120K)
 Metaspace       used 60363K, committed 60992K, reserved 1114112K
  class space    used 8191K, committed 8448K, reserved 1048576K
}
Event: 4.607 GC heap before
{Heap before GC invocations=29 (full 0):
 garbage-first heap   total 142336K, used 107002K [0x0000000080000000, 0x0000000100000000)
  region size 1024K, 33 young (33792K), 5 survivors (5120K)
 Metaspace       used 60509K, committed 61120K, reserved 1114112K
  class space    used 8191K, committed 8448K, reserved 1048576K
}
Event: 4.609 GC heap after
{Heap after GC invocations=30 (full 0):
 garbage-first heap   total 171008K, used 79995K [0x0000000080000000, 0x0000000100000000)
  region size 1024K, 4 young (4096K), 4 survivors (4096K)
 Metaspace       used 60509K, committed 61120K, reserved 1114112K
  class space    used 8191K, committed 8448K, reserved 1048576K
}
Event: 4.644 GC heap before
{Heap before GC invocations=30 (full 0):
 garbage-first heap   total 171008K, used 84091K [0x0000000080000000, 0x0000000100000000)
  region size 1024K, 8 young (8192K), 4 survivors (4096K)
 Metaspace       used 60630K, committed 61312K, reserved 1114112K
  class space    used 8210K, committed 8512K, reserved 1048576K
}
Event: 4.646 GC heap after
{Heap after GC invocations=31 (full 0):
 garbage-first heap   total 171008K, used 80522K [0x0000000080000000, 0x0000000100000000)
  region size 1024K, 1 young (1024K), 1 survivors (1024K)
 Metaspace       used 60630K, committed 61312K, reserved 1114112K
  class space    used 8210K, committed 8512K, reserved 1048576K
}
Event: 4.666 GC heap before
{Heap before GC invocations=31 (full 0):
 garbage-first heap   total 171008K, used 82570K [0x0000000080000000, 0x0000000100000000)
  region size 1024K, 4 young (4096K), 1 survivors (1024K)
 Metaspace       used 60649K, committed 61312K, reserved 1114112K
  class space    used 8211K, committed 8512K, reserved 1048576K
}
Event: 4.667 GC heap after
{Heap after GC invocations=32 (full 0):
 garbage-first heap   total 171008K, used 80357K [0x0000000080000000, 0x0000000100000000)
  region size 1024K, 1 young (1024K), 1 survivors (1024K)
 Metaspace       used 60649K, committed 61312K, reserved 1114112K
  class space    used 8211K, committed 8512K, reserved 1048576K
}
Event: 4.936 GC heap before
{Heap before GC invocations=33 (full 0):
 garbage-first heap   total 171008K, used 145893K [0x0000000080000000, 0x0000000100000000)
  region size 1024K, 50 young (51200K), 1 survivors (1024K)
 Metaspace       used 63861K, committed 64576K, reserved 1114112K
  class space    used 8640K, committed 8960K, reserved 1048576K
}
Event: 4.938 GC heap after
{Heap after GC invocations=34 (full 0):
 garbage-first heap   total 171008K, used 103821K [0x0000000080000000, 0x0000000100000000)
  region size 1024K, 7 young (7168K), 7 survivors (7168K)
 Metaspace       used 63861K, committed 64576K, reserved 1114112K
  class space    used 8640K, committed 8960K, reserved 1048576K
}
Event: 4.943 GC heap before
{Heap before GC invocations=34 (full 0):
 garbage-first heap   total 171008K, used 104845K [0x0000000080000000, 0x0000000100000000)
  region size 1024K, 8 young (8192K), 7 survivors (7168K)
 Metaspace       used 63937K, committed 64640K, reserved 1114112K
  class space    used 8651K, committed 8960K, reserved 1048576K
}
Event: 4.945 GC heap after
{Heap after GC invocations=35 (full 0):
 garbage-first heap   total 171008K, used 103233K [0x0000000080000000, 0x0000000100000000)
  region size 1024K, 1 young (1024K), 1 survivors (1024K)
 Metaspace       used 63937K, committed 64640K, reserved 1114112K
  class space    used 8651K, committed 8960K, reserved 1048576K
}
Event: 5.121 GC heap before
{Heap before GC invocations=35 (full 0):
 garbage-first heap   total 171008K, used 138049K [0x0000000080000000, 0x0000000100000000)
  region size 1024K, 35 young (35840K), 1 survivors (1024K)
 Metaspace       used 68109K, committed 68864K, reserved 1114112K
  class space    used 9047K, committed 9408K, reserved 1048576K
}

Dll operation events (3 events):
Event: 0.004 Loaded shared library C:\Program Files\Android\Android Studio2\jbr\bin\java.dll
Event: 0.079 Loaded shared library C:\Program Files\Android\Android Studio2\jbr\bin\zip.dll
Event: 0.256 Loaded shared library C:\Program Files\Android\Android Studio2\jbr\bin\verify.dll

Deoptimization events (20 events):
Event: 4.955 Thread 0x000002cc4cc9b4e0 Uncommon trap: trap_request=0xffffffde fr.pc=0x000002cc365c75e8 relative=0x00000000000001a8
Event: 4.955 Thread 0x000002cc4cc9b4e0 Uncommon trap: reason=class_check action=maybe_recompile pc=0x000002cc365c75e8 method=java.io.BufferedInputStream.read1([BII)I @ 39 c2
Event: 4.955 Thread 0x000002cc4cc9b4e0 DEOPT PACKING pc=0x000002cc365c75e8 sp=0x000000e57c7f69b0
Event: 4.955 Thread 0x000002cc4cc9b4e0 DEOPT UNPACKING pc=0x000002cc35d169a3 sp=0x000000e57c7f6958 mode 2
Event: 4.978 Thread 0x000002cc4cc9b4e0 Uncommon trap: trap_request=0xffffff45 fr.pc=0x000002cc36521be0 relative=0x00000000000000c0
Event: 4.978 Thread 0x000002cc4cc9b4e0 Uncommon trap: reason=unstable_if action=reinterpret pc=0x000002cc36521be0 method=java.lang.CharacterDataLatin1.digit(II)I @ 7 c2
Event: 4.978 Thread 0x000002cc4cc9b4e0 DEOPT PACKING pc=0x000002cc36521be0 sp=0x000000e57c7f66b0
Event: 4.978 Thread 0x000002cc4cc9b4e0 DEOPT UNPACKING pc=0x000002cc35d169a3 sp=0x000000e57c7f6570 mode 2
Event: 4.978 Thread 0x000002cc4cc9b4e0 Uncommon trap: trap_request=0xffffff45 fr.pc=0x000002cc36521834 relative=0x0000000000000094
Event: 4.978 Thread 0x000002cc4cc9b4e0 Uncommon trap: reason=unstable_if action=reinterpret pc=0x000002cc36521834 method=java.lang.CharacterDataLatin1.digit(II)I @ 7 c2
Event: 4.978 Thread 0x000002cc4cc9b4e0 DEOPT PACKING pc=0x000002cc36521834 sp=0x000000e57c7f6600
Event: 4.978 Thread 0x000002cc4cc9b4e0 DEOPT UNPACKING pc=0x000002cc35d169a3 sp=0x000000e57c7f6580 mode 2
Event: 5.058 Thread 0x000002cc4cc9b4e0 Uncommon trap: trap_request=0xffffffc6 fr.pc=0x000002cc36773118 relative=0x0000000000000058
Event: 5.058 Thread 0x000002cc4cc9b4e0 Uncommon trap: reason=bimorphic_or_optimized_type_check action=maybe_recompile pc=0x000002cc36773118 method=java.util.AbstractQueue.add(Ljava/lang/Object;)Z @ 2 c2
Event: 5.058 Thread 0x000002cc4cc9b4e0 DEOPT PACKING pc=0x000002cc36773118 sp=0x000000e57c7f6990
Event: 5.058 Thread 0x000002cc4cc9b4e0 DEOPT UNPACKING pc=0x000002cc35d169a3 sp=0x000000e57c7f6958 mode 2
Event: 5.058 Thread 0x000002cc4cc9b4e0 Uncommon trap: trap_request=0xffffffc6 fr.pc=0x000002cc36773118 relative=0x0000000000000058
Event: 5.058 Thread 0x000002cc4cc9b4e0 Uncommon trap: reason=bimorphic_or_optimized_type_check action=maybe_recompile pc=0x000002cc36773118 method=java.util.AbstractQueue.add(Ljava/lang/Object;)Z @ 2 c2
Event: 5.058 Thread 0x000002cc4cc9b4e0 DEOPT PACKING pc=0x000002cc36773118 sp=0x000000e57c7f6990
Event: 5.058 Thread 0x000002cc4cc9b4e0 DEOPT UNPACKING pc=0x000002cc35d169a3 sp=0x000000e57c7f6958 mode 2

Classes unloaded (0 events):
No events

Classes redefined (0 events):
No events

Internal exceptions (20 events):
Event: 3.967 Thread 0x000002cc4cc9b4e0 Exception <a 'java/lang/ClassNotFoundException'{0x0000000086e115d0}: org/gradle/api/internal/project/DefaultProject_DecoratedBeanInfo> (0x0000000086e115d0) 
thrown [s\src\hotspot\share\classfile\systemDictionary.cpp, line 256]
Event: 3.968 Thread 0x000002cc4cc9b4e0 Exception <a 'java/lang/ClassNotFoundException'{0x0000000086e1f7a0}: org/gradle/api/internal/project/DefaultProjectBeanInfo> (0x0000000086e1f7a0) 
thrown [s\src\hotspot\share\classfile\systemDictionary.cpp, line 256]
Event: 3.968 Thread 0x000002cc4cc9b4e0 Exception <a 'java/lang/ClassNotFoundException'{0x0000000086e2d998}: org/gradle/api/internal/project/DefaultProjectCustomizer> (0x0000000086e2d998) 
thrown [s\src\hotspot\share\classfile\systemDictionary.cpp, line 256]
Event: 3.972 Thread 0x000002cc4cc9b4e0 Exception <a 'java/lang/ClassNotFoundException'{0x0000000086ed8fc0}: org/gradle/api/internal/project/DefaultProject_DecoratedCustomizer> (0x0000000086ed8fc0) 
thrown [s\src\hotspot\share\classfile\systemDictionary.cpp, line 256]
Event: 4.075 Thread 0x000002cc4cc9b4e0 Exception <a 'java/lang/NoSuchMethodError'{0x000000008c087340}: 'long java.lang.invoke.DirectMethodHandle$Holder.invokeStatic(java.lang.Object, long)'> (0x000000008c087340) 
thrown [s\src\hotspot\share\interpreter\linkResolver.cpp, line 771]
Event: 4.134 Thread 0x000002cc4cc9b4e0 Exception <a 'java/lang/NoSuchMethodError'{0x0000000087b76b98}: 'void java.lang.invoke.DirectMethodHandle$Holder.invokeStatic(java.lang.Object, java.lang.Object, java.lang.Object, java.lang.Object, java.lang.Object, java.lang.Object)'> (0x0000000087b76b98) 
thrown [s\src\hotspot\share\interpreter\linkResolver.cpp, line 771]
Event: 4.143 Thread 0x000002cc4cc9b4e0 Exception <a 'java/lang/NoSuchMethodError'{0x0000000087bf8988}: 'java.lang.Object java.lang.invoke.DirectMethodHandle$Holder.invokeSpecial(java.lang.Object, java.lang.Object, java.lang.Object, java.lang.Object, java.lang.Object, java.lang.Object, java.lang.Object, java.lang.Object, java.lang.Object, java.lang.Object, java.lang.Object, java.lang.Object, java.lang.Object, java.lang.Object, java.lang.Object, java.lang.Object, java.lang.Object, java.lang.Object, java.lang.Object, java.lang.Object, java.lang.Ob
Event: 4.143 Thread 0x000002cc4cc9b4e0 Exception <a 'java/lang/NoSuchMethodError'{0x0000000087bfee98}: 'java.lang.Object java.lang.invoke.DelegatingMethodHandle$Holder.reinvoke_L(java.lang.Object, java.lang.Object, java.lang.Object, java.lang.Object, java.lang.Object, java.lang.Object, java.lang.Object, java.lang.Object, java.lang.Object, java.lang.Object, java.lang.Object, java.lang.Object, java.lang.Object, java.lang.Object, java.lang.Object, java.lang.Object, java.lang.Object, java.lang.Object, java.lang.Object, java.lang.Object, java.lang.O
Event: 4.143 Thread 0x000002cc4cc9b4e0 Exception <a 'java/lang/NoSuchMethodError'{0x0000000087a0b340}: 'java.lang.Object java.lang.invoke.Invokers$Holder.invoker(java.lang.Object, java.lang.Object, java.lang.Object, java.lang.Object, java.lang.Object, java.lang.Object, java.lang.Object, java.lang.Object, java.lang.Object, java.lang.Object, java.lang.Object, java.lang.Object, java.lang.Object, java.lang.Object, java.lang.Object, java.lang.Object, java.lang.Object, java.lang.Object, java.lang.Object, java.lang.Object, java.lang.Object, java.lang.
Event: 4.143 Thread 0x000002cc4cc9b4e0 Exception <a 'java/lang/NoSuchMethodError'{0x0000000087a11f40}: 'java.lang.Object java.lang.invoke.DelegatingMethodHandle$Holder.delegate(java.lang.Object, java.lang.Object, java.lang.Object, java.lang.Object, java.lang.Object, java.lang.Object, java.lang.Object, java.lang.Object, java.lang.Object, java.lang.Object, java.lang.Object, java.lang.Object, java.lang.Object, java.lang.Object, java.lang.Object, java.lang.Object, java.lang.Object, java.lang.Object, java.lang.Object, java.lang.Object, java.lang.Obj
Event: 4.149 Thread 0x000002cc4cc9b4e0 Exception <a 'java/lang/NoSuchMethodError'{0x0000000087ade540}: 'java.lang.Object java.lang.invoke.DirectMethodHandle$Holder.invokeStatic(java.lang.Object, java.lang.Object, java.lang.Object, java.lang.Object, java.lang.Object, java.lang.Object, java.lang.Object, java.lang.Object, java.lang.Object, java.lang.Object, java.lang.Object, java.lang.Object, java.lang.Object, java.lang.Object, java.lang.Object, java.lang.Object, java.lang.Object, java.lang.Object, java.lang.Object, java.lang.Object, java.lang.Obj
Event: 4.225 Thread 0x000002cc4cc9b4e0 Exception <a 'java/lang/NoSuchMethodError'{0x0000000087026738}: 'int java.lang.invoke.DirectMethodHandle$Holder.invokeSpecialIFC(java.lang.Object, java.lang.Object, java.lang.Object)'> (0x0000000087026738) 
thrown [s\src\hotspot\share\interpreter\linkResolver.cpp, line 771]
Event: 4.256 Thread 0x000002cc4cc9b4e0 Exception <a 'java/lang/NoSuchMethodError'{0x0000000086ddda60}: 'java.lang.Object java.lang.invoke.DirectMethodHandle$Holder.newInvokeSpecial(java.lang.Object, java.lang.Object, java.lang.Object, java.lang.Object, java.lang.Object, int)'> (0x0000000086ddda60) 
thrown [s\src\hotspot\share\interpreter\linkResolver.cpp, line 771]
Event: 4.257 Thread 0x000002cc4cc9b4e0 Exception <a 'java/lang/NoSuchMethodError'{0x0000000086de3160}: 'java.lang.Object java.lang.invoke.DirectMethodHandle$Holder.invokeSpecial(java.lang.Object, java.lang.Object, java.lang.Object, java.lang.Object, java.lang.Object, java.lang.Object, int)'> (0x0000000086de3160) 
thrown [s\src\hotspot\share\interpreter\linkResolver.cpp, line 771]
Event: 4.257 Thread 0x000002cc4cc9b4e0 Exception <a 'java/lang/NoSuchMethodError'{0x0000000086de81e8}: 'java.lang.Object java.lang.invoke.Invokers$Holder.linkToTargetMethod(java.lang.Object, java.lang.Object, java.lang.Object, java.lang.Object, int, java.lang.Object)'> (0x0000000086de81e8) 
thrown [s\src\hotspot\share\interpreter\linkResolver.cpp, line 771]
Event: 4.259 Thread 0x000002cc4cc9b4e0 Exception <a 'java/lang/NoSuchMethodError'{0x0000000086c1b218}: 'java.lang.Object java.lang.invoke.DirectMethodHandle$Holder.invokeSpecial(java.lang.Object, java.lang.Object, java.lang.Object, java.lang.Object, java.lang.Object, long)'> (0x0000000086c1b218) 
thrown [s\src\hotspot\share\interpreter\linkResolver.cpp, line 771]
Event: 4.260 Thread 0x000002cc4cc9b4e0 Exception <a 'java/lang/NoSuchMethodError'{0x0000000086c4ab90}: 'void java.lang.invoke.DirectMethodHandle$Holder.invokeStatic(java.lang.Object, java.lang.Object, java.lang.Object, int, java.lang.Object)'> (0x0000000086c4ab90) 
thrown [s\src\hotspot\share\interpreter\linkResolver.cpp, line 771]
Event: 4.292 Thread 0x000002cc4cc9b4e0 Implicit null exception at 0x000002cc365de97c to 0x000002cc365e49b0
Event: 4.664 Thread 0x000002cc4cc9b4e0 Implicit null exception at 0x000002cc36707c92 to 0x000002cc3670836c
Event: 4.664 Thread 0x000002cc4cc9b4e0 Implicit null exception at 0x000002cc36710994 to 0x000002cc36711004

VM Operations (20 events):
Event: 4.537 Executing VM operation: G1CollectForAllocation done
Event: 4.549 Executing VM operation: G1PauseRemark
Event: 4.552 Executing VM operation: G1PauseRemark done
Event: 4.559 Executing VM operation: G1PauseCleanup
Event: 4.559 Executing VM operation: G1PauseCleanup done
Event: 4.607 Executing VM operation: G1CollectForAllocation
Event: 4.609 Executing VM operation: G1CollectForAllocation done
Event: 4.644 Executing VM operation: G1CollectForAllocation
Event: 4.646 Executing VM operation: G1CollectForAllocation done
Event: 4.666 Executing VM operation: G1TryInitiateConcMark
Event: 4.667 Executing VM operation: G1TryInitiateConcMark done
Event: 4.679 Executing VM operation: G1PauseRemark
Event: 4.682 Executing VM operation: G1PauseRemark done
Event: 4.688 Executing VM operation: G1PauseCleanup
Event: 4.689 Executing VM operation: G1PauseCleanup done
Event: 4.936 Executing VM operation: G1CollectForAllocation
Event: 4.938 Executing VM operation: G1CollectForAllocation done
Event: 4.943 Executing VM operation: G1CollectForAllocation
Event: 4.945 Executing VM operation: G1CollectForAllocation done
Event: 5.121 Executing VM operation: G1CollectForAllocation

Events (20 events):
Event: 5.036 loading class java/time/format/DateTimeFormatterBuilder$StringLiteralPrinterParser done
Event: 5.036 loading class java/time/format/DateTimeFormatterBuilder$InstantPrinterParser
Event: 5.037 loading class java/time/format/DateTimeFormatterBuilder$InstantPrinterParser done
Event: 5.037 loading class java/time/format/DateTimeTextProvider$LocaleStore
Event: 5.037 loading class java/time/format/DateTimeTextProvider$LocaleStore done
Event: 5.037 loading class java/time/format/DateTimeTextProvider
Event: 5.037 loading class java/time/format/DateTimeTextProvider done
Event: 5.037 loading class java/time/format/DateTimeTextProvider$1
Event: 5.037 loading class java/time/format/DateTimeTextProvider$1 done
Event: 5.037 loading class java/time/format/DateTimeFormatterBuilder$1
Event: 5.037 loading class java/time/format/DateTimeFormatterBuilder$1 done
Event: 5.037 loading class java/time/format/DateTimeFormatterBuilder$TextPrinterParser
Event: 5.037 loading class java/time/format/DateTimeFormatterBuilder$TextPrinterParser done
Event: 5.038 loading class java/util/concurrent/Executors$DefaultThreadFactory
Event: 5.038 loading class java/util/concurrent/Executors$DefaultThreadFactory done
Event: 5.041 Thread 0x000002cc501966d0 Thread exited: 0x000002cc501966d0
Event: 5.105 loading class java/util/IdentityHashMap$KeyIterator
Event: 5.105 loading class java/util/IdentityHashMap$IdentityHashMapIterator
Event: 5.105 loading class java/util/IdentityHashMap$IdentityHashMapIterator done
Event: 5.105 loading class java/util/IdentityHashMap$KeyIterator done


Dynamic libraries:
0x00007ff621960000 - 0x00007ff62196a000 	C:\Program Files\Android\Android Studio2\jbr\bin\java.exe
0x00007ffa77f70000 - 0x00007ffa78187000 	C:\WINDOWS\SYSTEM32\ntdll.dll
0x00007ffa76640000 - 0x00007ffa76704000 	C:\WINDOWS\System32\KERNEL32.DLL
0x00007ffa752b0000 - 0x00007ffa75667000 	C:\WINDOWS\System32\KERNELBASE.dll
0x00007ffa75b80000 - 0x00007ffa75c91000 	C:\WINDOWS\System32\ucrtbase.dll
0x00007ffa6c360000 - 0x00007ffa6c377000 	C:\Program Files\Android\Android Studio2\jbr\bin\jli.dll
0x00007ffa55660000 - 0x00007ffa5567b000 	C:\Program Files\Android\Android Studio2\jbr\bin\VCRUNTIME140.dll
0x00007ffa76290000 - 0x00007ffa7643f000 	C:\WINDOWS\System32\USER32.dll
0x00007ffa75a60000 - 0x00007ffa75a86000 	C:\WINDOWS\System32\win32u.dll
0x00007ffa61aa0000 - 0x00007ffa61d33000 	C:\WINDOWS\WinSxS\amd64_microsoft.windows.common-controls_6595b64144ccf1df_6.0.22621.3672_none_2713b9d173822955\COMCTL32.dll
0x00007ffa77a60000 - 0x00007ffa77a89000 	C:\WINDOWS\System32\GDI32.dll
0x00007ffa76870000 - 0x00007ffa76917000 	C:\WINDOWS\System32\msvcrt.dll
0x00007ffa75670000 - 0x00007ffa75788000 	C:\WINDOWS\System32\gdi32full.dll
0x00007ffa75790000 - 0x00007ffa7582a000 	C:\WINDOWS\System32\msvcp_win.dll
0x00007ffa76ad0000 - 0x00007ffa76b01000 	C:\WINDOWS\System32\IMM32.DLL
0x00007ffa61470000 - 0x00007ffa6147c000 	C:\Program Files\Android\Android Studio2\jbr\bin\vcruntime140_1.dll
0x00007ffa20c10000 - 0x00007ffa20c9d000 	C:\Program Files\Android\Android Studio2\jbr\bin\msvcp140.dll
0x00007ffa15620000 - 0x00007ffa162a3000 	C:\Program Files\Android\Android Studio2\jbr\bin\server\jvm.dll
0x00007ffa77020000 - 0x00007ffa770d2000 	C:\WINDOWS\System32\ADVAPI32.dll
0x00007ffa77140000 - 0x00007ffa771e8000 	C:\WINDOWS\System32\sechost.dll
0x00007ffa75280000 - 0x00007ffa752a8000 	C:\WINDOWS\System32\bcrypt.dll
0x00007ffa75d50000 - 0x00007ffa75e64000 	C:\WINDOWS\System32\RPCRT4.dll
0x00007ffa6e100000 - 0x00007ffa6e109000 	C:\WINDOWS\SYSTEM32\WSOCK32.dll
0x00007ffa740f0000 - 0x00007ffa7413d000 	C:\WINDOWS\SYSTEM32\POWRPROF.dll
0x00007ffa77e90000 - 0x00007ffa77f01000 	C:\WINDOWS\System32\WS2_32.dll
0x00007ffa6eda0000 - 0x00007ffa6edd4000 	C:\WINDOWS\SYSTEM32\WINMM.dll
0x00007ffa6b8b0000 - 0x00007ffa6b8ba000 	C:\WINDOWS\SYSTEM32\VERSION.dll
0x00007ffa740d0000 - 0x00007ffa740e3000 	C:\WINDOWS\SYSTEM32\UMPDC.dll
0x00007ffa74320000 - 0x00007ffa74338000 	C:\WINDOWS\SYSTEM32\kernel.appcore.dll
0x00007ffa700b0000 - 0x00007ffa700ba000 	C:\Program Files\Android\Android Studio2\jbr\bin\jimage.dll
0x00007ffa72aa0000 - 0x00007ffa72cd2000 	C:\WINDOWS\SYSTEM32\DBGHELP.DLL
0x00007ffa75ef0000 - 0x00007ffa7627e000 	C:\WINDOWS\System32\combase.dll
0x00007ffa76460000 - 0x00007ffa76537000 	C:\WINDOWS\System32\OLEAUT32.dll
0x00007ffa65ec0000 - 0x00007ffa65ef2000 	C:\WINDOWS\SYSTEM32\dbgcore.DLL
0x00007ffa75a90000 - 0x00007ffa75b0b000 	C:\WINDOWS\System32\bcryptPrimitives.dll
0x00007ffa5efd0000 - 0x00007ffa5efde000 	C:\Program Files\Android\Android Studio2\jbr\bin\instrument.dll
0x00007ffa6fca0000 - 0x00007ffa6fcc5000 	C:\Program Files\Android\Android Studio2\jbr\bin\java.dll
0x00007ffa6fc80000 - 0x00007ffa6fc98000 	C:\Program Files\Android\Android Studio2\jbr\bin\zip.dll
0x00007ffa771f0000 - 0x00007ffa77a59000 	C:\WINDOWS\System32\SHELL32.dll
0x00007ffa731b0000 - 0x00007ffa73aaf000 	C:\WINDOWS\SYSTEM32\windows.storage.dll
0x00007ffa73070000 - 0x00007ffa731af000 	C:\WINDOWS\SYSTEM32\wintypes.dll
0x00007ffa76540000 - 0x00007ffa76639000 	C:\WINDOWS\System32\SHCORE.dll
0x00007ffa77e30000 - 0x00007ffa77e8e000 	C:\WINDOWS\System32\shlwapi.dll
0x00007ffa751b0000 - 0x00007ffa751d7000 	C:\WINDOWS\SYSTEM32\profapi.dll
0x00007ffa6eee0000 - 0x00007ffa6eef9000 	C:\Program Files\Android\Android Studio2\jbr\bin\net.dll
0x00007ffa70cb0000 - 0x00007ffa70de6000 	C:\WINDOWS\SYSTEM32\WINHTTP.dll
0x00007ffa747e0000 - 0x00007ffa74849000 	C:\WINDOWS\system32\mswsock.dll
0x00007ffa6ee40000 - 0x00007ffa6ee56000 	C:\Program Files\Android\Android Studio2\jbr\bin\nio.dll
0x00007ffa6c610000 - 0x00007ffa6c620000 	C:\Program Files\Android\Android Studio2\jbr\bin\verify.dll
0x00007ffa2aec0000 - 0x00007ffa2aee7000 	C:\Users\Hashem Arenat\.gradle\native\c067742578af261105cb4f569cf0c3c89f3d7b1fecec35dd04571415982c5e48\windows-amd64\native-platform.dll
0x00007ffa1f7c0000 - 0x00007ffa1f904000 	C:\Users\Hashem Arenat\.gradle\native\38dada09dfb8b06ba9b0570ebf7e218e3eb74d4ef43ca46872605cf95ebc2f47\windows-amd64\native-platform-file-events.dll
0x00007ffa6e820000 - 0x00007ffa6e829000 	C:\Program Files\Android\Android Studio2\jbr\bin\management.dll
0x00007ffa6e5c0000 - 0x00007ffa6e5cb000 	C:\Program Files\Android\Android Studio2\jbr\bin\management_ext.dll
0x00007ffa76280000 - 0x00007ffa76288000 	C:\WINDOWS\System32\PSAPI.DLL
0x00007ffa74b30000 - 0x00007ffa74b4b000 	C:\WINDOWS\SYSTEM32\CRYPTSP.dll
0x00007ffa742e0000 - 0x00007ffa74315000 	C:\WINDOWS\system32\rsaenh.dll
0x00007ffa74880000 - 0x00007ffa748a8000 	C:\WINDOWS\SYSTEM32\USERENV.dll
0x00007ffa74b10000 - 0x00007ffa74b1c000 	C:\WINDOWS\SYSTEM32\CRYPTBASE.dll
0x00007ffa73d80000 - 0x00007ffa73dad000 	C:\WINDOWS\SYSTEM32\IPHLPAPI.DLL
0x00007ffa76440000 - 0x00007ffa76449000 	C:\WINDOWS\System32\NSI.dll
0x00007ffa70890000 - 0x00007ffa708a9000 	C:\WINDOWS\SYSTEM32\dhcpcsvc6.DLL
0x00007ffa70870000 - 0x00007ffa7088f000 	C:\WINDOWS\SYSTEM32\dhcpcsvc.DLL
0x00007ffa73df0000 - 0x00007ffa73ef2000 	C:\WINDOWS\SYSTEM32\DNSAPI.dll
0x00007ffa6fbe0000 - 0x00007ffa6fbe9000 	C:\Program Files\Android\Android Studio2\jbr\bin\extnet.dll
0x00007ffa65ff0000 - 0x00007ffa65ff8000 	C:\WINDOWS\system32\wshunix.dll

dbghelp: loaded successfully - version: 4.0.5 - missing functions: none
symbol engine: initialized successfully - sym options: 0x614 - pdb path: .;C:\Program Files\Android\Android Studio2\jbr\bin;C:\WINDOWS\SYSTEM32;C:\WINDOWS\WinSxS\amd64_microsoft.windows.common-controls_6595b64144ccf1df_6.0.22621.3672_none_2713b9d173822955;C:\Program Files\Android\Android Studio2\jbr\bin\server;C:\Users\Hashem Arenat\.gradle\native\c067742578af261105cb4f569cf0c3c89f3d7b1fecec35dd04571415982c5e48\windows-amd64;C:\Users\Hashem Arenat\.gradle\native\38dada09dfb8b06ba9b0570ebf7e218e3eb74d4ef43ca46872605cf95ebc2f47\windows-amd64

VM Arguments:
jvm_args: --add-opens=java.base/java.util=ALL-UNNAMED --add-opens=java.base/java.lang=ALL-UNNAMED --add-opens=java.base/java.lang.invoke=ALL-UNNAMED --add-opens=java.prefs/java.util.prefs=ALL-UNNAMED --add-opens=java.base/java.nio.charset=ALL-UNNAMED --add-opens=java.base/java.net=ALL-UNNAMED --add-opens=java.base/java.util.concurrent.atomic=ALL-UNNAMED -Xmx2048m -Dfile.encoding=UTF-8 -Duser.country=US -Duser.language=en -Duser.variant -javaagent:C:\Users\Hashem Arenat\.gradle\wrapper\dists\gradle-8.7-bin\bhs2wmbdwecv87pi65oeuq5iu\gradle-8.7\lib\agents\gradle-instrumentation-agent-8.7.jar 
java_command: org.gradle.launcher.daemon.bootstrap.GradleDaemon 8.7
java_class_path (initial): C:\Users\Hashem Arenat\.gradle\wrapper\dists\gradle-8.7-bin\bhs2wmbdwecv87pi65oeuq5iu\gradle-8.7\lib\gradle-launcher-8.7.jar
Launcher Type: SUN_STANDARD

[Global flags]
     intx CICompilerCount                          = 12                                        {product} {ergonomic}
     uint ConcGCThreads                            = 4                                         {product} {ergonomic}
     uint G1ConcRefinementThreads                  = 15                                        {product} {ergonomic}
   size_t G1HeapRegionSize                         = 1048576                                   {product} {ergonomic}
    uintx GCDrainStackTargetSize                   = 64                                        {product} {ergonomic}
   size_t InitialHeapSize                          = 264241152                                 {product} {ergonomic}
   size_t MarkStackSize                            = 4194304                                   {product} {ergonomic}
   size_t MaxHeapSize                              = 2147483648                                {product} {command line}
   size_t MaxNewSize                               = 1287651328                                {product} {ergonomic}
   size_t MinHeapDeltaBytes                        = 1048576                                   {product} {ergonomic}
   size_t MinHeapSize                              = 8388608                                   {product} {ergonomic}
    uintx NonNMethodCodeHeapSize                   = 7602480                                {pd product} {ergonomic}
    uintx NonProfiledCodeHeapSize                  = 122027880                              {pd product} {ergonomic}
    uintx ProfiledCodeHeapSize                     = 122027880                              {pd product} {ergonomic}
    uintx ReservedCodeCacheSize                    = 251658240                              {pd product} {ergonomic}
     bool SegmentedCodeCache                       = true                                      {product} {ergonomic}
   size_t SoftMaxHeapSize                          = 2147483648                             {manageable} {ergonomic}
     bool UseCompressedClassPointers               = true                           {product lp64_product} {ergonomic}
     bool UseCompressedOops                        = true                           {product lp64_product} {ergonomic}
     bool UseG1GC                                  = true                                      {product} {ergonomic}
     bool UseLargePagesIndividualAllocation        = false                                  {pd product} {ergonomic}

Logging:
Log output configuration:
 #0: stdout all=warning uptime,level,tags
 #1: stderr all=off uptime,level,tags

Environment Variables:
JAVA_HOME=C:\Program Files\Java\jdk-21
PATH=D:\DevSuiteHome_1\jdk\jre\bin\classic;D:\DevSuiteHome_1\jdk\jre\bin;D:\DevSuiteHome_1\jdk\jre\bin\client;D:\DevSuiteHome_1\jlib;D:\DevSuiteHome_1\bin;D:\DevSuiteHome_1\jre\1.4.2\bin\client;D:\DevSuiteHome_1\jre\1.4.2\bin;C:\Program Files\Common Files\Oracle\Java\javapath;C:\WINDOWS\system32;C:\WINDOWS;C:\WINDOWS\System32\Wbem;C:\WINDOWS\System32\WindowsPowerShell\v1.0\;C:\WINDOWS\System32\OpenSSH\;C:\MinGW\bin;C:\Program Files\Java\jdk-21\bin;C:\Program Files\nodejs;C:\Program Files\nodejs\node_modules\npm\bin;C:\Program Files\Git\cmd;C:\Program Files\dotnet\;C:\Users\Hashem Arenat\AppData\Local\Microsoft\WindowsApps;C:\AppServ\Apache24\bin;C:\AppServ\php7;C:\AppServ\MySQL\bin;C:\Program Files\Java\jdk-21\bin;C:\scrcpy-win64-v2.2;C:\dart-sdk\bin;C:\Users\Hashem Arenat\AppData\Local\Programs\Microsoft VS Code\bin;C:\flutter\bin;C:\Users\Hashem Arenat\Desktop\cmder\bin;C:\Users\Hashem Arenat\AppData\Roaming\npm;;C:\Program Files\JetBrains\IntelliJ IDEA Community Edition 2024.1.2\bin;;C:\Program Files\JetBrains\IntelliJ IDEA 2024.1.2\bin;
USERNAME=Hashem 1
OS=Windows_NT
PROCESSOR_IDENTIFIER=Intel64 Family 6 Model 154 Stepping 3, GenuineIntel
TMP=C:\Users\HASHEM~1\AppData\Local\Temp
TEMP=C:\Users\HASHEM~1\AppData\Local\Temp



Periodic native trim disabled

JNI global refs:
JNI global refs: 34, weak refs: 0

JNI global refs memory usage: 843, weak refs: 841

OOME stack traces (most recent first):
Classloader memory used:
Loader org.gradle.internal.classloader.VisitableURLClassLoader                         : 3705K
Loader bootstrap                                                                       : 2546K
Loader org.gradle.initialization.MixInLegacyTypesClassLoader                           : 1115K
Loader org.gradle.internal.classloader.VisitableURLClassLoader$InstrumentingVisitableURLClassLoader: 892K
Loader org.gradle.internal.classloader.VisitableURLClassLoader                         : 108K
Loader jdk.internal.loader.ClassLoaders$PlatformClassLoader                            : 67521B
Loader jdk.internal.reflect.DelegatingClassLoader                                      : 35481B
Loader jdk.internal.loader.ClassLoaders$AppClassLoader                                 : 28767B
Loader org.gradle.groovy.scripts.internal.DefaultScriptCompilationHandler$ScriptClassLoader: 10699B
Loader org.codehaus.groovy.runtime.callsite.CallSiteClassLoader                        : 6077B

Classes loaded by more than one classloader:
Class Program                                                                         : loaded 4 times (x 72B)
Class org.gradle.internal.Cast                                                        : loaded 3 times (x 69B)
Class org.gradle.api.GradleException                                                  : loaded 3 times (x 80B)
Class org.jetbrains.plugins.gradle.model.MavenRepositoryModel                         : loaded 2 times (x 68B)
Class [Lcom.google.common.collect.AbstractMapEntry;                                   : loaded 2 times (x 67B)
Class com.google.common.collect.SingletonImmutableList                                : loaded 2 times (x 167B)
Class com.google.common.cache.CacheLoader$SupplierToCacheLoader                       : loaded 2 times (x 73B)
Class org.gradle.internal.classpath.ClassPath                                         : loaded 2 times (x 68B)
Class com.google.common.cache.RemovalListener                                         : loaded 2 times (x 68B)
Class org.gradle.api.internal.classpath.DefaultModuleRegistry                         : loaded 2 times (x 84B)
Class org.gradle.internal.exceptions.NonGradleCauseExceptionsHolder                   : loaded 2 times (x 68B)
Class Settings_gradle$1$1                                                             : loaded 2 times (x 72B)
Class com.google.common.collect.ListMultimap                                          : loaded 2 times (x 68B)
Class com.google.common.base.CharMatcher$JavaDigit                                    : loaded 2 times (x 109B)
Class com.google.common.base.CharMatcher$Digit                                        : loaded 2 times (x 110B)
Class com.google.common.collect.AbstractMultimap                                      : loaded 2 times (x 121B)
Class com.google.common.cache.CacheBuilder$OneWeigher                                 : loaded 2 times (x 80B)
Class org.gradle.api.Action                                                           : loaded 2 times (x 68B)
Class org.jetbrains.kotlin.idea.gradleTooling.model.samWithReceiver.SamWithReceiverModel: loaded 2 times (x 68B)
Class com.google.common.collect.ImmutableEntry                                        : loaded 2 times (x 80B)
Class com.google.common.collect.Lists$StringAsImmutableList                           : loaded 2 times (x 167B)
Class org.jetbrains.plugins.gradle.model.ExternalProject                              : loaded 2 times (x 68B)
Class com.google.common.cache.LocalCache$StrongEntry                                  : loaded 2 times (x 106B)
Class org.jetbrains.plugins.gradle.model.IntelliJSettings                             : loaded 2 times (x 68B)
Class com.google.common.base.CharMatcher                                              : loaded 2 times (x 109B)
Class com.google.common.base.CharMatcher$IsNot                                        : loaded 2 times (x 109B)
Class com.google.common.base.Splitter                                                 : loaded 2 times (x 70B)
Class [Lcom.google.common.cache.Weigher;                                              : loaded 2 times (x 67B)
Class com.google.common.collect.Iterators$ArrayItr                                    : loaded 2 times (x 95B)
Class com.google.common.cache.LocalCache$Segment                                      : loaded 2 times (x 152B)
Class org.jetbrains.kotlin.idea.gradleTooling.KotlinMPPGradleModel                    : loaded 2 times (x 68B)
Class org.gradle.api.internal.DefaultClassPathProvider                                : loaded 2 times (x 74B)
Class org.gradle.internal.installation.GradleInstallation$1                           : loaded 2 times (x 73B)
Class com.google.common.cache.LocalCache$AbstractReferenceEntry                       : loaded 2 times (x 105B)
Class com.google.common.util.concurrent.AbstractFuture$Failure                        : loaded 2 times (x 70B)
Class com.google.common.base.CharMatcher$BitSetMatcher                                : loaded 2 times (x 110B)
Class com.google.common.collect.ImmutableMap$IteratorBasedImmutableMap                : loaded 2 times (x 123B)
Class org.gradle.internal.exceptions.DefaultMultiCauseException                       : loaded 2 times (x 93B)
Class com.google.common.collect.ImmutableMap                                          : loaded 2 times (x 118B)
Class com.google.common.base.Converter                                                : loaded 2 times (x 88B)
Class org.gradle.tooling.model.UnsupportedMethodException                             : loaded 2 times (x 80B)
Class com.google.common.collect.ImmutableSet$EmptySetBuilderImpl                      : loaded 2 times (x 74B)
Class com.google.common.base.Equivalence                                              : loaded 2 times (x 80B)
Class com.google.common.cache.LocalCache$EntryFactory$1                               : loaded 2 times (x 81B)
Class com.google.common.cache.LocalCache$EntryFactory$2                               : loaded 2 times (x 81B)
Class com.google.common.cache.LocalCache$EntryFactory$3                               : loaded 2 times (x 81B)
Class com.google.common.cache.LocalCache$EntryFactory$4                               : loaded 2 times (x 81B)
Class com.google.common.cache.LocalCache$EntryFactory$5                               : loaded 2 times (x 81B)
Class com.google.common.cache.LocalCache$EntryFactory$6                               : loaded 2 times (x 81B)
Class com.google.common.cache.LocalCache$EntryFactory$7                               : loaded 2 times (x 81B)
Class org.gradle.internal.time.MonotonicClock                                         : loaded 2 times (x 75B)
Class com.google.common.cache.LocalCache$EntryFactory$8                               : loaded 2 times (x 81B)
Class com.google.common.base.Predicate                                                : loaded 2 times (x 68B)
Class com.google.common.cache.LocalCache$StrongValueReference                         : loaded 2 times (x 88B)
Class org.gradle.internal.classloader.FilteringClassLoader                            : loaded 2 times (x 103B)
Class com.google.common.collect.RegularImmutableSet                                   : loaded 2 times (x 146B)
Class org.gradle.tooling.model.Model                                                  : loaded 2 times (x 68B)
Class [Lcom.google.common.cache.LocalCache$Strength;                                  : loaded 2 times (x 67B)
Class org.gradle.internal.classpath.DefaultClassPath$ImmutableUniqueList$Builder      : loaded 2 times (x 73B)
Class com.google.common.collect.Maps$8                                                : loaded 2 times (x 80B)
Class [Lcom.google.common.cache.CacheBuilder$NullListener;                            : loaded 2 times (x 67B)
Class com.google.common.base.PatternCompiler                                          : loaded 2 times (x 68B)
Class com.google.common.base.CharMatcher$InRange                                      : loaded 2 times (x 109B)
Class org.jetbrains.kotlin.idea.gradleTooling.KotlinSourceSetContainer                : loaded 2 times (x 68B)
Class com.google.common.collect.BiMap                                                 : loaded 2 times (x 68B)
Class com.google.common.collect.Lists                                                 : loaded 2 times (x 69B)
Class com.google.common.math.IntMath$1                                                : loaded 2 times (x 69B)
Class org.gradle.internal.classloader.ClassLoaderVisitor                              : loaded 2 times (x 74B)
Class com.google.common.cache.CacheBuilder$NullListener                               : loaded 2 times (x 80B)
Class com.google.common.math.MathPreconditions                                        : loaded 2 times (x 69B)
Class org.gradle.internal.time.DefaultCountdownTimer                                  : loaded 2 times (x 86B)
Class org.gradle.internal.service.DefaultServiceLocator                               : loaded 2 times (x 81B)
Class org.jetbrains.plugins.gradle.model.jar.JarTaskManifestConfiguration             : loaded 2 times (x 68B)
Class org.gradle.internal.service.UnknownServiceException                             : loaded 2 times (x 81B)
Class com.google.common.util.concurrent.AbstractFuture$SynchronizedHelper             : loaded 2 times (x 76B)
Class com.google.common.collect.ArrayListMultimap                                     : loaded 2 times (x 170B)
Class com.google.common.base.Strings                                                  : loaded 2 times (x 69B)
Class org.jetbrains.plugins.gradle.model.DependencyAccessorsModel                     : loaded 2 times (x 68B)
Class com.google.common.cache.CacheLoader$InvalidCacheLoadException                   : loaded 2 times (x 80B)
Class org.gradle.internal.classloader.DefaultClassLoaderFactory                       : loaded 2 times (x 80B)
Class com.google.common.collect.UnmodifiableIterator                                  : loaded 2 times (x 78B)
Class com.google.common.base.Stopwatch                                                : loaded 2 times (x 70B)
Class com.google.common.base.Platform$JdkPatternCompiler                              : loaded 2 times (x 73B)
Class com.google.common.cache.LocalCache$LoadingValueReference                        : loaded 2 times (x 94B)
Class com.google.common.base.CharMatcher$SingleWidth                                  : loaded 2 times (x 110B)
Class com.google.common.collect.Hashing                                               : loaded 2 times (x 69B)
Class org.jetbrains.plugins.gradle.model.GradleExtensions                             : loaded 2 times (x 68B)
Class com.google.common.base.JdkPattern                                               : loaded 2 times (x 73B)
Class com.google.common.collect.Multimap                                              : loaded 2 times (x 68B)
Class com.google.common.base.FunctionalEquivalence                                    : loaded 2 times (x 81B)
Class com.google.common.cache.LocalCache$1                                            : loaded 2 times (x 87B)
Class com.google.common.cache.LocalCache$2                                            : loaded 2 times (x 140B)
Class com.google.common.collect.RegularImmutableBiMap                                 : loaded 2 times (x 146B)
Class org.jetbrains.plugins.gradle.model.VersionCatalogsModel                         : loaded 2 times (x 68B)
Class org.gradle.internal.classloader.VisitableURLClassLoader$Spec                    : loaded 2 times (x 72B)
Class org.gradle.tooling.model.ProjectModel                                           : loaded 2 times (x 68B)
Class com.google.common.collect.Iterators$MergingIterator                             : loaded 2 times (x 79B)
Class com.google.common.base.CharMatcher$JavaLetterOrDigit                            : loaded 2 times (x 109B)
Class org.gradle.tooling.internal.gradle.DefaultProjectIdentifier                     : loaded 2 times (x 84B)
Class org.gradle.api.internal.classpath.ModuleRegistry                                : loaded 2 times (x 68B)
Class com.google.common.cache.CacheBuilder                                            : loaded 2 times (x 70B)
Class com.google.common.collect.ImmutableCollection                                   : loaded 2 times (x 123B)
Class org.jetbrains.plugins.gradle.model.RepositoriesModel                            : loaded 2 times (x 68B)
Class com.google.common.base.PairwiseEquivalence                                      : loaded 2 times (x 81B)
Class org.gradle.util.GradleVersion                                                   : loaded 2 times (x 81B)
Class kotlin.jvm.internal.markers.KMappedMarker                                       : loaded 2 times (x 68B)
Class org.gradle.api.internal.ClassPathProvider                                       : loaded 2 times (x 68B)
Class com.google.common.collect.RegularImmutableMap$Values                            : loaded 2 times (x 167B)
Class org.gradle.internal.classloader.ClasspathUtil$1                                 : loaded 2 times (x 74B)
Class com.google.common.collect.ImmutableEnumMap                                      : loaded 2 times (x 123B)
Class com.google.common.collect.ImmutableList$ReverseImmutableList                    : loaded 2 times (x 168B)
Class com.google.common.cache.AbstractCache$StatsCounter                              : loaded 2 times (x 68B)
Class com.google.common.cache.LocalCache$Strength$1                                   : loaded 2 times (x 79B)
Class com.google.common.cache.LocalCache$Strength$2                                   : loaded 2 times (x 79B)
Class com.google.common.cache.LocalCache$Strength$3                                   : loaded 2 times (x 79B)
Class org.gradle.internal.classloader.ClassLoaderFactory                              : loaded 2 times (x 68B)
Class com.google.common.collect.ObjectArrays                                          : loaded 2 times (x 69B)
Class com.google.common.util.concurrent.AbstractFuture$Waiter                         : loaded 2 times (x 70B)
Class com.google.common.util.concurrent.Uninterruptibles                              : loaded 2 times (x 69B)
Class com.google.common.collect.Iterators$10                                          : loaded 2 times (x 79B)
Class com.google.common.collect.ImmutableList                                         : loaded 2 times (x 166B)
Class org.gradle.api.internal.classpath.ManifestUtil                                  : loaded 2 times (x 69B)
Class org.gradle.api.specs.Spec                                                       : loaded 2 times (x 68B)
Class com.google.common.cache.CacheLoader$UnsupportedLoadingOperationException        : loaded 2 times (x 80B)
Class com.google.common.base.CharMatcher$Whitespace                                   : loaded 2 times (x 110B)
Class com.google.common.util.concurrent.ListenableFuture                              : loaded 2 times (x 68B)
Class org.gradle.tooling.internal.gradle.GradleBuildIdentity                          : loaded 2 times (x 68B)
Class com.google.common.collect.Iterators$1                                           : loaded 2 times (x 79B)
Class com.google.common.collect.Iterators$4                                           : loaded 2 times (x 80B)
Class com.google.common.collect.RegularImmutableMap$BucketOverflowException           : loaded 2 times (x 80B)
Class com.google.common.collect.Iterators$5                                           : loaded 2 times (x 80B)
Class com.google.common.util.concurrent.AbstractFuture$UnsafeAtomicHelper             : loaded 2 times (x 76B)
Class com.google.common.base.Equivalence$Equals                                       : loaded 2 times (x 80B)
Class com.google.common.base.Preconditions                                            : loaded 2 times (x 69B)
Class com.google.common.base.Function                                                 : loaded 2 times (x 68B)
Class com.google.common.collect.Iterators$9                                           : loaded 2 times (x 79B)
Class org.gradle.internal.IoActions                                                   : loaded 2 times (x 69B)
Class com.google.common.cache.ReferenceEntry                                          : loaded 2 times (x 68B)
Class com.google.common.collect.RegularImmutableMap$KeySet                            : loaded 2 times (x 148B)
Class com.google.common.collect.CollectPreconditions                                  : loaded 2 times (x 69B)
Class com.google.common.collect.Maps                                                  : loaded 2 times (x 69B)
Class com.google.common.collect.RegularImmutableMap                                   : loaded 2 times (x 119B)
Class com.google.common.collect.AbstractIndexedListIterator                           : loaded 2 times (x 94B)
Class com.google.common.base.CharMatcher$None                                         : loaded 2 times (x 110B)
Class org.gradle.api.internal.classpath.EffectiveClassPath                            : loaded 2 times (x 88B)
Class com.google.common.collect.UnmodifiableListIterator                              : loaded 2 times (x 93B)
Class kotlin.jvm.internal.DefaultConstructorMarker                                    : loaded 2 times (x 69B)
Class com.google.common.cache.CacheLoader$FunctionToCacheLoader                       : loaded 2 times (x 73B)
Class com.google.common.cache.CacheBuilder$1                                          : loaded 2 times (x 83B)
Class com.google.common.cache.CacheBuilder$2                                          : loaded 2 times (x 70B)
Class com.google.common.collect.ImmutableList$1                                       : loaded 2 times (x 95B)
Class com.google.common.base.Splitter$Strategy                                        : loaded 2 times (x 68B)
Class com.google.common.collect.ImmutableMapEntrySet$RegularEntrySet                  : loaded 2 times (x 149B)
Class [Lcom.google.common.cache.RemovalListener;                                      : loaded 2 times (x 67B)
Class [Lcom.google.common.collect.ImmutableMapEntry;                                  : loaded 2 times (x 67B)
Class org.gradle.internal.exceptions.ResolutionProvider                               : loaded 2 times (x 68B)
Class org.jetbrains.kotlin.idea.gradleTooling.model.annotation.AnnotationBasedPluginModel: loaded 2 times (x 68B)
Class org.jetbrains.kotlin.idea.gradleTooling.model.assignment.AssignmentModel        : loaded 2 times (x 68B)
Class org.gradle.internal.installation.CurrentGradleInstallation                      : loaded 2 times (x 71B)
Class org.gradle.internal.agents.InstrumentingClassLoader                             : loaded 2 times (x 68B)
Class org.gradle.internal.installation.CurrentGradleInstallationLocator               : loaded 2 times (x 69B)
Class [Lcom.google.common.cache.LocalCache$Segment;                                   : loaded 2 times (x 67B)
Class org.gradle.api.internal.classpath.Module                                        : loaded 2 times (x 68B)
Class com.google.common.base.Splitter$1$1                                             : loaded 2 times (x 84B)
Class com.google.common.collect.ImmutableSet$JdkBackedSetBuilderImpl                  : loaded 2 times (x 74B)
Class com.google.common.collect.ImmutableSet$RegularSetBuilderImpl                    : loaded 2 times (x 75B)
Class org.gradle.internal.service.CachingServiceLocator                               : loaded 2 times (x 80B)
Class org.gradle.internal.time.Timer                                                  : loaded 2 times (x 68B)
Class [Lcom.google.common.collect.ImmutableEntry;                                     : loaded 2 times (x 67B)
Class org.jetbrains.plugins.gradle.model.tests.ExternalTestsModel                     : loaded 2 times (x 68B)
Class org.jetbrains.kotlin.idea.gradleTooling.KotlinDslScriptAdditionalTask           : loaded 2 times (x 68B)
Class org.gradle.internal.classpath.DefaultClassPath                                  : loaded 2 times (x 88B)
Class com.google.common.util.concurrent.AbstractFuture$SetFuture                      : loaded 2 times (x 73B)
Class com.google.common.base.Splitter$SplittingIterator                               : loaded 2 times (x 82B)
Class com.intellij.openapi.externalSystem.model.project.dependencies.ProjectDependencies: loaded 2 times (x 68B)
Class com.google.common.cache.LocalCache$LocalManualCache$1                           : loaded 2 times (x 73B)
Class org.jetbrains.kotlin.idea.gradleTooling.PrepareKotlinIdeImportTaskModel         : loaded 2 times (x 68B)
Class org.gradle.internal.impldep.com.google.common.base.Preconditions                : loaded 2 times (x 69B)
Class kotlin.jvm.functions.Function1                                                  : loaded 2 times (x 68B)
Class [Lcom.google.common.cache.LocalCache$EntryFactory;                              : loaded 2 times (x 67B)
Class com.google.common.base.CharMatcher$Is                                           : loaded 2 times (x 109B)
Class com.google.common.base.Platform                                                 : loaded 2 times (x 69B)
Class com.google.common.collect.RegularImmutableAsList                                : loaded 2 times (x 176B)
Class com.google.common.collect.PeekingIterator                                       : loaded 2 times (x 68B)
Class org.gradle.internal.time.Time                                                   : loaded 2 times (x 69B)
Class org.gradle.internal.time.TimeSource$1                                           : loaded 2 times (x 75B)
Class com.google.common.collect.ImmutableMapEntrySet                                  : loaded 2 times (x 149B)
Class com.google.common.cache.CacheLoader                                             : loaded 2 times (x 72B)
Class com.google.common.collect.ImmutableBiMapFauxverideShim                          : loaded 2 times (x 118B)
Class com.google.common.cache.Cache                                                   : loaded 2 times (x 68B)
Class org.gradle.internal.classloader.SystemClassLoaderSpec                           : loaded 2 times (x 69B)
Class com.google.common.util.concurrent.internal.InternalFutureFailureAccess          : loaded 2 times (x 70B)
Class com.google.common.collect.SingletonImmutableSet                                 : loaded 2 times (x 144B)
Class [Lcom.google.common.base.AbstractIterator$State;                                : loaded 2 times (x 67B)
Class com.google.common.collect.ImmutableMap$Builder                                  : loaded 2 times (x 80B)
Class com.google.common.base.AbstractIterator                                         : loaded 2 times (x 78B)
Class com.google.common.base.AbstractIterator$1                                       : loaded 2 times (x 69B)
Class [Lcom.google.common.cache.CacheBuilder$OneWeigher;                              : loaded 2 times (x 67B)
Class kotlin.Function                                                                 : loaded 2 times (x 68B)
Class com.google.common.collect.Iterators                                             : loaded 2 times (x 69B)
Class com.google.common.base.CharMatcher$1                                            : loaded 2 times (x 111B)
Class com.google.common.base.CharMatcher$Ascii                                        : loaded 2 times (x 110B)
Class com.google.common.cache.LocalCache$ComputingValueReference                      : loaded 2 times (x 94B)
Class org.gradle.api.UncheckedIOException                                             : loaded 2 times (x 80B)
Class com.google.common.base.CharMatcher$And                                          : loaded 2 times (x 110B)
Class com.google.common.collect.IndexedImmutableSet                                   : loaded 2 times (x 148B)
Class com.google.common.collect.AbstractListMultimap                                  : loaded 2 times (x 170B)
Class com.google.common.base.CharMatcher$Any                                          : loaded 2 times (x 110B)
Class com.google.common.base.Ticker                                                   : loaded 2 times (x 70B)
Class com.google.common.cache.LocalCache$Strength                                     : loaded 2 times (x 79B)
Class com.google.common.collect.ArrayListMultimapGwtSerializationDependencies         : loaded 2 times (x 170B)
Class com.google.common.base.CharMatcher$RangesMatcher                                : loaded 2 times (x 110B)
Class ijInit1_2yo0i9mdhobmu73n31lnjbv1f                                               : loaded 2 times (x 177B)
Class org.gradle.tooling.internal.gradle.GradleProjectIdentity                        : loaded 2 times (x 68B)
Class com.google.common.collect.ImmutableList$SubList                                 : loaded 2 times (x 168B)
Class com.google.common.cache.LocalCache$ValueReference                               : loaded 2 times (x 68B)
Class org.gradle.internal.time.CountdownTimer                                         : loaded 2 times (x 68B)
Class org.gradle.internal.time.Clock                                                  : loaded 2 times (x 68B)
Class org.gradle.internal.classloader.ClasspathUtil                                   : loaded 2 times (x 69B)
Class com.google.common.util.concurrent.AbstractFuture                                : loaded 2 times (x 93B)
Class org.gradle.tooling.model.BuildIdentifier                                        : loaded 2 times (x 68B)
Class com.google.common.base.Splitter$1                                               : loaded 2 times (x 75B)
Class com.google.common.base.Ticker$1                                                 : loaded 2 times (x 70B)
Class com.google.common.collect.Maps$BiMapConverter                                   : loaded 2 times (x 88B)
Class org.gradle.api.internal.DefaultClassPathRegistry                                : loaded 2 times (x 74B)
Class com.google.common.util.concurrent.AbstractFuture$Cancellation                   : loaded 2 times (x 70B)
Class com.google.common.collect.ImmutableSet$SetBuilderImpl                           : loaded 2 times (x 74B)
Class org.gradle.api.internal.classpath.DefaultModuleRegistry$DefaultModule           : loaded 2 times (x 84B)
Class com.google.common.base.CharMatcher$JavaIsoControl                               : loaded 2 times (x 110B)
Class com.google.common.collect.ImmutableMap$1                                        : loaded 2 times (x 79B)
Class com.google.common.base.CharMatcher$Or                                           : loaded 2 times (x 110B)
Class org.gradle.internal.time.TimeSource                                             : loaded 2 times (x 68B)
Class com.google.common.base.Suppliers$SupplierOfInstance                             : loaded 2 times (x 77B)
Class com.google.common.collect.Iterables                                             : loaded 2 times (x 69B)
Class org.jetbrains.kotlin.android.synthetic.idea.AndroidExtensionsGradleModel        : loaded 2 times (x 68B)
Class com.google.common.base.CharMatcher$JavaLowerCase                                : loaded 2 times (x 109B)
Class org.gradle.api.internal.classpath.UnknownModuleException                        : loaded 2 times (x 80B)
Class com.google.common.util.concurrent.AbstractFuture$Listener                       : loaded 2 times (x 70B)
Class sync_studio_tooling1_c990n7d7sn2smx66unq7b39n2$_run_closure1                    : loaded 2 times (x 137B)
Class com.google.common.collect.Maps$EntryTransformer                                 : loaded 2 times (x 68B)
Class com.google.common.collect.ImmutableCollection$Builder                           : loaded 2 times (x 74B)
Class com.google.common.collect.SingletonImmutableBiMap                               : loaded 2 times (x 141B)
Class com.google.common.base.CommonPattern                                            : loaded 2 times (x 72B)
Class com.google.common.base.Suppliers                                                : loaded 2 times (x 69B)
Class org.jetbrains.plugins.gradle.model.IntelliJProjectSettings                      : loaded 2 times (x 68B)
Class com.google.common.cache.LoadingCache                                            : loaded 2 times (x 68B)
Class org.gradle.internal.service.ServiceLookupException                              : loaded 2 times (x 80B)
Class org.gradle.cache.GlobalCache                                                    : loaded 2 times (x 68B)
Class org.jetbrains.kotlin.idea.gradleTooling.model.lombok.LombokModel                : loaded 2 times (x 68B)
Class org.gradle.tooling.model.ProjectIdentifier                                      : loaded 2 times (x 68B)
Class com.google.common.base.CharMatcher$NegatedFastMatcher                           : loaded 2 times (x 111B)
Class [Lorg.gradle.api.internal.ClassPathProvider;                                    : loaded 2 times (x 67B)
Class com.google.common.util.concurrent.AbstractFuture$SafeAtomicHelper               : loaded 2 times (x 77B)
Class org.gradle.internal.operations.MultipleBuildOperationFailures                   : loaded 2 times (x 93B)
Class org.gradle.util.internal.GUtil                                                  : loaded 2 times (x 69B)
Class org.jetbrains.plugins.gradle.model.AnnotationProcessingModel                    : loaded 2 times (x 68B)
Class com.google.common.math.IntMath                                                  : loaded 2 times (x 69B)
Class com.google.common.collect.AbstractIterator                                      : loaded 2 times (x 80B)
Class org.gradle.internal.classloader.ClassLoaderSpec                                 : loaded 2 times (x 69B)
Class com.google.common.base.NullnessCasts                                            : loaded 2 times (x 69B)
Class com.google.common.cache.LocalCache$LocalManualCache                             : loaded 2 times (x 97B)
Class com.google.common.collect.AbstractMapEntry                                      : loaded 2 times (x 79B)
Class com.google.common.base.CharMatcher$Negated                                      : loaded 2 times (x 111B)
Class com.google.common.cache.CacheLoader$1                                           : loaded 2 times (x 73B)
Class com.google.common.util.concurrent.AbstractFuture$TrustedFuture                  : loaded 2 times (x 95B)
Class com.google.common.collect.ImmutableSet$Builder                                  : loaded 2 times (x 83B)
Class com.google.common.base.CharMatcher$ForPredicate                                 : loaded 2 times (x 110B)
Class com.google.common.collect.ImmutableMap$MapViewOfValuesAsSingletonSets           : loaded 2 times (x 123B)
Class com.google.common.base.MoreObjects                                              : loaded 2 times (x 69B)
Class com.google.common.collect.SortedMapDifference                                   : loaded 2 times (x 68B)
Class com.google.common.cache.CacheStats                                              : loaded 2 times (x 69B)
Class org.gradle.internal.classloader.VisitableURLClassLoader                         : loaded 2 times (x 115B)
Class com.google.common.cache.LocalCache$LocalLoadingCache                            : loaded 2 times (x 132B)
Class com.google.common.base.Supplier                                                 : loaded 2 times (x 68B)
Class com.google.common.util.concurrent.AbstractFuture$AtomicHelper                   : loaded 2 times (x 76B)
Class com.google.common.collect.ImmutableBiMap                                        : loaded 2 times (x 141B)
Class org.gradle.internal.installation.GradleInstallation                             : loaded 2 times (x 73B)
Class org.gradle.api.internal.ClassPathRegistry                                       : loaded 2 times (x 68B)
Class com.google.common.cache.LocalCache$EntryFactory                                 : loaded 2 times (x 81B)
Class com.google.common.util.concurrent.UncheckedExecutionException                   : loaded 2 times (x 80B)
Class com.google.common.collect.ImmutableSet                                          : loaded 2 times (x 143B)
Class org.gradle.internal.classloader.VisitableURLClassLoader$InstrumentingVisitableURLClassLoader: loaded 2 times (x 121B)
Class org.gradle.internal.classloader.ClassLoaderHierarchy                            : loaded 2 times (x 68B)
Class org.gradle.internal.exceptions.MultiCauseException                              : loaded 2 times (x 68B)
Class org.jetbrains.kotlin.idea.gradleTooling.model.parcelize.ParcelizeGradleModel    : loaded 2 times (x 68B)
Class com.google.common.base.AbstractIterator$State                                   : loaded 2 times (x 77B)
Class com.google.common.cache.Weigher                                                 : loaded 2 times (x 68B)
Class com.google.common.base.CharMatcher$NamedFastMatcher                             : loaded 2 times (x 110B)
Class org.gradle.internal.InternalTransformer                                         : loaded 2 times (x 68B)
Class org.jetbrains.kotlin.idea.gradleTooling.model.noarg.NoArgModel                  : loaded 2 times (x 68B)
Class org.jetbrains.kotlin.idea.gradleTooling.KotlinGradleModel                       : loaded 2 times (x 68B)
Class sync_studio_tooling1_c990n7d7sn2smx66unq7b39n2                                  : loaded 2 times (x 177B)
Class org.gradle.tooling.internal.gradle.DefaultBuildIdentifier                       : loaded 2 times (x 77B)
Class org.gradle.internal.service.ServiceLocator                                      : loaded 2 times (x 68B)
Class Settings_gradle$1                                                               : loaded 2 times (x 72B)
Class com.google.common.util.concurrent.SettableFuture                                : loaded 2 times (x 95B)
Class com.google.common.collect.ImmutableMapEntry                                     : loaded 2 times (x 83B)
Class org.jetbrains.kotlin.idea.gradleTooling.model.allopen.AllOpenModel              : loaded 2 times (x 68B)
Class com.google.common.base.CharMatcher$Invisible                                    : loaded 2 times (x 110B)
Class com.google.common.base.CharMatcher$FastMatcher                                  : loaded 2 times (x 109B)
Class org.gradle.internal.classpath.DefaultClassPath$ImmutableUniqueList              : loaded 2 times (x 159B)
Class org.gradle.internal.time.DefaultTimer                                           : loaded 2 times (x 78B)
Class com.google.common.base.CharMatcher$JavaLetter                                   : loaded 2 times (x 109B)
Class org.gradle.internal.classpath.TransformedClassPath                              : loaded 2 times (x 94B)
Class com.google.common.collect.MapDifference                                         : loaded 2 times (x 68B)
Class com.google.common.util.concurrent.AbstractFuture$Trusted                        : loaded 2 times (x 68B)
Class Settings_gradle                                                                 : loaded 2 times (x 126B)
Class com.google.common.collect.Platform                                              : loaded 2 times (x 69B)
Class com.google.common.collect.ImmutableAsList                                       : loaded 2 times (x 169B)
Class com.google.common.util.concurrent.ExecutionError                                : loaded 2 times (x 80B)
Class com.google.common.base.Equivalence$Identity                                     : loaded 2 times (x 80B)
Class com.google.common.base.CharMatcher$AnyOf                                        : loaded 2 times (x 110B)
Class com.google.common.base.CharMatcher$IsEither                                     : loaded 2 times (x 109B)
Class com.google.common.cache.LocalCache                                              : loaded 2 times (x 185B)
Class com.google.common.collect.RegularImmutableList                                  : loaded 2 times (x 172B)
Class com.google.common.util.concurrent.AbstractFuture$UnsafeAtomicHelper$1           : loaded 2 times (x 74B)
Class com.google.common.base.CharMatcher$JavaUpperCase                                : loaded 2 times (x 109B)
Class com.google.common.collect.Multiset                                              : loaded 2 times (x 68B)
Class com.google.common.collect.ImmutableSet$CachingAsList                            : loaded 2 times (x 145B)
Class com.google.common.collect.ImmutableMapEntry$NonTerminalImmutableMapEntry        : loaded 2 times (x 83B)
Class com.google.common.collect.AbstractMapBasedMultimap                              : loaded 2 times (x 137B)


---------------  S Y S T E M  ---------------

OS:
 Windows 11 , 64 bit Build 22621 (10.0.22621.3958)
OS uptime: 4 days 13:28 hours
Hyper-V role detected

CPU: total 20 (initial active 20) (10 cores per cpu, 2 threads per core) family 6 model 154 stepping 3 microcode 0x429, cx8, cmov, fxsr, ht, mmx, 3dnowpref, sse, sse2, sse3, ssse3, sse4.1, sse4.2, popcnt, lzcnt, tsc, tscinvbit, avx, avx2, aes, erms, clmul, bmi1, bmi2, adx, sha, fma, vzeroupper, clflush, clflushopt, clwb, hv
Processor Information for all 20 processors :
  Max Mhz: 2300, Current Mhz: 2300, Mhz Limit: 2300

Memory: 4k page, system-wide physical 16004M (5306M free)
TotalPageFile size 18052M (AvailPageFile size 80M)
current process WorkingSet (physical memory assigned to process): 387M, peak: 387M
current process commit charge ("private bytes"): 527M, peak: 610M

vm_info: OpenJDK 64-Bit Server VM (17.0.10+0--11609105) for windows-amd64 JRE (17.0.10+0--11609105), built on Mar 21 2024 19:10:56 by "androidbuild" with MS VC++ 16.10 / 16.11 (VS2019)

END.
