#
# There is insufficient memory for the Java Runtime Environment to continue.
# Native memory allocation (mmap) failed to map 629145600 bytes for G1 virtual space
# Possible reasons:
#   The system is out of physical RAM or swap space
#   The process is running with CompressedOops enabled, and the Java Heap may be blocking the growth of the native heap
# Possible solutions:
#   Reduce memory load on the system
#   Increase physical memory or swap space
#   Check if swap backing store is full
#   Decrease Java heap size (-Xmx/-Xms)
#   Decrease number of Java threads
#   Decrease Java thread stack sizes (-Xss)
#   Set larger code cache with -XX:ReservedCodeCacheSize=
#   JVM is running with Unscaled Compressed Oops mode in which the Java heap is
#     placed in the first 4GB address space. The Java Heap base address is the
#     maximum limit for the native heap growth. Please use -XX:HeapBaseMinAddress
#     to set the Java Heap base and to place the Java Heap above 4GB virtual address.
# This output file may be truncated or incomplete.
#
#  Out of Memory Error (os_windows.cpp:3825), pid=23220, tid=20332
#
# JRE version: OpenJDK Runtime Environment (17.0.10) (build 17.0.10+0--11609105)
# Java VM: OpenJDK 64-Bit Server VM (17.0.10+0--11609105, mixed mode, tiered, compressed oops, compressed class ptrs, g1 gc, windows-amd64)
# No core dump will be written. Minidumps are not enabled by default on client versions of Windows
#

---------------  S U M M A R Y ------------

Command Line: --add-opens=java.base/java.util=ALL-UNNAMED --add-opens=java.base/java.lang=ALL-UNNAMED --add-opens=java.base/java.lang.invoke=ALL-UNNAMED --add-opens=java.prefs/java.util.prefs=ALL-UNNAMED --add-opens=java.base/java.nio.charset=ALL-UNNAMED --add-opens=java.base/java.net=ALL-UNNAMED --add-opens=java.base/java.util.concurrent.atomic=ALL-UNNAMED -Xmx2048M -Dfile.encoding=UTF-8 -Duser.country=US -Duser.language=en -Duser.variant -javaagent:C:\Users\Hashem Arenat\.gradle\wrapper\dists\gradle-8.7-bin\bhs2wmbdwecv87pi65oeuq5iu\gradle-8.7\lib\agents\gradle-instrumentation-agent-8.7.jar org.gradle.launcher.daemon.bootstrap.GradleDaemon 8.7

Host: 12th Gen Intel(R) Core(TM) i7-12700H, 20 cores, 15G,  Windows 11 , 64 bit Build 22621 (10.0.22621.3958)
Time: Fri Nov  8 19:39:30 2024 Jerusalem Standard Time elapsed time: 404.707713 seconds (0d 0h 6m 44s)

---------------  T H R E A D  ---------------

Current thread (0x000001e6efaf3850):  VMThread "VM Thread" [stack: 0x0000007182b00000,0x0000007182c00000] [id=20332]

Stack: [0x0000007182b00000,0x0000007182c00000]
Native frames: (J=compiled Java code, j=interpreted, Vv=VM code, C=native code)
V  [jvm.dll+0x688de9]
V  [jvm.dll+0x8423da]
V  [jvm.dll+0x84401e]
V  [jvm.dll+0x844683]
V  [jvm.dll+0x24be0f]
V  [jvm.dll+0x685bb9]
V  [jvm.dll+0x67a46a]
V  [jvm.dll+0x30cbab]
V  [jvm.dll+0x314056]
V  [jvm.dll+0x363dce]
V  [jvm.dll+0x363fff]
V  [jvm.dll+0x2e2978]
V  [jvm.dll+0x2e0b54]
V  [jvm.dll+0x2e015c]
V  [jvm.dll+0x325351]
V  [jvm.dll+0x848d7b]
V  [jvm.dll+0x849ac1]
V  [jvm.dll+0x849fdd]
V  [jvm.dll+0x84a3b4]
V  [jvm.dll+0x84a480]
V  [jvm.dll+0x7f0c7a]
V  [jvm.dll+0x687c65]
C  [ucrtbase.dll+0x29333]
C  [KERNEL32.DLL+0x1257d]
C  [ntdll.dll+0x5af08]

VM_Operation (0x0000007184af7bd0): G1TryInitiateConcMark, mode: safepoint, requested by thread 0x000001e6f63279d0


---------------  P R O C E S S  ---------------

Threads class SMR info:
_java_thread_list=0x000001e6fab52c90, length=210, elements={
0x000001e6d4cbbf50, 0x000001e6efbf4020, 0x000001e6efbf52f0, 0x000001e6efbe0650,
0x000001e6efc20180, 0x000001e6efc23e70, 0x000001e6efc24830, 0x000001e6efc255d0,
0x000001e6efc26820, 0x000001e6efc27220, 0x000001e6efadae60, 0x000001e6efeba5e0,
0x000001e6f6a64c60, 0x000001e6f58953e0, 0x000001e6f6515980, 0x000001e6f5f54f30,
0x000001e6f5f51c90, 0x000001e6f5f530d0, 0x000001e6f5f54510, 0x000001e6f5f55440,
0x000001e6f70e7520, 0x000001e6fa100b80, 0x000001e6f075f060, 0x000001e6f79a74c0,
0x000001e6f79a79d0, 0x000001e6f79a5660, 0x000001e6f79a5b70, 0x000001e6f74ca470,
0x000001e6fc3253e0, 0x000001e6fc3258f0, 0x000001e6fc326310, 0x000001e6fc325e00,
0x000001e6fc326820, 0x000001e6fc323070, 0x000001e6fc327240, 0x000001e6fc323580,
0x000001e6fc3244b0, 0x000001e6fc328b90, 0x000001e6fc3249c0, 0x000001e6fc327750,
0x000001e6fc323a90, 0x000001e6fc324ed0, 0x000001e6f90e1260, 0x000001e6fa102ef0,
0x000001e6f90d93d0, 0x000001e6f90e5e50, 0x000001e6fa0fed20, 0x000001e6fa100160,
0x000001e6fa1015a0, 0x000001e6fa0fbf90, 0x000001e6fa0ff740, 0x000001e6fa101ab0,
0x000001e6fa101fc0, 0x000001e6fa1024d0, 0x000001e6fa103910, 0x000001e6fa0ffc50,
0x000001e6fa0fe810, 0x000001e6fa1029e0, 0x000001e6fa0fcec0, 0x000001e6fa100670,
0x000001e6fa0fc9b0, 0x000001e6f90ddfc0, 0x000001e6f90df400, 0x000001e6f90de4d0,
0x000001e6f90dc160, 0x000001e6f90d7f90, 0x000001e6f90deef0, 0x000001e6f90df910,
0x000001e6f90db230, 0x000001e6f90d98e0, 0x000001e6f90de9e0, 0x000001e6f90d9df0,
0x000001e6f90da810, 0x000001e6f90d84a0, 0x000001e6f90da300, 0x000001e6f90d8ec0,
0x000001e6f90dad20, 0x000001e6f90e0d50, 0x000001e6f90dbc50, 0x000001e6f90dc670,
0x000001e6f90dfe20, 0x000001e6f90dd090, 0x000001e6f90dcb80, 0x000001e6f90e1770,
0x000001e6f90e1c80, 0x000001e6faebb5a0, 0x000001e6f90e2190, 0x000001e6fbcab350,
0x000001e6fbca8e20, 0x000001e6f90e26a0, 0x000001e6f90e2bb0, 0x000001e6f90db740,
0x000001e6f90e30c0, 0x000001e6f90e35d0, 0x000001e6f90e3ae0, 0x000001e6f90e6870,
0x000001e6f90e6d80, 0x000001e6f90e7290, 0x000001e6f90e4500, 0x000001e6f90e4a10,
0x000001e6fc329fd0, 0x000001e6fc327c60, 0x000001e6fc328170, 0x000001e6fc32a4e0,
0x000001e6fc326d30, 0x000001e6fc323fa0, 0x000001e6fc32a9f0, 0x000001e6fc32b410,
0x000001e6fc3290a0, 0x000001e6fc32af00, 0x000001e6fc32b920, 0x000001e6fc32be30,
0x000001e6fc32c850, 0x000001e6fc32dc90, 0x000001e6fc32e1a0, 0x000001e6fc32e6b0,
0x000001e6fc32ebc0, 0x000001e6fc32cd60, 0x000001e6fc32d270, 0x000001e6fc328680,
0x000001e6fc331e60, 0x000001e6fc32d780, 0x000001e6fc32f0d0, 0x000001e6fc32f5e0,
0x000001e6fc32faf0, 0x000001e6fc332370, 0x000001e6fc330000, 0x000001e6fc330510,
0x000001e6fc332880, 0x000001e6fc330a20, 0x000001e6fc330f30, 0x000001e6fc331440,
0x000001e6fc331950, 0x000001e6f74cd200, 0x000001e6f74cb3a0, 0x000001e6f74cbdc0,
0x000001e6f74cd710, 0x000001e6f74cae90, 0x000001e6f74c9030, 0x000001e6f74cc2d0,
0x000001e6f74cccf0, 0x000001e6f74c8b20, 0x000001e6f74cb8b0, 0x000001e6f74cdc20,
0x000001e6f74c9540, 0x000001e6f74ce130, 0x000001e6f74c9f60, 0x000001e6f74ca980,
0x000001e6f74c9a50, 0x000001e6f74cc7e0, 0x000001e6f74ce640, 0x000001e6f74c8610,
0x000001e6f74ceb50, 0x000001e6f74c71d0, 0x000001e6f74c76e0, 0x000001e6f74c7bf0,
0x000001e6f74c8100, 0x000001e6f79a6080, 0x000001e6f79a6590, 0x000001e6f79a6aa0,
0x000001e6f79a2de0, 0x000001e6f79a6fb0, 0x000001e6f79a9320, 0x000001e6f79a5150,
0x000001e6f79a7ee0, 0x000001e6f79a83f0, 0x000001e6f79a1eb0, 0x000001e6f79a8900,
0x000001e6f79a8e10, 0x000001e6f79a9830, 0x000001e6f79a3800, 0x000001e6f79a4730,
0x000001e6f79a23c0, 0x000001e6f79a28d0, 0x000001e6f79a32f0, 0x000001e6f79a3d10,
0x000001e6f79a4220, 0x000001e6f632b690, 0x000001e6f632bba0, 0x000001e6f632a250,
0x000001e6f632c5c0, 0x000001e6f632e420, 0x000001e6f6329830, 0x000001e6f632e930,
0x000001e6f632ee40, 0x000001e6f6328e10, 0x000001e6f632cad0, 0x000001e6f632cfe0,
0x000001e6f632d4f0, 0x000001e6f632df10, 0x000001e6f63283f0, 0x000001e6f63279d0,
0x000001e6f632f350, 0x000001e6f6327ee0, 0x000001e6f6329320, 0x000001e6f632ac70,
0x000001e6f70e7f40, 0x000001e6f70e8450, 0x000001e6f70e3d70, 0x000001e6f70e4280,
0x000001e6f70e1a00, 0x000001e6f70e51b0, 0x000001e6f528da80, 0x000001e6f70e7010,
0x000001e6f7eac2c0, 0x000001e6fb9a2b00, 0x000001e6fc6bd240, 0x000001e6fc6bd790,
0x000001e6fc6bdce0, 0x000001e6fc6bc7a0
}

Java Threads: ( => current thread )
  0x000001e6d4cbbf50 JavaThread "main" [_thread_blocked, id=11424, stack(0x0000007182500000,0x0000007182600000)]
  0x000001e6efbf4020 JavaThread "Reference Handler" daemon [_thread_blocked, id=27620, stack(0x0000007182c00000,0x0000007182d00000)]
  0x000001e6efbf52f0 JavaThread "Finalizer" daemon [_thread_blocked, id=23836, stack(0x0000007182d00000,0x0000007182e00000)]
  0x000001e6efbe0650 JavaThread "Signal Dispatcher" daemon [_thread_blocked, id=16356, stack(0x0000007182e00000,0x0000007182f00000)]
  0x000001e6efc20180 JavaThread "Attach Listener" daemon [_thread_blocked, id=21092, stack(0x0000007182f00000,0x0000007183000000)]
  0x000001e6efc23e70 JavaThread "Service Thread" daemon [_thread_blocked, id=19096, stack(0x0000007183000000,0x0000007183100000)]
  0x000001e6efc24830 JavaThread "Monitor Deflation Thread" daemon [_thread_blocked, id=18556, stack(0x0000007183100000,0x0000007183200000)]
  0x000001e6efc255d0 JavaThread "C2 CompilerThread0" daemon [_thread_blocked, id=4936, stack(0x0000007183200000,0x0000007183300000)]
  0x000001e6efc26820 JavaThread "C1 CompilerThread0" daemon [_thread_blocked, id=10692, stack(0x0000007183300000,0x0000007183400000)]
  0x000001e6efc27220 JavaThread "Sweeper thread" daemon [_thread_blocked, id=472, stack(0x0000007183400000,0x0000007183500000)]
  0x000001e6efadae60 JavaThread "Common-Cleaner" daemon [_thread_blocked, id=7164, stack(0x0000007183500000,0x0000007183600000)]
  0x000001e6efeba5e0 JavaThread "Notification Thread" daemon [_thread_blocked, id=6232, stack(0x0000007183800000,0x0000007183900000)]
  0x000001e6f6a64c60 JavaThread "Daemon health stats" [_thread_blocked, id=13616, stack(0x0000007184200000,0x0000007184300000)]
  0x000001e6f58953e0 JavaThread "Incoming local TCP Connector on port 60756" [_thread_in_native, id=26072, stack(0x0000007184300000,0x0000007184400000)]
  0x000001e6f6515980 JavaThread "Daemon periodic checks" [_thread_blocked, id=20400, stack(0x0000007184400000,0x0000007184500000)]
  0x000001e6f5f54f30 JavaThread "Cache worker for journal cache (C:\Users\Hashem Arenat\.gradle\caches\journal-1)" [_thread_blocked, id=17804, stack(0x0000007185800000,0x0000007185900000)]
  0x000001e6f5f51c90 JavaThread "File lock request listener" [_thread_in_native, id=11872, stack(0x0000007185900000,0x0000007185a00000)]
  0x000001e6f5f530d0 JavaThread "Cache worker for file hash cache (C:\Users\Hashem Arenat\.gradle\caches\8.7\fileHashes)" [_thread_blocked, id=18384, stack(0x0000007185a00000,0x0000007185b00000)]
  0x000001e6f5f54510 JavaThread "File watcher server" daemon [_thread_blocked, id=12112, stack(0x0000007185c00000,0x0000007185d00000)]
  0x000001e6f5f55440 JavaThread "File watcher consumer" daemon [_thread_blocked, id=20124, stack(0x0000007185d00000,0x0000007185e00000)]
  0x000001e6f70e7520 JavaThread "Cache worker for file content cache (C:\Users\Hashem Arenat\.gradle\caches\8.7\fileContent)" [_thread_blocked, id=14860, stack(0x0000007186100000,0x0000007186200000)]
  0x000001e6fa100b80 JavaThread "Memory manager" [_thread_blocked, id=15692, stack(0x0000007189400000,0x0000007189500000)]
  0x000001e6f075f060 JavaThread "pool-3-thread-1" [_thread_blocked, id=29208, stack(0x0000007188c00000,0x0000007188d00000)]
  0x000001e6f79a74c0 JavaThread "RMI Scheduler(0)" daemon [_thread_blocked, id=23496, stack(0x000000718b000000,0x000000718b100000)]
  0x000001e6f79a79d0 JavaThread "RMI GC Daemon" daemon [_thread_blocked, id=18856, stack(0x0000007195000000,0x0000007195100000)]
  0x000001e6f79a5660 JavaThread "RMI TCP Accept-0" daemon [_thread_in_native, id=13520, stack(0x0000007195100000,0x0000007195200000)]
  0x000001e6f79a5b70 JavaThread "RMI Reaper" [_thread_blocked, id=26236, stack(0x0000007195200000,0x0000007195300000)]
  0x000001e6f74ca470 JavaThread "ForkJoinPool.commonPool-worker-1" daemon [_thread_blocked, id=28676, stack(0x0000007196900000,0x0000007196a00000)]
  0x000001e6fc3253e0 JavaThread "ForkJoinPool.commonPool-worker-2" daemon [_thread_blocked, id=27912, stack(0x0000007196a00000,0x0000007196b00000)]
  0x000001e6fc3258f0 JavaThread "ForkJoinPool.commonPool-worker-4" daemon [_thread_blocked, id=17536, stack(0x0000007196c00000,0x0000007196d00000)]
  0x000001e6fc326310 JavaThread "ForkJoinPool.commonPool-worker-6" daemon [_thread_blocked, id=20744, stack(0x0000007196e00000,0x0000007196f00000)]
  0x000001e6fc325e00 JavaThread "ForkJoinPool.commonPool-worker-7" daemon [_thread_blocked, id=22012, stack(0x0000007196f00000,0x0000007197000000)]
  0x000001e6fc326820 JavaThread "ForkJoinPool.commonPool-worker-8" daemon [_thread_blocked, id=24256, stack(0x0000007197000000,0x0000007197100000)]
  0x000001e6fc323070 JavaThread "ForkJoinPool.commonPool-worker-9" daemon [_thread_blocked, id=28876, stack(0x0000007197100000,0x0000007197200000)]
  0x000001e6fc327240 JavaThread "ForkJoinPool.commonPool-worker-10" daemon [_thread_blocked, id=28732, stack(0x0000007197200000,0x0000007197300000)]
  0x000001e6fc323580 JavaThread "ForkJoinPool.commonPool-worker-12" daemon [_thread_blocked, id=14024, stack(0x0000007197400000,0x0000007197500000)]
  0x000001e6fc3244b0 JavaThread "ForkJoinPool.commonPool-worker-13" daemon [_thread_blocked, id=28792, stack(0x0000007197500000,0x0000007197600000)]
  0x000001e6fc328b90 JavaThread "ForkJoinPool.commonPool-worker-14" daemon [_thread_blocked, id=28768, stack(0x0000007197600000,0x0000007197700000)]
  0x000001e6fc3249c0 JavaThread "ForkJoinPool.commonPool-worker-15" daemon [_thread_blocked, id=28840, stack(0x0000007197700000,0x0000007197800000)]
  0x000001e6fc327750 JavaThread "ForkJoinPool.commonPool-worker-16" daemon [_thread_blocked, id=28828, stack(0x0000007197800000,0x0000007197900000)]
  0x000001e6fc323a90 JavaThread "ForkJoinPool.commonPool-worker-18" daemon [_thread_blocked, id=28812, stack(0x0000007197a00000,0x0000007197b00000)]
  0x000001e6fc324ed0 JavaThread "ForkJoinPool.commonPool-worker-19" daemon [_thread_blocked, id=28816, stack(0x0000007197b00000,0x0000007197c00000)]
  0x000001e6f90e1260 JavaThread "pool-7-thread-1" [_thread_blocked, id=28748, stack(0x0000007188000000,0x0000007188100000)]
  0x000001e6fa102ef0 JavaThread "ForkJoinPool.commonPool-worker-20" daemon [_thread_blocked, id=2836, stack(0x0000007190e00000,0x0000007190f00000)]
  0x000001e6f90d93d0 JavaThread "pool-11-thread-1" [_thread_blocked, id=10888, stack(0x0000007187c00000,0x0000007187d00000)]
  0x000001e6f90e5e50 JavaThread "pool-15-thread-1" [_thread_blocked, id=23004, stack(0x0000007187d00000,0x0000007187e00000)]
  0x000001e6fa0fed20 JavaThread "ForkJoinPool.commonPool-worker-21" daemon [_thread_blocked, id=19276, stack(0x0000007191000000,0x0000007191100000)]
  0x000001e6fa100160 JavaThread "ForkJoinPool.commonPool-worker-22" daemon [_thread_blocked, id=22612, stack(0x0000007191100000,0x0000007191200000)]
  0x000001e6fa1015a0 JavaThread "RMI TCP Connection(11)-127.0.0.1" daemon [_thread_in_native, id=27524, stack(0x0000007182300000,0x0000007182400000)]
  0x000001e6fa0fbf90 JavaThread "RMI TCP Connection(12)-127.0.0.1" daemon [_thread_in_native, id=13356, stack(0x0000007182200000,0x0000007182300000)]
  0x000001e6fa0ff740 JavaThread "Daemon Thread 4" [_thread_blocked, id=22516, stack(0x0000007182400000,0x0000007182500000)]
  0x000001e6fa101ab0 JavaThread "Handler for socket connection from /127.0.0.1:60756 to /127.0.0.1:61060" [_thread_in_native, id=26992, stack(0x0000007183600000,0x0000007183700000)]
  0x000001e6fa101fc0 JavaThread "Cancel handler" [_thread_blocked, id=21884, stack(0x0000007183700000,0x0000007183800000)]
  0x000001e6fa1024d0 JavaThread "Daemon worker Thread 4" [_thread_blocked, id=21184, stack(0x0000007183a00000,0x0000007183b00000)]
  0x000001e6fa103910 JavaThread "Asynchronous log dispatcher for DefaultDaemonConnection: socket connection from /127.0.0.1:60756 to /127.0.0.1:61060" [_thread_blocked, id=29076, stack(0x0000007183b00000,0x0000007183c00000)]
  0x000001e6fa0ffc50 JavaThread "Stdin handler" [_thread_blocked, id=28908, stack(0x0000007184100000,0x0000007184200000)]
  0x000001e6fa0fe810 JavaThread "Daemon client event forwarder" [_thread_blocked, id=24056, stack(0x0000007184500000,0x0000007184600000)]
  0x000001e6fa1029e0 JavaThread "Cache worker for file hash cache (C:\Users\Hashem Arenat\AndroidStudioProjects\ECommerce\.gradle\8.7\fileHashes)" [_thread_blocked, id=29492, stack(0x0000007184600000,0x0000007184700000)]
  0x000001e6fa0fcec0 JavaThread "Cache worker for checksums cache (C:\Users\Hashem Arenat\AndroidStudioProjects\ECommerce\.gradle\8.7\checksums)" [_thread_blocked, id=21036, stack(0x0000007184700000,0x0000007184800000)]
  0x000001e6fa100670 JavaThread "Cache worker for cache directory md-supplier (C:\Users\Hashem Arenat\.gradle\caches\8.7\md-supplier)" [_thread_blocked, id=6488, stack(0x0000007184800000,0x0000007184900000)]
  0x000001e6fa0fc9b0 JavaThread "Cache worker for cache directory md-rule (C:\Users\Hashem Arenat\.gradle\caches\8.7\md-rule)" [_thread_blocked, id=29552, stack(0x0000007184900000,0x0000007184a00000)]
  0x000001e6f90ddfc0 JavaThread "Cache worker for Build Output Cleanup Cache (C:\Users\Hashem Arenat\AndroidStudioProjects\ECommerce\.gradle\buildOutputCleanup)" [_thread_blocked, id=28292, stack(0x0000007185b00000,0x0000007185c00000)]
  0x000001e6f90df400 JavaThread "Unconstrained build operations" [_thread_blocked, id=24392, stack(0x0000007185e00000,0x0000007185f00000)]
  0x000001e6f90de4d0 JavaThread "Unconstrained build operations Thread 2" [_thread_blocked, id=2084, stack(0x0000007185f00000,0x0000007186000000)]
  0x000001e6f90dc160 JavaThread "Unconstrained build operations Thread 3" [_thread_blocked, id=12572, stack(0x0000007186000000,0x0000007186100000)]
  0x000001e6f90d7f90 JavaThread "Unconstrained build operations Thread 4" [_thread_blocked, id=27920, stack(0x0000007186200000,0x0000007186300000)]
  0x000001e6f90deef0 JavaThread "Unconstrained build operations Thread 5" [_thread_blocked, id=17388, stack(0x0000007186300000,0x0000007186400000)]
  0x000001e6f90df910 JavaThread "Unconstrained build operations Thread 6" [_thread_blocked, id=19316, stack(0x0000007186400000,0x0000007186500000)]
  0x000001e6f90db230 JavaThread "Unconstrained build operations Thread 7" [_thread_blocked, id=20048, stack(0x0000007186500000,0x0000007186600000)]
  0x000001e6f90d98e0 JavaThread "Unconstrained build operations Thread 8" [_thread_blocked, id=6708, stack(0x0000007186600000,0x0000007186700000)]
  0x000001e6f90de9e0 JavaThread "Unconstrained build operations Thread 9" [_thread_blocked, id=17144, stack(0x0000007186700000,0x0000007186800000)]
  0x000001e6f90d9df0 JavaThread "Unconstrained build operations Thread 10" [_thread_blocked, id=17972, stack(0x0000007186800000,0x0000007186900000)]
  0x000001e6f90da810 JavaThread "Unconstrained build operations Thread 11" [_thread_blocked, id=26392, stack(0x0000007186900000,0x0000007186a00000)]
  0x000001e6f90d84a0 JavaThread "Unconstrained build operations Thread 12" [_thread_blocked, id=24600, stack(0x0000007186a00000,0x0000007186b00000)]
  0x000001e6f90da300 JavaThread "Unconstrained build operations Thread 13" [_thread_blocked, id=16132, stack(0x0000007186b00000,0x0000007186c00000)]
  0x000001e6f90d8ec0 JavaThread "Unconstrained build operations Thread 14" [_thread_blocked, id=13112, stack(0x0000007186c00000,0x0000007186d00000)]
  0x000001e6f90dad20 JavaThread "Unconstrained build operations Thread 15" [_thread_blocked, id=20472, stack(0x0000007186d00000,0x0000007186e00000)]
  0x000001e6f90e0d50 JavaThread "Unconstrained build operations Thread 16" [_thread_blocked, id=29520, stack(0x0000007186e00000,0x0000007186f00000)]
  0x000001e6f90dbc50 JavaThread "Unconstrained build operations Thread 17" [_thread_blocked, id=24156, stack(0x0000007186f00000,0x0000007187000000)]
  0x000001e6f90dc670 JavaThread "Unconstrained build operations Thread 18" [_thread_blocked, id=29020, stack(0x0000007187000000,0x0000007187100000)]
  0x000001e6f90dfe20 JavaThread "Unconstrained build operations Thread 19" [_thread_blocked, id=28960, stack(0x0000007187100000,0x0000007187200000)]
  0x000001e6f90dd090 JavaThread "Unconstrained build operations Thread 20" [_thread_blocked, id=10512, stack(0x0000007187200000,0x0000007187300000)]
  0x000001e6f90dcb80 JavaThread "Unconstrained build operations Thread 21" [_thread_blocked, id=16196, stack(0x0000007187300000,0x0000007187400000)]
  0x000001e6f90e1770 JavaThread "Unconstrained build operations Thread 22" [_thread_blocked, id=25080, stack(0x0000007187400000,0x0000007187500000)]
  0x000001e6f90e1c80 JavaThread "build event listener" [_thread_blocked, id=28952, stack(0x0000007187500000,0x0000007187600000)]
  0x000001e6faebb5a0 JavaThread "C1 CompilerThread1" daemon [_thread_blocked, id=13728, stack(0x0000007187600000,0x0000007187700000)]
  0x000001e6f90e2190 JavaThread "build event listener" [_thread_blocked, id=12532, stack(0x0000007187700000,0x0000007187800000)]
  0x000001e6fbcab350 JavaThread "C1 CompilerThread2" daemon [_thread_blocked, id=25956, stack(0x0000007187a00000,0x0000007187b00000)]
  0x000001e6fbca8e20 JavaThread "C1 CompilerThread3" daemon [_thread_blocked, id=14476, stack(0x0000007187b00000,0x0000007187c00000)]
  0x000001e6f90e26a0 JavaThread "pool-19-thread-1" [_thread_blocked, id=28584, stack(0x0000007187e00000,0x0000007187f00000)]
  0x000001e6f90e2bb0 JavaThread "build event listener" [_thread_blocked, id=11452, stack(0x0000007187f00000,0x0000007188000000)]
  0x000001e6f90db740 JavaThread "included builds" [_thread_blocked, id=11260, stack(0x0000007188100000,0x0000007188200000)]
  0x000001e6f90e30c0 JavaThread "Execution worker" [_thread_blocked, id=12700, stack(0x0000007188200000,0x0000007188300000)]
  0x000001e6f90e35d0 JavaThread "Execution worker Thread 2" [_thread_blocked, id=28452, stack(0x0000007188300000,0x0000007188400000)]
  0x000001e6f90e3ae0 JavaThread "Execution worker Thread 3" [_thread_blocked, id=25164, stack(0x0000007188400000,0x0000007188500000)]
  0x000001e6f90e6870 JavaThread "Execution worker Thread 4" [_thread_blocked, id=6024, stack(0x0000007188700000,0x0000007188800000)]
  0x000001e6f90e6d80 JavaThread "Execution worker Thread 5" [_thread_blocked, id=28508, stack(0x0000007188800000,0x0000007188900000)]
  0x000001e6f90e7290 JavaThread "Execution worker Thread 6" [_thread_blocked, id=25968, stack(0x0000007188900000,0x0000007188a00000)]
  0x000001e6f90e4500 JavaThread "Execution worker Thread 7" [_thread_blocked, id=2684, stack(0x0000007188a00000,0x0000007188b00000)]
  0x000001e6f90e4a10 JavaThread "Execution worker Thread 8" [_thread_blocked, id=16724, stack(0x0000007188b00000,0x0000007188c00000)]
  0x000001e6fc329fd0 JavaThread "Execution worker Thread 9" [_thread_blocked, id=14364, stack(0x0000007188d00000,0x0000007188e00000)]
  0x000001e6fc327c60 JavaThread "Execution worker Thread 10" [_thread_blocked, id=2392, stack(0x0000007188e00000,0x0000007188f00000)]
  0x000001e6fc328170 JavaThread "Execution worker Thread 11" [_thread_blocked, id=29132, stack(0x0000007188f00000,0x0000007189000000)]
  0x000001e6fc32a4e0 JavaThread "Execution worker Thread 12" [_thread_blocked, id=24040, stack(0x0000007189000000,0x0000007189100000)]
  0x000001e6fc326d30 JavaThread "Execution worker Thread 13" [_thread_blocked, id=6872, stack(0x0000007189100000,0x0000007189200000)]
  0x000001e6fc323fa0 JavaThread "Execution worker Thread 14" [_thread_blocked, id=28408, stack(0x0000007189200000,0x0000007189300000)]
  0x000001e6fc32a9f0 JavaThread "Execution worker Thread 15" [_thread_blocked, id=28620, stack(0x0000007189300000,0x0000007189400000)]
  0x000001e6fc32b410 JavaThread "Execution worker Thread 16" [_thread_blocked, id=27440, stack(0x0000007189500000,0x0000007189600000)]
  0x000001e6fc3290a0 JavaThread "Execution worker Thread 17" [_thread_blocked, id=25852, stack(0x0000007189600000,0x0000007189700000)]
  0x000001e6fc32af00 JavaThread "Execution worker Thread 18" [_thread_blocked, id=15096, stack(0x0000007189700000,0x0000007189800000)]
  0x000001e6fc32b920 JavaThread "Execution worker Thread 19" [_thread_blocked, id=29176, stack(0x0000007189800000,0x0000007189900000)]
  0x000001e6fc32be30 JavaThread "Cache worker for execution history cache (C:\Users\Hashem Arenat\AndroidStudioProjects\ECommerce\.gradle\8.7\executionHistory)" [_thread_blocked, id=6344, stack(0x0000007189900000,0x0000007189a00000)]
  0x000001e6fc32c850 JavaThread "Unconstrained build operations Thread 23" [_thread_blocked, id=2000, stack(0x0000007189b00000,0x0000007189c00000)]
  0x000001e6fc32dc90 JavaThread "Unconstrained build operations Thread 24" [_thread_blocked, id=19684, stack(0x0000007189c00000,0x0000007189d00000)]
  0x000001e6fc32e1a0 JavaThread "Unconstrained build operations Thread 25" [_thread_blocked, id=14044, stack(0x0000007189d00000,0x0000007189e00000)]
  0x000001e6fc32e6b0 JavaThread "Unconstrained build operations Thread 26" [_thread_blocked, id=18576, stack(0x0000007189e00000,0x0000007189f00000)]
  0x000001e6fc32ebc0 JavaThread "Unconstrained build operations Thread 27" [_thread_blocked, id=1384, stack(0x0000007189f00000,0x000000718a000000)]
  0x000001e6fc32cd60 JavaThread "Unconstrained build operations Thread 28" [_thread_blocked, id=3252, stack(0x000000718a000000,0x000000718a100000)]
  0x000001e6fc32d270 JavaThread "Unconstrained build operations Thread 29" [_thread_blocked, id=15376, stack(0x000000718a100000,0x000000718a200000)]
  0x000001e6fc328680 JavaThread "Unconstrained build operations Thread 30" [_thread_blocked, id=23920, stack(0x000000718a200000,0x000000718a300000)]
  0x000001e6fc331e60 JavaThread "Unconstrained build operations Thread 31" [_thread_blocked, id=21896, stack(0x000000718a300000,0x000000718a400000)]
  0x000001e6fc32d780 JavaThread "Unconstrained build operations Thread 32" [_thread_blocked, id=28264, stack(0x000000718a400000,0x000000718a500000)]
  0x000001e6fc32f0d0 JavaThread "Unconstrained build operations Thread 33" [_thread_blocked, id=3460, stack(0x000000718a500000,0x000000718a600000)]
  0x000001e6fc32f5e0 JavaThread "Unconstrained build operations Thread 34" [_thread_blocked, id=26920, stack(0x000000718a600000,0x000000718a700000)]
  0x000001e6fc32faf0 JavaThread "Unconstrained build operations Thread 35" [_thread_blocked, id=23308, stack(0x000000718a700000,0x000000718a800000)]
  0x000001e6fc332370 JavaThread "Unconstrained build operations Thread 36" [_thread_blocked, id=19152, stack(0x000000718a800000,0x000000718a900000)]
  0x000001e6fc330000 JavaThread "Unconstrained build operations Thread 37" [_thread_blocked, id=9168, stack(0x000000718a900000,0x000000718aa00000)]
  0x000001e6fc330510 JavaThread "Unconstrained build operations Thread 38" [_thread_blocked, id=2300, stack(0x000000718aa00000,0x000000718ab00000)]
  0x000001e6fc332880 JavaThread "Unconstrained build operations Thread 39" [_thread_blocked, id=22360, stack(0x000000718ab00000,0x000000718ac00000)]
  0x000001e6fc330a20 JavaThread "Unconstrained build operations Thread 40" [_thread_blocked, id=19220, stack(0x000000718ad00000,0x000000718ae00000)]
  0x000001e6fc330f30 JavaThread "Unconstrained build operations Thread 41" [_thread_blocked, id=19092, stack(0x000000718ae00000,0x000000718af00000)]
  0x000001e6fc331440 JavaThread "Unconstrained build operations Thread 42" [_thread_blocked, id=21708, stack(0x000000718af00000,0x000000718b000000)]
  0x000001e6fc331950 JavaThread "Unconstrained build operations Thread 43" [_thread_blocked, id=18796, stack(0x000000718b100000,0x000000718b200000)]
  0x000001e6f74cd200 JavaThread "Unconstrained build operations Thread 44" [_thread_blocked, id=26644, stack(0x000000718b200000,0x000000718b300000)]
  0x000001e6f74cb3a0 JavaThread "Unconstrained build operations Thread 45" [_thread_blocked, id=17188, stack(0x000000718b300000,0x000000718b400000)]
  0x000001e6f74cbdc0 JavaThread "Unconstrained build operations Thread 46" [_thread_blocked, id=11100, stack(0x000000718b400000,0x000000718b500000)]
  0x000001e6f74cd710 JavaThread "Unconstrained build operations Thread 47" [_thread_blocked, id=11980, stack(0x000000718b500000,0x000000718b600000)]
  0x000001e6f74cae90 JavaThread "Unconstrained build operations Thread 48" [_thread_blocked, id=28636, stack(0x000000718b600000,0x000000718b700000)]
  0x000001e6f74c9030 JavaThread "Unconstrained build operations Thread 49" [_thread_blocked, id=26200, stack(0x000000718b700000,0x000000718b800000)]
  0x000001e6f74cc2d0 JavaThread "Unconstrained build operations Thread 50" [_thread_blocked, id=12184, stack(0x000000718b800000,0x000000718b900000)]
  0x000001e6f74cccf0 JavaThread "Unconstrained build operations Thread 51" [_thread_blocked, id=17932, stack(0x000000718b900000,0x000000718ba00000)]
  0x000001e6f74c8b20 JavaThread "Unconstrained build operations Thread 52" [_thread_blocked, id=27924, stack(0x000000718ba00000,0x000000718bb00000)]
  0x000001e6f74cb8b0 JavaThread "Unconstrained build operations Thread 53" [_thread_blocked, id=28784, stack(0x000000718bb00000,0x000000718bc00000)]
  0x000001e6f74cdc20 JavaThread "Unconstrained build operations Thread 54" [_thread_blocked, id=25748, stack(0x000000718bc00000,0x000000718bd00000)]
  0x000001e6f74c9540 JavaThread "Unconstrained build operations Thread 55" [_thread_blocked, id=25008, stack(0x000000718bd00000,0x000000718be00000)]
  0x000001e6f74ce130 JavaThread "Unconstrained build operations Thread 56" [_thread_blocked, id=15188, stack(0x000000718be00000,0x000000718bf00000)]
  0x000001e6f74c9f60 JavaThread "Unconstrained build operations Thread 57" [_thread_blocked, id=24252, stack(0x000000718bf00000,0x000000718c000000)]
  0x000001e6f74ca980 JavaThread "Unconstrained build operations Thread 58" [_thread_blocked, id=27988, stack(0x000000718c000000,0x000000718c100000)]
  0x000001e6f74c9a50 JavaThread "Unconstrained build operations Thread 59" [_thread_blocked, id=24948, stack(0x000000718c100000,0x000000718c200000)]
  0x000001e6f74cc7e0 JavaThread "Unconstrained build operations Thread 60" [_thread_blocked, id=14724, stack(0x000000718c200000,0x000000718c300000)]
  0x000001e6f74ce640 JavaThread "Unconstrained build operations Thread 61" [_thread_blocked, id=24240, stack(0x000000718c300000,0x000000718c400000)]
  0x000001e6f74c8610 JavaThread "Unconstrained build operations Thread 62" [_thread_blocked, id=21316, stack(0x000000718c400000,0x000000718c500000)]
  0x000001e6f74ceb50 JavaThread "Unconstrained build operations Thread 63" [_thread_blocked, id=29660, stack(0x000000718c500000,0x000000718c600000)]
  0x000001e6f74c71d0 JavaThread "Unconstrained build operations Thread 64" [_thread_blocked, id=10288, stack(0x000000718c600000,0x000000718c700000)]
  0x000001e6f74c76e0 JavaThread "Unconstrained build operations Thread 65" [_thread_blocked, id=28764, stack(0x000000718c700000,0x000000718c800000)]
  0x000001e6f74c7bf0 JavaThread "Unconstrained build operations Thread 66" [_thread_blocked, id=24276, stack(0x000000718c800000,0x000000718c900000)]
  0x000001e6f74c8100 JavaThread "Unconstrained build operations Thread 67" [_thread_blocked, id=1032, stack(0x000000718c900000,0x000000718ca00000)]
  0x000001e6f79a6080 JavaThread "Unconstrained build operations Thread 68" [_thread_blocked, id=25104, stack(0x000000718ca00000,0x000000718cb00000)]
  0x000001e6f79a6590 JavaThread "Unconstrained build operations Thread 69" [_thread_blocked, id=27732, stack(0x000000718cb00000,0x000000718cc00000)]
  0x000001e6f79a6aa0 JavaThread "Unconstrained build operations Thread 70" [_thread_blocked, id=29528, stack(0x000000718cc00000,0x000000718cd00000)]
  0x000001e6f79a2de0 JavaThread "Unconstrained build operations Thread 71" [_thread_blocked, id=22212, stack(0x000000718cd00000,0x000000718ce00000)]
  0x000001e6f79a6fb0 JavaThread "Unconstrained build operations Thread 72" [_thread_blocked, id=14732, stack(0x000000718ce00000,0x000000718cf00000)]
  0x000001e6f79a9320 JavaThread "Unconstrained build operations Thread 73" [_thread_blocked, id=27688, stack(0x000000718cf00000,0x000000718d000000)]
  0x000001e6f79a5150 JavaThread "Unconstrained build operations Thread 74" [_thread_blocked, id=29556, stack(0x000000718d000000,0x000000718d100000)]
  0x000001e6f79a7ee0 JavaThread "Unconstrained build operations Thread 75" [_thread_blocked, id=12108, stack(0x000000718d100000,0x000000718d200000)]
  0x000001e6f79a83f0 JavaThread "Unconstrained build operations Thread 76" [_thread_blocked, id=24620, stack(0x000000718d200000,0x000000718d300000)]
  0x000001e6f79a1eb0 JavaThread "Unconstrained build operations Thread 77" [_thread_blocked, id=7116, stack(0x000000718d300000,0x000000718d400000)]
  0x000001e6f79a8900 JavaThread "Unconstrained build operations Thread 78" [_thread_blocked, id=14832, stack(0x000000718d400000,0x000000718d500000)]
  0x000001e6f79a8e10 JavaThread "Unconstrained build operations Thread 79" [_thread_blocked, id=9064, stack(0x000000718d500000,0x000000718d600000)]
  0x000001e6f79a9830 JavaThread "Unconstrained build operations Thread 80" [_thread_blocked, id=28788, stack(0x000000718d600000,0x000000718d700000)]
  0x000001e6f79a3800 JavaThread "Unconstrained build operations Thread 81" [_thread_blocked, id=29648, stack(0x000000718d700000,0x000000718d800000)]
  0x000001e6f79a4730 JavaThread "Unconstrained build operations Thread 82" [_thread_blocked, id=29584, stack(0x000000718d800000,0x000000718d900000)]
  0x000001e6f79a23c0 JavaThread "Unconstrained build operations Thread 83" [_thread_blocked, id=28108, stack(0x000000718d900000,0x000000718da00000)]
  0x000001e6f79a28d0 JavaThread "Unconstrained build operations Thread 84" [_thread_blocked, id=17664, stack(0x000000718da00000,0x000000718db00000)]
  0x000001e6f79a32f0 JavaThread "Unconstrained build operations Thread 85" [_thread_blocked, id=20940, stack(0x000000718db00000,0x000000718dc00000)]
  0x000001e6f79a3d10 JavaThread "Unconstrained build operations Thread 86" [_thread_blocked, id=17376, stack(0x000000718dc00000,0x000000718dd00000)]
  0x000001e6f79a4220 JavaThread "Unconstrained build operations Thread 87" [_thread_blocked, id=2548, stack(0x000000718dd00000,0x000000718de00000)]
  0x000001e6f632b690 JavaThread "Unconstrained build operations Thread 88" [_thread_blocked, id=14212, stack(0x000000718de00000,0x000000718df00000)]
  0x000001e6f632bba0 JavaThread "Unconstrained build operations Thread 89" [_thread_blocked, id=13300, stack(0x000000718df00000,0x000000718e000000)]
  0x000001e6f632a250 JavaThread "Unconstrained build operations Thread 90" [_thread_blocked, id=27396, stack(0x000000718e000000,0x000000718e100000)]
  0x000001e6f632c5c0 JavaThread "Unconstrained build operations Thread 91" [_thread_blocked, id=25144, stack(0x000000718e100000,0x000000718e200000)]
  0x000001e6f632e420 JavaThread "Unconstrained build operations Thread 92" [_thread_blocked, id=11612, stack(0x000000718e200000,0x000000718e300000)]
  0x000001e6f6329830 JavaThread "Unconstrained build operations Thread 93" [_thread_blocked, id=23968, stack(0x000000718e300000,0x000000718e400000)]
  0x000001e6f632e930 JavaThread "Unconstrained build operations Thread 94" [_thread_blocked, id=11516, stack(0x000000718e400000,0x000000718e500000)]
  0x000001e6f632ee40 JavaThread "Unconstrained build operations Thread 95" [_thread_blocked, id=23400, stack(0x000000718e500000,0x000000718e600000)]
  0x000001e6f6328e10 JavaThread "Unconstrained build operations Thread 96" [_thread_blocked, id=12632, stack(0x000000718e600000,0x000000718e700000)]
  0x000001e6f632cad0 JavaThread "Unconstrained build operations Thread 97" [_thread_blocked, id=26280, stack(0x000000718e700000,0x000000718e800000)]
  0x000001e6f632cfe0 JavaThread "Unconstrained build operations Thread 98" [_thread_blocked, id=24560, stack(0x000000718e800000,0x000000718e900000)]
  0x000001e6f632d4f0 JavaThread "Unconstrained build operations Thread 99" [_thread_blocked, id=8992, stack(0x000000718e900000,0x000000718ea00000)]
  0x000001e6f632df10 JavaThread "Unconstrained build operations Thread 100" [_thread_blocked, id=16072, stack(0x000000718ea00000,0x000000718eb00000)]
  0x000001e6f63283f0 JavaThread "Unconstrained build operations Thread 101" [_thread_blocked, id=23244, stack(0x000000718eb00000,0x000000718ec00000)]
  0x000001e6f63279d0 JavaThread "WorkerExecutor Queue" [_thread_blocked, id=24340, stack(0x0000007184a00000,0x0000007184b00000)]
  0x000001e6f632f350 JavaThread "RMI TCP Connection(13)-127.0.0.1" daemon [_thread_in_native, id=29260, stack(0x0000007187900000,0x0000007187a00000)]
  0x000001e6f6327ee0 JavaThread "Unconstrained build operations Thread 102" [_thread_blocked, id=11248, stack(0x0000007189a00000,0x0000007189b00000)]
  0x000001e6f6329320 JavaThread "Unconstrained build operations Thread 103" [_thread_blocked, id=29592, stack(0x000000718ec00000,0x000000718ed00000)]
  0x000001e6f632ac70 JavaThread "Unconstrained build operations Thread 104" [_thread_blocked, id=24664, stack(0x000000718ed00000,0x000000718ee00000)]
  0x000001e6f70e7f40 JavaThread "Unconstrained build operations Thread 105" [_thread_blocked, id=19544, stack(0x000000718ee00000,0x000000718ef00000)]
  0x000001e6f70e8450 JavaThread "Unconstrained build operations Thread 106" [_thread_blocked, id=23328, stack(0x000000718ef00000,0x000000718f000000)]
  0x000001e6f70e3d70 JavaThread "Unconstrained build operations Thread 107" [_thread_blocked, id=28612, stack(0x000000718f000000,0x000000718f100000)]
  0x000001e6f70e4280 JavaThread "Unconstrained build operations Thread 108" [_thread_blocked, id=21612, stack(0x000000718f100000,0x000000718f200000)]
  0x000001e6f70e1a00 JavaThread "Unconstrained build operations Thread 109" [_thread_blocked, id=22956, stack(0x000000718f200000,0x000000718f300000)]
  0x000001e6f70e51b0 JavaThread "Unconstrained build operations Thread 110" [_thread_blocked, id=20560, stack(0x000000718f300000,0x000000718f400000)]
  0x000001e6f528da80 JavaThread "C2 CompilerThread1" daemon [_thread_in_native, id=24552, stack(0x0000007184b00000,0x0000007184c00000)]
  0x000001e6f70e7010 JavaThread "WorkerExecutor Queue Thread 2" [_thread_blocked, id=28772, stack(0x000000718f700000,0x000000718f800000)]
  0x000001e6f7eac2c0 JavaThread "C2 CompilerThread2" daemon [_thread_blocked, id=25192, stack(0x0000007187800000,0x0000007187900000)]
  0x000001e6fb9a2b00 JavaThread "C2 CompilerThread3" daemon [_thread_blocked, id=15636, stack(0x000000718f400000,0x000000718f500000)]
  0x000001e6fc6bd240 JavaThread "C2 CompilerThread4" daemon [_thread_blocked, id=21496, stack(0x000000718f500000,0x000000718f600000)]
  0x000001e6fc6bd790 JavaThread "C2 CompilerThread5" daemon [_thread_in_native, id=28972, stack(0x000000718f600000,0x000000718f700000)]
  0x000001e6fc6bdce0 JavaThread "C2 CompilerThread6" daemon [_thread_blocked, id=17412, stack(0x000000718f800000,0x000000718f900000)]
  0x000001e6fc6bc7a0 JavaThread "C2 CompilerThread7" daemon [_thread_blocked, id=29684, stack(0x000000718f900000,0x000000718fa00000)]

Other Threads:
=>0x000001e6efaf3850 VMThread "VM Thread" [stack: 0x0000007182b00000,0x0000007182c00000] [id=20332]
  0x000001e6d4cbcdd0 WatcherThread [stack: 0x0000007183900000,0x0000007183a00000] [id=3700]
  0x000001e6d4d1a5c0 GCTaskThread "GC Thread#0" [stack: 0x0000007182600000,0x0000007182700000] [id=9848]
  0x000001e6f57b9d10 GCTaskThread "GC Thread#1" [stack: 0x0000007183c00000,0x0000007183d00000] [id=18108]
  0x000001e6f55e68b0 GCTaskThread "GC Thread#2" [stack: 0x0000007183d00000,0x0000007183e00000] [id=10052]
  0x000001e6f595c7b0 GCTaskThread "GC Thread#3" [stack: 0x0000007183e00000,0x0000007183f00000] [id=24828]
  0x000001e6f52564f0 GCTaskThread "GC Thread#4" [stack: 0x0000007183f00000,0x0000007184000000] [id=18584]
  0x000001e6f52567b0 GCTaskThread "GC Thread#5" [stack: 0x0000007184000000,0x0000007184100000] [id=17108]
  0x000001e6f5911730 GCTaskThread "GC Thread#6" [stack: 0x0000007184c00000,0x0000007184d00000] [id=17468]
  0x000001e6f59111b0 GCTaskThread "GC Thread#7" [stack: 0x0000007184d00000,0x0000007184e00000] [id=23108]
  0x000001e6f5910c30 GCTaskThread "GC Thread#8" [stack: 0x0000007184e00000,0x0000007184f00000] [id=18152]
  0x000001e6f5910970 GCTaskThread "GC Thread#9" [stack: 0x0000007184f00000,0x0000007185000000] [id=23772]
  0x000001e6f59103f0 GCTaskThread "GC Thread#10" [stack: 0x0000007185000000,0x0000007185100000] [id=27264]
  0x000001e6f5910ef0 GCTaskThread "GC Thread#11" [stack: 0x0000007185100000,0x0000007185200000] [id=27500]
  0x000001e6f59106b0 GCTaskThread "GC Thread#12" [stack: 0x0000007185200000,0x0000007185300000] [id=24116]
  0x000001e6f59119f0 GCTaskThread "GC Thread#13" [stack: 0x0000007185300000,0x0000007185400000] [id=21640]
  0x000001e6f5910130 GCTaskThread "GC Thread#14" [stack: 0x0000007185400000,0x0000007185500000] [id=24004]
  0x000001e6d4d2b510 ConcurrentGCThread "G1 Main Marker" [stack: 0x0000007182700000,0x0000007182800000] [id=11772]
  0x000001e6d4d2bf30 ConcurrentGCThread "G1 Conc#0" [stack: 0x0000007182800000,0x0000007182900000] [id=20244]
  0x000001e6f5911470 ConcurrentGCThread "G1 Conc#1" [stack: 0x0000007185500000,0x0000007185600000] [id=25396]
  0x000001e6f590fe70 ConcurrentGCThread "G1 Conc#2" [stack: 0x0000007185600000,0x0000007185700000] [id=17552]
  0x000001e6f61d93f0 ConcurrentGCThread "G1 Conc#3" [stack: 0x0000007185700000,0x0000007185800000] [id=25224]
  0x000001e6d4d6ec20 ConcurrentGCThread "G1 Refine#0" [stack: 0x0000007182900000,0x0000007182a00000] [id=24900]
  0x000001e6f847be90 ConcurrentGCThread "G1 Refine#1" [stack: 0x0000007188500000,0x0000007188600000] [id=8644]
  0x000001e6f847d610 ConcurrentGCThread "G1 Refine#2" [stack: 0x0000007188600000,0x0000007188700000] [id=28544]
  0x000001e6fb750570 ConcurrentGCThread "G1 Refine#3" [stack: 0x000000718ac00000,0x000000718ad00000] [id=29300]
  0x000001e6efa263c0 ConcurrentGCThread "G1 Service" [stack: 0x0000007182a00000,0x0000007182b00000] [id=23392]

Threads with active compile tasks:
C2 CompilerThread0   404725 26908   !   4       com.sun.tools.javac.code.Symbol$ClassSymbol::complete (52 bytes)
C2 CompilerThread1   404725 26893       4       com.sun.tools.javac.code.Symtab::enterPackage (79 bytes)
C2 CompilerThread2   404725 26722       4       jdk.internal.jrtfs.JrtFileSystem::checkNode (40 bytes)
C2 CompilerThread4   404725 26501   !   4       java.nio.file.Files::walkFileTree (297 bytes)
C2 CompilerThread5   404725 26721   !   4       jdk.internal.jrtfs.JrtFileSystem::lookup (23 bytes)
C2 CompilerThread6   404725 26911       4       com.sun.tools.javac.jvm.PoolReader::resolve (344 bytes)
C2 CompilerThread7   404725 26723       4       jdk.internal.jrtfs.SystemImage$1::findNode (9 bytes)

VM state: at safepoint (normal execution)

VM Mutex/Monitor currently owned by a thread:  ([mutex/lock_event])
[0x000001e6d4cb7da0] Threads_lock - owner thread: 0x000001e6efaf3850
[0x000001e6d4cb9420] Heap_lock - owner thread: 0x000001e6f63279d0

Heap address: 0x0000000080000000, size: 2048 MB, Compressed Oops mode: 32-bit

CDS archive(s) not mapped
Compressed class space mapped at: 0x0000000100000000-0x0000000140000000, reserved size: 1073741824
Narrow klass base: 0x0000000000000000, Narrow klass shift: 3, Narrow klass range: 0x140000000

GC Precious Log:
 CPUs: 20 total, 20 available
 Memory: 16004M
 Large Page Support: Disabled
 NUMA Support: Disabled
 Compressed Oops: Enabled (32-bit)
 Heap Region Size: 1M
 Heap Min Capacity: 8M
 Heap Initial Capacity: 252M
 Heap Max Capacity: 2G
 Pre-touch: Disabled
 Parallel Workers: 15
 Concurrent Workers: 4
 Concurrent Refinement Workers: 15
 Periodic GC: Disabled

Heap:
 garbage-first heap   total 452608K, used 204256K [0x0000000080000000, 0x0000000100000000)
  region size 1024K, 2 young (2048K), 2 survivors (2048K)
 Metaspace       used 159945K, committed 161600K, reserved 1245184K
  class space    used 21884K, committed 22656K, reserved 1048576K

Heap Regions: E=young(eden), S=young(survivor), O=old, HS=humongous(starts), HC=humongous(continues), CS=collection set, F=free, OA=open archive, CA=closed archive, TAMS=top-at-mark-start (previous, next)
|   0|0x0000000080000000, 0x0000000080100000, 0x0000000080100000|100%|HS|  |TAMS 0x0000000080100000, 0x0000000080100000| Complete 
|   1|0x0000000080100000, 0x0000000080200000, 0x0000000080200000|100%|HC|  |TAMS 0x0000000080200000, 0x0000000080200000| Complete 
|   2|0x0000000080200000, 0x0000000080300000, 0x0000000080300000|100%|HC|  |TAMS 0x0000000080300000, 0x0000000080300000| Complete 
|   3|0x0000000080300000, 0x0000000080400000, 0x0000000080400000|100%|HC|  |TAMS 0x0000000080400000, 0x0000000080400000| Complete 
|   4|0x0000000080400000, 0x0000000080500000, 0x0000000080500000|100%| O|  |TAMS 0x0000000080500000, 0x0000000080500000| Untracked 
|   5|0x0000000080500000, 0x0000000080600000, 0x0000000080600000|100%| O|  |TAMS 0x0000000080600000, 0x0000000080600000| Untracked 
|   6|0x0000000080600000, 0x0000000080700000, 0x0000000080700000|100%| O|  |TAMS 0x0000000080700000, 0x0000000080700000| Untracked 
|   7|0x0000000080700000, 0x0000000080800000, 0x0000000080800000|100%| O|  |TAMS 0x0000000080800000, 0x0000000080800000| Untracked 
|   8|0x0000000080800000, 0x0000000080900000, 0x0000000080900000|100%| O|  |TAMS 0x0000000080900000, 0x0000000080900000| Untracked 
|   9|0x0000000080900000, 0x0000000080a00000, 0x0000000080a00000|100%| O|  |TAMS 0x0000000080a00000, 0x0000000080a00000| Untracked 
|  10|0x0000000080a00000, 0x0000000080b00000, 0x0000000080b00000|100%|HS|  |TAMS 0x0000000080b00000, 0x0000000080b00000| Complete 
|  11|0x0000000080b00000, 0x0000000080c00000, 0x0000000080c00000|100%| O|  |TAMS 0x0000000080c00000, 0x0000000080c00000| Untracked 
|  12|0x0000000080c00000, 0x0000000080d00000, 0x0000000080d00000|100%| O|  |TAMS 0x0000000080d00000, 0x0000000080d00000| Untracked 
|  13|0x0000000080d00000, 0x0000000080e00000, 0x0000000080e00000|100%| O|  |TAMS 0x0000000080e00000, 0x0000000080e00000| Untracked 
|  14|0x0000000080e00000, 0x0000000080f00000, 0x0000000080f00000|100%| O|  |TAMS 0x0000000080f00000, 0x0000000080f00000| Untracked 
|  15|0x0000000080f00000, 0x0000000081000000, 0x0000000081000000|100%| O|  |TAMS 0x0000000081000000, 0x0000000081000000| Untracked 
|  16|0x0000000081000000, 0x0000000081100000, 0x0000000081100000|100%| O|  |TAMS 0x0000000081100000, 0x0000000081100000| Untracked 
|  17|0x0000000081100000, 0x0000000081200000, 0x0000000081200000|100%| O|  |TAMS 0x0000000081200000, 0x0000000081200000| Untracked 
|  18|0x0000000081200000, 0x0000000081300000, 0x0000000081300000|100%| O|  |TAMS 0x0000000081300000, 0x0000000081300000| Untracked 
|  19|0x0000000081300000, 0x0000000081400000, 0x0000000081400000|100%| O|  |TAMS 0x0000000081400000, 0x0000000081400000| Untracked 
|  20|0x0000000081400000, 0x0000000081500000, 0x0000000081500000|100%| O|  |TAMS 0x0000000081500000, 0x0000000081500000| Untracked 
|  21|0x0000000081500000, 0x0000000081600000, 0x0000000081600000|100%| O|  |TAMS 0x0000000081600000, 0x0000000081600000| Untracked 
|  22|0x0000000081600000, 0x0000000081700000, 0x0000000081700000|100%| O|  |TAMS 0x0000000081700000, 0x0000000081700000| Untracked 
|  23|0x0000000081700000, 0x0000000081800000, 0x0000000081800000|100%| O|  |TAMS 0x0000000081800000, 0x0000000081800000| Untracked 
|  24|0x0000000081800000, 0x0000000081900000, 0x0000000081900000|100%| O|  |TAMS 0x0000000081900000, 0x0000000081900000| Untracked 
|  25|0x0000000081900000, 0x0000000081a00000, 0x0000000081a00000|100%| O|  |TAMS 0x0000000081a00000, 0x0000000081a00000| Untracked 
|  26|0x0000000081a00000, 0x0000000081b00000, 0x0000000081b00000|100%| O|  |TAMS 0x0000000081b00000, 0x0000000081b00000| Untracked 
|  27|0x0000000081b00000, 0x0000000081c00000, 0x0000000081c00000|100%| O|  |TAMS 0x0000000081c00000, 0x0000000081c00000| Untracked 
|  28|0x0000000081c00000, 0x0000000081d00000, 0x0000000081d00000|100%| O|  |TAMS 0x0000000081d00000, 0x0000000081d00000| Untracked 
|  29|0x0000000081d00000, 0x0000000081e00000, 0x0000000081e00000|100%| O|  |TAMS 0x0000000081e00000, 0x0000000081e00000| Untracked 
|  30|0x0000000081e00000, 0x0000000081f00000, 0x0000000081f00000|100%| O|  |TAMS 0x0000000081f00000, 0x0000000081f00000| Untracked 
|  31|0x0000000081f00000, 0x0000000082000000, 0x0000000082000000|100%| O|  |TAMS 0x0000000082000000, 0x0000000082000000| Untracked 
|  32|0x0000000082000000, 0x0000000082100000, 0x0000000082100000|100%| O|  |TAMS 0x0000000082100000, 0x0000000082100000| Untracked 
|  33|0x0000000082100000, 0x0000000082200000, 0x0000000082200000|100%|HS|  |TAMS 0x0000000082100000, 0x0000000082200000| Complete 
|  34|0x0000000082200000, 0x0000000082300000, 0x0000000082300000|100%| O|  |TAMS 0x0000000082300000, 0x0000000082300000| Untracked 
|  35|0x0000000082300000, 0x0000000082400000, 0x0000000082400000|100%| O|  |TAMS 0x0000000082400000, 0x0000000082400000| Untracked 
|  36|0x0000000082400000, 0x0000000082500000, 0x0000000082500000|100%| O|  |TAMS 0x0000000082500000, 0x0000000082500000| Untracked 
|  37|0x0000000082500000, 0x0000000082600000, 0x0000000082600000|100%| O|  |TAMS 0x0000000082500000, 0x0000000082600000| Untracked 
|  38|0x0000000082600000, 0x0000000082700000, 0x0000000082700000|100%|HS|  |TAMS 0x0000000082700000, 0x0000000082700000| Complete 
|  39|0x0000000082700000, 0x0000000082800000, 0x0000000082800000|100%| O|  |TAMS 0x0000000082800000, 0x0000000082800000| Untracked 
|  40|0x0000000082800000, 0x0000000082900000, 0x0000000082900000|100%| O|  |TAMS 0x0000000082800000, 0x0000000082900000| Untracked 
|  41|0x0000000082900000, 0x0000000082a00000, 0x0000000082a00000|100%|HS|  |TAMS 0x0000000082a00000, 0x0000000082a00000| Complete 
|  42|0x0000000082a00000, 0x0000000082b00000, 0x0000000082b00000|100%|HS|  |TAMS 0x0000000082b00000, 0x0000000082b00000| Complete 
|  43|0x0000000082b00000, 0x0000000082c00000, 0x0000000082c00000|100%|HS|  |TAMS 0x0000000082c00000, 0x0000000082c00000| Complete 
|  44|0x0000000082c00000, 0x0000000082d00000, 0x0000000082d00000|100%|HC|  |TAMS 0x0000000082d00000, 0x0000000082d00000| Complete 
|  45|0x0000000082d00000, 0x0000000082e00000, 0x0000000082e00000|100%|HS|  |TAMS 0x0000000082e00000, 0x0000000082e00000| Complete 
|  46|0x0000000082e00000, 0x0000000082f00000, 0x0000000082f00000|100%|HC|  |TAMS 0x0000000082f00000, 0x0000000082f00000| Complete 
|  47|0x0000000082f00000, 0x0000000083000000, 0x0000000083000000|100%|HS|  |TAMS 0x0000000083000000, 0x0000000083000000| Complete 
|  48|0x0000000083000000, 0x0000000083100000, 0x0000000083100000|100%|HS|  |TAMS 0x0000000083100000, 0x0000000083100000| Complete 
|  49|0x0000000083100000, 0x0000000083200000, 0x0000000083200000|100%|HC|  |TAMS 0x0000000083200000, 0x0000000083200000| Complete 
|  50|0x0000000083200000, 0x0000000083300000, 0x0000000083300000|100%|HC|  |TAMS 0x0000000083300000, 0x0000000083300000| Complete 
|  51|0x0000000083300000, 0x0000000083400000, 0x0000000083400000|100%|HC|  |TAMS 0x0000000083400000, 0x0000000083400000| Complete 
|  52|0x0000000083400000, 0x0000000083500000, 0x0000000083500000|100%|HS|  |TAMS 0x0000000083500000, 0x0000000083500000| Complete 
|  53|0x0000000083500000, 0x0000000083600000, 0x0000000083600000|100%| O|  |TAMS 0x0000000083600000, 0x0000000083600000| Untracked 
|  54|0x0000000083600000, 0x0000000083700000, 0x0000000083700000|100%|HS|  |TAMS 0x0000000083700000, 0x0000000083700000| Complete 
|  55|0x0000000083700000, 0x0000000083800000, 0x0000000083800000|100%| O|  |TAMS 0x0000000083800000, 0x0000000083800000| Untracked 
|  56|0x0000000083800000, 0x0000000083900000, 0x0000000083900000|100%|HS|  |TAMS 0x0000000083800000, 0x0000000083900000| Complete 
|  57|0x0000000083900000, 0x0000000083900000, 0x0000000083a00000|  0%| F|  |TAMS 0x0000000083900000, 0x0000000083900000| Untracked 
|  58|0x0000000083a00000, 0x0000000083b00000, 0x0000000083b00000|100%| O|  |TAMS 0x0000000083b00000, 0x0000000083b00000| Untracked 
|  59|0x0000000083b00000, 0x0000000083c00000, 0x0000000083c00000|100%| O|  |TAMS 0x0000000083c00000, 0x0000000083c00000| Untracked 
|  60|0x0000000083c00000, 0x0000000083d00000, 0x0000000083d00000|100%| O|  |TAMS 0x0000000083d00000, 0x0000000083d00000| Untracked 
|  61|0x0000000083d00000, 0x0000000083e00000, 0x0000000083e00000|100%| O|  |TAMS 0x0000000083e00000, 0x0000000083e00000| Untracked 
|  62|0x0000000083e00000, 0x0000000083f00000, 0x0000000083f00000|100%| O|  |TAMS 0x0000000083f00000, 0x0000000083f00000| Untracked 
|  63|0x0000000083f00000, 0x0000000084000000, 0x0000000084000000|100%| O|  |TAMS 0x0000000084000000, 0x0000000084000000| Untracked 
|  64|0x0000000084000000, 0x0000000084000000, 0x0000000084100000|  0%| F|  |TAMS 0x0000000084000000, 0x0000000084000000| Untracked 
|  65|0x0000000084100000, 0x0000000084200000, 0x0000000084200000|100%| O|  |TAMS 0x0000000084200000, 0x0000000084200000| Untracked 
|  66|0x0000000084200000, 0x0000000084300000, 0x0000000084300000|100%| O|  |TAMS 0x0000000084300000, 0x0000000084300000| Untracked 
|  67|0x0000000084300000, 0x0000000084400000, 0x0000000084400000|100%| O|  |TAMS 0x0000000084400000, 0x0000000084400000| Untracked 
|  68|0x0000000084400000, 0x0000000084500000, 0x0000000084500000|100%| O|  |TAMS 0x0000000084500000, 0x0000000084500000| Untracked 
|  69|0x0000000084500000, 0x0000000084600000, 0x0000000084600000|100%| O|  |TAMS 0x0000000084600000, 0x0000000084600000| Untracked 
|  70|0x0000000084600000, 0x0000000084700000, 0x0000000084700000|100%| O|  |TAMS 0x0000000084700000, 0x0000000084700000| Untracked 
|  71|0x0000000084700000, 0x0000000084800000, 0x0000000084800000|100%| O|  |TAMS 0x0000000084800000, 0x0000000084800000| Untracked 
|  72|0x0000000084800000, 0x0000000084900000, 0x0000000084900000|100%|HS|  |TAMS 0x0000000084900000, 0x0000000084900000| Complete 
|  73|0x0000000084900000, 0x0000000084a00000, 0x0000000084a00000|100%|HC|  |TAMS 0x0000000084a00000, 0x0000000084a00000| Complete 
|  74|0x0000000084a00000, 0x0000000084b00000, 0x0000000084b00000|100%|HC|  |TAMS 0x0000000084b00000, 0x0000000084b00000| Complete 
|  75|0x0000000084b00000, 0x0000000084c00000, 0x0000000084c00000|100%|HC|  |TAMS 0x0000000084c00000, 0x0000000084c00000| Complete 
|  76|0x0000000084c00000, 0x0000000084c00000, 0x0000000084d00000|  0%| F|  |TAMS 0x0000000084c00000, 0x0000000084c00000| Untracked 
|  77|0x0000000084d00000, 0x0000000084e00000, 0x0000000084e00000|100%| O|  |TAMS 0x0000000084e00000, 0x0000000084e00000| Untracked 
|  78|0x0000000084e00000, 0x0000000084f00000, 0x0000000084f00000|100%| O|  |TAMS 0x0000000084f00000, 0x0000000084f00000| Untracked 
|  79|0x0000000084f00000, 0x0000000085000000, 0x0000000085000000|100%| O|  |TAMS 0x0000000085000000, 0x0000000085000000| Untracked 
|  80|0x0000000085000000, 0x0000000085100000, 0x0000000085100000|100%| O|  |TAMS 0x0000000085100000, 0x0000000085100000| Untracked 
|  81|0x0000000085100000, 0x0000000085200000, 0x0000000085200000|100%| O|  |TAMS 0x0000000085200000, 0x0000000085200000| Untracked 
|  82|0x0000000085200000, 0x0000000085300000, 0x0000000085300000|100%| O|  |TAMS 0x0000000085300000, 0x0000000085300000| Untracked 
|  83|0x0000000085300000, 0x0000000085400000, 0x0000000085400000|100%| O|  |TAMS 0x0000000085400000, 0x0000000085400000| Untracked 
|  84|0x0000000085400000, 0x0000000085500000, 0x0000000085500000|100%| O|  |TAMS 0x0000000085500000, 0x0000000085500000| Untracked 
|  85|0x0000000085500000, 0x0000000085600000, 0x0000000085600000|100%| O|  |TAMS 0x0000000085600000, 0x0000000085600000| Untracked 
|  86|0x0000000085600000, 0x0000000085700000, 0x0000000085700000|100%| O|  |TAMS 0x0000000085700000, 0x0000000085700000| Untracked 
|  87|0x0000000085700000, 0x0000000085800000, 0x0000000085800000|100%| O|  |TAMS 0x0000000085800000, 0x0000000085800000| Untracked 
|  88|0x0000000085800000, 0x0000000085900000, 0x0000000085900000|100%| O|  |TAMS 0x0000000085900000, 0x0000000085900000| Untracked 
|  89|0x0000000085900000, 0x0000000085a00000, 0x0000000085a00000|100%| O|  |TAMS 0x0000000085a00000, 0x0000000085a00000| Untracked 
|  90|0x0000000085a00000, 0x0000000085b00000, 0x0000000085b00000|100%| O|  |TAMS 0x0000000085b00000, 0x0000000085b00000| Untracked 
|  91|0x0000000085b00000, 0x0000000085c00000, 0x0000000085c00000|100%| O|  |TAMS 0x0000000085c00000, 0x0000000085c00000| Untracked 
|  92|0x0000000085c00000, 0x0000000085d00000, 0x0000000085d00000|100%| O|  |TAMS 0x0000000085c00000, 0x0000000085d00000| Untracked 
|  93|0x0000000085d00000, 0x0000000085e00000, 0x0000000085e00000|100%| O|  |TAMS 0x0000000085e00000, 0x0000000085e00000| Untracked 
|  94|0x0000000085e00000, 0x0000000085f00000, 0x0000000085f00000|100%| O|  |TAMS 0x0000000085f00000, 0x0000000085f00000| Untracked 
|  95|0x0000000085f00000, 0x0000000086000000, 0x0000000086000000|100%| O|  |TAMS 0x0000000086000000, 0x0000000086000000| Untracked 
|  96|0x0000000086000000, 0x0000000086100000, 0x0000000086100000|100%| O|  |TAMS 0x0000000086100000, 0x0000000086100000| Untracked 
|  97|0x0000000086100000, 0x0000000086200000, 0x0000000086200000|100%| O|  |TAMS 0x0000000086200000, 0x0000000086200000| Untracked 
|  98|0x0000000086200000, 0x0000000086200000, 0x0000000086300000|  0%| F|  |TAMS 0x0000000086200000, 0x0000000086200000| Untracked 
|  99|0x0000000086300000, 0x0000000086400000, 0x0000000086400000|100%| O|  |TAMS 0x0000000086400000, 0x0000000086400000| Untracked 
| 100|0x0000000086400000, 0x0000000086500000, 0x0000000086500000|100%| O|  |TAMS 0x0000000086500000, 0x0000000086500000| Untracked 
| 101|0x0000000086500000, 0x0000000086600000, 0x0000000086600000|100%| O|  |TAMS 0x0000000086600000, 0x0000000086600000| Untracked 
| 102|0x0000000086600000, 0x0000000086700000, 0x0000000086700000|100%| O|  |TAMS 0x0000000086700000, 0x0000000086700000| Untracked 
| 103|0x0000000086700000, 0x0000000086800000, 0x0000000086800000|100%| O|  |TAMS 0x0000000086800000, 0x0000000086800000| Untracked 
| 104|0x0000000086800000, 0x0000000086900000, 0x0000000086900000|100%| O|  |TAMS 0x0000000086900000, 0x0000000086900000| Untracked 
| 105|0x0000000086900000, 0x0000000086a00000, 0x0000000086a00000|100%| O|  |TAMS 0x0000000086a00000, 0x0000000086a00000| Untracked 
| 106|0x0000000086a00000, 0x0000000086b00000, 0x0000000086b00000|100%| O|  |TAMS 0x0000000086b00000, 0x0000000086b00000| Untracked 
| 107|0x0000000086b00000, 0x0000000086b00000, 0x0000000086c00000|  0%| F|  |TAMS 0x0000000086b00000, 0x0000000086b00000| Untracked 
| 108|0x0000000086c00000, 0x0000000086d00000, 0x0000000086d00000|100%| O|  |TAMS 0x0000000086d00000, 0x0000000086d00000| Untracked 
| 109|0x0000000086d00000, 0x0000000086e00000, 0x0000000086e00000|100%| O|  |TAMS 0x0000000086e00000, 0x0000000086e00000| Untracked 
| 110|0x0000000086e00000, 0x0000000086f00000, 0x0000000086f00000|100%| O|  |TAMS 0x0000000086e00000, 0x0000000086f00000| Untracked 
| 111|0x0000000086f00000, 0x0000000087000000, 0x0000000087000000|100%| O|  |TAMS 0x0000000087000000, 0x0000000087000000| Untracked 
| 112|0x0000000087000000, 0x0000000087100000, 0x0000000087100000|100%| O|  |TAMS 0x0000000087100000, 0x0000000087100000| Untracked 
| 113|0x0000000087100000, 0x0000000087200000, 0x0000000087200000|100%| O|  |TAMS 0x0000000087200000, 0x0000000087200000| Untracked 
| 114|0x0000000087200000, 0x0000000087300000, 0x0000000087300000|100%| O|  |TAMS 0x0000000087300000, 0x0000000087300000| Untracked 
| 115|0x0000000087300000, 0x0000000087400000, 0x0000000087400000|100%| O|  |TAMS 0x0000000087400000, 0x0000000087400000| Untracked 
| 116|0x0000000087400000, 0x0000000087500000, 0x0000000087500000|100%| O|  |TAMS 0x0000000087500000, 0x0000000087500000| Untracked 
| 117|0x0000000087500000, 0x0000000087600000, 0x0000000087600000|100%| O|  |TAMS 0x0000000087600000, 0x0000000087600000| Untracked 
| 118|0x0000000087600000, 0x0000000087700000, 0x0000000087700000|100%| O|  |TAMS 0x0000000087600000, 0x0000000087700000| Untracked 
| 119|0x0000000087700000, 0x0000000087800000, 0x0000000087800000|100%| O|  |TAMS 0x0000000087800000, 0x0000000087800000| Untracked 
| 120|0x0000000087800000, 0x0000000087900000, 0x0000000087900000|100%| O|  |TAMS 0x0000000087900000, 0x0000000087900000| Untracked 
| 121|0x0000000087900000, 0x0000000087a00000, 0x0000000087a00000|100%| O|  |TAMS 0x0000000087a00000, 0x0000000087a00000| Untracked 
| 122|0x0000000087a00000, 0x0000000087b00000, 0x0000000087b00000|100%| O|  |TAMS 0x0000000087a00000, 0x0000000087b00000| Untracked 
| 123|0x0000000087b00000, 0x0000000087c00000, 0x0000000087c00000|100%| O|  |TAMS 0x0000000087c00000, 0x0000000087c00000| Untracked 
| 124|0x0000000087c00000, 0x0000000087d00000, 0x0000000087d00000|100%| O|  |TAMS 0x0000000087d00000, 0x0000000087d00000| Untracked 
| 125|0x0000000087d00000, 0x0000000087e00000, 0x0000000087e00000|100%| O|  |TAMS 0x0000000087e00000, 0x0000000087e00000| Untracked 
| 126|0x0000000087e00000, 0x0000000087f00000, 0x0000000087f00000|100%| O|  |TAMS 0x0000000087f00000, 0x0000000087f00000| Untracked 
| 127|0x0000000087f00000, 0x0000000088000000, 0x0000000088000000|100%| O|  |TAMS 0x0000000088000000, 0x0000000088000000| Untracked 
| 128|0x0000000088000000, 0x0000000088100000, 0x0000000088100000|100%| O|  |TAMS 0x0000000088100000, 0x0000000088100000| Untracked 
| 129|0x0000000088100000, 0x0000000088200000, 0x0000000088200000|100%| O|  |TAMS 0x0000000088200000, 0x0000000088200000| Untracked 
| 130|0x0000000088200000, 0x0000000088300000, 0x0000000088300000|100%| O|  |TAMS 0x0000000088300000, 0x0000000088300000| Untracked 
| 131|0x0000000088300000, 0x0000000088400000, 0x0000000088400000|100%| O|  |TAMS 0x0000000088400000, 0x0000000088400000| Untracked 
| 132|0x0000000088400000, 0x0000000088500000, 0x0000000088500000|100%| O|  |TAMS 0x0000000088500000, 0x0000000088500000| Untracked 
| 133|0x0000000088500000, 0x0000000088600000, 0x0000000088600000|100%| O|  |TAMS 0x0000000088600000, 0x0000000088600000| Untracked 
| 134|0x0000000088600000, 0x0000000088700000, 0x0000000088700000|100%| O|  |TAMS 0x0000000088700000, 0x0000000088700000| Untracked 
| 135|0x0000000088700000, 0x0000000088700000, 0x0000000088800000|  0%| F|  |TAMS 0x0000000088700000, 0x0000000088700000| Untracked 
| 136|0x0000000088800000, 0x0000000088900000, 0x0000000088900000|100%| O|  |TAMS 0x0000000088900000, 0x0000000088900000| Untracked 
| 137|0x0000000088900000, 0x0000000088a00000, 0x0000000088a00000|100%| O|  |TAMS 0x0000000088a00000, 0x0000000088a00000| Untracked 
| 138|0x0000000088a00000, 0x0000000088b00000, 0x0000000088b00000|100%| O|  |TAMS 0x0000000088b00000, 0x0000000088b00000| Untracked 
| 139|0x0000000088b00000, 0x0000000088c00000, 0x0000000088c00000|100%| O|  |TAMS 0x0000000088c00000, 0x0000000088c00000| Untracked 
| 140|0x0000000088c00000, 0x0000000088d00000, 0x0000000088d00000|100%| O|  |TAMS 0x0000000088d00000, 0x0000000088d00000| Untracked 
| 141|0x0000000088d00000, 0x0000000088d00000, 0x0000000088e00000|  0%| F|  |TAMS 0x0000000088d00000, 0x0000000088d00000| Untracked 
| 142|0x0000000088e00000, 0x0000000088f00000, 0x0000000088f00000|100%| O|  |TAMS 0x0000000088f00000, 0x0000000088f00000| Untracked 
| 143|0x0000000088f00000, 0x0000000089000000, 0x0000000089000000|100%| O|  |TAMS 0x0000000089000000, 0x0000000089000000| Untracked 
| 144|0x0000000089000000, 0x0000000089100000, 0x0000000089100000|100%| O|  |TAMS 0x0000000089100000, 0x0000000089100000| Untracked 
| 145|0x0000000089100000, 0x0000000089200000, 0x0000000089200000|100%| O|  |TAMS 0x0000000089200000, 0x0000000089200000| Untracked 
| 146|0x0000000089200000, 0x0000000089300000, 0x0000000089300000|100%| O|  |TAMS 0x0000000089200000, 0x0000000089300000| Untracked 
| 147|0x0000000089300000, 0x0000000089400000, 0x0000000089400000|100%| O|  |TAMS 0x0000000089400000, 0x0000000089400000| Untracked 
| 148|0x0000000089400000, 0x0000000089500000, 0x0000000089500000|100%| O|  |TAMS 0x0000000089500000, 0x0000000089500000| Untracked 
| 149|0x0000000089500000, 0x0000000089600000, 0x0000000089600000|100%| O|  |TAMS 0x0000000089600000, 0x0000000089600000| Untracked 
| 150|0x0000000089600000, 0x0000000089700000, 0x0000000089700000|100%| O|  |TAMS 0x0000000089700000, 0x0000000089700000| Untracked 
| 151|0x0000000089700000, 0x0000000089800000, 0x0000000089800000|100%| O|  |TAMS 0x0000000089800000, 0x0000000089800000| Untracked 
| 152|0x0000000089800000, 0x0000000089800000, 0x0000000089900000|  0%| F|  |TAMS 0x0000000089800000, 0x0000000089800000| Untracked 
| 153|0x0000000089900000, 0x0000000089a00000, 0x0000000089a00000|100%| O|  |TAMS 0x0000000089a00000, 0x0000000089a00000| Untracked 
| 154|0x0000000089a00000, 0x0000000089b00000, 0x0000000089b00000|100%| O|  |TAMS 0x0000000089b00000, 0x0000000089b00000| Untracked 
| 155|0x0000000089b00000, 0x0000000089c00000, 0x0000000089c00000|100%| O|  |TAMS 0x0000000089b00000, 0x0000000089c00000| Untracked 
| 156|0x0000000089c00000, 0x0000000089c00000, 0x0000000089d00000|  0%| F|  |TAMS 0x0000000089c00000, 0x0000000089c00000| Untracked 
| 157|0x0000000089d00000, 0x0000000089e00000, 0x0000000089e00000|100%| O|  |TAMS 0x0000000089d00000, 0x0000000089e00000| Untracked 
| 158|0x0000000089e00000, 0x0000000089e00000, 0x0000000089f00000|  0%| F|  |TAMS 0x0000000089e00000, 0x0000000089e00000| Untracked 
| 159|0x0000000089f00000, 0x000000008a000000, 0x000000008a000000|100%| O|  |TAMS 0x000000008a000000, 0x000000008a000000| Untracked 
| 160|0x000000008a000000, 0x000000008a100000, 0x000000008a100000|100%| O|  |TAMS 0x000000008a100000, 0x000000008a100000| Untracked 
| 161|0x000000008a100000, 0x000000008a200000, 0x000000008a200000|100%| O|  |TAMS 0x000000008a200000, 0x000000008a200000| Untracked 
| 162|0x000000008a200000, 0x000000008a300000, 0x000000008a300000|100%| O|  |TAMS 0x000000008a300000, 0x000000008a300000| Untracked 
| 163|0x000000008a300000, 0x000000008a400000, 0x000000008a400000|100%| O|  |TAMS 0x000000008a400000, 0x000000008a400000| Untracked 
| 164|0x000000008a400000, 0x000000008a500000, 0x000000008a500000|100%| O|  |TAMS 0x000000008a500000, 0x000000008a500000| Untracked 
| 165|0x000000008a500000, 0x000000008a600000, 0x000000008a600000|100%| O|  |TAMS 0x000000008a600000, 0x000000008a600000| Untracked 
| 166|0x000000008a600000, 0x000000008a700000, 0x000000008a700000|100%| O|  |TAMS 0x000000008a700000, 0x000000008a700000| Untracked 
| 167|0x000000008a700000, 0x000000008a7ffff8, 0x000000008a800000| 99%| O|  |TAMS 0x000000008a7ffff8, 0x000000008a7ffff8| Untracked 
| 168|0x000000008a800000, 0x000000008a800000, 0x000000008a900000|  0%| F|  |TAMS 0x000000008a800000, 0x000000008a800000| Untracked 
| 169|0x000000008a900000, 0x000000008a900000, 0x000000008aa00000|  0%| F|  |TAMS 0x000000008a900000, 0x000000008a900000| Untracked 
| 170|0x000000008aa00000, 0x000000008aa00000, 0x000000008ab00000|  0%| F|  |TAMS 0x000000008aa00000, 0x000000008aa00000| Untracked 
| 171|0x000000008ab00000, 0x000000008ab00000, 0x000000008ac00000|  0%| F|  |TAMS 0x000000008ab00000, 0x000000008ab00000| Untracked 
| 172|0x000000008ac00000, 0x000000008ad00000, 0x000000008ad00000|100%| O|  |TAMS 0x000000008ac00000, 0x000000008ad00000| Untracked 
| 173|0x000000008ad00000, 0x000000008ae00000, 0x000000008ae00000|100%| O|  |TAMS 0x000000008ad00000, 0x000000008ae00000| Untracked 
| 174|0x000000008ae00000, 0x000000008af00000, 0x000000008af00000|100%| O|  |TAMS 0x000000008ae00000, 0x000000008af00000| Untracked 
| 175|0x000000008af00000, 0x000000008b000000, 0x000000008b000000|100%| O|  |TAMS 0x000000008af00000, 0x000000008b000000| Untracked 
| 176|0x000000008b000000, 0x000000008b100000, 0x000000008b100000|100%| O|  |TAMS 0x000000008b000000, 0x000000008b100000| Untracked 
| 177|0x000000008b100000, 0x000000008b200000, 0x000000008b200000|100%| O|  |TAMS 0x000000008b200000, 0x000000008b200000| Untracked 
| 178|0x000000008b200000, 0x000000008b300000, 0x000000008b300000|100%| O|  |TAMS 0x000000008b300000, 0x000000008b300000| Untracked 
| 179|0x000000008b300000, 0x000000008b300000, 0x000000008b400000|  0%| F|  |TAMS 0x000000008b300000, 0x000000008b300000| Untracked 
| 180|0x000000008b400000, 0x000000008b500000, 0x000000008b500000|100%| O|  |TAMS 0x000000008b500000, 0x000000008b500000| Untracked 
| 181|0x000000008b500000, 0x000000008b500000, 0x000000008b600000|  0%| F|  |TAMS 0x000000008b500000, 0x000000008b500000| Untracked 
| 182|0x000000008b600000, 0x000000008b700000, 0x000000008b700000|100%| O|  |TAMS 0x000000008b700000, 0x000000008b700000| Untracked 
| 183|0x000000008b700000, 0x000000008b700000, 0x000000008b800000|  0%| F|  |TAMS 0x000000008b700000, 0x000000008b700000| Untracked 
| 184|0x000000008b800000, 0x000000008b900000, 0x000000008b900000|100%| O|  |TAMS 0x000000008b900000, 0x000000008b900000| Untracked 
| 185|0x000000008b900000, 0x000000008ba00000, 0x000000008ba00000|100%| O|  |TAMS 0x000000008ba00000, 0x000000008ba00000| Untracked 
| 186|0x000000008ba00000, 0x000000008ba00000, 0x000000008bb00000|  0%| F|  |TAMS 0x000000008ba00000, 0x000000008ba00000| Untracked 
| 187|0x000000008bb00000, 0x000000008bc00000, 0x000000008bc00000|100%| O|  |TAMS 0x000000008bc00000, 0x000000008bc00000| Untracked 
| 188|0x000000008bc00000, 0x000000008bc00000, 0x000000008bd00000|  0%| F|  |TAMS 0x000000008bc00000, 0x000000008bc00000| Untracked 
| 189|0x000000008bd00000, 0x000000008bd00000, 0x000000008be00000|  0%| F|  |TAMS 0x000000008bd00000, 0x000000008bd00000| Untracked 
| 190|0x000000008be00000, 0x000000008bf00000, 0x000000008bf00000|100%| O|  |TAMS 0x000000008bf00000, 0x000000008bf00000| Untracked 
| 191|0x000000008bf00000, 0x000000008c000000, 0x000000008c000000|100%| O|  |TAMS 0x000000008c000000, 0x000000008c000000| Untracked 
| 192|0x000000008c000000, 0x000000008c100000, 0x000000008c100000|100%| O|  |TAMS 0x000000008c100000, 0x000000008c100000| Untracked 
| 193|0x000000008c100000, 0x000000008c200000, 0x000000008c200000|100%| O|  |TAMS 0x000000008c167e00, 0x000000008c200000| Untracked 
| 194|0x000000008c200000, 0x000000008c300000, 0x000000008c300000|100%| O|  |TAMS 0x000000008c200000, 0x000000008c300000| Untracked 
| 195|0x000000008c300000, 0x000000008c400000, 0x000000008c400000|100%| O|  |TAMS 0x000000008c300000, 0x000000008c400000| Untracked 
| 196|0x000000008c400000, 0x000000008c500000, 0x000000008c500000|100%|HS|  |TAMS 0x000000008c400000, 0x000000008c500000| Complete 
| 197|0x000000008c500000, 0x000000008c600000, 0x000000008c600000|100%|HC|  |TAMS 0x000000008c500000, 0x000000008c600000| Complete 
| 198|0x000000008c600000, 0x000000008c700000, 0x000000008c700000|100%| O|  |TAMS 0x000000008c600000, 0x000000008c700000| Untracked 
| 199|0x000000008c700000, 0x000000008c800000, 0x000000008c800000|100%| O|  |TAMS 0x000000008c700000, 0x000000008c800000| Untracked 
| 200|0x000000008c800000, 0x000000008c900000, 0x000000008c900000|100%| O|  |TAMS 0x000000008c800000, 0x000000008c900000| Untracked 
| 201|0x000000008c900000, 0x000000008ca00000, 0x000000008ca00000|100%| O|  |TAMS 0x000000008c900000, 0x000000008ca00000| Untracked 
| 202|0x000000008ca00000, 0x000000008cb00000, 0x000000008cb00000|100%| O|  |TAMS 0x000000008ca00000, 0x000000008cb00000| Untracked 
| 203|0x000000008cb00000, 0x000000008cc00000, 0x000000008cc00000|100%| O|  |TAMS 0x000000008cb00000, 0x000000008cc00000| Untracked 
| 204|0x000000008cc00000, 0x000000008cd00000, 0x000000008cd00000|100%| O|  |TAMS 0x000000008cc00000, 0x000000008cd00000| Untracked 
| 205|0x000000008cd00000, 0x000000008ce00000, 0x000000008ce00000|100%| O|  |TAMS 0x000000008cd00000, 0x000000008ce00000| Untracked 
| 206|0x000000008ce00000, 0x000000008cf00000, 0x000000008cf00000|100%| O|  |TAMS 0x000000008ce00000, 0x000000008cf00000| Untracked 
| 207|0x000000008cf00000, 0x000000008d000000, 0x000000008d000000|100%| O|  |TAMS 0x000000008cf00000, 0x000000008d000000| Untracked 
| 208|0x000000008d000000, 0x000000008d0e2800, 0x000000008d100000| 88%| O|  |TAMS 0x000000008d000000, 0x000000008d0e2800| Untracked 
| 209|0x000000008d100000, 0x000000008d100000, 0x000000008d200000|  0%| F|  |TAMS 0x000000008d100000, 0x000000008d100000| Untracked 
| 210|0x000000008d200000, 0x000000008d200000, 0x000000008d300000|  0%| F|  |TAMS 0x000000008d200000, 0x000000008d200000| Untracked 
| 211|0x000000008d300000, 0x000000008d300000, 0x000000008d400000|  0%| F|  |TAMS 0x000000008d300000, 0x000000008d300000| Untracked 
| 212|0x000000008d400000, 0x000000008d400000, 0x000000008d500000|  0%| F|  |TAMS 0x000000008d400000, 0x000000008d400000| Untracked 
| 213|0x000000008d500000, 0x000000008d500000, 0x000000008d600000|  0%| F|  |TAMS 0x000000008d500000, 0x000000008d500000| Untracked 
| 214|0x000000008d600000, 0x000000008d600000, 0x000000008d700000|  0%| F|  |TAMS 0x000000008d600000, 0x000000008d600000| Untracked 
| 215|0x000000008d700000, 0x000000008d700000, 0x000000008d800000|  0%| F|  |TAMS 0x000000008d700000, 0x000000008d700000| Untracked 
| 216|0x000000008d800000, 0x000000008d800000, 0x000000008d900000|  0%| F|  |TAMS 0x000000008d800000, 0x000000008d800000| Untracked 
| 217|0x000000008d900000, 0x000000008d900000, 0x000000008da00000|  0%| F|  |TAMS 0x000000008d900000, 0x000000008d900000| Untracked 
| 218|0x000000008da00000, 0x000000008da00000, 0x000000008db00000|  0%| F|  |TAMS 0x000000008da00000, 0x000000008da00000| Untracked 
| 219|0x000000008db00000, 0x000000008db00000, 0x000000008dc00000|  0%| F|  |TAMS 0x000000008db00000, 0x000000008db00000| Untracked 
| 220|0x000000008dc00000, 0x000000008dc00000, 0x000000008dd00000|  0%| F|  |TAMS 0x000000008dc00000, 0x000000008dc00000| Untracked 
| 221|0x000000008dd00000, 0x000000008dd00000, 0x000000008de00000|  0%| F|  |TAMS 0x000000008dd00000, 0x000000008dd00000| Untracked 
| 222|0x000000008de00000, 0x000000008de00000, 0x000000008df00000|  0%| F|  |TAMS 0x000000008de00000, 0x000000008de00000| Untracked 
| 223|0x000000008df00000, 0x000000008df00000, 0x000000008e000000|  0%| F|  |TAMS 0x000000008df00000, 0x000000008df00000| Untracked 
| 224|0x000000008e000000, 0x000000008e000000, 0x000000008e100000|  0%| F|  |TAMS 0x000000008e000000, 0x000000008e000000| Untracked 
| 225|0x000000008e100000, 0x000000008e100000, 0x000000008e200000|  0%| F|  |TAMS 0x000000008e100000, 0x000000008e100000| Untracked 
| 226|0x000000008e200000, 0x000000008e200000, 0x000000008e300000|  0%| F|  |TAMS 0x000000008e200000, 0x000000008e200000| Untracked 
| 227|0x000000008e300000, 0x000000008e300000, 0x000000008e400000|  0%| F|  |TAMS 0x000000008e300000, 0x000000008e300000| Untracked 
| 228|0x000000008e400000, 0x000000008e400000, 0x000000008e500000|  0%| F|  |TAMS 0x000000008e400000, 0x000000008e400000| Untracked 
| 229|0x000000008e500000, 0x000000008e500000, 0x000000008e600000|  0%| F|  |TAMS 0x000000008e500000, 0x000000008e500000| Untracked 
| 230|0x000000008e600000, 0x000000008e600000, 0x000000008e700000|  0%| F|  |TAMS 0x000000008e600000, 0x000000008e600000| Untracked 
| 231|0x000000008e700000, 0x000000008e700000, 0x000000008e800000|  0%| F|  |TAMS 0x000000008e700000, 0x000000008e700000| Untracked 
| 232|0x000000008e800000, 0x000000008e800000, 0x000000008e900000|  0%| F|  |TAMS 0x000000008e800000, 0x000000008e800000| Untracked 
| 233|0x000000008e900000, 0x000000008e900000, 0x000000008ea00000|  0%| F|  |TAMS 0x000000008e900000, 0x000000008e900000| Untracked 
| 234|0x000000008ea00000, 0x000000008ea00000, 0x000000008eb00000|  0%| F|  |TAMS 0x000000008ea00000, 0x000000008ea00000| Untracked 
| 235|0x000000008eb00000, 0x000000008eb00000, 0x000000008ec00000|  0%| F|  |TAMS 0x000000008eb00000, 0x000000008eb00000| Untracked 
| 236|0x000000008ec00000, 0x000000008ec00000, 0x000000008ed00000|  0%| F|  |TAMS 0x000000008ec00000, 0x000000008ec00000| Untracked 
| 237|0x000000008ed00000, 0x000000008ed00000, 0x000000008ee00000|  0%| F|  |TAMS 0x000000008ed00000, 0x000000008ed00000| Untracked 
| 238|0x000000008ee00000, 0x000000008ee00000, 0x000000008ef00000|  0%| F|  |TAMS 0x000000008ee00000, 0x000000008ee00000| Untracked 
| 239|0x000000008ef00000, 0x000000008ef00000, 0x000000008f000000|  0%| F|  |TAMS 0x000000008ef00000, 0x000000008ef00000| Untracked 
| 240|0x000000008f000000, 0x000000008f000000, 0x000000008f100000|  0%| F|  |TAMS 0x000000008f000000, 0x000000008f000000| Untracked 
| 241|0x000000008f100000, 0x000000008f100000, 0x000000008f200000|  0%| F|  |TAMS 0x000000008f100000, 0x000000008f100000| Untracked 
| 242|0x000000008f200000, 0x000000008f200000, 0x000000008f300000|  0%| F|  |TAMS 0x000000008f200000, 0x000000008f200000| Untracked 
| 243|0x000000008f300000, 0x000000008f300000, 0x000000008f400000|  0%| F|  |TAMS 0x000000008f300000, 0x000000008f300000| Untracked 
| 244|0x000000008f400000, 0x000000008f400000, 0x000000008f500000|  0%| F|  |TAMS 0x000000008f400000, 0x000000008f400000| Untracked 
| 245|0x000000008f500000, 0x000000008f500000, 0x000000008f600000|  0%| F|  |TAMS 0x000000008f500000, 0x000000008f500000| Untracked 
| 246|0x000000008f600000, 0x000000008f600000, 0x000000008f700000|  0%| F|  |TAMS 0x000000008f600000, 0x000000008f600000| Untracked 
| 247|0x000000008f700000, 0x000000008f700000, 0x000000008f800000|  0%| F|  |TAMS 0x000000008f700000, 0x000000008f700000| Untracked 
| 248|0x000000008f800000, 0x000000008f800000, 0x000000008f900000|  0%| F|  |TAMS 0x000000008f800000, 0x000000008f800000| Untracked 
| 249|0x000000008f900000, 0x000000008f900000, 0x000000008fa00000|  0%| F|  |TAMS 0x000000008f900000, 0x000000008f900000| Untracked 
| 250|0x000000008fa00000, 0x000000008fa00000, 0x000000008fb00000|  0%| F|  |TAMS 0x000000008fa00000, 0x000000008fa00000| Untracked 
| 251|0x000000008fb00000, 0x000000008fb00000, 0x000000008fc00000|  0%| F|  |TAMS 0x000000008fb00000, 0x000000008fb00000| Untracked 
| 252|0x000000008fc00000, 0x000000008fc00000, 0x000000008fd00000|  0%| F|  |TAMS 0x000000008fc00000, 0x000000008fc00000| Untracked 
| 253|0x000000008fd00000, 0x000000008fd00000, 0x000000008fe00000|  0%| F|  |TAMS 0x000000008fd00000, 0x000000008fd00000| Untracked 
| 254|0x000000008fe00000, 0x000000008fe00000, 0x000000008ff00000|  0%| F|  |TAMS 0x000000008fe00000, 0x000000008fe00000| Untracked 
| 255|0x000000008ff00000, 0x000000008ff00000, 0x0000000090000000|  0%| F|  |TAMS 0x000000008ff00000, 0x000000008ff00000| Untracked 
| 256|0x0000000090000000, 0x0000000090000000, 0x0000000090100000|  0%| F|  |TAMS 0x0000000090000000, 0x0000000090000000| Untracked 
| 257|0x0000000090100000, 0x0000000090100000, 0x0000000090200000|  0%| F|  |TAMS 0x0000000090100000, 0x0000000090100000| Untracked 
| 258|0x0000000090200000, 0x0000000090200000, 0x0000000090300000|  0%| F|  |TAMS 0x0000000090200000, 0x0000000090200000| Untracked 
| 259|0x0000000090300000, 0x0000000090300000, 0x0000000090400000|  0%| F|  |TAMS 0x0000000090300000, 0x0000000090300000| Untracked 
| 260|0x0000000090400000, 0x0000000090400000, 0x0000000090500000|  0%| F|  |TAMS 0x0000000090400000, 0x0000000090400000| Untracked 
| 261|0x0000000090500000, 0x0000000090500000, 0x0000000090600000|  0%| F|  |TAMS 0x0000000090500000, 0x0000000090500000| Untracked 
| 262|0x0000000090600000, 0x0000000090700000, 0x0000000090700000|100%| O|  |TAMS 0x0000000090700000, 0x0000000090700000| Untracked 
| 263|0x0000000090700000, 0x0000000090800000, 0x0000000090800000|100%| O|  |TAMS 0x0000000090800000, 0x0000000090800000| Untracked 
| 264|0x0000000090800000, 0x0000000090900000, 0x0000000090900000|100%| O|  |TAMS 0x0000000090900000, 0x0000000090900000| Untracked 
| 265|0x0000000090900000, 0x0000000090a00000, 0x0000000090a00000|100%| O|  |TAMS 0x0000000090a00000, 0x0000000090a00000| Untracked 
| 266|0x0000000090a00000, 0x0000000090b00000, 0x0000000090b00000|100%| O|  |TAMS 0x0000000090b00000, 0x0000000090b00000| Untracked 
| 267|0x0000000090b00000, 0x0000000090c00000, 0x0000000090c00000|100%| O|  |TAMS 0x0000000090c00000, 0x0000000090c00000| Untracked 
| 268|0x0000000090c00000, 0x0000000090c00000, 0x0000000090d00000|  0%| F|  |TAMS 0x0000000090c00000, 0x0000000090c00000| Untracked 
| 269|0x0000000090d00000, 0x0000000090d00000, 0x0000000090e00000|  0%| F|  |TAMS 0x0000000090d00000, 0x0000000090d00000| Untracked 
| 270|0x0000000090e00000, 0x0000000090f00000, 0x0000000090f00000|100%| O|  |TAMS 0x0000000090f00000, 0x0000000090f00000| Untracked 
| 271|0x0000000090f00000, 0x0000000091000000, 0x0000000091000000|100%| O|  |TAMS 0x0000000091000000, 0x0000000091000000| Untracked 
| 272|0x0000000091000000, 0x0000000091000000, 0x0000000091100000|  0%| F|  |TAMS 0x0000000091000000, 0x0000000091000000| Untracked 
| 273|0x0000000091100000, 0x0000000091100000, 0x0000000091200000|  0%| F|  |TAMS 0x0000000091100000, 0x0000000091100000| Untracked 
| 274|0x0000000091200000, 0x0000000091200000, 0x0000000091300000|  0%| F|  |TAMS 0x0000000091200000, 0x0000000091200000| Untracked 
| 275|0x0000000091300000, 0x0000000091300000, 0x0000000091400000|  0%| F|  |TAMS 0x0000000091300000, 0x0000000091300000| Untracked 
| 276|0x0000000091400000, 0x0000000091400000, 0x0000000091500000|  0%| F|  |TAMS 0x0000000091400000, 0x0000000091400000| Untracked 
| 277|0x0000000091500000, 0x0000000091500000, 0x0000000091600000|  0%| F|  |TAMS 0x0000000091500000, 0x0000000091500000| Untracked 
| 278|0x0000000091600000, 0x0000000091600000, 0x0000000091700000|  0%| F|  |TAMS 0x0000000091600000, 0x0000000091600000| Untracked 
| 279|0x0000000091700000, 0x0000000091700000, 0x0000000091800000|  0%| F|  |TAMS 0x0000000091700000, 0x0000000091700000| Untracked 
| 280|0x0000000091800000, 0x0000000091800000, 0x0000000091900000|  0%| F|  |TAMS 0x0000000091800000, 0x0000000091800000| Untracked 
| 281|0x0000000091900000, 0x0000000091900000, 0x0000000091a00000|  0%| F|  |TAMS 0x0000000091900000, 0x0000000091900000| Untracked 
| 282|0x0000000091a00000, 0x0000000091a00000, 0x0000000091b00000|  0%| F|  |TAMS 0x0000000091a00000, 0x0000000091a00000| Untracked 
| 283|0x0000000091b00000, 0x0000000091b00000, 0x0000000091c00000|  0%| F|  |TAMS 0x0000000091b00000, 0x0000000091b00000| Untracked 
| 284|0x0000000091c00000, 0x0000000091c00000, 0x0000000091d00000|  0%| F|  |TAMS 0x0000000091c00000, 0x0000000091c00000| Untracked 
| 285|0x0000000091d00000, 0x0000000091d00000, 0x0000000091e00000|  0%| F|  |TAMS 0x0000000091d00000, 0x0000000091d00000| Untracked 
| 286|0x0000000091e00000, 0x0000000091e00000, 0x0000000091f00000|  0%| F|  |TAMS 0x0000000091e00000, 0x0000000091e00000| Untracked 
| 287|0x0000000091f00000, 0x0000000091f00000, 0x0000000092000000|  0%| F|  |TAMS 0x0000000091f00000, 0x0000000091f00000| Untracked 
| 288|0x0000000092000000, 0x0000000092000000, 0x0000000092100000|  0%| F|  |TAMS 0x0000000092000000, 0x0000000092000000| Untracked 
| 289|0x0000000092100000, 0x0000000092100000, 0x0000000092200000|  0%| F|  |TAMS 0x0000000092100000, 0x0000000092100000| Untracked 
| 290|0x0000000092200000, 0x0000000092200000, 0x0000000092300000|  0%| F|  |TAMS 0x0000000092200000, 0x0000000092200000| Untracked 
| 291|0x0000000092300000, 0x0000000092300000, 0x0000000092400000|  0%| F|  |TAMS 0x0000000092300000, 0x0000000092300000| Untracked 
| 292|0x0000000092400000, 0x0000000092400000, 0x0000000092500000|  0%| F|  |TAMS 0x0000000092400000, 0x0000000092400000| Untracked 
| 293|0x0000000092500000, 0x0000000092500000, 0x0000000092600000|  0%| F|  |TAMS 0x0000000092500000, 0x0000000092500000| Untracked 
| 294|0x0000000092600000, 0x0000000092600000, 0x0000000092700000|  0%| F|  |TAMS 0x0000000092600000, 0x0000000092600000| Untracked 
| 295|0x0000000092700000, 0x0000000092700000, 0x0000000092800000|  0%| F|  |TAMS 0x0000000092700000, 0x0000000092700000| Untracked 
| 296|0x0000000092800000, 0x0000000092800000, 0x0000000092900000|  0%| F|  |TAMS 0x0000000092800000, 0x0000000092800000| Untracked 
| 297|0x0000000092900000, 0x0000000092900000, 0x0000000092a00000|  0%| F|  |TAMS 0x0000000092900000, 0x0000000092900000| Untracked 
| 298|0x0000000092a00000, 0x0000000092a00000, 0x0000000092b00000|  0%| F|  |TAMS 0x0000000092a00000, 0x0000000092a00000| Untracked 
| 299|0x0000000092b00000, 0x0000000092b00000, 0x0000000092c00000|  0%| F|  |TAMS 0x0000000092b00000, 0x0000000092b00000| Untracked 
| 300|0x0000000092c00000, 0x0000000092c00000, 0x0000000092d00000|  0%| F|  |TAMS 0x0000000092c00000, 0x0000000092c00000| Untracked 
| 301|0x0000000092d00000, 0x0000000092d00000, 0x0000000092e00000|  0%| F|  |TAMS 0x0000000092d00000, 0x0000000092d00000| Untracked 
| 302|0x0000000092e00000, 0x0000000092e00000, 0x0000000092f00000|  0%| F|  |TAMS 0x0000000092e00000, 0x0000000092e00000| Untracked 
| 303|0x0000000092f00000, 0x0000000092f00000, 0x0000000093000000|  0%| F|  |TAMS 0x0000000092f00000, 0x0000000092f00000| Untracked 
| 304|0x0000000093000000, 0x0000000093000000, 0x0000000093100000|  0%| F|  |TAMS 0x0000000093000000, 0x0000000093000000| Untracked 
| 305|0x0000000093100000, 0x0000000093100000, 0x0000000093200000|  0%| F|  |TAMS 0x0000000093100000, 0x0000000093100000| Untracked 
| 306|0x0000000093200000, 0x0000000093200000, 0x0000000093300000|  0%| F|  |TAMS 0x0000000093200000, 0x0000000093200000| Untracked 
| 307|0x0000000093300000, 0x0000000093300000, 0x0000000093400000|  0%| F|  |TAMS 0x0000000093300000, 0x0000000093300000| Untracked 
| 308|0x0000000093400000, 0x0000000093400000, 0x0000000093500000|  0%| F|  |TAMS 0x0000000093400000, 0x0000000093400000| Untracked 
| 309|0x0000000093500000, 0x0000000093500000, 0x0000000093600000|  0%| F|  |TAMS 0x0000000093500000, 0x0000000093500000| Untracked 
| 310|0x0000000093600000, 0x0000000093600000, 0x0000000093700000|  0%| F|  |TAMS 0x0000000093600000, 0x0000000093600000| Untracked 
| 311|0x0000000093700000, 0x0000000093700000, 0x0000000093800000|  0%| F|  |TAMS 0x0000000093700000, 0x0000000093700000| Untracked 
| 312|0x0000000093800000, 0x0000000093800000, 0x0000000093900000|  0%| F|  |TAMS 0x0000000093800000, 0x0000000093800000| Untracked 
| 313|0x0000000093900000, 0x0000000093900000, 0x0000000093a00000|  0%| F|  |TAMS 0x0000000093900000, 0x0000000093900000| Untracked 
| 314|0x0000000093a00000, 0x0000000093a00000, 0x0000000093b00000|  0%| F|  |TAMS 0x0000000093a00000, 0x0000000093a00000| Untracked 
| 315|0x0000000093b00000, 0x0000000093b00000, 0x0000000093c00000|  0%| F|  |TAMS 0x0000000093b00000, 0x0000000093b00000| Untracked 
| 316|0x0000000093c00000, 0x0000000093c00000, 0x0000000093d00000|  0%| F|  |TAMS 0x0000000093c00000, 0x0000000093c00000| Untracked 
| 317|0x0000000093d00000, 0x0000000093d00000, 0x0000000093e00000|  0%| F|  |TAMS 0x0000000093d00000, 0x0000000093d00000| Untracked 
| 318|0x0000000093e00000, 0x0000000093e00000, 0x0000000093f00000|  0%| F|  |TAMS 0x0000000093e00000, 0x0000000093e00000| Untracked 
| 319|0x0000000093f00000, 0x0000000093f00000, 0x0000000094000000|  0%| F|  |TAMS 0x0000000093f00000, 0x0000000093f00000| Untracked 
| 320|0x0000000094000000, 0x0000000094000000, 0x0000000094100000|  0%| F|  |TAMS 0x0000000094000000, 0x0000000094000000| Untracked 
| 321|0x0000000094100000, 0x0000000094100000, 0x0000000094200000|  0%| F|  |TAMS 0x0000000094100000, 0x0000000094100000| Untracked 
| 322|0x0000000094200000, 0x0000000094200000, 0x0000000094300000|  0%| F|  |TAMS 0x0000000094200000, 0x0000000094200000| Untracked 
| 323|0x0000000094300000, 0x0000000094300000, 0x0000000094400000|  0%| F|  |TAMS 0x0000000094300000, 0x0000000094300000| Untracked 
| 324|0x0000000094400000, 0x0000000094400000, 0x0000000094500000|  0%| F|  |TAMS 0x0000000094400000, 0x0000000094400000| Untracked 
| 325|0x0000000094500000, 0x0000000094500000, 0x0000000094600000|  0%| F|  |TAMS 0x0000000094500000, 0x0000000094500000| Untracked 
| 326|0x0000000094600000, 0x0000000094600000, 0x0000000094700000|  0%| F|  |TAMS 0x0000000094600000, 0x0000000094600000| Untracked 
| 327|0x0000000094700000, 0x0000000094700000, 0x0000000094800000|  0%| F|  |TAMS 0x0000000094700000, 0x0000000094700000| Untracked 
| 328|0x0000000094800000, 0x0000000094800000, 0x0000000094900000|  0%| F|  |TAMS 0x0000000094800000, 0x0000000094800000| Untracked 
| 329|0x0000000094900000, 0x0000000094900000, 0x0000000094a00000|  0%| F|  |TAMS 0x0000000094900000, 0x0000000094900000| Untracked 
| 330|0x0000000094a00000, 0x0000000094a00000, 0x0000000094b00000|  0%| F|  |TAMS 0x0000000094a00000, 0x0000000094a00000| Untracked 
| 331|0x0000000094b00000, 0x0000000094b00000, 0x0000000094c00000|  0%| F|  |TAMS 0x0000000094b00000, 0x0000000094b00000| Untracked 
| 332|0x0000000094c00000, 0x0000000094c00000, 0x0000000094d00000|  0%| F|  |TAMS 0x0000000094c00000, 0x0000000094c00000| Untracked 
| 333|0x0000000094d00000, 0x0000000094d00000, 0x0000000094e00000|  0%| F|  |TAMS 0x0000000094d00000, 0x0000000094d00000| Untracked 
| 334|0x0000000094e00000, 0x0000000094e00000, 0x0000000094f00000|  0%| F|  |TAMS 0x0000000094e00000, 0x0000000094e00000| Untracked 
| 335|0x0000000094f00000, 0x0000000094f00000, 0x0000000095000000|  0%| F|  |TAMS 0x0000000094f00000, 0x0000000094f00000| Untracked 
| 336|0x0000000095000000, 0x0000000095000000, 0x0000000095100000|  0%| F|  |TAMS 0x0000000095000000, 0x0000000095000000| Untracked 
| 337|0x0000000095100000, 0x0000000095100000, 0x0000000095200000|  0%| F|  |TAMS 0x0000000095100000, 0x0000000095100000| Untracked 
| 338|0x0000000095200000, 0x0000000095200000, 0x0000000095300000|  0%| F|  |TAMS 0x0000000095200000, 0x0000000095200000| Untracked 
| 339|0x0000000095300000, 0x0000000095300000, 0x0000000095400000|  0%| F|  |TAMS 0x0000000095300000, 0x0000000095300000| Untracked 
| 340|0x0000000095400000, 0x0000000095400000, 0x0000000095500000|  0%| F|  |TAMS 0x0000000095400000, 0x0000000095400000| Untracked 
| 341|0x0000000095500000, 0x0000000095500000, 0x0000000095600000|  0%| F|  |TAMS 0x0000000095500000, 0x0000000095500000| Untracked 
| 342|0x0000000095600000, 0x0000000095600000, 0x0000000095700000|  0%| F|  |TAMS 0x0000000095600000, 0x0000000095600000| Untracked 
| 343|0x0000000095700000, 0x0000000095700000, 0x0000000095800000|  0%| F|  |TAMS 0x0000000095700000, 0x0000000095700000| Untracked 
| 344|0x0000000095800000, 0x0000000095800000, 0x0000000095900000|  0%| F|  |TAMS 0x0000000095800000, 0x0000000095800000| Untracked 
| 345|0x0000000095900000, 0x0000000095900000, 0x0000000095a00000|  0%| F|  |TAMS 0x0000000095900000, 0x0000000095900000| Untracked 
| 346|0x0000000095a00000, 0x0000000095a00000, 0x0000000095b00000|  0%| F|  |TAMS 0x0000000095a00000, 0x0000000095a00000| Untracked 
| 347|0x0000000095b00000, 0x0000000095b00000, 0x0000000095c00000|  0%| F|  |TAMS 0x0000000095b00000, 0x0000000095b00000| Untracked 
| 348|0x0000000095c00000, 0x0000000095c00000, 0x0000000095d00000|  0%| F|  |TAMS 0x0000000095c00000, 0x0000000095c00000| Untracked 
| 349|0x0000000095d00000, 0x0000000095d00000, 0x0000000095e00000|  0%| F|  |TAMS 0x0000000095d00000, 0x0000000095d00000| Untracked 
| 350|0x0000000095e00000, 0x0000000095e00000, 0x0000000095f00000|  0%| F|  |TAMS 0x0000000095e00000, 0x0000000095e00000| Untracked 
| 351|0x0000000095f00000, 0x0000000095f00000, 0x0000000096000000|  0%| F|  |TAMS 0x0000000095f00000, 0x0000000095f00000| Untracked 
| 352|0x0000000096000000, 0x0000000096000000, 0x0000000096100000|  0%| F|  |TAMS 0x0000000096000000, 0x0000000096000000| Untracked 
| 353|0x0000000096100000, 0x0000000096100000, 0x0000000096200000|  0%| F|  |TAMS 0x0000000096100000, 0x0000000096100000| Untracked 
| 354|0x0000000096200000, 0x0000000096200000, 0x0000000096300000|  0%| F|  |TAMS 0x0000000096200000, 0x0000000096200000| Untracked 
| 355|0x0000000096300000, 0x0000000096300000, 0x0000000096400000|  0%| F|  |TAMS 0x0000000096300000, 0x0000000096300000| Untracked 
| 356|0x0000000096400000, 0x0000000096400000, 0x0000000096500000|  0%| F|  |TAMS 0x0000000096400000, 0x0000000096400000| Untracked 
| 357|0x0000000096500000, 0x0000000096500000, 0x0000000096600000|  0%| F|  |TAMS 0x0000000096500000, 0x0000000096500000| Untracked 
| 358|0x0000000096600000, 0x0000000096600000, 0x0000000096700000|  0%| F|  |TAMS 0x0000000096600000, 0x0000000096600000| Untracked 
| 359|0x0000000096700000, 0x0000000096700000, 0x0000000096800000|  0%| F|  |TAMS 0x0000000096700000, 0x0000000096700000| Untracked 
| 360|0x0000000096800000, 0x0000000096800000, 0x0000000096900000|  0%| F|  |TAMS 0x0000000096800000, 0x0000000096800000| Untracked 
| 361|0x0000000096900000, 0x0000000096900000, 0x0000000096a00000|  0%| F|  |TAMS 0x0000000096900000, 0x0000000096900000| Untracked 
| 362|0x0000000096a00000, 0x0000000096a00000, 0x0000000096b00000|  0%| F|  |TAMS 0x0000000096a00000, 0x0000000096a00000| Untracked 
| 363|0x0000000096b00000, 0x0000000096b00000, 0x0000000096c00000|  0%| F|  |TAMS 0x0000000096b00000, 0x0000000096b00000| Untracked 
| 364|0x0000000096c00000, 0x0000000096c00000, 0x0000000096d00000|  0%| F|  |TAMS 0x0000000096c00000, 0x0000000096c00000| Untracked 
| 365|0x0000000096d00000, 0x0000000096d00000, 0x0000000096e00000|  0%| F|  |TAMS 0x0000000096d00000, 0x0000000096d00000| Untracked 
| 366|0x0000000096e00000, 0x0000000096e00000, 0x0000000096f00000|  0%| F|  |TAMS 0x0000000096e00000, 0x0000000096e00000| Untracked 
| 367|0x0000000096f00000, 0x0000000096f00000, 0x0000000097000000|  0%| F|  |TAMS 0x0000000096f00000, 0x0000000096f00000| Untracked 
| 368|0x0000000097000000, 0x0000000097000000, 0x0000000097100000|  0%| F|  |TAMS 0x0000000097000000, 0x0000000097000000| Untracked 
| 369|0x0000000097100000, 0x0000000097100000, 0x0000000097200000|  0%| F|  |TAMS 0x0000000097100000, 0x0000000097100000| Untracked 
| 370|0x0000000097200000, 0x0000000097200000, 0x0000000097300000|  0%| F|  |TAMS 0x0000000097200000, 0x0000000097200000| Untracked 
| 371|0x0000000097300000, 0x0000000097300000, 0x0000000097400000|  0%| F|  |TAMS 0x0000000097300000, 0x0000000097300000| Untracked 
| 372|0x0000000097400000, 0x0000000097400000, 0x0000000097500000|  0%| F|  |TAMS 0x0000000097400000, 0x0000000097400000| Untracked 
| 373|0x0000000097500000, 0x0000000097500000, 0x0000000097600000|  0%| F|  |TAMS 0x0000000097500000, 0x0000000097500000| Untracked 
| 374|0x0000000097600000, 0x0000000097600000, 0x0000000097700000|  0%| F|  |TAMS 0x0000000097600000, 0x0000000097600000| Untracked 
| 375|0x0000000097700000, 0x0000000097700000, 0x0000000097800000|  0%| F|  |TAMS 0x0000000097700000, 0x0000000097700000| Untracked 
| 376|0x0000000097800000, 0x0000000097800000, 0x0000000097900000|  0%| F|  |TAMS 0x0000000097800000, 0x0000000097800000| Untracked 
| 377|0x0000000097900000, 0x0000000097900000, 0x0000000097a00000|  0%| F|  |TAMS 0x0000000097900000, 0x0000000097900000| Untracked 
| 378|0x0000000097a00000, 0x0000000097a00000, 0x0000000097b00000|  0%| F|  |TAMS 0x0000000097a00000, 0x0000000097a00000| Untracked 
| 379|0x0000000097b00000, 0x0000000097b00000, 0x0000000097c00000|  0%| F|  |TAMS 0x0000000097b00000, 0x0000000097b00000| Untracked 
| 380|0x0000000097c00000, 0x0000000097c00000, 0x0000000097d00000|  0%| F|  |TAMS 0x0000000097c00000, 0x0000000097c00000| Untracked 
| 381|0x0000000097d00000, 0x0000000097d00000, 0x0000000097e00000|  0%| F|  |TAMS 0x0000000097d00000, 0x0000000097d00000| Untracked 
| 382|0x0000000097e00000, 0x0000000097e00000, 0x0000000097f00000|  0%| F|  |TAMS 0x0000000097e00000, 0x0000000097e00000| Untracked 
| 383|0x0000000097f00000, 0x0000000097f00000, 0x0000000098000000|  0%| F|  |TAMS 0x0000000097f00000, 0x0000000097f00000| Untracked 
| 384|0x0000000098000000, 0x0000000098000000, 0x0000000098100000|  0%| F|  |TAMS 0x0000000098000000, 0x0000000098000000| Untracked 
| 385|0x0000000098100000, 0x0000000098100000, 0x0000000098200000|  0%| F|  |TAMS 0x0000000098100000, 0x0000000098100000| Untracked 
| 386|0x0000000098200000, 0x0000000098200000, 0x0000000098300000|  0%| F|  |TAMS 0x0000000098200000, 0x0000000098200000| Untracked 
| 387|0x0000000098300000, 0x0000000098300000, 0x0000000098400000|  0%| F|  |TAMS 0x0000000098300000, 0x0000000098300000| Untracked 
| 388|0x0000000098400000, 0x0000000098400000, 0x0000000098500000|  0%| F|  |TAMS 0x0000000098400000, 0x0000000098400000| Untracked 
| 389|0x0000000098500000, 0x0000000098500000, 0x0000000098600000|  0%| F|  |TAMS 0x0000000098500000, 0x0000000098500000| Untracked 
| 390|0x0000000098600000, 0x0000000098600000, 0x0000000098700000|  0%| F|  |TAMS 0x0000000098600000, 0x0000000098600000| Untracked 
| 391|0x0000000098700000, 0x0000000098700000, 0x0000000098800000|  0%| F|  |TAMS 0x0000000098700000, 0x0000000098700000| Untracked 
| 392|0x0000000098800000, 0x0000000098800000, 0x0000000098900000|  0%| F|  |TAMS 0x0000000098800000, 0x0000000098800000| Untracked 
| 393|0x0000000098900000, 0x0000000098900000, 0x0000000098a00000|  0%| F|  |TAMS 0x0000000098900000, 0x0000000098900000| Untracked 
| 394|0x0000000098a00000, 0x0000000098a00000, 0x0000000098b00000|  0%| F|  |TAMS 0x0000000098a00000, 0x0000000098a00000| Untracked 
| 395|0x0000000098b00000, 0x0000000098b00000, 0x0000000098c00000|  0%| F|  |TAMS 0x0000000098b00000, 0x0000000098b00000| Untracked 
| 396|0x0000000098c00000, 0x0000000098c00000, 0x0000000098d00000|  0%| F|  |TAMS 0x0000000098c00000, 0x0000000098c00000| Untracked 
| 397|0x0000000098d00000, 0x0000000098d00000, 0x0000000098e00000|  0%| F|  |TAMS 0x0000000098d00000, 0x0000000098d00000| Untracked 
| 398|0x0000000098e00000, 0x0000000098e00000, 0x0000000098f00000|  0%| F|  |TAMS 0x0000000098e00000, 0x0000000098e00000| Untracked 
| 399|0x0000000098f00000, 0x0000000098f00000, 0x0000000099000000|  0%| F|  |TAMS 0x0000000098f00000, 0x0000000098f00000| Untracked 
| 400|0x0000000099000000, 0x0000000099000000, 0x0000000099100000|  0%| F|  |TAMS 0x0000000099000000, 0x0000000099000000| Untracked 
| 401|0x0000000099100000, 0x0000000099100000, 0x0000000099200000|  0%| F|  |TAMS 0x0000000099100000, 0x0000000099100000| Untracked 
| 402|0x0000000099200000, 0x0000000099200000, 0x0000000099300000|  0%| F|  |TAMS 0x0000000099200000, 0x0000000099200000| Untracked 
| 403|0x0000000099300000, 0x0000000099300000, 0x0000000099400000|  0%| F|  |TAMS 0x0000000099300000, 0x0000000099300000| Untracked 
| 404|0x0000000099400000, 0x0000000099400000, 0x0000000099500000|  0%| F|  |TAMS 0x0000000099400000, 0x0000000099400000| Untracked 
| 405|0x0000000099500000, 0x0000000099500000, 0x0000000099600000|  0%| F|  |TAMS 0x0000000099500000, 0x0000000099500000| Untracked 
| 406|0x0000000099600000, 0x0000000099600000, 0x0000000099700000|  0%| F|  |TAMS 0x0000000099600000, 0x0000000099600000| Untracked 
| 407|0x0000000099700000, 0x0000000099700000, 0x0000000099800000|  0%| F|  |TAMS 0x0000000099700000, 0x0000000099700000| Untracked 
| 408|0x0000000099800000, 0x0000000099800000, 0x0000000099900000|  0%| F|  |TAMS 0x0000000099800000, 0x0000000099800000| Untracked 
| 409|0x0000000099900000, 0x0000000099900000, 0x0000000099a00000|  0%| F|  |TAMS 0x0000000099900000, 0x0000000099900000| Untracked 
| 410|0x0000000099a00000, 0x0000000099a00000, 0x0000000099b00000|  0%| F|  |TAMS 0x0000000099a00000, 0x0000000099a00000| Untracked 
| 411|0x0000000099b00000, 0x0000000099b00000, 0x0000000099c00000|  0%| F|  |TAMS 0x0000000099b00000, 0x0000000099b00000| Untracked 
| 412|0x0000000099c00000, 0x0000000099c00000, 0x0000000099d00000|  0%| F|  |TAMS 0x0000000099c00000, 0x0000000099c00000| Untracked 
| 413|0x0000000099d00000, 0x0000000099d00000, 0x0000000099e00000|  0%| F|  |TAMS 0x0000000099d00000, 0x0000000099d00000| Untracked 
| 414|0x0000000099e00000, 0x0000000099e00000, 0x0000000099f00000|  0%| F|  |TAMS 0x0000000099e00000, 0x0000000099e00000| Untracked 
| 415|0x0000000099f00000, 0x0000000099f00000, 0x000000009a000000|  0%| F|  |TAMS 0x0000000099f00000, 0x0000000099f00000| Untracked 
| 416|0x000000009a000000, 0x000000009a000000, 0x000000009a100000|  0%| F|  |TAMS 0x000000009a000000, 0x000000009a000000| Untracked 
| 417|0x000000009a100000, 0x000000009a100000, 0x000000009a200000|  0%| F|  |TAMS 0x000000009a100000, 0x000000009a100000| Untracked 
| 418|0x000000009a200000, 0x000000009a200000, 0x000000009a300000|  0%| F|  |TAMS 0x000000009a200000, 0x000000009a200000| Untracked 
| 419|0x000000009a300000, 0x000000009a300000, 0x000000009a400000|  0%| F|  |TAMS 0x000000009a300000, 0x000000009a300000| Untracked 
| 420|0x000000009a400000, 0x000000009a400000, 0x000000009a500000|  0%| F|  |TAMS 0x000000009a400000, 0x000000009a400000| Untracked 
| 421|0x000000009a500000, 0x000000009a500000, 0x000000009a600000|  0%| F|  |TAMS 0x000000009a500000, 0x000000009a500000| Untracked 
| 422|0x000000009a600000, 0x000000009a600000, 0x000000009a700000|  0%| F|  |TAMS 0x000000009a600000, 0x000000009a600000| Untracked 
| 423|0x000000009a700000, 0x000000009a700000, 0x000000009a800000|  0%| F|  |TAMS 0x000000009a700000, 0x000000009a700000| Untracked 
| 424|0x000000009a800000, 0x000000009a800000, 0x000000009a900000|  0%| F|  |TAMS 0x000000009a800000, 0x000000009a800000| Untracked 
| 425|0x000000009a900000, 0x000000009a900000, 0x000000009aa00000|  0%| F|  |TAMS 0x000000009a900000, 0x000000009a900000| Untracked 
| 426|0x000000009aa00000, 0x000000009aa00000, 0x000000009ab00000|  0%| F|  |TAMS 0x000000009aa00000, 0x000000009aa00000| Untracked 
| 427|0x000000009ab00000, 0x000000009ab00000, 0x000000009ac00000|  0%| F|  |TAMS 0x000000009ab00000, 0x000000009ab00000| Untracked 
| 428|0x000000009ac00000, 0x000000009ac00000, 0x000000009ad00000|  0%| F|  |TAMS 0x000000009ac00000, 0x000000009ac00000| Untracked 
| 429|0x000000009ad00000, 0x000000009ad95be0, 0x000000009ae00000| 58%| S|CS|TAMS 0x000000009ad00000, 0x000000009ad00000| Complete 
| 430|0x000000009ae00000, 0x000000009af00000, 0x000000009af00000|100%| S|CS|TAMS 0x000000009ae00000, 0x000000009ae00000| Complete 
| 431|0x000000009af00000, 0x000000009af00000, 0x000000009b000000|  0%| F|  |TAMS 0x000000009af00000, 0x000000009af00000| Untracked 
| 432|0x000000009b000000, 0x000000009b000000, 0x000000009b100000|  0%| F|  |TAMS 0x000000009b000000, 0x000000009b000000| Untracked 
| 433|0x000000009b100000, 0x000000009b100000, 0x000000009b200000|  0%| F|  |TAMS 0x000000009b100000, 0x000000009b100000| Untracked 
| 434|0x000000009b200000, 0x000000009b200000, 0x000000009b300000|  0%| F|  |TAMS 0x000000009b200000, 0x000000009b200000| Untracked 
| 435|0x000000009b300000, 0x000000009b300000, 0x000000009b400000|  0%| F|  |TAMS 0x000000009b300000, 0x000000009b300000| Untracked 
| 436|0x000000009b400000, 0x000000009b400000, 0x000000009b500000|  0%| F|  |TAMS 0x000000009b400000, 0x000000009b400000| Untracked 
| 437|0x000000009b500000, 0x000000009b500000, 0x000000009b600000|  0%| F|  |TAMS 0x000000009b500000, 0x000000009b500000| Untracked 
| 438|0x000000009b600000, 0x000000009b600000, 0x000000009b700000|  0%| F|  |TAMS 0x000000009b600000, 0x000000009b600000| Untracked 
|2045|0x00000000ffd00000, 0x00000000ffe00000, 0x00000000ffe00000|100%| O|  |TAMS 0x00000000ffe00000, 0x00000000ffe00000| Untracked 
|2046|0x00000000ffe00000, 0x00000000ffe00000, 0x00000000fff00000|  0%| F|  |TAMS 0x00000000ffe00000, 0x00000000ffe00000| Untracked 
|2047|0x00000000fff00000, 0x00000000fff00000, 0x0000000100000000|  0%| F|  |TAMS 0x00000000fff00000, 0x00000000fff00000| Untracked 

Card table byte_map: [0x000001e6e8030000,0x000001e6e8430000] _byte_map_base: 0x000001e6e7c30000

Marking Bits (Prev, Next): (CMBitMap*) 0x000001e6d4d1ac20, (CMBitMap*) 0x000001e6d4d1abe0
 Prev Bits: [0x000001e6ea830000, 0x000001e6ec830000)
 Next Bits: [0x000001e6e8830000, 0x000001e6ea830000)

Polling page: 0x000001e6d4470000

Metaspace:

Usage:
  Non-class:    134.82 MB used.
      Class:     21.37 MB used.
       Both:    156.20 MB used.

Virtual space:
  Non-class space:      192.00 MB reserved,     135.69 MB ( 71%) committed,  3 nodes.
      Class space:        1.00 GB reserved,      22.12 MB (  2%) committed,  1 nodes.
             Both:        1.19 GB reserved,     157.81 MB ( 13%) committed. 

Chunk freelists:
   Non-Class:  7.78 MB
       Class:  9.91 MB
        Both:  17.69 MB

MaxMetaspaceSize: unlimited
CompressedClassSpaceSize: 1.00 GB
Initial GC threshold: 21.00 MB
Current GC threshold: 245.94 MB
CDS: off
MetaspaceReclaimPolicy: balanced
 - commit_granule_bytes: 65536.
 - commit_granule_words: 8192.
 - virtual_space_node_default_size: 8388608.
 - enlarge_chunks_in_place: 1.
 - new_chunks_are_fully_committed: 0.
 - uncommit_free_chunks: 1.
 - use_allocation_guard: 0.
 - handle_deallocations: 1.


Internal statistics:

num_allocs_failed_limit: 32.
num_arena_births: 2900.
num_arena_deaths: 112.
num_vsnodes_births: 4.
num_vsnodes_deaths: 0.
num_space_committed: 2523.
num_space_uncommitted: 0.
num_chunks_returned_to_freelist: 194.
num_chunks_taken_from_freelist: 9699.
num_chunk_merges: 84.
num_chunk_splits: 6092.
num_chunks_enlarged: 3599.
num_inconsistent_stats: 0.

CodeHeap 'non-profiled nmethods': size=119168Kb used=19019Kb max_used=19019Kb free=100149Kb
 bounds [0x000001e6dfd30000, 0x000001e6e0fd0000, 0x000001e6e7190000]
CodeHeap 'profiled nmethods': size=119104Kb used=42700Kb max_used=42700Kb free=76403Kb
 bounds [0x000001e6d8190000, 0x000001e6dab50000, 0x000001e6df5e0000]
CodeHeap 'non-nmethods': size=7488Kb used=4177Kb max_used=4253Kb free=3310Kb
 bounds [0x000001e6df5e0000, 0x000001e6dfa10000, 0x000001e6dfd30000]
 total_blobs=23061 nmethods=22023 adapters=945
 compilation: enabled
              stopped_count=0, restarted_count=0
 full_count=0

Compilation events (20 events):
Event: 404.652 Thread 0x000001e6faebb5a0 27100       3       com.sun.tools.javac.model.JavacElements::getAllAnnotationMirrors (6 bytes)
Event: 404.653 Thread 0x000001e6faebb5a0 nmethod 27100 0x000001e6dab3e910 code [0x000001e6dab3eac0, 0x000001e6dab3ec08]
Event: 404.653 Thread 0x000001e6fbca8e20 nmethod 27104 0x000001e6dab3cd10 code [0x000001e6dab3cf80, 0x000001e6dab3dc88]
Event: 404.653 Thread 0x000001e6fbcab350 nmethod 27102 0x000001e6dab3e090 code [0x000001e6dab3e280, 0x000001e6dab3e758]
Event: 404.653 Thread 0x000001e6faebb5a0 27103       3       com.sun.tools.javac.processing.JavacProcessingEnvironment$ComputeAnnotationSet::scan (16 bytes)
Event: 404.653 Thread 0x000001e6fbcab350 27105       3       javax.lang.model.util.ElementScanner6::scan (9 bytes)
Event: 404.653 Thread 0x000001e6fbca8e20 27106       3       com.sun.tools.javac.processing.JavacProcessingEnvironment$ComputeAnnotationSet::scan (10 bytes)
Event: 404.653 Thread 0x000001e6fbcab350 nmethod 27105 0x000001e6dab41490 code [0x000001e6dab41640, 0x000001e6dab41808]
Event: 404.654 Thread 0x000001e6faebb5a0 nmethod 27103 0x000001e6dab41910 code [0x000001e6dab41ae0, 0x000001e6dab41e78]
Event: 404.654 Thread 0x000001e6fbca8e20 nmethod 27106 0x000001e6dab41f90 code [0x000001e6dab42160, 0x000001e6dab42678]
Event: 404.654 Thread 0x000001e6efc26820 nmethod 27101 0x000001e6dab3ec90 code [0x000001e6dab3f020, 0x000001e6dab40b78]
Event: 404.679 Thread 0x000001e6fbca8e20 27107   !   3       java.util.zip.ZipFile::getInputStream (275 bytes)
Event: 404.680 Thread 0x000001e6fbca8e20 nmethod 27107 0x000001e6dab42810 code [0x000001e6dab42b00, 0x000001e6dab43c88]
Event: 404.687 Thread 0x000001e6fb9a2b00 nmethod 26773 0x000001e6e0fbdb10 code [0x000001e6e0fbde40, 0x000001e6e0fc0fa8]
Event: 404.691 Thread 0x000001e6fb9a2b00 27094       4       jdk.internal.loader.BuiltinClassLoader::loadClass (22 bytes)
Event: 404.694 Thread 0x000001e6fb9a2b00 nmethod 27094 0x000001e6e0fc2190 code [0x000001e6e0fc2340, 0x000001e6e0fc2498]
Event: 404.694 Thread 0x000001e6fb9a2b00 26991       4       com.sun.tools.javac.util.List::isEmpty (13 bytes)
Event: 404.696 Thread 0x000001e6fb9a2b00 nmethod 26991 0x000001e6e0fc2610 code [0x000001e6e0fc2780, 0x000001e6e0fc2818]
Event: 404.696 Thread 0x000001e6fb9a2b00 27093       4       com.sun.source.util.TreeScanner::reduce (2 bytes)
Event: 404.696 Thread 0x000001e6fb9a2b00 nmethod 27093 0x000001e6e0fc2910 code [0x000001e6e0fc2a80, 0x000001e6e0fc2af8]

GC Heap History (20 events):
Event: 298.612 GC heap after
{Heap after GC invocations=69 (full 0):
 garbage-first heap   total 421888K, used 178386K [0x0000000080000000, 0x0000000100000000)
  region size 1024K, 2 young (2048K), 2 survivors (2048K)
 Metaspace       used 147605K, committed 148928K, reserved 1179648K
  class space    used 20599K, committed 21248K, reserved 1048576K
}
Event: 299.362 GC heap before
{Heap before GC invocations=69 (full 0):
 garbage-first heap   total 421888K, used 350418K [0x0000000080000000, 0x0000000100000000)
  region size 1024K, 171 young (175104K), 2 survivors (2048K)
 Metaspace       used 148177K, committed 149568K, reserved 1179648K
  class space    used 20656K, committed 21312K, reserved 1048576K
}
Event: 299.369 GC heap after
{Heap after GC invocations=70 (full 0):
 garbage-first heap   total 421888K, used 195023K [0x0000000080000000, 0x0000000100000000)
  region size 1024K, 18 young (18432K), 18 survivors (18432K)
 Metaspace       used 148177K, committed 149568K, reserved 1179648K
  class space    used 20656K, committed 21312K, reserved 1048576K
}
Event: 300.742 GC heap before
{Heap before GC invocations=71 (full 0):
 garbage-first heap   total 421888K, used 348623K [0x0000000080000000, 0x0000000100000000)
  region size 1024K, 167 young (171008K), 18 survivors (18432K)
 Metaspace       used 148739K, committed 150336K, reserved 1179648K
  class space    used 20775K, committed 21504K, reserved 1048576K
}
Event: 300.751 GC heap after
{Heap after GC invocations=72 (full 0):
 garbage-first heap   total 421888K, used 204394K [0x0000000080000000, 0x0000000100000000)
  region size 1024K, 9 young (9216K), 9 survivors (9216K)
 Metaspace       used 148739K, committed 150336K, reserved 1179648K
  class space    used 20775K, committed 21504K, reserved 1048576K
}
Event: 300.754 GC heap before
{Heap before GC invocations=72 (full 0):
 garbage-first heap   total 421888K, used 215658K [0x0000000080000000, 0x0000000100000000)
  region size 1024K, 20 young (20480K), 9 survivors (9216K)
 Metaspace       used 148739K, committed 150336K, reserved 1179648K
  class space    used 20775K, committed 21504K, reserved 1048576K
}
Event: 300.757 GC heap after
{Heap after GC invocations=73 (full 0):
 garbage-first heap   total 421888K, used 201544K [0x0000000080000000, 0x0000000100000000)
  region size 1024K, 1 young (1024K), 1 survivors (1024K)
 Metaspace       used 148739K, committed 150336K, reserved 1179648K
  class space    used 20775K, committed 21504K, reserved 1048576K
}
Event: 300.888 GC heap before
{Heap before GC invocations=73 (full 0):
 garbage-first heap   total 421888K, used 249672K [0x0000000080000000, 0x0000000100000000)
  region size 1024K, 50 young (51200K), 1 survivors (1024K)
 Metaspace       used 148979K, committed 150592K, reserved 1179648K
  class space    used 20782K, committed 21568K, reserved 1048576K
}
Event: 300.889 GC heap after
{Heap after GC invocations=74 (full 0):
 garbage-first heap   total 421888K, used 201672K [0x0000000080000000, 0x0000000100000000)
  region size 1024K, 2 young (2048K), 2 survivors (2048K)
 Metaspace       used 148979K, committed 150592K, reserved 1179648K
  class space    used 20782K, committed 21568K, reserved 1048576K
}
Event: 401.117 GC heap before
{Heap before GC invocations=75 (full 0):
 garbage-first heap   total 452608K, used 417736K [0x0000000080000000, 0x0000000100000000)
  region size 1024K, 151 young (154624K), 2 survivors (2048K)
 Metaspace       used 149350K, committed 150976K, reserved 1179648K
  class space    used 20787K, committed 21568K, reserved 1048576K
}
Event: 401.124 GC heap after
{Heap after GC invocations=76 (full 0):
 garbage-first heap   total 452608K, used 208211K [0x0000000080000000, 0x0000000100000000)
  region size 1024K, 15 young (15360K), 15 survivors (15360K)
 Metaspace       used 149350K, committed 150976K, reserved 1179648K
  class space    used 20787K, committed 21568K, reserved 1048576K
}
Event: 401.146 GC heap before
{Heap before GC invocations=76 (full 0):
 garbage-first heap   total 452608K, used 215379K [0x0000000080000000, 0x0000000100000000)
  region size 1024K, 22 young (22528K), 15 survivors (15360K)
 Metaspace       used 149354K, committed 150976K, reserved 1179648K
  class space    used 20787K, committed 21568K, reserved 1048576K
}
Event: 401.151 GC heap after
{Heap after GC invocations=77 (full 0):
 garbage-first heap   total 452608K, used 200243K [0x0000000080000000, 0x0000000100000000)
  region size 1024K, 3 young (3072K), 3 survivors (3072K)
 Metaspace       used 149354K, committed 150976K, reserved 1179648K
  class space    used 20787K, committed 21568K, reserved 1048576K
}
Event: 403.343 GC heap before
{Heap before GC invocations=77 (full 0):
 garbage-first heap   total 452608K, used 288307K [0x0000000080000000, 0x0000000100000000)
  region size 1024K, 91 young (93184K), 3 survivors (3072K)
 Metaspace       used 149478K, committed 151104K, reserved 1179648K
  class space    used 20788K, committed 21568K, reserved 1048576K
}
Event: 403.347 GC heap after
{Heap after GC invocations=78 (full 0):
 garbage-first heap   total 452608K, used 202183K [0x0000000080000000, 0x0000000100000000)
  region size 1024K, 5 young (5120K), 5 survivors (5120K)
 Metaspace       used 149478K, committed 151104K, reserved 1179648K
  class space    used 20788K, committed 21568K, reserved 1048576K
}
Event: 404.562 GC heap before
{Heap before GC invocations=79 (full 0):
 garbage-first heap   total 452608K, used 377287K [0x0000000080000000, 0x0000000100000000)
  region size 1024K, 171 young (175104K), 5 survivors (5120K)
 Metaspace       used 159219K, committed 160832K, reserved 1245184K
  class space    used 21832K, committed 22592K, reserved 1048576K
}
Event: 404.568 GC heap after
{Heap after GC invocations=80 (full 0):
 garbage-first heap   total 452608K, used 220052K [0x0000000080000000, 0x0000000100000000)
  region size 1024K, 22 young (22528K), 22 survivors (22528K)
 Metaspace       used 159219K, committed 160832K, reserved 1245184K
  class space    used 21832K, committed 22592K, reserved 1048576K
}
Event: 404.579 GC heap before
{Heap before GC invocations=80 (full 0):
 garbage-first heap   total 452608K, used 221076K [0x0000000080000000, 0x0000000100000000)
  region size 1024K, 23 young (23552K), 22 survivors (22528K)
 Metaspace       used 159261K, committed 160896K, reserved 1245184K
  class space    used 21834K, committed 22592K, reserved 1048576K
}
Event: 404.586 GC heap after
{Heap after GC invocations=81 (full 0):
 garbage-first heap   total 452608K, used 204437K [0x0000000080000000, 0x0000000100000000)
  region size 1024K, 2 young (2048K), 2 survivors (2048K)
 Metaspace       used 159261K, committed 160896K, reserved 1245184K
  class space    used 21834K, committed 22592K, reserved 1048576K
}
Event: 404.700 GC heap before
{Heap before GC invocations=81 (full 0):
 garbage-first heap   total 452608K, used 211605K [0x0000000080000000, 0x0000000100000000)
  region size 1024K, 10 young (10240K), 2 survivors (2048K)
 Metaspace       used 159945K, committed 161600K, reserved 1245184K
  class space    used 21884K, committed 22656K, reserved 1048576K
}

Dll operation events (3 events):
Event: 0.006 Loaded shared library C:\Program Files\Android\Android Studio2\jbr\bin\java.dll
Event: 0.076 Loaded shared library C:\Program Files\Android\Android Studio2\jbr\bin\zip.dll
Event: 0.232 Loaded shared library C:\Program Files\Android\Android Studio2\jbr\bin\verify.dll

Deoptimization events (20 events):
Event: 404.483 Thread 0x000001e6f63279d0 Uncommon trap: trap_request=0xffffff45 fr.pc=0x000001e6e0fa19a0 relative=0x00000000000009e0
Event: 404.483 Thread 0x000001e6f63279d0 Uncommon trap: reason=unstable_if action=reinterpret pc=0x000001e6e0fa19a0 method=com.sun.tools.javac.util.ArrayUtils.ensureCapacity([BI)[B @ 3 c2
Event: 404.483 Thread 0x000001e6f63279d0 DEOPT PACKING pc=0x000001e6e0fa19a0 sp=0x0000007184afbbf0
Event: 404.483 Thread 0x000001e6f63279d0 DEOPT UNPACKING pc=0x000001e6df6369a3 sp=0x0000007184afbb18 mode 2
Event: 404.488 Thread 0x000001e6f63279d0 Uncommon trap: trap_request=0xffffff6e fr.pc=0x000001e6e0f9cf10 relative=0x0000000000000190
Event: 404.488 Thread 0x000001e6f63279d0 Uncommon trap: reason=loop_limit_check action=maybe_recompile pc=0x000001e6e0f9cf10 method=com.sun.tools.javac.util.Name.lastIndexOf(B)I @ 20 c2
Event: 404.488 Thread 0x000001e6f63279d0 DEOPT PACKING pc=0x000001e6e0f9cf10 sp=0x0000007184afc1d0
Event: 404.488 Thread 0x000001e6f63279d0 DEOPT UNPACKING pc=0x000001e6df6369a3 sp=0x0000007184afc148 mode 2
Event: 404.524 Thread 0x000001e6f63279d0 Uncommon trap: trap_request=0xffffff45 fr.pc=0x000001e6e08b77dc relative=0x000000000000155c
Event: 404.524 Thread 0x000001e6f63279d0 Uncommon trap: reason=unstable_if action=reinterpret pc=0x000001e6e08b77dc method=sun.nio.fs.WindowsPath.getPathForWin32Calls()Ljava/lang/String; @ 17 c2
Event: 404.525 Thread 0x000001e6f63279d0 DEOPT PACKING pc=0x000001e6e08b77dc sp=0x0000007184afc1f0
Event: 404.525 Thread 0x000001e6f63279d0 DEOPT UNPACKING pc=0x000001e6df6369a3 sp=0x0000007184afbfe0 mode 2
Event: 404.525 Thread 0x000001e6f63279d0 Uncommon trap: trap_request=0xffffff45 fr.pc=0x000001e6e0838e88 relative=0x00000000000011a8
Event: 404.525 Thread 0x000001e6f63279d0 Uncommon trap: reason=unstable_if action=reinterpret pc=0x000001e6e0838e88 method=sun.nio.fs.WindowsPath.getPathForWin32Calls()Ljava/lang/String; @ 17 c2
Event: 404.525 Thread 0x000001e6f63279d0 DEOPT PACKING pc=0x000001e6e0838e88 sp=0x0000007184afbfa0
Event: 404.525 Thread 0x000001e6f63279d0 DEOPT UNPACKING pc=0x000001e6df6369a3 sp=0x0000007184afbec8 mode 2
Event: 404.525 Thread 0x000001e6f63279d0 Uncommon trap: trap_request=0xffffff45 fr.pc=0x000001e6e059e0b0 relative=0x0000000000000090
Event: 404.526 Thread 0x000001e6f63279d0 Uncommon trap: reason=unstable_if action=reinterpret pc=0x000001e6e059e0b0 method=sun.nio.fs.WindowsPath.getPathForWin32Calls()Ljava/lang/String; @ 17 c2
Event: 404.526 Thread 0x000001e6f63279d0 DEOPT PACKING pc=0x000001e6e059e0b0 sp=0x0000007184afc220
Event: 404.526 Thread 0x000001e6f63279d0 DEOPT UNPACKING pc=0x000001e6df6369a3 sp=0x0000007184afc198 mode 2

Classes unloaded (20 events):
Event: 96.847 Thread 0x000001e6efaf3850 Unloading class 0x000000010127c800 'java/lang/invoke/LambdaForm$DMH+0x000000010127c800'
Event: 96.847 Thread 0x000001e6efaf3850 Unloading class 0x000000010127c400 'java/lang/invoke/LambdaForm$DMH+0x000000010127c400'
Event: 96.847 Thread 0x000001e6efaf3850 Unloading class 0x0000000101271400 'java/lang/invoke/LambdaForm$DMH+0x0000000101271400'
Event: 96.847 Thread 0x000001e6efaf3850 Unloading class 0x0000000101271000 'java/lang/invoke/LambdaForm$DMH+0x0000000101271000'
Event: 96.847 Thread 0x000001e6efaf3850 Unloading class 0x0000000101270c00 'java/lang/invoke/LambdaForm$DMH+0x0000000101270c00'
Event: 96.847 Thread 0x000001e6efaf3850 Unloading class 0x0000000101270800 'java/lang/invoke/LambdaForm$DMH+0x0000000101270800'
Event: 96.847 Thread 0x000001e6efaf3850 Unloading class 0x0000000101270400 'java/lang/invoke/LambdaForm$DMH+0x0000000101270400'
Event: 96.847 Thread 0x000001e6efaf3850 Unloading class 0x000000010123cc00 'java/lang/invoke/LambdaForm$DMH+0x000000010123cc00'
Event: 96.847 Thread 0x000001e6efaf3850 Unloading class 0x000000010123c800 'java/lang/invoke/LambdaForm$DMH+0x000000010123c800'
Event: 96.847 Thread 0x000001e6efaf3850 Unloading class 0x000000010123c400 'java/lang/invoke/LambdaForm$DMH+0x000000010123c400'
Event: 96.847 Thread 0x000001e6efaf3850 Unloading class 0x0000000101188c00 'java/lang/invoke/LambdaForm$DMH+0x0000000101188c00'
Event: 96.847 Thread 0x000001e6efaf3850 Unloading class 0x0000000101188800 'java/lang/invoke/LambdaForm$DMH+0x0000000101188800'
Event: 96.847 Thread 0x000001e6efaf3850 Unloading class 0x0000000101188000 'java/lang/invoke/LambdaForm$DMH+0x0000000101188000'
Event: 96.847 Thread 0x000001e6efaf3850 Unloading class 0x0000000101188400 'java/lang/invoke/LambdaForm$DMH+0x0000000101188400'
Event: 96.847 Thread 0x000001e6efaf3850 Unloading class 0x0000000101185c00 'java/lang/invoke/LambdaForm$DMH+0x0000000101185c00'
Event: 96.847 Thread 0x000001e6efaf3850 Unloading class 0x0000000101185400 'java/lang/invoke/LambdaForm$DMH+0x0000000101185400'
Event: 96.847 Thread 0x000001e6efaf3850 Unloading class 0x0000000101185000 'java/lang/invoke/LambdaForm$DMH+0x0000000101185000'
Event: 96.847 Thread 0x000001e6efaf3850 Unloading class 0x0000000101184800 'java/lang/invoke/LambdaForm$DMH+0x0000000101184800'
Event: 96.847 Thread 0x000001e6efaf3850 Unloading class 0x0000000101184c00 'java/lang/invoke/LambdaForm$DMH+0x0000000101184c00'
Event: 96.847 Thread 0x000001e6efaf3850 Unloading class 0x0000000101184000 'java/lang/invoke/LambdaForm$DMH+0x0000000101184000'

Classes redefined (0 events):
No events

Internal exceptions (20 events):
Event: 404.560 Thread 0x000001e6f63279d0 Exception <a 'sun/nio/fs/WindowsException'{0x00000000905abe60}> (0x00000000905abe60) 
thrown [s\src\hotspot\share\prims\jni.cpp, line 517]
Event: 404.560 Thread 0x000001e6f63279d0 Exception <a 'sun/nio/fs/WindowsException'{0x00000000905ac220}> (0x00000000905ac220) 
thrown [s\src\hotspot\share\prims\jni.cpp, line 517]
Event: 404.587 Thread 0x000001e6f63279d0 Exception <a 'sun/nio/fs/WindowsException'{0x000000009b50ee50}> (0x000000009b50ee50) 
thrown [s\src\hotspot\share\prims\jni.cpp, line 517]
Event: 404.587 Thread 0x000001e6f63279d0 Exception <a 'sun/nio/fs/WindowsException'{0x000000009b50f1c0}> (0x000000009b50f1c0) 
thrown [s\src\hotspot\share\prims\jni.cpp, line 517]
Event: 404.587 Thread 0x000001e6f63279d0 Exception <a 'sun/nio/fs/WindowsException'{0x000000009b510550}> (0x000000009b510550) 
thrown [s\src\hotspot\share\prims\jni.cpp, line 517]
Event: 404.587 Thread 0x000001e6f63279d0 Exception <a 'sun/nio/fs/WindowsException'{0x000000009b510990}> (0x000000009b510990) 
thrown [s\src\hotspot\share\prims\jni.cpp, line 517]
Event: 404.587 Thread 0x000001e6f63279d0 Exception <a 'sun/nio/fs/WindowsException'{0x000000009b511cb0}> (0x000000009b511cb0) 
thrown [s\src\hotspot\share\prims\jni.cpp, line 517]
Event: 404.587 Thread 0x000001e6f63279d0 Exception <a 'sun/nio/fs/WindowsException'{0x000000009b512010}> (0x000000009b512010) 
thrown [s\src\hotspot\share\prims\jni.cpp, line 517]
Event: 404.587 Thread 0x000001e6f63279d0 Exception <a 'sun/nio/fs/WindowsException'{0x000000009b517280}> (0x000000009b517280) 
thrown [s\src\hotspot\share\prims\jni.cpp, line 517]
Event: 404.587 Thread 0x000001e6f63279d0 Exception <a 'sun/nio/fs/WindowsException'{0x000000009b517610}> (0x000000009b517610) 
thrown [s\src\hotspot\share\prims\jni.cpp, line 517]
Event: 404.587 Thread 0x000001e6f63279d0 Exception <a 'sun/nio/fs/WindowsException'{0x000000009b5189d0}> (0x000000009b5189d0) 
thrown [s\src\hotspot\share\prims\jni.cpp, line 517]
Event: 404.587 Thread 0x000001e6f63279d0 Exception <a 'sun/nio/fs/WindowsException'{0x000000009b518e40}> (0x000000009b518e40) 
thrown [s\src\hotspot\share\prims\jni.cpp, line 517]
Event: 404.587 Thread 0x000001e6f63279d0 Exception <a 'sun/nio/fs/WindowsException'{0x000000009b51a190}> (0x000000009b51a190) 
thrown [s\src\hotspot\share\prims\jni.cpp, line 517]
Event: 404.587 Thread 0x000001e6f63279d0 Exception <a 'sun/nio/fs/WindowsException'{0x000000009b51a520}> (0x000000009b51a520) 
thrown [s\src\hotspot\share\prims\jni.cpp, line 517]
Event: 404.596 Thread 0x000001e6f63279d0 Exception <a 'sun/nio/fs/WindowsException'{0x000000009b407478}> (0x000000009b407478) 
thrown [s\src\hotspot\share\prims\jni.cpp, line 517]
Event: 404.596 Thread 0x000001e6f63279d0 Exception <a 'sun/nio/fs/WindowsException'{0x000000009b407838}> (0x000000009b407838) 
thrown [s\src\hotspot\share\prims\jni.cpp, line 517]
Event: 404.596 Thread 0x000001e6f63279d0 Exception <a 'sun/nio/fs/WindowsException'{0x000000009b408c18}> (0x000000009b408c18) 
thrown [s\src\hotspot\share\prims\jni.cpp, line 517]
Event: 404.596 Thread 0x000001e6f63279d0 Exception <a 'sun/nio/fs/WindowsException'{0x000000009b4090a8}> (0x000000009b4090a8) 
thrown [s\src\hotspot\share\prims\jni.cpp, line 517]
Event: 404.597 Thread 0x000001e6f63279d0 Exception <a 'sun/nio/fs/WindowsException'{0x000000009b40a420}> (0x000000009b40a420) 
thrown [s\src\hotspot\share\prims\jni.cpp, line 517]
Event: 404.597 Thread 0x000001e6f63279d0 Exception <a 'sun/nio/fs/WindowsException'{0x000000009b40a7d8}> (0x000000009b40a7d8) 
thrown [s\src\hotspot\share\prims\jni.cpp, line 517]

VM Operations (20 events):
Event: 403.623 Executing VM operation: HandshakeAllThreads done
Event: 403.728 Executing VM operation: HandshakeAllThreads
Event: 403.728 Executing VM operation: HandshakeAllThreads done
Event: 404.000 Executing VM operation: HandshakeAllThreads
Event: 404.000 Executing VM operation: HandshakeAllThreads done
Event: 404.034 Executing VM operation: HandshakeAllThreads
Event: 404.035 Executing VM operation: HandshakeAllThreads done
Event: 404.128 Executing VM operation: HandshakeAllThreads
Event: 404.128 Executing VM operation: HandshakeAllThreads done
Event: 404.359 Executing VM operation: ICBufferFull
Event: 404.360 Executing VM operation: ICBufferFull done
Event: 404.508 Executing VM operation: ICBufferFull
Event: 404.509 Executing VM operation: ICBufferFull done
Event: 404.561 Executing VM operation: G1CollectForAllocation
Event: 404.568 Executing VM operation: G1CollectForAllocation done
Event: 404.578 Executing VM operation: HandshakeAllThreads
Event: 404.578 Executing VM operation: HandshakeAllThreads done
Event: 404.579 Executing VM operation: G1CollectForAllocation
Event: 404.586 Executing VM operation: G1CollectForAllocation done
Event: 404.699 Executing VM operation: G1TryInitiateConcMark

Events (20 events):
Event: 404.165 Thread 0x000001e6efc27220 flushing nmethod 0x000001e6d9cb4f90
Event: 404.165 Thread 0x000001e6efc27220 flushing nmethod 0x000001e6d9cb6490
Event: 404.165 Thread 0x000001e6efc27220 flushing nmethod 0x000001e6d9cbb510
Event: 404.165 Thread 0x000001e6efc27220 flushing nmethod 0x000001e6d9ccb310
Event: 404.165 Thread 0x000001e6efc27220 flushing nmethod 0x000001e6d9cfca10
Event: 404.165 Thread 0x000001e6efc27220 flushing nmethod 0x000001e6d9d02f90
Event: 404.166 Thread 0x000001e6efc27220 flushing nmethod 0x000001e6d9d1d690
Event: 404.166 Thread 0x000001e6efc27220 flushing nmethod 0x000001e6d9d1f210
Event: 404.166 Thread 0x000001e6efc27220 flushing nmethod 0x000001e6d9d2e810
Event: 404.166 Thread 0x000001e6efc27220 flushing nmethod 0x000001e6d9d30790
Event: 404.166 Thread 0x000001e6efc27220 flushing nmethod 0x000001e6d9d5fd90
Event: 404.166 Thread 0x000001e6efc27220 flushing nmethod 0x000001e6d9da4310
Event: 404.167 Thread 0x000001e6efc27220 flushing nmethod 0x000001e6d9eb0d10
Event: 404.171 Thread 0x000001e6efc27220 flushing nmethod 0x000001e6da3aef10
Event: 404.313 loading class java/util/ImmutableCollections$Access
Event: 404.313 loading class java/util/ImmutableCollections$Access done
Event: 404.313 loading class java/util/ImmutableCollections$Access$1
Event: 404.314 loading class jdk/internal/access/JavaUtilCollectionAccess
Event: 404.314 loading class jdk/internal/access/JavaUtilCollectionAccess done
Event: 404.314 loading class java/util/ImmutableCollections$Access$1 done


Dynamic libraries:
0x00007ff621960000 - 0x00007ff62196a000 	C:\Program Files\Android\Android Studio2\jbr\bin\java.exe
0x00007ffa77f70000 - 0x00007ffa78187000 	C:\WINDOWS\SYSTEM32\ntdll.dll
0x00007ffa76640000 - 0x00007ffa76704000 	C:\WINDOWS\System32\KERNEL32.DLL
0x00007ffa752b0000 - 0x00007ffa75667000 	C:\WINDOWS\System32\KERNELBASE.dll
0x00007ffa75b80000 - 0x00007ffa75c91000 	C:\WINDOWS\System32\ucrtbase.dll
0x00007ffa6c360000 - 0x00007ffa6c377000 	C:\Program Files\Android\Android Studio2\jbr\bin\jli.dll
0x00007ffa55660000 - 0x00007ffa5567b000 	C:\Program Files\Android\Android Studio2\jbr\bin\VCRUNTIME140.dll
0x00007ffa76290000 - 0x00007ffa7643f000 	C:\WINDOWS\System32\USER32.dll
0x00007ffa75a60000 - 0x00007ffa75a86000 	C:\WINDOWS\System32\win32u.dll
0x00007ffa61aa0000 - 0x00007ffa61d33000 	C:\WINDOWS\WinSxS\amd64_microsoft.windows.common-controls_6595b64144ccf1df_6.0.22621.3672_none_2713b9d173822955\COMCTL32.dll
0x00007ffa77a60000 - 0x00007ffa77a89000 	C:\WINDOWS\System32\GDI32.dll
0x00007ffa76870000 - 0x00007ffa76917000 	C:\WINDOWS\System32\msvcrt.dll
0x00007ffa75670000 - 0x00007ffa75788000 	C:\WINDOWS\System32\gdi32full.dll
0x00007ffa75790000 - 0x00007ffa7582a000 	C:\WINDOWS\System32\msvcp_win.dll
0x00007ffa76ad0000 - 0x00007ffa76b01000 	C:\WINDOWS\System32\IMM32.DLL
0x00007ffa61470000 - 0x00007ffa6147c000 	C:\Program Files\Android\Android Studio2\jbr\bin\vcruntime140_1.dll
0x00007ffa20c10000 - 0x00007ffa20c9d000 	C:\Program Files\Android\Android Studio2\jbr\bin\msvcp140.dll
0x00007ffa15620000 - 0x00007ffa162a3000 	C:\Program Files\Android\Android Studio2\jbr\bin\server\jvm.dll
0x00007ffa77020000 - 0x00007ffa770d2000 	C:\WINDOWS\System32\ADVAPI32.dll
0x00007ffa77140000 - 0x00007ffa771e8000 	C:\WINDOWS\System32\sechost.dll
0x00007ffa75280000 - 0x00007ffa752a8000 	C:\WINDOWS\System32\bcrypt.dll
0x00007ffa75d50000 - 0x00007ffa75e64000 	C:\WINDOWS\System32\RPCRT4.dll
0x00007ffa740f0000 - 0x00007ffa7413d000 	C:\WINDOWS\SYSTEM32\POWRPROF.dll
0x00007ffa6e100000 - 0x00007ffa6e109000 	C:\WINDOWS\SYSTEM32\WSOCK32.dll
0x00007ffa6eda0000 - 0x00007ffa6edd4000 	C:\WINDOWS\SYSTEM32\WINMM.dll
0x00007ffa77e90000 - 0x00007ffa77f01000 	C:\WINDOWS\System32\WS2_32.dll
0x00007ffa6b8b0000 - 0x00007ffa6b8ba000 	C:\WINDOWS\SYSTEM32\VERSION.dll
0x00007ffa740d0000 - 0x00007ffa740e3000 	C:\WINDOWS\SYSTEM32\UMPDC.dll
0x00007ffa74320000 - 0x00007ffa74338000 	C:\WINDOWS\SYSTEM32\kernel.appcore.dll
0x00007ffa700b0000 - 0x00007ffa700ba000 	C:\Program Files\Android\Android Studio2\jbr\bin\jimage.dll
0x00007ffa72aa0000 - 0x00007ffa72cd2000 	C:\WINDOWS\SYSTEM32\DBGHELP.DLL
0x00007ffa75ef0000 - 0x00007ffa7627e000 	C:\WINDOWS\System32\combase.dll
0x00007ffa76460000 - 0x00007ffa76537000 	C:\WINDOWS\System32\OLEAUT32.dll
0x00007ffa65ec0000 - 0x00007ffa65ef2000 	C:\WINDOWS\SYSTEM32\dbgcore.DLL
0x00007ffa75a90000 - 0x00007ffa75b0b000 	C:\WINDOWS\System32\bcryptPrimitives.dll
0x00007ffa6c600000 - 0x00007ffa6c60e000 	C:\Program Files\Android\Android Studio2\jbr\bin\instrument.dll
0x00007ffa6fca0000 - 0x00007ffa6fcc5000 	C:\Program Files\Android\Android Studio2\jbr\bin\java.dll
0x00007ffa6fc80000 - 0x00007ffa6fc98000 	C:\Program Files\Android\Android Studio2\jbr\bin\zip.dll
0x00007ffa771f0000 - 0x00007ffa77a59000 	C:\WINDOWS\System32\SHELL32.dll
0x00007ffa731b0000 - 0x00007ffa73aaf000 	C:\WINDOWS\SYSTEM32\windows.storage.dll
0x00007ffa73070000 - 0x00007ffa731af000 	C:\WINDOWS\SYSTEM32\wintypes.dll
0x00007ffa76540000 - 0x00007ffa76639000 	C:\WINDOWS\System32\SHCORE.dll
0x00007ffa77e30000 - 0x00007ffa77e8e000 	C:\WINDOWS\System32\shlwapi.dll
0x00007ffa751b0000 - 0x00007ffa751d7000 	C:\WINDOWS\SYSTEM32\profapi.dll
0x00007ffa6eee0000 - 0x00007ffa6eef9000 	C:\Program Files\Android\Android Studio2\jbr\bin\net.dll
0x00007ffa70cb0000 - 0x00007ffa70de6000 	C:\WINDOWS\SYSTEM32\WINHTTP.dll
0x00007ffa747e0000 - 0x00007ffa74849000 	C:\WINDOWS\system32\mswsock.dll
0x00007ffa6ee40000 - 0x00007ffa6ee56000 	C:\Program Files\Android\Android Studio2\jbr\bin\nio.dll
0x00007ffa6c610000 - 0x00007ffa6c620000 	C:\Program Files\Android\Android Studio2\jbr\bin\verify.dll
0x00007ffa51db0000 - 0x00007ffa51dd7000 	C:\Users\Hashem Arenat\.gradle\native\c067742578af261105cb4f569cf0c3c89f3d7b1fecec35dd04571415982c5e48\windows-amd64\native-platform.dll
0x00007ffa20ac0000 - 0x00007ffa20c04000 	C:\Users\Hashem Arenat\.gradle\native\38dada09dfb8b06ba9b0570ebf7e218e3eb74d4ef43ca46872605cf95ebc2f47\windows-amd64\native-platform-file-events.dll
0x00007ffa6e820000 - 0x00007ffa6e829000 	C:\Program Files\Android\Android Studio2\jbr\bin\management.dll
0x00007ffa6e5c0000 - 0x00007ffa6e5cb000 	C:\Program Files\Android\Android Studio2\jbr\bin\management_ext.dll
0x00007ffa76280000 - 0x00007ffa76288000 	C:\WINDOWS\System32\PSAPI.DLL
0x00007ffa74b30000 - 0x00007ffa74b4b000 	C:\WINDOWS\SYSTEM32\CRYPTSP.dll
0x00007ffa742e0000 - 0x00007ffa74315000 	C:\WINDOWS\system32\rsaenh.dll
0x00007ffa74880000 - 0x00007ffa748a8000 	C:\WINDOWS\SYSTEM32\USERENV.dll
0x00007ffa74b10000 - 0x00007ffa74b1c000 	C:\WINDOWS\SYSTEM32\CRYPTBASE.dll
0x00007ffa73d80000 - 0x00007ffa73dad000 	C:\WINDOWS\SYSTEM32\IPHLPAPI.DLL
0x00007ffa76440000 - 0x00007ffa76449000 	C:\WINDOWS\System32\NSI.dll
0x00007ffa70890000 - 0x00007ffa708a9000 	C:\WINDOWS\SYSTEM32\dhcpcsvc6.DLL
0x00007ffa70870000 - 0x00007ffa7088f000 	C:\WINDOWS\SYSTEM32\dhcpcsvc.DLL
0x00007ffa73df0000 - 0x00007ffa73ef2000 	C:\WINDOWS\SYSTEM32\DNSAPI.dll
0x00007ffa6fbe0000 - 0x00007ffa6fbe9000 	C:\Program Files\Android\Android Studio2\jbr\bin\extnet.dll
0x00007ffa65ff0000 - 0x00007ffa65ff8000 	C:\WINDOWS\system32\wshunix.dll
0x00007ffa1fe10000 - 0x00007ffa1fe27000 	C:\WINDOWS\system32\napinsp.dll
0x00007ffa1fe50000 - 0x00007ffa1fe6b000 	C:\WINDOWS\system32\pnrpnsp.dll
0x00007ffa1fe30000 - 0x00007ffa1fe41000 	C:\WINDOWS\System32\winrnr.dll
0x00007ffa6ec50000 - 0x00007ffa6ec65000 	C:\WINDOWS\system32\wshbth.dll
0x00007ffa1fe70000 - 0x00007ffa1fe97000 	C:\WINDOWS\system32\nlansp_c.dll
0x00007ffa700c0000 - 0x00007ffa700ca000 	C:\Windows\System32\rasadhlp.dll
0x00007ffa6f770000 - 0x00007ffa6f7f3000 	C:\WINDOWS\System32\fwpuclnt.dll
0x00007ffa39740000 - 0x00007ffa3975e000 	C:\Users\Hashem Arenat\AppData\Local\Temp\native-platform13246577904268915866dir\native-platform.dll
0x00007ffa4f3f0000 - 0x00007ffa4f3f7000 	C:\Program Files\Android\Android Studio2\jbr\bin\rmi.dll
0x00007ffa74490000 - 0x00007ffa744c4000 	C:\WINDOWS\SYSTEM32\ntmarta.dll

dbghelp: loaded successfully - version: 4.0.5 - missing functions: none
symbol engine: initialized successfully - sym options: 0x614 - pdb path: .;C:\Program Files\Android\Android Studio2\jbr\bin;C:\WINDOWS\SYSTEM32;C:\WINDOWS\WinSxS\amd64_microsoft.windows.common-controls_6595b64144ccf1df_6.0.22621.3672_none_2713b9d173822955;C:\Program Files\Android\Android Studio2\jbr\bin\server;C:\Users\Hashem Arenat\.gradle\native\c067742578af261105cb4f569cf0c3c89f3d7b1fecec35dd04571415982c5e48\windows-amd64;C:\Users\Hashem Arenat\.gradle\native\38dada09dfb8b06ba9b0570ebf7e218e3eb74d4ef43ca46872605cf95ebc2f47\windows-amd64;C:\Users\Hashem Arenat\AppData\Local\Temp\native-platform13246577904268915866dir

VM Arguments:
jvm_args: --add-opens=java.base/java.util=ALL-UNNAMED --add-opens=java.base/java.lang=ALL-UNNAMED --add-opens=java.base/java.lang.invoke=ALL-UNNAMED --add-opens=java.prefs/java.util.prefs=ALL-UNNAMED --add-opens=java.base/java.nio.charset=ALL-UNNAMED --add-opens=java.base/java.net=ALL-UNNAMED --add-opens=java.base/java.util.concurrent.atomic=ALL-UNNAMED -Xmx2048M -Dfile.encoding=UTF-8 -Duser.country=US -Duser.language=en -Duser.variant -javaagent:C:\Users\Hashem Arenat\.gradle\wrapper\dists\gradle-8.7-bin\bhs2wmbdwecv87pi65oeuq5iu\gradle-8.7\lib\agents\gradle-instrumentation-agent-8.7.jar 
java_command: org.gradle.launcher.daemon.bootstrap.GradleDaemon 8.7
java_class_path (initial): C:\Users\Hashem Arenat\.gradle\wrapper\dists\gradle-8.7-bin\bhs2wmbdwecv87pi65oeuq5iu\gradle-8.7\lib\gradle-launcher-8.7.jar
Launcher Type: SUN_STANDARD

[Global flags]
     intx CICompilerCount                          = 12                                        {product} {ergonomic}
     uint ConcGCThreads                            = 4                                         {product} {ergonomic}
     uint G1ConcRefinementThreads                  = 15                                        {product} {ergonomic}
   size_t G1HeapRegionSize                         = 1048576                                   {product} {ergonomic}
    uintx GCDrainStackTargetSize                   = 64                                        {product} {ergonomic}
   size_t InitialHeapSize                          = 264241152                                 {product} {ergonomic}
   size_t MarkStackSize                            = 4194304                                   {product} {ergonomic}
   size_t MaxHeapSize                              = 2147483648                                {product} {command line}
   size_t MaxNewSize                               = 1287651328                                {product} {ergonomic}
   size_t MinHeapDeltaBytes                        = 1048576                                   {product} {ergonomic}
   size_t MinHeapSize                              = 8388608                                   {product} {ergonomic}
    uintx NonNMethodCodeHeapSize                   = 7602480                                {pd product} {ergonomic}
    uintx NonProfiledCodeHeapSize                  = 122027880                              {pd product} {ergonomic}
    uintx ProfiledCodeHeapSize                     = 122027880                              {pd product} {ergonomic}
    uintx ReservedCodeCacheSize                    = 251658240                              {pd product} {ergonomic}
     bool SegmentedCodeCache                       = true                                      {product} {ergonomic}
   size_t SoftMaxHeapSize                          = 2147483648                             {manageable} {ergonomic}
     bool UseCompressedClassPointers               = true                           {product lp64_product} {ergonomic}
     bool UseCompressedOops                        = true                           {product lp64_product} {ergonomic}
     bool UseG1GC                                  = true                                      {product} {ergonomic}
     bool UseLargePagesIndividualAllocation        = false                                  {pd product} {ergonomic}

Logging:
Log output configuration:
 #0: stdout all=warning uptime,level,tags
 #1: stderr all=off uptime,level,tags

Environment Variables:
JAVA_HOME=C:\Program Files\Java\jdk-21
PATH=D:\DevSuiteHome_1\jdk\jre\bin\classic;D:\DevSuiteHome_1\jdk\jre\bin;D:\DevSuiteHome_1\jdk\jre\bin\client;D:\DevSuiteHome_1\jlib;D:\DevSuiteHome_1\bin;D:\DevSuiteHome_1\jre\1.4.2\bin\client;D:\DevSuiteHome_1\jre\1.4.2\bin;C:\Program Files\Common Files\Oracle\Java\javapath;C:\WINDOWS\system32;C:\WINDOWS;C:\WINDOWS\System32\Wbem;C:\WINDOWS\System32\WindowsPowerShell\v1.0\;C:\WINDOWS\System32\OpenSSH\;C:\MinGW\bin;C:\Program Files\Java\jdk-21\bin;C:\Program Files\nodejs;C:\Program Files\nodejs\node_modules\npm\bin;C:\Program Files\Git\cmd;C:\Program Files\dotnet\;C:\Users\Hashem Arenat\AppData\Local\Microsoft\WindowsApps;C:\AppServ\Apache24\bin;C:\AppServ\php7;C:\AppServ\MySQL\bin;C:\Program Files\Java\jdk-21\bin;C:\scrcpy-win64-v2.2;C:\dart-sdk\bin;C:\Users\Hashem Arenat\AppData\Local\Programs\Microsoft VS Code\bin;C:\flutter\bin;C:\Users\Hashem Arenat\Desktop\cmder\bin;C:\Users\Hashem Arenat\AppData\Roaming\npm;;C:\Program Files\JetBrains\IntelliJ IDEA Community Edition 2024.1.2\bin;;C:\Program Files\JetBrains\IntelliJ IDEA 2024.1.2\bin;
USERNAME=Hashem 1
OS=Windows_NT
PROCESSOR_IDENTIFIER=Intel64 Family 6 Model 154 Stepping 3, GenuineIntel
TMP=C:\Users\HASHEM~1\AppData\Local\Temp
TEMP=C:\Users\HASHEM~1\AppData\Local\Temp



Periodic native trim disabled

JNI global refs:
JNI global refs: 39, weak refs: 0

JNI global refs memory usage: 843, weak refs: 841

OOME stack traces (most recent first):
Classloader memory used:
Loader org.gradle.internal.classloader.VisitableURLClassLoader$InstrumentingVisitableURLClassLoader: 7727K
Loader org.gradle.internal.classloader.VisitableURLClassLoader                         : 5530K
Loader bootstrap                                                                       : 3561K
Loader org.gradle.initialization.MixInLegacyTypesClassLoader                           : 1462K
Loader jdk.internal.loader.ClassLoaders$AppClassLoader                                 : 929K
Loader java.net.URLClassLoader                                                         : 329K
Loader jdk.internal.reflect.DelegatingClassLoader                                      : 311K
Loader jdk.internal.loader.ClassLoaders$PlatformClassLoader                            : 94816B
Loader org.codehaus.groovy.runtime.callsite.CallSiteClassLoader                        : 32327B
Loader org.gradle.internal.classloader.VisitableURLClassLoader                         : 14807B
Loader sun.reflect.misc.MethodUtil                                                     : 373B

Classes loaded by more than one classloader:
Class Program                                                                         : loaded 5 times (x 70B)
Class kotlin.collections.MapsKt___MapsKt                                              : loaded 3 times (x 69B)
Class kotlin.collections.MapsKt__MapsKt                                               : loaded 3 times (x 69B)
Class kotlin.collections.MapsKt                                                       : loaded 3 times (x 69B)
Class kotlin.collections.MapsKt__MapWithDefaultKt                                     : loaded 3 times (x 69B)
Class kotlin.LazyKt__LazyJVMKt                                                        : loaded 3 times (x 69B)
Class kotlin.collections.MapsKt__MapsJVMKt                                            : loaded 3 times (x 69B)
Class kotlin.collections.CollectionsKt__IteratorsKt                                   : loaded 3 times (x 69B)
Class kotlin.ranges.RangesKt__RangesKt                                                : loaded 3 times (x 69B)
Class kotlin.collections.CollectionsKt___CollectionsJvmKt                             : loaded 3 times (x 69B)
Class kotlin.collections.CollectionsKt                                                : loaded 3 times (x 69B)
Class kotlin.collections.CollectionsKt__IterablesKt                                   : loaded 3 times (x 69B)
Class kotlin.SynchronizedLazyImpl                                                     : loaded 3 times (x 74B)
Class kotlin.Function                                                                 : loaded 3 times (x 68B)
Class kotlin.jvm.internal.FunctionBase                                                : loaded 3 times (x 68B)
Class kotlin.UNINITIALIZED_VALUE                                                      : loaded 3 times (x 69B)
Class kotlin.collections.CollectionsKt___CollectionsKt                                : loaded 3 times (x 69B)
Class kotlin.ranges.RangesKt___RangesKt                                               : loaded 3 times (x 69B)
Class kotlin.KotlinNullPointerException                                               : loaded 3 times (x 81B)
Class kotlin.jvm.functions.Function1                                                  : loaded 3 times (x 68B)
Class kotlin.jvm.functions.Function0                                                  : loaded 3 times (x 68B)
Class kotlin.collections.MapsKt___MapsJvmKt                                           : loaded 3 times (x 69B)
Class kotlin.collections.CollectionsKt__CollectionsJVMKt                              : loaded 3 times (x 69B)
Class kotlin.NoWhenBranchMatchedException                                             : loaded 3 times (x 80B)
Class kotlin.LazyKt                                                                   : loaded 3 times (x 69B)
Class kotlin.LazyKt__LazyKt                                                           : loaded 3 times (x 69B)
Class kotlin.collections.CollectionsKt__IteratorsJVMKt                                : loaded 3 times (x 69B)
Class kotlin.jvm.internal.Intrinsics                                                  : loaded 3 times (x 69B)
Class kotlin.collections.CollectionsKt__MutableCollectionsJVMKt                       : loaded 3 times (x 69B)
Class kotlin.collections.CollectionsKt__ReversedViewsKt                               : loaded 3 times (x 69B)
Class kotlin.collections.CollectionsKt__MutableCollectionsKt                          : loaded 3 times (x 69B)
Class kotlin.UninitializedPropertyAccessException                                     : loaded 3 times (x 80B)
Class kotlin.jvm.internal.Lambda                                                      : loaded 3 times (x 73B)
Class kotlin.collections.CollectionsKt__CollectionsKt                                 : loaded 3 times (x 69B)
Class kotlin.Lazy                                                                     : loaded 3 times (x 68B)
Class kotlin.ranges.RangesKt                                                          : loaded 3 times (x 69B)
Class kotlin.enums.EnumEntriesKt                                                      : loaded 2 times (x 69B)
Class com.google.common.io.ByteArrayDataOutput                                        : loaded 2 times (x 68B)
Class com.google.common.collect.ImmutableEntry                                        : loaded 2 times (x 80B)
Class com.google.common.collect.Lists$StringAsImmutableList                           : loaded 2 times (x 167B)
Class com.google.common.collect.ImmutableMap$SerializedForm                           : loaded 2 times (x 71B)
Class kotlin.text.StringsKt__AppendableKt                                             : loaded 2 times (x 69B)
Class com.google.common.cache.LocalCache$StrongEntry                                  : loaded 2 times (x 106B)
Class org.objectweb.asm.FieldWriter                                                   : loaded 2 times (x 76B)
Class kotlin.jvm.internal.CallableReference$NoReceiver                                : loaded 2 times (x 69B)
Class com.google.common.base.CharMatcher                                              : loaded 2 times (x 109B)
Class com.google.common.base.CharMatcher$IsNot                                        : loaded 2 times (x 109B)
Class com.google.common.collect.Maps$IteratorBasedAbstractMap                         : loaded 2 times (x 123B)
Class net.rubygrapefruit.platform.internal.FunctionResult                             : loaded 2 times (x 75B)
Class com.google.common.collect.SetMultimap                                           : loaded 2 times (x 68B)
Class com.google.common.base.Splitter                                                 : loaded 2 times (x 70B)
Class [Lcom.google.common.cache.Weigher;                                              : loaded 2 times (x 67B)
Class com.google.common.collect.Iterators$ArrayItr                                    : loaded 2 times (x 95B)
Class com.google.common.cache.LocalCache$Segment                                      : loaded 2 times (x 152B)
Class org.gradle.api.internal.DefaultClassPathProvider                                : loaded 2 times (x 74B)
Class org.gradle.internal.installation.GradleInstallation$1                           : loaded 2 times (x 73B)
Class com.google.common.cache.LocalCache$AbstractReferenceEntry                       : loaded 2 times (x 105B)
Class org.objectweb.asm.Type                                                          : loaded 2 times (x 70B)
Class com.google.common.util.concurrent.AbstractFuture$Failure                        : loaded 2 times (x 70B)
Class com.google.common.base.CharMatcher$BitSetMatcher                                : loaded 2 times (x 110B)
Class com.google.common.collect.ImmutableMap$IteratorBasedImmutableMap                : loaded 2 times (x 123B)
Class kotlin.ranges.IntProgression                                                    : loaded 2 times (x 79B)
Class com.google.common.reflect.Reflection                                            : loaded 2 times (x 69B)
Class com.google.common.collect.ImmutableMap                                          : loaded 2 times (x 118B)
Class kotlin.jvm.internal.CallableReference                                           : loaded 2 times (x 104B)
Class com.google.common.base.Converter                                                : loaded 2 times (x 88B)
Class com.google.common.collect.ImmutableBiMap$Builder                                : loaded 2 times (x 80B)
Class com.google.common.collect.ImmutableSet$EmptySetBuilderImpl                      : loaded 2 times (x 74B)
Class kotlin.io.FilesKt                                                               : loaded 2 times (x 69B)
Class org.gradle.api.Action                                                           : loaded 2 times (x 68B)
Class kotlin.io.FileSystemException                                                   : loaded 2 times (x 80B)
Class com.google.common.base.Equivalence                                              : loaded 2 times (x 80B)
Class com.google.common.primitives.Ints                                               : loaded 2 times (x 69B)
Class com.google.common.cache.LocalCache$EntryFactory$1                               : loaded 2 times (x 81B)
Class kotlin.collections.ArraysKt__ArraysKt                                           : loaded 2 times (x 69B)
Class com.google.common.cache.LocalCache$EntryFactory$2                               : loaded 2 times (x 81B)
Class com.google.common.cache.LocalCache$EntryFactory$3                               : loaded 2 times (x 81B)
Class [Lcom.google.common.collect.Maps$EntryFunction;                                 : loaded 2 times (x 67B)
Class com.google.common.cache.LocalCache$EntryFactory$4                               : loaded 2 times (x 81B)
Class com.google.common.cache.LocalCache$EntryFactory$5                               : loaded 2 times (x 81B)
Class com.google.common.cache.LocalCache$EntryFactory$6                               : loaded 2 times (x 81B)
Class com.google.common.reflect.TypeResolver$TypeVariableKey                          : loaded 2 times (x 70B)
Class com.google.common.cache.LocalCache$EntryFactory$7                               : loaded 2 times (x 81B)
Class com.google.common.cache.LocalCache$EntryFactory$8                               : loaded 2 times (x 81B)
Class kotlin.reflect.KDeclarationContainer                                            : loaded 2 times (x 68B)
Class com.google.common.base.Predicate                                                : loaded 2 times (x 68B)
Class kotlin.text.StringsKt                                                           : loaded 2 times (x 69B)
Class com.google.common.cache.LocalCache$StrongValueReference                         : loaded 2 times (x 88B)
Class org.gradle.internal.classloader.FilteringClassLoader                            : loaded 2 times (x 103B)
Class com.google.common.collect.AbstractMapBasedMultimap$WrappedCollection            : loaded 2 times (x 122B)
Class com.google.common.reflect.TypeResolver$TypeTable                                : loaded 2 times (x 71B)
Class com.google.common.reflect.Invokable$MethodInvokable                             : loaded 2 times (x 103B)
Class com.google.common.collect.RegularImmutableSet                                   : loaded 2 times (x 146B)
Class com.google.common.cache.CacheBuilder$OneWeigher                                 : loaded 2 times (x 80B)
Class kotlin.reflect.KCallable                                                        : loaded 2 times (x 68B)
Class [Lcom.google.common.cache.LocalCache$Strength;                                  : loaded 2 times (x 67B)
Class org.gradle.internal.classpath.DefaultClassPath$ImmutableUniqueList$Builder      : loaded 2 times (x 73B)
Class kotlin.enums.EnumEntries                                                        : loaded 2 times (x 68B)
Class com.google.common.collect.SortedSetMultimap                                     : loaded 2 times (x 68B)
Class com.google.common.collect.Maps$8                                                : loaded 2 times (x 80B)
Class javax.xml.bind.JAXBException                                                    : loaded 2 times (x 83B)
Class com.google.common.collect.Sets$3$1                                              : loaded 2 times (x 80B)
Class [Lcom.google.common.cache.CacheBuilder$NullListener;                            : loaded 2 times (x 67B)
Class com.google.common.base.PatternCompiler                                          : loaded 2 times (x 68B)
Class com.google.common.base.CharMatcher$InRange                                      : loaded 2 times (x 109B)
Class com.google.common.collect.Maps$KeySet                                           : loaded 2 times (x 135B)
Class com.google.common.collect.Sets$SetView                                          : loaded 2 times (x 136B)
Class com.google.common.collect.BiMap                                                 : loaded 2 times (x 68B)
Class com.google.common.collect.Lists                                                 : loaded 2 times (x 69B)
Class org.objectweb.asm.AnnotationWriter                                              : loaded 2 times (x 77B)
Class org.apache.commons.io.output.ThresholdingOutputStream                           : loaded 2 times (x 92B)
Class com.google.common.math.IntMath$1                                                : loaded 2 times (x 69B)
Class org.gradle.internal.classloader.ClassLoaderVisitor                              : loaded 2 times (x 74B)
Class org.apache.http.HttpEntityEnclosingRequest                                      : loaded 2 times (x 68B)
Class org.objectweb.asm.Label                                                         : loaded 2 times (x 71B)
Class kotlin.jvm.internal.TypeIntrinsics                                              : loaded 2 times (x 69B)
Class com.google.common.cache.CacheBuilder$NullListener                               : loaded 2 times (x 80B)
Class org.apache.commons.io.filefilter.IOFileFilter                                   : loaded 2 times (x 68B)
Class com.google.common.math.MathPreconditions                                        : loaded 2 times (x 69B)
Class com.google.common.io.ByteStreams$1                                              : loaded 2 times (x 83B)
Class kotlin.text.StringsKt__RegexExtensionsKt                                        : loaded 2 times (x 69B)
Class org.gradle.internal.service.DefaultServiceLocator                               : loaded 2 times (x 81B)
Class kotlin.text.StringsKt__StringBuilderJVMKt                                       : loaded 2 times (x 69B)
Class org.gradle.internal.service.UnknownServiceException                             : loaded 2 times (x 81B)
Class kotlin.collections.SetsKt___SetsKt                                              : loaded 2 times (x 69B)
Class org.apache.http.client.methods.HttpUriRequest                                   : loaded 2 times (x 68B)
Class com.google.common.util.concurrent.AbstractFuture$SynchronizedHelper             : loaded 2 times (x 76B)
Class com.google.common.collect.ArrayListMultimap                                     : loaded 2 times (x 170B)
Class com.google.common.collect.Collections2$FilteredCollection                       : loaded 2 times (x 117B)
Class kotlin.text.StringsKt__StringsJVMKt                                             : loaded 2 times (x 69B)
Class com.google.common.base.Strings                                                  : loaded 2 times (x 69B)
Class com.google.common.io.Closer                                                     : loaded 2 times (x 76B)
Class com.google.common.cache.CacheLoader$InvalidCacheLoadException                   : loaded 2 times (x 80B)
Class org.gradle.internal.classloader.DefaultClassLoaderFactory                       : loaded 2 times (x 80B)
Class com.google.common.collect.UnmodifiableIterator                                  : loaded 2 times (x 78B)
Class com.google.common.base.Stopwatch                                                : loaded 2 times (x 70B)
Class com.google.common.reflect.Types                                                 : loaded 2 times (x 69B)
Class com.google.common.base.Platform$JdkPatternCompiler                              : loaded 2 times (x 73B)
Class net.rubygrapefruit.platform.ProcessLauncher                                     : loaded 2 times (x 68B)
Class kotlin.text.StringsKt__RegexExtensionsJVMKt                                     : loaded 2 times (x 69B)
Class com.google.common.cache.LocalCache$LoadingValueReference                        : loaded 2 times (x 94B)
Class org.apache.commons.io.output.ByteArrayOutputStream                              : loaded 2 times (x 100B)
Class com.google.common.base.CharMatcher$SingleWidth                                  : loaded 2 times (x 110B)
Class com.google.common.collect.Hashing                                               : loaded 2 times (x 69B)
Class com.google.common.io.ByteStreams$LimitedInputStream                             : loaded 2 times (x 90B)
Class org.objectweb.asm.Context                                                       : loaded 2 times (x 70B)
Class [Lcom.google.common.reflect.Types$ClassOwnership;                               : loaded 2 times (x 67B)
Class kotlin.io.FilesKt__FilePathComponentsKt                                         : loaded 2 times (x 69B)
Class com.google.common.base.JdkPattern                                               : loaded 2 times (x 73B)
Class com.google.common.base.Optional                                                 : loaded 2 times (x 78B)
Class com.google.common.collect.Multimap                                              : loaded 2 times (x 68B)
Class com.google.common.base.FunctionalEquivalence                                    : loaded 2 times (x 81B)
Class org.objectweb.asm.AnnotationVisitor                                             : loaded 2 times (x 76B)
Class org.objectweb.asm.RecordComponentWriter                                         : loaded 2 times (x 76B)
Class com.google.common.cache.LocalCache$1                                            : loaded 2 times (x 87B)
Class com.google.common.cache.LocalCache$2                                            : loaded 2 times (x 140B)
Class com.google.common.collect.RegularImmutableBiMap                                 : loaded 2 times (x 146B)
Class kotlin.sequences.SequencesKt__SequenceBuilderKt                                 : loaded 2 times (x 69B)
Class kotlin.text.StringsKt__StringNumberConversionsKt                                : loaded 2 times (x 69B)
Class org.gradle.internal.classloader.VisitableURLClassLoader$Spec                    : loaded 2 times (x 72B)
Class org.gradle.api.GradleException                                                  : loaded 2 times (x 80B)
Class com.google.common.base.CharMatcher$JavaLetterOrDigit                            : loaded 2 times (x 109B)
Class org.gradle.api.internal.classpath.ModuleRegistry                                : loaded 2 times (x 68B)
Class com.google.common.collect.ForwardingObject                                      : loaded 2 times (x 70B)
Class com.google.common.reflect.TypeToken$1                                           : loaded 2 times (x 106B)
Class com.google.common.cache.CacheBuilder                                            : loaded 2 times (x 70B)
Class com.google.common.reflect.TypeToken$2                                           : loaded 2 times (x 106B)
Class org.objectweb.asm.ByteVector                                                    : loaded 2 times (x 77B)
Class com.google.common.collect.ImmutableCollection                                   : loaded 2 times (x 123B)
Class kotlin.jvm.internal.markers.KMappedMarker                                       : loaded 2 times (x 68B)
Class com.google.common.base.PairwiseEquivalence                                      : loaded 2 times (x 81B)
Class com.google.common.base.Ticker                                                   : loaded 2 times (x 70B)
Class org.gradle.api.internal.ClassPathProvider                                       : loaded 2 times (x 68B)
Class com.google.common.base.Ascii                                                    : loaded 2 times (x 69B)
Class com.google.common.collect.RegularImmutableMap$Values                            : loaded 2 times (x 167B)
Class org.objectweb.asm.ModuleWriter                                                  : loaded 2 times (x 80B)
Class org.gradle.internal.classloader.ClasspathUtil$1                                 : loaded 2 times (x 74B)
Class com.google.common.collect.ImmutableEnumMap                                      : loaded 2 times (x 123B)
Class com.google.common.collect.ImmutableList$ReverseImmutableList                    : loaded 2 times (x 168B)
Class net.rubygrapefruit.platform.internal.Platform$Posix                             : loaded 2 times (x 79B)
Class com.google.common.collect.AbstractMultimap                                      : loaded 2 times (x 121B)
Class kotlin.collections.EmptyList                                                    : loaded 2 times (x 134B)
Class com.google.common.cache.AbstractCache$StatsCounter                              : loaded 2 times (x 68B)
Class com.google.common.collect.Maps$EntryFunction$1                                  : loaded 2 times (x 89B)
Class com.google.common.collect.Maps$EntryFunction$2                                  : loaded 2 times (x 89B)
Class org.objectweb.asm.FieldVisitor                                                  : loaded 2 times (x 75B)
Class org.objectweb.asm.Symbol                                                        : loaded 2 times (x 71B)
Class Build_gradle$1$1                                                                : loaded 2 times (x 76B)
Class com.google.common.reflect.TypeToken                                             : loaded 2 times (x 71B)
Class com.google.common.cache.LocalCache$Strength$1                                   : loaded 2 times (x 79B)
Class com.google.common.cache.LocalCache$Strength$2                                   : loaded 2 times (x 79B)
Class com.google.common.cache.LocalCache$Strength$3                                   : loaded 2 times (x 79B)
Class org.gradle.internal.classloader.ClassLoaderFactory                              : loaded 2 times (x 68B)
Class com.google.common.collect.ObjectArrays                                          : loaded 2 times (x 69B)
Class kotlin.io.LinesSequence$iterator$1                                              : loaded 2 times (x 77B)
Class com.google.common.base.Absent                                                   : loaded 2 times (x 78B)
Class com.google.common.util.concurrent.AbstractFuture$Waiter                         : loaded 2 times (x 70B)
Class kotlin.jvm.internal.FunctionReference                                           : loaded 2 times (x 120B)
Class com.google.common.util.concurrent.Uninterruptibles                              : loaded 2 times (x 69B)
Class com.google.common.collect.Iterators$10                                          : loaded 2 times (x 79B)
Class com.google.common.collect.ImmutableList                                         : loaded 2 times (x 166B)
Class org.gradle.api.internal.classpath.ManifestUtil                                  : loaded 2 times (x 69B)
Class org.gradle.api.specs.Spec                                                       : loaded 2 times (x 68B)
Class com.google.common.base.CharMatcher$Digit                                        : loaded 2 times (x 110B)
Class com.google.common.cache.CacheLoader$UnsupportedLoadingOperationException        : loaded 2 times (x 80B)
Class com.google.common.base.CharMatcher$Whitespace                                   : loaded 2 times (x 110B)
Class com.google.common.util.concurrent.ListenableFuture                              : loaded 2 times (x 68B)
Class org.apache.http.client.methods.AbortableHttpRequest                             : loaded 2 times (x 68B)
Class kotlin.text.StringsKt___StringsJvmKt                                            : loaded 2 times (x 69B)
Class com.google.common.collect.Iterators$1                                           : loaded 2 times (x 79B)
Class com.google.common.collect.Iterators$4                                           : loaded 2 times (x 80B)
Class com.google.common.collect.RegularImmutableMap$BucketOverflowException           : loaded 2 times (x 80B)
Class kotlin.ranges.OpenEndRange                                                      : loaded 2 times (x 68B)
Class com.google.common.collect.Iterators$5                                           : loaded 2 times (x 80B)
Class com.google.common.collect.Iterators$6                                           : loaded 2 times (x 79B)
Class com.google.common.util.concurrent.AbstractFuture$UnsafeAtomicHelper             : loaded 2 times (x 76B)
Class com.google.common.base.Joiner                                                   : loaded 2 times (x 77B)
Class com.google.common.base.Equivalence$Equals                                       : loaded 2 times (x 80B)
Class com.google.common.base.Preconditions                                            : loaded 2 times (x 69B)
Class com.google.common.base.Function                                                 : loaded 2 times (x 68B)
Class com.google.common.collect.Iterators$9                                           : loaded 2 times (x 79B)
Class [Lnet.rubygrapefruit.platform.internal.FunctionResult$Failure;                  : loaded 2 times (x 67B)
Class net.rubygrapefruit.platform.internal.Platform$Windows                           : loaded 2 times (x 77B)
Class org.gradle.internal.IoActions                                                   : loaded 2 times (x 69B)
Class com.google.common.cache.ReferenceEntry                                          : loaded 2 times (x 68B)
Class org.apache.http.HttpMessage                                                     : loaded 2 times (x 68B)
Class com.google.common.collect.RegularImmutableMap$KeySet                            : loaded 2 times (x 148B)
Class com.google.common.collect.CollectPreconditions                                  : loaded 2 times (x 69B)
Class kotlin.sequences.SequencesKt                                                    : loaded 2 times (x 69B)
Class [Lcom.google.common.base.Function;                                              : loaded 2 times (x 67B)
Class com.google.common.primitives.IntsMethodsForWeb                                  : loaded 2 times (x 69B)
Class kotlin.io.TextStreamsKt                                                         : loaded 2 times (x 69B)
Class kotlin.collections.EmptyIterator                                                : loaded 2 times (x 87B)
Class com.google.common.collect.Maps                                                  : loaded 2 times (x 69B)
Class com.google.common.collect.RegularImmutableMap                                   : loaded 2 times (x 119B)
Class org.apache.http.HttpEntity                                                      : loaded 2 times (x 68B)
Class com.google.common.collect.AbstractIndexedListIterator                           : loaded 2 times (x 94B)
Class net.rubygrapefruit.platform.internal.NativeLibraryLocator                       : loaded 2 times (x 71B)
Class com.google.common.base.CharMatcher$None                                         : loaded 2 times (x 110B)
Class [Lorg.apache.commons.io.StandardLineSeparator;                                  : loaded 2 times (x 67B)
Class [Lorg.objectweb.asm.Attribute;                                                  : loaded 2 times (x 67B)
Class org.gradle.api.internal.classpath.EffectiveClassPath                            : loaded 2 times (x 88B)
Class org.apache.commons.io.StandardLineSeparator                                     : loaded 2 times (x 77B)
Class org.apache.commons.io.output.AppendableWriter                                   : loaded 2 times (x 98B)
Class org.apache.http.client.methods.Configurable                                     : loaded 2 times (x 68B)
Class com.google.common.collect.UnmodifiableListIterator                              : loaded 2 times (x 93B)
Class com.google.common.cache.CacheLoader$FunctionToCacheLoader                       : loaded 2 times (x 73B)
Class com.google.common.cache.CacheBuilder$1                                          : loaded 2 times (x 83B)
Class com.google.common.cache.CacheBuilder$2                                          : loaded 2 times (x 70B)
Class com.google.common.collect.ImmutableList$1                                       : loaded 2 times (x 95B)
Class com.google.common.base.Splitter$Strategy                                        : loaded 2 times (x 68B)
Class com.google.common.collect.ImmutableMapEntrySet$RegularEntrySet                  : loaded 2 times (x 149B)
Class com.google.common.base.Predicates$CompositionPredicate                          : loaded 2 times (x 86B)
Class [Lcom.google.common.cache.RemovalListener;                                      : loaded 2 times (x 67B)
Class [Lcom.google.common.collect.ImmutableMapEntry;                                  : loaded 2 times (x 67B)
Class net.rubygrapefruit.platform.internal.Platform$Unsupported                       : loaded 2 times (x 77B)
Class org.gradle.internal.installation.CurrentGradleInstallation                      : loaded 2 times (x 71B)
Class kotlin.Metadata                                                                 : loaded 2 times (x 68B)
Class org.gradle.internal.agents.InstrumentingClassLoader                             : loaded 2 times (x 68B)
Class org.gradle.internal.installation.CurrentGradleInstallationLocator               : loaded 2 times (x 69B)
Class com.google.common.base.CharMatcher$JavaDigit                                    : loaded 2 times (x 109B)
Class [Lcom.google.common.cache.LocalCache$Segment;                                   : loaded 2 times (x 67B)
Class org.gradle.api.internal.classpath.Module                                        : loaded 2 times (x 68B)
Class com.google.common.collect.Multimaps$CustomSetMultimap                           : loaded 2 times (x 176B)
Class kotlin.annotation.Target                                                        : loaded 2 times (x 68B)
Class com.google.common.base.Splitter$1$1                                             : loaded 2 times (x 84B)
Class com.google.common.collect.ListMultimap                                          : loaded 2 times (x 68B)
Class kotlin.sequences.SequencesKt__SequencesKt                                       : loaded 2 times (x 69B)
Class com.google.common.collect.ImmutableEnumSet                                      : loaded 2 times (x 144B)
Class kotlin.sequences.SequencesKt__SequencesJVMKt                                    : loaded 2 times (x 69B)
Class com.google.common.collect.ImmutableSet$JdkBackedSetBuilderImpl                  : loaded 2 times (x 74B)
Class com.google.common.reflect.Types$TypeVariableInvocationHandler                   : loaded 2 times (x 73B)
Class com.google.common.reflect.Types$ClassOwnership                                  : loaded 2 times (x 78B)
Class com.google.common.collect.ImmutableSet$RegularSetBuilderImpl                    : loaded 2 times (x 75B)
Class [Lorg.objectweb.asm.AnnotationWriter;                                           : loaded 2 times (x 67B)
Class org.gradle.internal.service.CachingServiceLocator                               : loaded 2 times (x 80B)
Class Settings_gradle$1$1                                                             : loaded 2 times (x 72B)
Class org.apache.http.client.methods.HttpPut                                          : loaded 2 times (x 151B)
Class [Lcom.google.common.collect.ImmutableEntry;                                     : loaded 2 times (x 67B)
Class kotlin.text.StringsKt__StringBuilderKt                                          : loaded 2 times (x 69B)
Class net.rubygrapefruit.platform.internal.Platform$Linux64Bit                        : loaded 2 times (x 81B)
Class com.google.common.collect.Sets$ImprovedAbstractSet                              : loaded 2 times (x 133B)
Class org.gradle.internal.classpath.DefaultClassPath                                  : loaded 2 times (x 88B)
Class com.google.common.collect.AbstractSetMultimap                                   : loaded 2 times (x 172B)
Class kotlin.annotation.Retention                                                     : loaded 2 times (x 68B)
Class com.google.common.util.concurrent.AbstractFuture$SetFuture                      : loaded 2 times (x 73B)
Class com.google.common.collect.FluentIterable$3                                      : loaded 2 times (x 79B)
Class kotlin.sequences.SequencesKt___SequencesKt                                      : loaded 2 times (x 69B)
Class kotlin.collections.SetsKt__SetsJVMKt                                            : loaded 2 times (x 69B)
Class com.google.common.collect.FluentIterable$2                                      : loaded 2 times (x 79B)
Class com.google.common.collect.TransformedIterator                                   : loaded 2 times (x 78B)
Class com.google.common.base.Splitter$SplittingIterator                               : loaded 2 times (x 82B)
Class com.google.common.reflect.TypeParameter                                         : loaded 2 times (x 70B)
Class kotlin.enums.EnumEntriesList                                                    : loaded 2 times (x 183B)
Class com.google.common.cache.LocalCache$LocalManualCache$1                           : loaded 2 times (x 73B)
Class Build_gradle$1                                                                  : loaded 2 times (x 72B)
Class Build_gradle$2                                                                  : loaded 2 times (x 76B)
Class com.google.common.reflect.Types$ClassOwnership$1LocalClass                      : loaded 2 times (x 69B)
Class com.google.common.collect.FluentIterable$1                                      : loaded 2 times (x 79B)
Class com.google.common.collect.ImmutableBiMap$SerializedForm                         : loaded 2 times (x 73B)
Class [Lcom.google.common.collect.AbstractIterator$State;                             : loaded 2 times (x 67B)
Class org.objectweb.asm.SymbolTable$Entry                                             : loaded 2 times (x 72B)
Class [Lcom.google.common.cache.LocalCache$EntryFactory;                              : loaded 2 times (x 67B)
Class kotlin.sequences.ConstrainedOnceSequence                                        : loaded 2 times (x 73B)
Class net.rubygrapefruit.platform.internal.jni.NativeLibraryFunctions                 : loaded 2 times (x 69B)
Class com.google.common.base.CharMatcher$Is                                           : loaded 2 times (x 109B)
Class com.google.common.collect.Maps$AbstractFilteredMap                              : loaded 2 times (x 125B)
Class com.google.common.base.Platform                                                 : loaded 2 times (x 69B)
Class com.google.common.collect.RegularImmutableAsList                                : loaded 2 times (x 176B)
Class com.google.common.base.Suppliers$NonSerializableMemoizingSupplier               : loaded 2 times (x 77B)
Class com.google.common.collect.PeekingIterator                                       : loaded 2 times (x 68B)
Class kotlin.ranges.ClosedRange                                                       : loaded 2 times (x 68B)
Class com.google.common.collect.AbstractMapBasedMultimap$WrappedSet                   : loaded 2 times (x 140B)
Class org.gradle.api.internal.classpath.DefaultModuleRegistry                         : loaded 2 times (x 84B)
Class com.google.common.reflect.TypeResolver$TypeTable$1                              : loaded 2 times (x 71B)
Class com.google.common.collect.ImmutableMapEntrySet                                  : loaded 2 times (x 149B)
Class com.google.common.cache.CacheLoader                                             : loaded 2 times (x 72B)
Class kotlin.io.NoSuchFileException                                                   : loaded 2 times (x 80B)
Class com.google.common.collect.ImmutableBiMapFauxverideShim                          : loaded 2 times (x 118B)
Class kotlin.reflect.KAnnotatedElement                                                : loaded 2 times (x 68B)
Class org.objectweb.asm.MethodTooLargeException                                       : loaded 2 times (x 81B)
Class kotlin.text.CharsKt                                                             : loaded 2 times (x 69B)
Class com.google.common.cache.RemovalListener                                         : loaded 2 times (x 68B)
Class org.gradle.internal.classpath.ClassPath                                         : loaded 2 times (x 68B)
Class com.google.common.cache.Cache                                                   : loaded 2 times (x 68B)
Class com.google.common.collect.Maps$EntrySet                                         : loaded 2 times (x 134B)
Class com.google.common.cache.CacheLoader$SupplierToCacheLoader                       : loaded 2 times (x 73B)
Class org.gradle.internal.classloader.SystemClassLoaderSpec                           : loaded 2 times (x 69B)
Class com.google.common.util.concurrent.internal.InternalFutureFailureAccess          : loaded 2 times (x 70B)
Class net.rubygrapefruit.platform.internal.Platform$FreeBSD64Bit                      : loaded 2 times (x 80B)
Class com.google.common.base.Charsets                                                 : loaded 2 times (x 69B)
Class com.google.common.primitives.Ints$IntConverter                                  : loaded 2 times (x 88B)
Class com.google.common.collect.SingletonImmutableSet                                 : loaded 2 times (x 144B)
Class com.google.common.reflect.Types$TypeVariableImpl                                : loaded 2 times (x 70B)
Class [Lcom.google.common.base.AbstractIterator$State;                                : loaded 2 times (x 67B)
Class org.apache.http.client.methods.HttpEntityEnclosingRequestBase                   : loaded 2 times (x 151B)
Class com.google.common.collect.ImmutableMap$Builder                                  : loaded 2 times (x 80B)
Class kotlin.io.FileAlreadyExistsException                                            : loaded 2 times (x 80B)
Class net.rubygrapefruit.platform.internal.Platform$MacOs                             : loaded 2 times (x 80B)
Class com.google.common.base.AbstractIterator                                         : loaded 2 times (x 78B)
Class org.objectweb.asm.ClassWriter                                                   : loaded 2 times (x 104B)
Class kotlin.text.Charsets                                                            : loaded 2 times (x 69B)
Class org.apache.commons.io.IOUtils                                                   : loaded 2 times (x 69B)
Class com.google.common.base.AbstractIterator$1                                       : loaded 2 times (x 69B)
Class org.apache.http.client.methods.AbstractExecutionAwareRequest                    : loaded 2 times (x 126B)
Class kotlin.collections.SetsKt                                                       : loaded 2 times (x 69B)
Class com.google.common.collect.SingletonImmutableList                                : loaded 2 times (x 167B)
Class kotlin.io.LinesSequence                                                         : loaded 2 times (x 73B)
Class kotlin.collections.MapWithDefault                                               : loaded 2 times (x 68B)
Class [Lcom.google.common.cache.CacheBuilder$OneWeigher;                              : loaded 2 times (x 67B)
Class net.rubygrapefruit.platform.NativeIntegrationLinkageException                   : loaded 2 times (x 80B)
Class com.google.common.collect.Iterators                                             : loaded 2 times (x 69B)
Class com.google.common.base.CharMatcher$1                                            : loaded 2 times (x 111B)
Class com.google.common.base.CharMatcher$Ascii                                        : loaded 2 times (x 110B)
Class com.google.common.cache.LocalCache$ComputingValueReference                      : loaded 2 times (x 94B)
Class com.google.common.collect.ImmutableList$SerializedForm                          : loaded 2 times (x 71B)
Class org.gradle.api.UncheckedIOException                                             : loaded 2 times (x 80B)
Class com.google.common.base.CharMatcher$And                                          : loaded 2 times (x 110B)
Class kotlin.io.FilesKt__FileReadWriteKt                                              : loaded 2 times (x 69B)
Class com.google.common.collect.IndexedImmutableSet                                   : loaded 2 times (x 148B)
Class com.google.common.base.ExtraObjectsMethodsForWeb                                : loaded 2 times (x 69B)
Class com.google.common.collect.IndexedImmutableSet$1                                 : loaded 2 times (x 172B)
Class com.google.common.collect.AbstractListMultimap                                  : loaded 2 times (x 170B)
Class com.google.common.base.CharMatcher$Any                                          : loaded 2 times (x 110B)
Class [Lcom.google.common.collect.AbstractMapEntry;                                   : loaded 2 times (x 67B)
Class org.apache.commons.io.output.UnsynchronizedByteArrayOutputStream                : loaded 2 times (x 100B)
Class com.google.common.cache.LocalCache$Strength                                     : loaded 2 times (x 79B)
Class com.google.common.collect.AbstractMapBasedMultimap$KeySet                       : loaded 2 times (x 135B)
Class com.google.common.collect.ArrayListMultimapGwtSerializationDependencies         : loaded 2 times (x 170B)
Class kotlin.Unit                                                                     : loaded 2 times (x 69B)
Class kotlin.io.FilePathComponents                                                    : loaded 2 times (x 70B)
Class com.google.common.base.CharMatcher$RangesMatcher                                : loaded 2 times (x 110B)
Class org.objectweb.asm.Handler                                                       : loaded 2 times (x 70B)
Class com.google.common.collect.Maps$IteratorBasedAbstractMap$1                       : loaded 2 times (x 136B)
Class kotlin.collections.ArraysKt___ArraysJvmKt                                       : loaded 2 times (x 69B)
Class net.rubygrapefruit.platform.internal.Platform$Linux32Bit                        : loaded 2 times (x 81B)
Class com.google.common.collect.ImmutableList$SubList                                 : loaded 2 times (x 168B)
Class org.objectweb.asm.ModuleVisitor                                                 : loaded 2 times (x 79B)
Class net.rubygrapefruit.platform.internal.Platform$MacOs64Bit                        : loaded 2 times (x 80B)
Class com.google.common.cache.LocalCache$ValueReference                               : loaded 2 times (x 68B)
Class org.objectweb.asm.ClassReader                                                   : loaded 2 times (x 91B)
Class android.databinding.tool.writer.JavaFileWriter                                  : loaded 2 times (x 72B)
Class org.gradle.internal.classloader.ClasspathUtil                                   : loaded 2 times (x 69B)
Class net.rubygrapefruit.platform.internal.FunctionResult$Failure                     : loaded 2 times (x 77B)
Class org.objectweb.asm.CurrentFrame                                                  : loaded 2 times (x 71B)
Class com.google.common.util.concurrent.AbstractFuture                                : loaded 2 times (x 93B)
Class kotlin.NotImplementedError                                                      : loaded 2 times (x 80B)
Class com.google.common.reflect.TypeResolver                                          : loaded 2 times (x 70B)
Class com.google.common.io.Closer$SuppressingSuppressor                               : loaded 2 times (x 73B)
Class com.google.common.base.Splitter$1                                               : loaded 2 times (x 75B)
Class com.google.common.base.Ticker$1                                                 : loaded 2 times (x 70B)
Class com.google.common.collect.Maps$BiMapConverter                                   : loaded 2 times (x 88B)
Class org.gradle.api.internal.DefaultClassPathRegistry                                : loaded 2 times (x 74B)
Class com.google.common.collect.AbstractIterator$State                                : loaded 2 times (x 77B)
Class [Lorg.objectweb.asm.Symbol;                                                     : loaded 2 times (x 67B)
Class com.google.common.util.concurrent.AbstractFuture$Cancellation                   : loaded 2 times (x 70B)
Class com.google.common.base.Predicates                                               : loaded 2 times (x 69B)
Class com.google.common.collect.ImmutableSet$SetBuilderImpl                           : loaded 2 times (x 74B)
Class org.gradle.api.internal.classpath.DefaultModuleRegistry$DefaultModule           : loaded 2 times (x 84B)
Class net.rubygrapefruit.platform.internal.Platform                                   : loaded 2 times (x 77B)
Class com.google.common.base.CharMatcher$JavaIsoControl                               : loaded 2 times (x 110B)
Class com.google.common.collect.ImmutableMap$1                                        : loaded 2 times (x 79B)
Class com.google.common.base.CharMatcher$Or                                           : loaded 2 times (x 110B)
Class kotlin.text.StringsKt__StringsKt                                                : loaded 2 times (x 69B)
Class com.google.common.base.Suppliers$SupplierOfInstance                             : loaded 2 times (x 77B)
Class org.objectweb.asm.RecordComponentVisitor                                        : loaded 2 times (x 75B)
Class com.google.common.reflect.Types$ClassOwnership$1                                : loaded 2 times (x 78B)
Class com.google.common.reflect.Invokable                                             : loaded 2 times (x 99B)
Class com.google.common.reflect.Types$ClassOwnership$2                                : loaded 2 times (x 78B)
Class com.google.common.reflect.Types$ClassOwnership$3                                : loaded 2 times (x 69B)
Class com.google.common.cache.LocalCache$HashIterator                                 : loaded 2 times (x 84B)
Class com.google.common.collect.Iterables                                             : loaded 2 times (x 69B)
Class com.google.common.base.CharMatcher$JavaLowerCase                                : loaded 2 times (x 109B)
Class com.google.common.cache.LocalCache$WriteThroughEntry                            : loaded 2 times (x 77B)
Class org.objectweb.asm.ClassTooLargeException                                        : loaded 2 times (x 81B)
Class org.gradle.api.internal.classpath.UnknownModuleException                        : loaded 2 times (x 80B)
Class kotlin.collections.ArraysKt__ArraysJVMKt                                        : loaded 2 times (x 69B)
Class com.google.common.collect.FluentIterable                                        : loaded 2 times (x 79B)
Class com.google.common.util.concurrent.AbstractFuture$Listener                       : loaded 2 times (x 70B)
Class org.apache.commons.io.output.AbstractByteArrayOutputStream                      : loaded 2 times (x 100B)
Class com.google.common.collect.Iterables$5                                           : loaded 2 times (x 79B)
Class org.objectweb.asm.Edge                                                          : loaded 2 times (x 70B)
Class com.google.common.collect.Maps$EntryTransformer                                 : loaded 2 times (x 68B)
Class com.google.common.collect.ImmutableCollection$Builder                           : loaded 2 times (x 74B)
Class kotlin.collections.ArraysKt___ArraysKt                                          : loaded 2 times (x 69B)
Class com.google.common.io.ByteArrayDataInput                                         : loaded 2 times (x 68B)
Class kotlin.text.StringsKt__StringNumberConversionsJVMKt                             : loaded 2 times (x 69B)
Class net.rubygrapefruit.platform.internal.Platform$Window64Bit                       : loaded 2 times (x 77B)
Class [Lorg.objectweb.asm.SymbolTable$Entry;                                          : loaded 2 times (x 67B)
Class kotlin.ranges.IntProgression$Companion                                          : loaded 2 times (x 69B)
Class com.google.common.reflect.Types$JavaVersion                                     : loaded 2 times (x 81B)
Class com.google.common.collect.SingletonImmutableBiMap                               : loaded 2 times (x 141B)
Class kotlin.TuplesKt                                                                 : loaded 2 times (x 69B)
Class kotlin.text.CharsKt__CharJVMKt                                                  : loaded 2 times (x 69B)
Class org.apache.commons.io.file.PathFilter                                           : loaded 2 times (x 68B)
Class com.google.common.base.CommonPattern                                            : loaded 2 times (x 72B)
Class com.google.common.base.Suppliers$MemoizingSupplier                              : loaded 2 times (x 77B)
Class com.google.common.base.Suppliers                                                : loaded 2 times (x 69B)
Class net.rubygrapefruit.platform.internal.Platform$FreeBSD32Bit                      : loaded 2 times (x 80B)
Class kotlin.collections.AbstractCollection                                           : loaded 2 times (x 115B)
Class kotlin.text.StringsKt__IndentKt                                                 : loaded 2 times (x 69B)
Class org.objectweb.asm.ClassVisitor                                                  : loaded 2 times (x 86B)
Class com.google.common.cache.LoadingCache                                            : loaded 2 times (x 68B)
Class org.gradle.internal.service.ServiceLookupException                              : loaded 2 times (x 80B)
Class kotlin.collections.AbstractList                                                 : loaded 2 times (x 157B)
Class org.gradle.cache.GlobalCache                                                    : loaded 2 times (x 68B)
Class com.google.common.base.Present                                                  : loaded 2 times (x 79B)
Class kotlin.collections.EmptySet                                                     : loaded 2 times (x 120B)
Class com.google.common.base.CharMatcher$NegatedFastMatcher                           : loaded 2 times (x 111B)
Class [Lorg.gradle.api.internal.ClassPathProvider;                                    : loaded 2 times (x 67B)
Class com.google.common.util.concurrent.AbstractFuture$SafeAtomicHelper               : loaded 2 times (x 77B)
Class com.google.common.collect.Iterators$MergingIterator                             : loaded 2 times (x 79B)
Class net.rubygrapefruit.platform.internal.Platform$FreeBSD                           : loaded 2 times (x 80B)
Class org.gradle.util.internal.GUtil                                                  : loaded 2 times (x 69B)
Class net.rubygrapefruit.platform.internal.Platform$Unix                              : loaded 2 times (x 80B)
Class com.google.common.math.IntMath                                                  : loaded 2 times (x 69B)
Class [Lcom.google.common.reflect.Types$JavaVersion;                                  : loaded 2 times (x 67B)
Class net.rubygrapefruit.platform.Process                                             : loaded 2 times (x 68B)
Class com.google.common.collect.AbstractIterator                                      : loaded 2 times (x 80B)
Class org.gradle.internal.classloader.ClassLoaderSpec                                 : loaded 2 times (x 69B)
Class com.google.common.base.NullnessCasts                                            : loaded 2 times (x 69B)
Class org.objectweb.asm.Frame                                                         : loaded 2 times (x 71B)
Class com.google.common.cache.LocalCache$LocalManualCache                             : loaded 2 times (x 97B)
Class com.google.common.collect.AbstractMapEntry                                      : loaded 2 times (x 79B)
Class com.google.common.collect.ImmutableList$Builder                                 : loaded 2 times (x 75B)
Class com.google.common.base.CharMatcher$Negated                                      : loaded 2 times (x 111B)
Class net.rubygrapefruit.platform.NativeIntegrationUnavailableException               : loaded 2 times (x 80B)
Class com.google.common.cache.CacheLoader$1                                           : loaded 2 times (x 73B)
Class net.rubygrapefruit.platform.NativeIntegration                                   : loaded 2 times (x 68B)
Class com.google.common.util.concurrent.AbstractFuture$TrustedFuture                  : loaded 2 times (x 95B)
Class [Lkotlin.Pair;                                                                  : loaded 2 times (x 67B)
Class com.google.common.collect.Maps$ViewCachingAbstractMap                           : loaded 2 times (x 123B)
Class com.google.common.collect.Sets                                                  : loaded 2 times (x 69B)
Class kotlin.io.FilesKt__UtilsKt                                                      : loaded 2 times (x 69B)
Class com.google.common.collect.ImmutableSet$Builder                                  : loaded 2 times (x 83B)
Class com.google.common.collect.Sets$FilteredSet                                      : loaded 2 times (x 135B)
Class com.google.common.base.CharMatcher$ForPredicate                                 : loaded 2 times (x 110B)
Class com.google.common.collect.ImmutableMap$MapViewOfValuesAsSingletonSets           : loaded 2 times (x 123B)
Class net.rubygrapefruit.platform.internal.Platform$MacOs32Bit                        : loaded 2 times (x 80B)
Class org.apache.commons.io.output.StringBuilderWriter                                : loaded 2 times (x 98B)
Class com.google.common.base.MoreObjects                                              : loaded 2 times (x 69B)
Class com.google.common.collect.SortedMapDifference                                   : loaded 2 times (x 68B)
Class org.objectweb.asm.SymbolTable                                                   : loaded 2 times (x 70B)
Class [Lorg.objectweb.asm.AnnotationVisitor;                                          : loaded 2 times (x 67B)
Class com.google.common.cache.CacheStats                                              : loaded 2 times (x 69B)
Class org.objectweb.asm.Attribute                                                     : loaded 2 times (x 75B)
Class org.gradle.internal.classloader.VisitableURLClassLoader                         : loaded 2 times (x 115B)
Class com.google.common.cache.LocalCache$LocalLoadingCache                            : loaded 2 times (x 132B)
Class com.google.common.base.Supplier                                                 : loaded 2 times (x 68B)
Class kotlin.io.FilesKt__FileTreeWalkKt                                               : loaded 2 times (x 69B)
Class com.google.common.base.Objects                                                  : loaded 2 times (x 69B)
Class com.google.common.util.concurrent.AbstractFuture$AtomicHelper                   : loaded 2 times (x 76B)
Class com.google.common.collect.ImmutableBiMap                                        : loaded 2 times (x 141B)
Class org.gradle.internal.Cast                                                        : loaded 2 times (x 69B)
Class com.google.common.hash.PrimitiveSink                                            : loaded 2 times (x 68B)
Class Build_gradle                                                                    : loaded 2 times (x 128B)
Class org.gradle.api.internal.ClassPathRegistry                                       : loaded 2 times (x 68B)
Class com.google.common.cache.LocalCache$EntryFactory                                 : loaded 2 times (x 81B)
Class com.google.common.util.concurrent.UncheckedExecutionException                   : loaded 2 times (x 80B)
Class com.google.common.collect.ImmutableSet                                          : loaded 2 times (x 143B)
Class org.gradle.internal.classloader.VisitableURLClassLoader$InstrumentingVisitableURLClassLoader: loaded 2 times (x 121B)
Class org.gradle.internal.classloader.ClassLoaderHierarchy                            : loaded 2 times (x 68B)
Class kotlin.sequences.SequencesKt___SequencesJvmKt                                   : loaded 2 times (x 69B)
Class org.gradle.internal.installation.GradleInstallation                             : loaded 2 times (x 73B)
Class kotlin.collections.ArraysKt                                                     : loaded 2 times (x 69B)
Class kotlin.text.CharsKt__CharKt                                                     : loaded 2 times (x 69B)
Class com.google.common.io.Closer$Suppressor                                          : loaded 2 times (x 68B)
Class com.google.common.reflect.TypeCapture                                           : loaded 2 times (x 69B)
Class net.rubygrapefruit.platform.internal.LibraryDef                                 : loaded 2 times (x 70B)
Class [Lorg.objectweb.asm.Type;                                                       : loaded 2 times (x 67B)
Class com.google.common.base.AbstractIterator$State                                   : loaded 2 times (x 77B)
Class com.google.common.cache.Weigher                                                 : loaded 2 times (x 68B)
Class org.apache.http.message.AbstractHttpMessage                                     : loaded 2 times (x 106B)
Class com.google.common.base.CharMatcher$NamedFastMatcher                             : loaded 2 times (x 110B)
Class org.gradle.internal.InternalTransformer                                         : loaded 2 times (x 68B)
Class org.apache.commons.io.output.NullOutputStream                                   : loaded 2 times (x 83B)
Class kotlin.sequences.Sequence                                                       : loaded 2 times (x 68B)
Class org.gradle.internal.service.ServiceLocator                                      : loaded 2 times (x 68B)
Class Settings_gradle$1                                                               : loaded 2 times (x 72B)
Class net.rubygrapefruit.platform.internal.Platform$Linux                             : loaded 2 times (x 81B)
Class com.google.common.util.concurrent.SettableFuture                                : loaded 2 times (x 95B)
Class net.rubygrapefruit.platform.NativeException                                     : loaded 2 times (x 80B)
Class net.rubygrapefruit.platform.Native                                              : loaded 2 times (x 69B)
Class com.google.common.collect.ImmutableMapEntry                                     : loaded 2 times (x 83B)
Class com.google.common.reflect.Types$ParameterizedTypeImpl                           : loaded 2 times (x 79B)
Class com.google.common.collect.Maps$EntryFunction                                    : loaded 2 times (x 89B)
Class net.rubygrapefruit.platform.internal.Platform$Window32Bit                       : loaded 2 times (x 77B)
Class com.google.common.io.ByteStreams                                                : loaded 2 times (x 69B)
Class kotlin.internal.ProgressionUtilKt                                               : loaded 2 times (x 69B)
Class com.google.common.base.CharMatcher$Invisible                                    : loaded 2 times (x 110B)
Class kotlin.reflect.KFunction                                                        : loaded 2 times (x 68B)
Class com.google.common.base.Joiner$1                                                 : loaded 2 times (x 78B)
Class net.rubygrapefruit.platform.internal.NativeLibraryLoader                        : loaded 2 times (x 71B)
Class kotlin.jvm.KotlinReflectionNotSupportedError                                    : loaded 2 times (x 80B)
Class com.google.common.base.Joiner$2                                                 : loaded 2 times (x 77B)
Class kotlin.io.TerminateException                                                    : loaded 2 times (x 80B)
Class org.apache.http.client.methods.HttpRequestBase                                  : loaded 2 times (x 143B)
Class com.google.common.reflect.Types$JavaVersion$1                                   : loaded 2 times (x 81B)
Class com.google.common.base.CharMatcher$FastMatcher                                  : loaded 2 times (x 109B)
Class com.google.common.reflect.Types$JavaVersion$2                                   : loaded 2 times (x 81B)
Class com.google.common.reflect.Types$JavaVersion$3                                   : loaded 2 times (x 81B)
Class org.gradle.internal.classpath.DefaultClassPath$ImmutableUniqueList              : loaded 2 times (x 159B)
Class com.google.common.reflect.Types$JavaVersion$4                                   : loaded 2 times (x 81B)
Class com.google.common.reflect.Types$JavaVersion$5                                   : loaded 2 times (x 69B)
Class com.google.common.base.CharMatcher$JavaLetter                                   : loaded 2 times (x 109B)
Class org.gradle.internal.classpath.TransformedClassPath                              : loaded 2 times (x 94B)
Class com.google.common.collect.MapDifference                                         : loaded 2 times (x 68B)
Class com.google.common.reflect.TypeToken$SimpleTypeToken                             : loaded 2 times (x 71B)
Class com.google.common.collect.Sets$1                                                : loaded 2 times (x 137B)
Class com.google.common.collect.Sets$2                                                : loaded 2 times (x 137B)
Class com.google.common.util.concurrent.AbstractFuture$Trusted                        : loaded 2 times (x 68B)
Class com.google.common.collect.Sets$3                                                : loaded 2 times (x 137B)
Class com.google.common.collect.Sets$4                                                : loaded 2 times (x 137B)
Class kotlin.text.StringsKt___StringsKt                                               : loaded 2 times (x 69B)
Class com.google.common.reflect.Types$NativeTypeVariableEquals                        : loaded 2 times (x 69B)
Class Settings_gradle                                                                 : loaded 2 times (x 126B)
Class kotlin.Pair                                                                     : loaded 2 times (x 70B)
Class com.google.common.collect.AbstractMapBasedMultimap$WrappedCollection$WrappedIterator: loaded 2 times (x 82B)
Class org.objectweb.asm.MethodWriter                                                  : loaded 2 times (x 104B)
Class kotlin.collections.AbstractList$Companion                                       : loaded 2 times (x 69B)
Class com.google.common.collect.Multimaps                                             : loaded 2 times (x 69B)
Class com.google.common.collect.Platform                                              : loaded 2 times (x 69B)
Class com.google.common.collect.ImmutableAsList                                       : loaded 2 times (x 169B)
Class kotlin.io.CloseableKt                                                           : loaded 2 times (x 69B)
Class com.google.common.util.concurrent.ExecutionError                                : loaded 2 times (x 80B)
Class com.google.common.base.Equivalence$Identity                                     : loaded 2 times (x 80B)
Class kotlin.ranges.IntRange                                                          : loaded 2 times (x 91B)
Class com.google.common.base.CharMatcher$AnyOf                                        : loaded 2 times (x 110B)
Class com.google.common.base.CharMatcher$IsEither                                     : loaded 2 times (x 109B)
Class kotlin.collections.SetsKt__SetsKt                                               : loaded 2 times (x 69B)
Class com.google.common.collect.AbstractIterator$1                                    : loaded 2 times (x 69B)
Class org.apache.http.client.methods.HttpExecutionAware                               : loaded 2 times (x 68B)
Class com.google.common.cache.LocalCache                                              : loaded 2 times (x 185B)
Class kotlin.ranges.IntRange$Companion                                                : loaded 2 times (x 69B)
Class com.google.common.collect.RegularImmutableList                                  : loaded 2 times (x 172B)
Class com.google.common.util.concurrent.AbstractFuture$UnsafeAtomicHelper$1           : loaded 2 times (x 74B)
Class com.google.common.base.CharMatcher$JavaUpperCase                                : loaded 2 times (x 109B)
Class com.google.common.collect.Multiset                                              : loaded 2 times (x 68B)
Class com.google.common.collect.ImmutableSet$CachingAsList                            : loaded 2 times (x 145B)
Class kotlin.collections.EmptyMap                                                     : loaded 2 times (x 107B)
Class com.google.common.reflect.Invokable$ConstructorInvokable                        : loaded 2 times (x 103B)
Class org.apache.http.HttpRequest                                                     : loaded 2 times (x 68B)
Class org.objectweb.asm.MethodVisitor                                                 : loaded 2 times (x 103B)
Class com.google.common.collect.AbstractMapBasedMultimap$KeySet$1                     : loaded 2 times (x 80B)
Class com.google.common.collect.ImmutableMapEntry$NonTerminalImmutableMapEntry        : loaded 2 times (x 83B)
Class com.google.common.collect.AbstractMapBasedMultimap                              : loaded 2 times (x 137B)


---------------  S Y S T E M  ---------------

OS:
 Windows 11 , 64 bit Build 22621 (10.0.22621.3958)
OS uptime: 4 days 12:43 hours
Hyper-V role detected

CPU: total 20 (initial active 20) (10 cores per cpu, 2 threads per core) family 6 model 154 stepping 3 microcode 0x429, cx8, cmov, fxsr, ht, mmx, 3dnowpref, sse, sse2, sse3, ssse3, sse4.1, sse4.2, popcnt, lzcnt, tsc, tscinvbit, avx, avx2, aes, erms, clmul, bmi1, bmi2, adx, sha, fma, vzeroupper, clflush, clflushopt, clwb, hv
Processor Information for all 20 processors :
  Max Mhz: 2300, Current Mhz: 2300, Mhz Limit: 2300

Memory: 4k page, system-wide physical 16004M (6093M free)
TotalPageFile size 17989M (AvailPageFile size 89M)
current process WorkingSet (physical memory assigned to process): 721M, peak: 883M
current process commit charge ("private bytes"): 964M, peak: 1572M

vm_info: OpenJDK 64-Bit Server VM (17.0.10+0--11609105) for windows-amd64 JRE (17.0.10+0--11609105), built on Mar 21 2024 19:10:56 by "androidbuild" with MS VC++ 16.10 / 16.11 (VS2019)

END.
