#
# There is insufficient memory for the Java Runtime Environment to continue.
# Native memory allocation (malloc) failed to allocate 1753936 bytes for Chunk::new
# Possible reasons:
#   The system is out of physical RAM or swap space
#   The process is running with CompressedOops enabled, and the Java Heap may be blocking the growth of the native heap
# Possible solutions:
#   Reduce memory load on the system
#   Increase physical memory or swap space
#   Check if swap backing store is full
#   Decrease Java heap size (-Xmx/-Xms)
#   Decrease number of Java threads
#   Decrease Java thread stack sizes (-Xss)
#   Set larger code cache with -XX:ReservedCodeCacheSize=
#   JVM is running with Unscaled Compressed Oops mode in which the Java heap is
#     placed in the first 4GB address space. The Java Heap base address is the
#     maximum limit for the native heap growth. Please use -XX:HeapBaseMinAddress
#     to set the Java Heap base and to place the Java Heap above 4GB virtual address.
# This output file may be truncated or incomplete.
#
#  Out of Memory Error (arena.cpp:191), pid=24296, tid=22316
#
# JRE version: OpenJDK Runtime Environment (17.0.10) (build 17.0.10+0--11609105)
# Java VM: OpenJDK 64-Bit Server VM (17.0.10+0--11609105, mixed mode, tiered, compressed oops, compressed class ptrs, g1 gc, windows-amd64)
# No core dump will be written. Minidumps are not enabled by default on client versions of Windows
#

---------------  S U M M A R Y ------------

Command Line: --add-opens=java.base/java.util=ALL-UNNAMED --add-opens=java.base/java.lang=ALL-UNNAMED --add-opens=java.base/java.lang.invoke=ALL-UNNAMED --add-opens=java.prefs/java.util.prefs=ALL-UNNAMED --add-opens=java.base/java.nio.charset=ALL-UNNAMED --add-opens=java.base/java.net=ALL-UNNAMED --add-opens=java.base/java.util.concurrent.atomic=ALL-UNNAMED -Xmx2048m -Dfile.encoding=UTF-8 -Duser.country=US -Duser.language=en -Duser.variant -javaagent:C:\Users\Hashem Arenat\.gradle\wrapper\dists\gradle-8.7-bin\bhs2wmbdwecv87pi65oeuq5iu\gradle-8.7\lib\agents\gradle-instrumentation-agent-8.7.jar org.gradle.launcher.daemon.bootstrap.GradleDaemon 8.7

Host: 12th Gen Intel(R) Core(TM) i7-12700H, 20 cores, 15G,  Windows 11 , 64 bit Build 22621 (10.0.22621.3958)
Time: Fri Nov  8 20:22:13 2024 Jerusalem Standard Time elapsed time: 4.588998 seconds (0d 0h 0m 4s)

---------------  T H R E A D  ---------------

Current thread (0x000001479c7a9b70):  JavaThread "C2 CompilerThread2" daemon [_thread_in_native, id=22316, stack(0x0000001e14800000,0x0000001e14900000)]


Current CompileTask:
C2:   4589 7380       4       org.gradle.internal.service.DefaultServiceRegistry$ClassInspector$ClassDetails::collectTypes (63 bytes)

Stack: [0x0000001e14800000,0x0000001e14900000]
Native frames: (J=compiled Java code, j=interpreted, Vv=VM code, C=native code)
V  [jvm.dll+0x688de9]
V  [jvm.dll+0x8423da]
V  [jvm.dll+0x84401e]
V  [jvm.dll+0x844683]
V  [jvm.dll+0x24be0f]
V  [jvm.dll+0xac524]
V  [jvm.dll+0xacb6c]
V  [jvm.dll+0x36bd12]
V  [jvm.dll+0x33615a]
V  [jvm.dll+0x3355fa]
V  [jvm.dll+0x21daa1]
V  [jvm.dll+0x21cec1]
V  [jvm.dll+0x1a60ad]
V  [jvm.dll+0x22cd78]
V  [jvm.dll+0x22aeb0]
V  [jvm.dll+0x7f6877]
V  [jvm.dll+0x7f0c7a]
V  [jvm.dll+0x687c65]
C  [ucrtbase.dll+0x29333]
C  [KERNEL32.DLL+0x1257d]
C  [ntdll.dll+0x5af08]


---------------  P R O C E S S  ---------------

Threads class SMR info:
_java_thread_list=0x00000147a6a5f880, length=87, elements={
0x00000147ffd1c1f0, 0x000001479c0788d0, 0x000001479c079660, 0x000001479c084f90,
0x000001479c0be9c0, 0x000001479c0c06f0, 0x000001479c0c31c0, 0x000001479c0c3eb0,
0x000001479c0c4960, 0x000001479c0c6280, 0x000001479c1b2020, 0x000001479c262c80,
0x000001479c27c050, 0x000001479c27cb80, 0x000001479c650f60, 0x000001479c7fa670,
0x000001479c7a9b70, 0x000001479cbcf840, 0x00000147a2cdc650, 0x00000147a1f8c890,
0x00000147a26b9850, 0x00000147a2a8e860, 0x00000147a2ecbea0, 0x00000147a1e76f80,
0x00000147a1e77eb0, 0x00000147a1e75b40, 0x00000147a1e76050, 0x00000147a1e783c0,
0x00000147a1e779a0, 0x00000147a1e75630, 0x00000147a1e74c10, 0x00000147a1e76560,
0x00000147a537b3e0, 0x00000147a5379fa0, 0x00000147a5375dd0, 0x00000147a537a4b0,
0x00000147a5379580, 0x00000147a5378b60, 0x00000147a278d5c0, 0x00000147a537be00,
0x00000147a5374ea0, 0x00000147a5378650, 0x00000147a53753b0, 0x00000147a5379070,
0x00000147a53767f0, 0x00000147a5378140, 0x00000147a537c310, 0x00000147a537c820,
0x00000147a53758c0, 0x00000147a537aed0, 0x00000147a5379a90, 0x00000147a5377720,
0x00000147a53762e0, 0x00000147a5376d00, 0x00000147a5377210, 0x00000147a5377c30,
0x00000147a3660a90, 0x00000147a3660fa0, 0x00000147a3666ac0, 0x00000147a36614b0,
0x00000147a3666fd0, 0x00000147a36674e0, 0x00000147a36619c0, 0x00000147a3664240,
0x00000147a3665b90, 0x00000147a36623e0, 0x00000147a3661ed0, 0x00000147a3663310,
0x00000147a36628f0, 0x00000147a3663820, 0x00000147a3663d30, 0x00000147a3664750,
0x00000147a36660a0, 0x00000147a3662e00, 0x00000147a3664c60, 0x00000147a3665170,
0x00000147a3665680, 0x00000147a36665b0, 0x00000147a278bb30, 0x00000147a278d070,
0x00000147a63c7a30, 0x00000147a63c3d70, 0x00000147a63c7010, 0x00000147a63c51b0,
0x00000147a63c6b00, 0x00000147a63c56c0, 0x00000147a63c7520
}

Java Threads: ( => current thread )
  0x00000147ffd1c1f0 JavaThread "main" [_thread_blocked, id=24396, stack(0x0000001e13100000,0x0000001e13200000)]
  0x000001479c0788d0 JavaThread "Reference Handler" daemon [_thread_blocked, id=11300, stack(0x0000001e13800000,0x0000001e13900000)]
  0x000001479c079660 JavaThread "Finalizer" daemon [_thread_blocked, id=3192, stack(0x0000001e13900000,0x0000001e13a00000)]
  0x000001479c084f90 JavaThread "Signal Dispatcher" daemon [_thread_blocked, id=13080, stack(0x0000001e13a00000,0x0000001e13b00000)]
  0x000001479c0be9c0 JavaThread "Attach Listener" daemon [_thread_blocked, id=19496, stack(0x0000001e13b00000,0x0000001e13c00000)]
  0x000001479c0c06f0 JavaThread "Service Thread" daemon [_thread_blocked, id=29116, stack(0x0000001e13c00000,0x0000001e13d00000)]
  0x000001479c0c31c0 JavaThread "Monitor Deflation Thread" daemon [_thread_blocked, id=28724, stack(0x0000001e13d00000,0x0000001e13e00000)]
  0x000001479c0c3eb0 JavaThread "C2 CompilerThread0" daemon [_thread_blocked, id=25252, stack(0x0000001e13e00000,0x0000001e13f00000)]
  0x000001479c0c4960 JavaThread "C1 CompilerThread0" daemon [_thread_blocked, id=7420, stack(0x0000001e13f00000,0x0000001e14000000)]
  0x000001479c0c6280 JavaThread "Sweeper thread" daemon [_thread_blocked, id=25704, stack(0x0000001e14000000,0x0000001e14100000)]
  0x000001479c1b2020 JavaThread "Common-Cleaner" daemon [_thread_blocked, id=9936, stack(0x0000001e14100000,0x0000001e14200000)]
  0x000001479c262c80 JavaThread "C1 CompilerThread1" daemon [_thread_blocked, id=19152, stack(0x0000001e14200000,0x0000001e14300000)]
  0x000001479c27c050 JavaThread "C1 CompilerThread2" daemon [_thread_blocked, id=17328, stack(0x0000001e14300000,0x0000001e14400000)]
  0x000001479c27cb80 JavaThread "C1 CompilerThread3" daemon [_thread_in_native, id=14256, stack(0x0000001e14400000,0x0000001e14500000)]
  0x000001479c650f60 JavaThread "Notification Thread" daemon [_thread_blocked, id=9596, stack(0x0000001e14500000,0x0000001e14600000)]
  0x000001479c7fa670 JavaThread "C2 CompilerThread1" daemon [_thread_blocked, id=21184, stack(0x0000001e14700000,0x0000001e14800000)]
=>0x000001479c7a9b70 JavaThread "C2 CompilerThread2" daemon [_thread_in_native, id=22316, stack(0x0000001e14800000,0x0000001e14900000)]
  0x000001479cbcf840 JavaThread "C2 CompilerThread3" daemon [_thread_blocked, id=5344, stack(0x0000001e14900000,0x0000001e14a00000)]
  0x00000147a2cdc650 JavaThread "Daemon health stats" [_thread_blocked, id=19092, stack(0x0000001e14f00000,0x0000001e15000000)]
  0x00000147a1f8c890 JavaThread "Incoming local TCP Connector on port 63259" [_thread_in_native, id=26224, stack(0x0000001e15000000,0x0000001e15100000)]
  0x00000147a26b9850 JavaThread "Daemon periodic checks" [_thread_blocked, id=26968, stack(0x0000001e15100000,0x0000001e15200000)]
  0x00000147a2a8e860 JavaThread "Daemon" [_thread_blocked, id=11092, stack(0x0000001e15200000,0x0000001e15300000)]
  0x00000147a2ecbea0 JavaThread "Handler for socket connection from /127.0.0.1:63259 to /127.0.0.1:63260" [_thread_in_native, id=21104, stack(0x0000001e15300000,0x0000001e15400000)]
  0x00000147a1e76f80 JavaThread "Cancel handler" [_thread_blocked, id=24540, stack(0x0000001e15400000,0x0000001e15500000)]
  0x00000147a1e77eb0 JavaThread "Daemon worker" [_thread_in_Java, id=21804, stack(0x0000001e15500000,0x0000001e15600000)]
  0x00000147a1e75b40 JavaThread "Asynchronous log dispatcher for DefaultDaemonConnection: socket connection from /127.0.0.1:63259 to /127.0.0.1:63260" [_thread_blocked, id=15120, stack(0x0000001e15600000,0x0000001e15700000)]
  0x00000147a1e76050 JavaThread "Stdin handler" [_thread_blocked, id=20588, stack(0x0000001e15700000,0x0000001e15800000)]
  0x00000147a1e783c0 JavaThread "Daemon client event forwarder" [_thread_blocked, id=11000, stack(0x0000001e15800000,0x0000001e15900000)]
  0x00000147a1e779a0 JavaThread "Cache worker for journal cache (C:\Users\Hashem Arenat\.gradle\caches\journal-1)" [_thread_blocked, id=29552, stack(0x0000001e16500000,0x0000001e16600000)]
  0x00000147a1e75630 JavaThread "File lock request listener" [_thread_in_native, id=22724, stack(0x0000001e16600000,0x0000001e16700000)]
  0x00000147a1e74c10 JavaThread "Cache worker for file hash cache (C:\Users\Hashem Arenat\.gradle\caches\8.7\fileHashes)" [_thread_blocked, id=24592, stack(0x0000001e16700000,0x0000001e16800000)]
  0x00000147a1e76560 JavaThread "Cache worker for file hash cache (C:\Users\Hashem Arenat\AndroidStudioProjects\ECommerce\.gradle\8.7\fileHashes)" [_thread_blocked, id=18456, stack(0x0000001e16800000,0x0000001e16900000)]
  0x00000147a537b3e0 JavaThread "File watcher server" daemon [_thread_in_native, id=2412, stack(0x0000001e16900000,0x0000001e16a00000)]
  0x00000147a5379fa0 JavaThread "File watcher consumer" daemon [_thread_blocked, id=4084, stack(0x0000001e16a00000,0x0000001e16b00000)]
  0x00000147a5375dd0 JavaThread "Cache worker for checksums cache (C:\Users\Hashem Arenat\AndroidStudioProjects\ECommerce\.gradle\8.7\checksums)" [_thread_blocked, id=17336, stack(0x0000001e16b00000,0x0000001e16c00000)]
  0x00000147a537a4b0 JavaThread "Cache worker for cache directory md-supplier (C:\Users\Hashem Arenat\.gradle\caches\8.7\md-supplier)" [_thread_blocked, id=13756, stack(0x0000001e16c00000,0x0000001e16d00000)]
  0x00000147a5379580 JavaThread "Cache worker for cache directory md-rule (C:\Users\Hashem Arenat\.gradle\caches\8.7\md-rule)" [_thread_blocked, id=29172, stack(0x0000001e16d00000,0x0000001e16e00000)]
  0x00000147a5378b60 JavaThread "Cache worker for file content cache (C:\Users\Hashem Arenat\.gradle\caches\8.7\fileContent)" [_thread_blocked, id=792, stack(0x0000001e16e00000,0x0000001e16f00000)]
  0x00000147a278d5c0 JavaThread "C2 CompilerThread4" daemon [_thread_blocked, id=9084, stack(0x0000001e16f00000,0x0000001e17000000)]
  0x00000147a537be00 JavaThread "Cache worker for Build Output Cleanup Cache (C:\Users\Hashem Arenat\AndroidStudioProjects\ECommerce\.gradle\buildOutputCleanup)" [_thread_blocked, id=5504, stack(0x0000001e17000000,0x0000001e17100000)]
  0x00000147a5374ea0 JavaThread "Unconstrained build operations" [_thread_blocked, id=22484, stack(0x0000001e17100000,0x0000001e17200000)]
  0x00000147a5378650 JavaThread "Unconstrained build operations Thread 2" [_thread_blocked, id=27964, stack(0x0000001e17200000,0x0000001e17300000)]
  0x00000147a53753b0 JavaThread "Unconstrained build operations Thread 3" [_thread_blocked, id=23920, stack(0x0000001e17300000,0x0000001e17400000)]
  0x00000147a5379070 JavaThread "Unconstrained build operations Thread 4" [_thread_blocked, id=23212, stack(0x0000001e17400000,0x0000001e17500000)]
  0x00000147a53767f0 JavaThread "Unconstrained build operations Thread 5" [_thread_blocked, id=28588, stack(0x0000001e17500000,0x0000001e17600000)]
  0x00000147a5378140 JavaThread "Unconstrained build operations Thread 6" [_thread_blocked, id=29360, stack(0x0000001e17600000,0x0000001e17700000)]
  0x00000147a537c310 JavaThread "Unconstrained build operations Thread 7" [_thread_blocked, id=17776, stack(0x0000001e17700000,0x0000001e17800000)]
  0x00000147a537c820 JavaThread "Unconstrained build operations Thread 8" [_thread_blocked, id=26324, stack(0x0000001e17800000,0x0000001e17900000)]
  0x00000147a53758c0 JavaThread "Unconstrained build operations Thread 9" [_thread_blocked, id=26908, stack(0x0000001e17900000,0x0000001e17a00000)]
  0x00000147a537aed0 JavaThread "Unconstrained build operations Thread 10" [_thread_blocked, id=21400, stack(0x0000001e17a00000,0x0000001e17b00000)]
  0x00000147a5379a90 JavaThread "Unconstrained build operations Thread 11" [_thread_blocked, id=26316, stack(0x0000001e17b00000,0x0000001e17c00000)]
  0x00000147a5377720 JavaThread "Unconstrained build operations Thread 12" [_thread_blocked, id=5324, stack(0x0000001e17c00000,0x0000001e17d00000)]
  0x00000147a53762e0 JavaThread "Unconstrained build operations Thread 13" [_thread_blocked, id=16028, stack(0x0000001e17d00000,0x0000001e17e00000)]
  0x00000147a5376d00 JavaThread "Unconstrained build operations Thread 14" [_thread_blocked, id=27868, stack(0x0000001e17e00000,0x0000001e17f00000)]
  0x00000147a5377210 JavaThread "Unconstrained build operations Thread 15" [_thread_blocked, id=22300, stack(0x0000001e17f00000,0x0000001e18000000)]
  0x00000147a5377c30 JavaThread "Unconstrained build operations Thread 16" [_thread_blocked, id=12712, stack(0x0000001e18000000,0x0000001e18100000)]
  0x00000147a3660a90 JavaThread "Unconstrained build operations Thread 17" [_thread_blocked, id=25804, stack(0x0000001e18100000,0x0000001e18200000)]
  0x00000147a3660fa0 JavaThread "Unconstrained build operations Thread 18" [_thread_blocked, id=27620, stack(0x0000001e18200000,0x0000001e18300000)]
  0x00000147a3666ac0 JavaThread "Unconstrained build operations Thread 19" [_thread_blocked, id=27260, stack(0x0000001e18300000,0x0000001e18400000)]
  0x00000147a36614b0 JavaThread "Unconstrained build operations Thread 20" [_thread_blocked, id=14296, stack(0x0000001e18400000,0x0000001e18500000)]
  0x00000147a3666fd0 JavaThread "Unconstrained build operations Thread 21" [_thread_blocked, id=26740, stack(0x0000001e18500000,0x0000001e18600000)]
  0x00000147a36674e0 JavaThread "Unconstrained build operations Thread 22" [_thread_blocked, id=6352, stack(0x0000001e18600000,0x0000001e18700000)]
  0x00000147a36619c0 JavaThread "Unconstrained build operations Thread 23" [_thread_blocked, id=14940, stack(0x0000001e18700000,0x0000001e18800000)]
  0x00000147a3664240 JavaThread "Unconstrained build operations Thread 24" [_thread_blocked, id=25968, stack(0x0000001e18800000,0x0000001e18900000)]
  0x00000147a3665b90 JavaThread "Unconstrained build operations Thread 25" [_thread_blocked, id=7040, stack(0x0000001e18900000,0x0000001e18a00000)]
  0x00000147a36623e0 JavaThread "Unconstrained build operations Thread 26" [_thread_blocked, id=23668, stack(0x0000001e18a00000,0x0000001e18b00000)]
  0x00000147a3661ed0 JavaThread "Unconstrained build operations Thread 27" [_thread_blocked, id=21344, stack(0x0000001e18c00000,0x0000001e18d00000)]
  0x00000147a3663310 JavaThread "Unconstrained build operations Thread 28" [_thread_blocked, id=15160, stack(0x0000001e18d00000,0x0000001e18e00000)]
  0x00000147a36628f0 JavaThread "Unconstrained build operations Thread 29" [_thread_blocked, id=16208, stack(0x0000001e18e00000,0x0000001e18f00000)]
  0x00000147a3663820 JavaThread "Unconstrained build operations Thread 30" [_thread_blocked, id=2000, stack(0x0000001e18f00000,0x0000001e19000000)]
  0x00000147a3663d30 JavaThread "Unconstrained build operations Thread 31" [_thread_blocked, id=28628, stack(0x0000001e19000000,0x0000001e19100000)]
  0x00000147a3664750 JavaThread "Unconstrained build operations Thread 32" [_thread_blocked, id=7164, stack(0x0000001e19100000,0x0000001e19200000)]
  0x00000147a36660a0 JavaThread "Unconstrained build operations Thread 33" [_thread_blocked, id=27508, stack(0x0000001e19200000,0x0000001e19300000)]
  0x00000147a3662e00 JavaThread "Unconstrained build operations Thread 34" [_thread_blocked, id=2084, stack(0x0000001e19300000,0x0000001e19400000)]
  0x00000147a3664c60 JavaThread "Unconstrained build operations Thread 35" [_thread_blocked, id=11872, stack(0x0000001e19400000,0x0000001e19500000)]
  0x00000147a3665170 JavaThread "Unconstrained build operations Thread 36" [_thread_blocked, id=29604, stack(0x0000001e19500000,0x0000001e19600000)]
  0x00000147a3665680 JavaThread "Unconstrained build operations Thread 37" [_thread_blocked, id=14744, stack(0x0000001e19600000,0x0000001e19700000)]
  0x00000147a36665b0 JavaThread "Unconstrained build operations Thread 38" [_thread_blocked, id=24888, stack(0x0000001e19700000,0x0000001e19800000)]
  0x00000147a278bb30 JavaThread "C2 CompilerThread5" daemon [_thread_blocked, id=19728, stack(0x0000001e19800000,0x0000001e19900000)]
  0x00000147a278d070 JavaThread "C2 CompilerThread6" daemon [_thread_blocked, id=12816, stack(0x0000001e19900000,0x0000001e19a00000)]
  0x00000147a63c7a30 JavaThread "Unconstrained build operations Thread 39" [_thread_blocked, id=26152, stack(0x0000001e19b00000,0x0000001e19c00000)]
  0x00000147a63c3d70 JavaThread "Unconstrained build operations Thread 40" [_thread_blocked, id=17544, stack(0x0000001e19c00000,0x0000001e19d00000)]
  0x00000147a63c7010 JavaThread "Unconstrained build operations Thread 41" [_thread_blocked, id=1756, stack(0x0000001e19d00000,0x0000001e19e00000)]
  0x00000147a63c51b0 JavaThread "Unconstrained build operations Thread 42" [_thread_blocked, id=21124, stack(0x0000001e19e00000,0x0000001e19f00000)]
  0x00000147a63c6b00 JavaThread "Unconstrained build operations Thread 43" [_thread_blocked, id=23012, stack(0x0000001e19f00000,0x0000001e1a000000)]
  0x00000147a63c56c0 JavaThread "Unconstrained build operations Thread 44" [_thread_blocked, id=24064, stack(0x0000001e1a000000,0x0000001e1a100000)]
  0x00000147a63c7520 JavaThread "build event listener" [_thread_blocked, id=24680, stack(0x0000001e19a00000,0x0000001e19b00000)]

Other Threads:
  0x000001479bf94620 VMThread "VM Thread" [stack: 0x0000001e13700000,0x0000001e13800000] [id=15592]
  0x000001479c3cecf0 WatcherThread [stack: 0x0000001e14600000,0x0000001e14700000] [id=28344]
  0x00000147ffd7a860 GCTaskThread "GC Thread#0" [stack: 0x0000001e13200000,0x0000001e13300000] [id=14068]
  0x00000147a1e84610 GCTaskThread "GC Thread#1" [stack: 0x0000001e14a00000,0x0000001e14b00000] [id=28540]
  0x00000147a1d4d050 GCTaskThread "GC Thread#2" [stack: 0x0000001e14b00000,0x0000001e14c00000] [id=15284]
  0x00000147a1d4d310 GCTaskThread "GC Thread#3" [stack: 0x0000001e14c00000,0x0000001e14d00000] [id=20564]
  0x000001479cdb2890 GCTaskThread "GC Thread#4" [stack: 0x0000001e14d00000,0x0000001e14e00000] [id=27112]
  0x000001479cdb3160 GCTaskThread "GC Thread#5" [stack: 0x0000001e14e00000,0x0000001e14f00000] [id=4284]
  0x00000147a206f2f0 GCTaskThread "GC Thread#6" [stack: 0x0000001e15900000,0x0000001e15a00000] [id=19408]
  0x00000147a26188e0 GCTaskThread "GC Thread#7" [stack: 0x0000001e15a00000,0x0000001e15b00000] [id=24264]
  0x00000147a2525050 GCTaskThread "GC Thread#8" [stack: 0x0000001e15b00000,0x0000001e15c00000] [id=28840]
  0x00000147a2763f20 GCTaskThread "GC Thread#9" [stack: 0x0000001e15c00000,0x0000001e15d00000] [id=7744]
  0x000001479cdcf7f0 GCTaskThread "GC Thread#10" [stack: 0x0000001e15d00000,0x0000001e15e00000] [id=14372]
  0x00000147a28a9540 GCTaskThread "GC Thread#11" [stack: 0x0000001e15e00000,0x0000001e15f00000] [id=26552]
  0x00000147a27e9f90 GCTaskThread "GC Thread#12" [stack: 0x0000001e15f00000,0x0000001e16000000] [id=28544]
  0x00000147a2835b60 GCTaskThread "GC Thread#13" [stack: 0x0000001e16000000,0x0000001e16100000] [id=25132]
  0x00000147a2835060 GCTaskThread "GC Thread#14" [stack: 0x0000001e16100000,0x0000001e16200000] [id=6688]
  0x00000147ffd8b7b0 ConcurrentGCThread "G1 Main Marker" [stack: 0x0000001e13300000,0x0000001e13400000] [id=26148]
  0x00000147ffd8c1d0 ConcurrentGCThread "G1 Conc#0" [stack: 0x0000001e13400000,0x0000001e13500000] [id=12844]
  0x00000147a28360e0 ConcurrentGCThread "G1 Conc#1" [stack: 0x0000001e16200000,0x0000001e16300000] [id=25128]
  0x00000147a28363a0 ConcurrentGCThread "G1 Conc#2" [stack: 0x0000001e16300000,0x0000001e16400000] [id=14568]
  0x00000147a2835e20 ConcurrentGCThread "G1 Conc#3" [stack: 0x0000001e16400000,0x0000001e16500000] [id=28700]
  0x000001479bec7480 ConcurrentGCThread "G1 Refine#0" [stack: 0x0000001e13500000,0x0000001e13600000] [id=28472]
  0x00000147a2f4d340 ConcurrentGCThread "G1 Refine#1" [stack: 0x0000001e18b00000,0x0000001e18c00000] [id=10332]
  0x000001479bec7eb0 ConcurrentGCThread "G1 Service" [stack: 0x0000001e13600000,0x0000001e13700000] [id=28820]

Threads with active compile tasks:
C2 CompilerThread2     4597 7380       4       org.gradle.internal.service.DefaultServiceRegistry$ClassInspector$ClassDetails::collectTypes (63 bytes)

VM state: not at safepoint (normal execution)

VM Mutex/Monitor currently owned by a thread: None

Heap address: 0x0000000080000000, size: 2048 MB, Compressed Oops mode: 32-bit

CDS archive(s) not mapped
Compressed class space mapped at: 0x0000000100000000-0x0000000140000000, reserved size: 1073741824
Narrow klass base: 0x0000000000000000, Narrow klass shift: 3, Narrow klass range: 0x140000000

GC Precious Log:
 CPUs: 20 total, 20 available
 Memory: 16004M
 Large Page Support: Disabled
 NUMA Support: Disabled
 Compressed Oops: Enabled (32-bit)
 Heap Region Size: 1M
 Heap Min Capacity: 8M
 Heap Initial Capacity: 252M
 Heap Max Capacity: 2G
 Pre-touch: Disabled
 Parallel Workers: 15
 Concurrent Workers: 4
 Concurrent Refinement Workers: 15
 Periodic GC: Disabled

Heap:
 garbage-first heap   total 176128K, used 129807K [0x0000000080000000, 0x0000000100000000)
  region size 1024K, 65 young (66560K), 1 survivors (1024K)
 Metaspace       used 63766K, committed 64384K, reserved 1114112K
  class space    used 8512K, committed 8832K, reserved 1048576K

Heap Regions: E=young(eden), S=young(survivor), O=old, HS=humongous(starts), HC=humongous(continues), CS=collection set, F=free, OA=open archive, CA=closed archive, TAMS=top-at-mark-start (previous, next)
|   0|0x0000000080000000, 0x0000000080100000, 0x0000000080100000|100%|HS|  |TAMS 0x0000000080100000, 0x0000000080100000| Complete 
|   1|0x0000000080100000, 0x0000000080200000, 0x0000000080200000|100%|HC|  |TAMS 0x0000000080200000, 0x0000000080200000| Complete 
|   2|0x0000000080200000, 0x0000000080300000, 0x0000000080300000|100%|HC|  |TAMS 0x0000000080300000, 0x0000000080300000| Complete 
|   3|0x0000000080300000, 0x0000000080400000, 0x0000000080400000|100%|HC|  |TAMS 0x0000000080400000, 0x0000000080400000| Complete 
|   4|0x0000000080400000, 0x0000000080500000, 0x0000000080500000|100%| O|  |TAMS 0x0000000080500000, 0x0000000080500000| Untracked 
|   5|0x0000000080500000, 0x0000000080600000, 0x0000000080600000|100%| O|  |TAMS 0x0000000080600000, 0x0000000080600000| Untracked 
|   6|0x0000000080600000, 0x0000000080700000, 0x0000000080700000|100%| O|  |TAMS 0x0000000080700000, 0x0000000080700000| Untracked 
|   7|0x0000000080700000, 0x0000000080800000, 0x0000000080800000|100%| O|  |TAMS 0x0000000080800000, 0x0000000080800000| Untracked 
|   8|0x0000000080800000, 0x0000000080900000, 0x0000000080900000|100%| O|  |TAMS 0x0000000080900000, 0x0000000080900000| Untracked 
|   9|0x0000000080900000, 0x0000000080a00000, 0x0000000080a00000|100%| O|  |TAMS 0x0000000080a00000, 0x0000000080a00000| Untracked 
|  10|0x0000000080a00000, 0x0000000080a4f600, 0x0000000080b00000| 31%| O|  |TAMS 0x0000000080a4f600, 0x0000000080a4f600| Untracked 
|  11|0x0000000080b00000, 0x0000000080c00000, 0x0000000080c00000|100%| O|  |TAMS 0x0000000080c00000, 0x0000000080c00000| Untracked 
|  12|0x0000000080c00000, 0x0000000080d00000, 0x0000000080d00000|100%| O|  |TAMS 0x0000000080d00000, 0x0000000080d00000| Untracked 
|  13|0x0000000080d00000, 0x0000000080e00000, 0x0000000080e00000|100%| O|  |TAMS 0x0000000080e00000, 0x0000000080e00000| Untracked 
|  14|0x0000000080e00000, 0x0000000080f00000, 0x0000000080f00000|100%| O|  |TAMS 0x0000000080f00000, 0x0000000080f00000| Untracked 
|  15|0x0000000080f00000, 0x0000000081000000, 0x0000000081000000|100%| O|  |TAMS 0x0000000081000000, 0x0000000081000000| Untracked 
|  16|0x0000000081000000, 0x0000000081100000, 0x0000000081100000|100%| O|  |TAMS 0x0000000081100000, 0x0000000081100000| Untracked 
|  17|0x0000000081100000, 0x0000000081200000, 0x0000000081200000|100%| O|  |TAMS 0x0000000081200000, 0x0000000081200000| Untracked 
|  18|0x0000000081200000, 0x0000000081300000, 0x0000000081300000|100%| O|  |TAMS 0x0000000081300000, 0x0000000081300000| Untracked 
|  19|0x0000000081300000, 0x0000000081400000, 0x0000000081400000|100%| O|  |TAMS 0x0000000081400000, 0x0000000081400000| Untracked 
|  20|0x0000000081400000, 0x0000000081500000, 0x0000000081500000|100%| O|  |TAMS 0x0000000081500000, 0x0000000081500000| Untracked 
|  21|0x0000000081500000, 0x0000000081600000, 0x0000000081600000|100%| O|  |TAMS 0x0000000081600000, 0x0000000081600000| Untracked 
|  22|0x0000000081600000, 0x0000000081700000, 0x0000000081700000|100%| O|  |TAMS 0x0000000081700000, 0x0000000081700000| Untracked 
|  23|0x0000000081700000, 0x0000000081800000, 0x0000000081800000|100%| O|  |TAMS 0x0000000081800000, 0x0000000081800000| Untracked 
|  24|0x0000000081800000, 0x0000000081900000, 0x0000000081900000|100%| O|  |TAMS 0x0000000081900000, 0x0000000081900000| Untracked 
|  25|0x0000000081900000, 0x0000000081a00000, 0x0000000081a00000|100%| O|  |TAMS 0x0000000081a00000, 0x0000000081a00000| Untracked 
|  26|0x0000000081a00000, 0x0000000081b00000, 0x0000000081b00000|100%| O|  |TAMS 0x0000000081b00000, 0x0000000081b00000| Untracked 
|  27|0x0000000081b00000, 0x0000000081c00000, 0x0000000081c00000|100%| O|  |TAMS 0x0000000081c00000, 0x0000000081c00000| Untracked 
|  28|0x0000000081c00000, 0x0000000081d00000, 0x0000000081d00000|100%| O|  |TAMS 0x0000000081d00000, 0x0000000081d00000| Untracked 
|  29|0x0000000081d00000, 0x0000000081e00000, 0x0000000081e00000|100%|HS|  |TAMS 0x0000000081d00000, 0x0000000081d00000| Complete 
|  30|0x0000000081e00000, 0x0000000081f00000, 0x0000000081f00000|100%| O|  |TAMS 0x0000000081f00000, 0x0000000081f00000| Untracked 
|  31|0x0000000081f00000, 0x0000000082000000, 0x0000000082000000|100%| O|  |TAMS 0x0000000082000000, 0x0000000082000000| Untracked 
|  32|0x0000000082000000, 0x0000000082100000, 0x0000000082100000|100%| O|  |TAMS 0x0000000082100000, 0x0000000082100000| Untracked 
|  33|0x0000000082100000, 0x0000000082200000, 0x0000000082200000|100%| O|  |TAMS 0x0000000082200000, 0x0000000082200000| Untracked 
|  34|0x0000000082200000, 0x0000000082300000, 0x0000000082300000|100%| O|  |TAMS 0x0000000082300000, 0x0000000082300000| Untracked 
|  35|0x0000000082300000, 0x0000000082400000, 0x0000000082400000|100%| O|  |TAMS 0x0000000082400000, 0x0000000082400000| Untracked 
|  36|0x0000000082400000, 0x0000000082500000, 0x0000000082500000|100%| O|  |TAMS 0x0000000082500000, 0x0000000082500000| Untracked 
|  37|0x0000000082500000, 0x0000000082600000, 0x0000000082600000|100%| O|  |TAMS 0x0000000082600000, 0x0000000082600000| Untracked 
|  38|0x0000000082600000, 0x0000000082700000, 0x0000000082700000|100%| O|  |TAMS 0x00000000826bf600, 0x0000000082700000| Untracked 
|  39|0x0000000082700000, 0x0000000082800000, 0x0000000082800000|100%|HS|  |TAMS 0x0000000082800000, 0x0000000082800000| Complete 
|  40|0x0000000082800000, 0x0000000082900000, 0x0000000082900000|100%|HS|  |TAMS 0x0000000082900000, 0x0000000082900000| Complete 
|  41|0x0000000082900000, 0x0000000082a00000, 0x0000000082a00000|100%|HS|  |TAMS 0x0000000082a00000, 0x0000000082a00000| Complete 
|  42|0x0000000082a00000, 0x0000000082b00000, 0x0000000082b00000|100%|HC|  |TAMS 0x0000000082b00000, 0x0000000082b00000| Complete 
|  43|0x0000000082b00000, 0x0000000082c00000, 0x0000000082c00000|100%| O|  |TAMS 0x0000000082b00000, 0x0000000082c00000| Untracked 
|  44|0x0000000082c00000, 0x0000000082d00000, 0x0000000082d00000|100%| O|  |TAMS 0x0000000082c00000, 0x0000000082d00000| Untracked 
|  45|0x0000000082d00000, 0x0000000082e00000, 0x0000000082e00000|100%| O|  |TAMS 0x0000000082d00000, 0x0000000082e00000| Untracked 
|  46|0x0000000082e00000, 0x0000000082f00000, 0x0000000082f00000|100%|HS|  |TAMS 0x0000000082e00000, 0x0000000082f00000| Complete 
|  47|0x0000000082f00000, 0x0000000083000000, 0x0000000083000000|100%|HC|  |TAMS 0x0000000082f00000, 0x0000000083000000| Complete 
|  48|0x0000000083000000, 0x0000000083100000, 0x0000000083100000|100%|HS|  |TAMS 0x0000000083000000, 0x0000000083100000| Complete 
|  49|0x0000000083100000, 0x0000000083200000, 0x0000000083200000|100%|HS|  |TAMS 0x0000000083100000, 0x0000000083200000| Complete 
|  50|0x0000000083200000, 0x0000000083300000, 0x0000000083300000|100%|HC|  |TAMS 0x0000000083200000, 0x0000000083300000| Complete 
|  51|0x0000000083300000, 0x0000000083400000, 0x0000000083400000|100%|HC|  |TAMS 0x0000000083300000, 0x0000000083400000| Complete 
|  52|0x0000000083400000, 0x0000000083500000, 0x0000000083500000|100%|HC|  |TAMS 0x0000000083400000, 0x0000000083500000| Complete 
|  53|0x0000000083500000, 0x0000000083600000, 0x0000000083600000|100%|HS|  |TAMS 0x0000000083500000, 0x0000000083600000| Complete 
|  54|0x0000000083600000, 0x0000000083700000, 0x0000000083700000|100%| O|  |TAMS 0x0000000083600000, 0x0000000083700000| Untracked 
|  55|0x0000000083700000, 0x0000000083800000, 0x0000000083800000|100%|HS|  |TAMS 0x0000000083700000, 0x0000000083800000| Complete 
|  56|0x0000000083800000, 0x0000000083900000, 0x0000000083900000|100%| O|  |TAMS 0x0000000083800000, 0x0000000083900000| Untracked 
|  57|0x0000000083900000, 0x0000000083a00000, 0x0000000083a00000|100%| O|  |TAMS 0x0000000083900000, 0x0000000083a00000| Untracked 
|  58|0x0000000083a00000, 0x0000000083b00000, 0x0000000083b00000|100%| O|  |TAMS 0x0000000083a00000, 0x0000000083b00000| Untracked 
|  59|0x0000000083b00000, 0x0000000083c00000, 0x0000000083c00000|100%| O|  |TAMS 0x0000000083b00000, 0x0000000083c00000| Untracked 
|  60|0x0000000083c00000, 0x0000000083d00000, 0x0000000083d00000|100%| O|  |TAMS 0x0000000083c00000, 0x0000000083d00000| Untracked 
|  61|0x0000000083d00000, 0x0000000083e00000, 0x0000000083e00000|100%| O|  |TAMS 0x0000000083d00000, 0x0000000083e00000| Untracked 
|  62|0x0000000083e00000, 0x0000000083f00000, 0x0000000083f00000|100%| O|  |TAMS 0x0000000083e00000, 0x0000000083f00000| Untracked 
|  63|0x0000000083f00000, 0x0000000083f00000, 0x0000000084000000|  0%| F|  |TAMS 0x0000000083f00000, 0x0000000083f00000| Untracked 
|  64|0x0000000084000000, 0x0000000084000000, 0x0000000084100000|  0%| F|  |TAMS 0x0000000084000000, 0x0000000084000000| Untracked 
|  65|0x0000000084100000, 0x0000000084100000, 0x0000000084200000|  0%| F|  |TAMS 0x0000000084100000, 0x0000000084100000| Untracked 
|  66|0x0000000084200000, 0x0000000084200000, 0x0000000084300000|  0%| F|  |TAMS 0x0000000084200000, 0x0000000084200000| Untracked 
|  67|0x0000000084300000, 0x00000000843d9800, 0x0000000084400000| 84%| O|  |TAMS 0x0000000084300000, 0x00000000843d9800| Untracked 
|  68|0x0000000084400000, 0x0000000084400000, 0x0000000084500000|  0%| F|  |TAMS 0x0000000084400000, 0x0000000084400000| Untracked 
|  69|0x0000000084500000, 0x0000000084500000, 0x0000000084600000|  0%| F|  |TAMS 0x0000000084500000, 0x0000000084500000| Untracked 
|  70|0x0000000084600000, 0x0000000084600000, 0x0000000084700000|  0%| F|  |TAMS 0x0000000084600000, 0x0000000084600000| Untracked 
|  71|0x0000000084700000, 0x0000000084700000, 0x0000000084800000|  0%| F|  |TAMS 0x0000000084700000, 0x0000000084700000| Untracked 
|  72|0x0000000084800000, 0x0000000084800000, 0x0000000084900000|  0%| F|  |TAMS 0x0000000084800000, 0x0000000084800000| Untracked 
|  73|0x0000000084900000, 0x0000000084900000, 0x0000000084a00000|  0%| F|  |TAMS 0x0000000084900000, 0x0000000084900000| Untracked 
|  74|0x0000000084a00000, 0x0000000084a00000, 0x0000000084b00000|  0%| F|  |TAMS 0x0000000084a00000, 0x0000000084a00000| Untracked 
|  75|0x0000000084b00000, 0x0000000084b00000, 0x0000000084c00000|  0%| F|  |TAMS 0x0000000084b00000, 0x0000000084b00000| Untracked 
|  76|0x0000000084c00000, 0x0000000084c00000, 0x0000000084d00000|  0%| F|  |TAMS 0x0000000084c00000, 0x0000000084c00000| Untracked 
|  77|0x0000000084d00000, 0x0000000084d00000, 0x0000000084e00000|  0%| F|  |TAMS 0x0000000084d00000, 0x0000000084d00000| Untracked 
|  78|0x0000000084e00000, 0x0000000084e00000, 0x0000000084f00000|  0%| F|  |TAMS 0x0000000084e00000, 0x0000000084e00000| Untracked 
|  79|0x0000000084f00000, 0x0000000084f00000, 0x0000000085000000|  0%| F|  |TAMS 0x0000000084f00000, 0x0000000084f00000| Untracked 
|  80|0x0000000085000000, 0x0000000085000000, 0x0000000085100000|  0%| F|  |TAMS 0x0000000085000000, 0x0000000085000000| Untracked 
|  81|0x0000000085100000, 0x0000000085100000, 0x0000000085200000|  0%| F|  |TAMS 0x0000000085100000, 0x0000000085100000| Untracked 
|  82|0x0000000085200000, 0x0000000085200000, 0x0000000085300000|  0%| F|  |TAMS 0x0000000085200000, 0x0000000085200000| Untracked 
|  83|0x0000000085300000, 0x0000000085300000, 0x0000000085400000|  0%| F|  |TAMS 0x0000000085300000, 0x0000000085300000| Untracked 
|  84|0x0000000085400000, 0x0000000085400000, 0x0000000085500000|  0%| F|  |TAMS 0x0000000085400000, 0x0000000085400000| Untracked 
|  85|0x0000000085500000, 0x0000000085500000, 0x0000000085600000|  0%| F|  |TAMS 0x0000000085500000, 0x0000000085500000| Untracked 
|  86|0x0000000085600000, 0x0000000085600000, 0x0000000085700000|  0%| F|  |TAMS 0x0000000085600000, 0x0000000085600000| Untracked 
|  87|0x0000000085700000, 0x0000000085700000, 0x0000000085800000|  0%| F|  |TAMS 0x0000000085700000, 0x0000000085700000| Untracked 
|  88|0x0000000085800000, 0x0000000085800000, 0x0000000085900000|  0%| F|  |TAMS 0x0000000085800000, 0x0000000085800000| Untracked 
|  89|0x0000000085900000, 0x0000000085900000, 0x0000000085a00000|  0%| F|  |TAMS 0x0000000085900000, 0x0000000085900000| Untracked 
|  90|0x0000000085a00000, 0x0000000085a00000, 0x0000000085b00000|  0%| F|  |TAMS 0x0000000085a00000, 0x0000000085a00000| Untracked 
|  91|0x0000000085b00000, 0x0000000085b00000, 0x0000000085c00000|  0%| F|  |TAMS 0x0000000085b00000, 0x0000000085b00000| Untracked 
|  92|0x0000000085c00000, 0x0000000085c00000, 0x0000000085d00000|  0%| F|  |TAMS 0x0000000085c00000, 0x0000000085c00000| Untracked 
|  93|0x0000000085d00000, 0x0000000085d00000, 0x0000000085e00000|  0%| F|  |TAMS 0x0000000085d00000, 0x0000000085d00000| Untracked 
|  94|0x0000000085e00000, 0x0000000085e00000, 0x0000000085f00000|  0%| F|  |TAMS 0x0000000085e00000, 0x0000000085e00000| Untracked 
|  95|0x0000000085f00000, 0x0000000085f00000, 0x0000000086000000|  0%| F|  |TAMS 0x0000000085f00000, 0x0000000085f00000| Untracked 
|  96|0x0000000086000000, 0x0000000086000000, 0x0000000086100000|  0%| F|  |TAMS 0x0000000086000000, 0x0000000086000000| Untracked 
|  97|0x0000000086100000, 0x0000000086100000, 0x0000000086200000|  0%| F|  |TAMS 0x0000000086100000, 0x0000000086100000| Untracked 
|  98|0x0000000086200000, 0x0000000086200000, 0x0000000086300000|  0%| F|  |TAMS 0x0000000086200000, 0x0000000086200000| Untracked 
|  99|0x0000000086300000, 0x0000000086300000, 0x0000000086400000|  0%| F|  |TAMS 0x0000000086300000, 0x0000000086300000| Untracked 
| 100|0x0000000086400000, 0x0000000086400000, 0x0000000086500000|  0%| F|  |TAMS 0x0000000086400000, 0x0000000086400000| Untracked 
| 101|0x0000000086500000, 0x0000000086500000, 0x0000000086600000|  0%| F|  |TAMS 0x0000000086500000, 0x0000000086500000| Untracked 
| 102|0x0000000086600000, 0x0000000086600000, 0x0000000086700000|  0%| F|  |TAMS 0x0000000086600000, 0x0000000086600000| Untracked 
| 103|0x0000000086700000, 0x0000000086700000, 0x0000000086800000|  0%| F|  |TAMS 0x0000000086700000, 0x0000000086700000| Untracked 
| 104|0x0000000086800000, 0x0000000086800000, 0x0000000086900000|  0%| F|  |TAMS 0x0000000086800000, 0x0000000086800000| Untracked 
| 105|0x0000000086900000, 0x0000000086900000, 0x0000000086a00000|  0%| F|  |TAMS 0x0000000086900000, 0x0000000086900000| Untracked 
| 106|0x0000000086a00000, 0x0000000086a00000, 0x0000000086b00000|  0%| F|  |TAMS 0x0000000086a00000, 0x0000000086a00000| Untracked 
| 107|0x0000000086b00000, 0x0000000086b80800, 0x0000000086c00000| 50%| E|  |TAMS 0x0000000086b00000, 0x0000000086b00000| Complete 
| 108|0x0000000086c00000, 0x0000000086d00000, 0x0000000086d00000|100%| E|CS|TAMS 0x0000000086c00000, 0x0000000086c00000| Complete 
| 109|0x0000000086d00000, 0x0000000086e00000, 0x0000000086e00000|100%| E|CS|TAMS 0x0000000086d00000, 0x0000000086d00000| Complete 
| 110|0x0000000086e00000, 0x0000000086f00000, 0x0000000086f00000|100%| E|CS|TAMS 0x0000000086e00000, 0x0000000086e00000| Complete 
| 111|0x0000000086f00000, 0x0000000087000000, 0x0000000087000000|100%| E|CS|TAMS 0x0000000086f00000, 0x0000000086f00000| Complete 
| 112|0x0000000087000000, 0x0000000087100000, 0x0000000087100000|100%| E|CS|TAMS 0x0000000087000000, 0x0000000087000000| Complete 
| 113|0x0000000087100000, 0x0000000087200000, 0x0000000087200000|100%| E|CS|TAMS 0x0000000087100000, 0x0000000087100000| Complete 
| 114|0x0000000087200000, 0x0000000087300000, 0x0000000087300000|100%| E|CS|TAMS 0x0000000087200000, 0x0000000087200000| Complete 
| 115|0x0000000087300000, 0x0000000087400000, 0x0000000087400000|100%| E|CS|TAMS 0x0000000087300000, 0x0000000087300000| Complete 
| 116|0x0000000087400000, 0x0000000087500000, 0x0000000087500000|100%| E|CS|TAMS 0x0000000087400000, 0x0000000087400000| Complete 
| 117|0x0000000087500000, 0x0000000087600000, 0x0000000087600000|100%| E|CS|TAMS 0x0000000087500000, 0x0000000087500000| Complete 
| 118|0x0000000087600000, 0x0000000087700000, 0x0000000087700000|100%| E|CS|TAMS 0x0000000087600000, 0x0000000087600000| Complete 
| 119|0x0000000087700000, 0x0000000087800000, 0x0000000087800000|100%| E|CS|TAMS 0x0000000087700000, 0x0000000087700000| Complete 
| 120|0x0000000087800000, 0x0000000087900000, 0x0000000087900000|100%| E|CS|TAMS 0x0000000087800000, 0x0000000087800000| Complete 
| 121|0x0000000087900000, 0x0000000087a00000, 0x0000000087a00000|100%| E|CS|TAMS 0x0000000087900000, 0x0000000087900000| Complete 
| 122|0x0000000087a00000, 0x0000000087b00000, 0x0000000087b00000|100%| E|CS|TAMS 0x0000000087a00000, 0x0000000087a00000| Complete 
| 123|0x0000000087b00000, 0x0000000087c00000, 0x0000000087c00000|100%| E|CS|TAMS 0x0000000087b00000, 0x0000000087b00000| Complete 
| 124|0x0000000087c00000, 0x0000000087d00000, 0x0000000087d00000|100%| E|CS|TAMS 0x0000000087c00000, 0x0000000087c00000| Complete 
| 125|0x0000000087d00000, 0x0000000087e00000, 0x0000000087e00000|100%| E|CS|TAMS 0x0000000087d00000, 0x0000000087d00000| Complete 
| 126|0x0000000087e00000, 0x0000000087f00000, 0x0000000087f00000|100%| E|CS|TAMS 0x0000000087e00000, 0x0000000087e00000| Complete 
| 127|0x0000000087f00000, 0x0000000088000000, 0x0000000088000000|100%| E|CS|TAMS 0x0000000087f00000, 0x0000000087f00000| Complete 
| 128|0x0000000088000000, 0x0000000088100000, 0x0000000088100000|100%| E|CS|TAMS 0x0000000088000000, 0x0000000088000000| Complete 
| 129|0x0000000088100000, 0x0000000088200000, 0x0000000088200000|100%| E|CS|TAMS 0x0000000088100000, 0x0000000088100000| Complete 
| 130|0x0000000088200000, 0x0000000088300000, 0x0000000088300000|100%| E|CS|TAMS 0x0000000088200000, 0x0000000088200000| Complete 
| 131|0x0000000088300000, 0x0000000088400000, 0x0000000088400000|100%| E|CS|TAMS 0x0000000088300000, 0x0000000088300000| Complete 
| 132|0x0000000088400000, 0x0000000088500000, 0x0000000088500000|100%| E|CS|TAMS 0x0000000088400000, 0x0000000088400000| Complete 
| 133|0x0000000088500000, 0x0000000088600000, 0x0000000088600000|100%| E|CS|TAMS 0x0000000088500000, 0x0000000088500000| Complete 
| 134|0x0000000088600000, 0x0000000088700000, 0x0000000088700000|100%| E|CS|TAMS 0x0000000088600000, 0x0000000088600000| Complete 
| 135|0x0000000088700000, 0x0000000088800000, 0x0000000088800000|100%| E|CS|TAMS 0x0000000088700000, 0x0000000088700000| Complete 
| 136|0x0000000088800000, 0x0000000088900000, 0x0000000088900000|100%| E|CS|TAMS 0x0000000088800000, 0x0000000088800000| Complete 
| 137|0x0000000088900000, 0x0000000088a00000, 0x0000000088a00000|100%| E|CS|TAMS 0x0000000088900000, 0x0000000088900000| Complete 
| 138|0x0000000088a00000, 0x0000000088b00000, 0x0000000088b00000|100%| E|CS|TAMS 0x0000000088a00000, 0x0000000088a00000| Complete 
| 139|0x0000000088b00000, 0x0000000088c00000, 0x0000000088c00000|100%| E|CS|TAMS 0x0000000088b00000, 0x0000000088b00000| Complete 
| 140|0x0000000088c00000, 0x0000000088d00000, 0x0000000088d00000|100%| E|CS|TAMS 0x0000000088c00000, 0x0000000088c00000| Complete 
| 141|0x0000000088d00000, 0x0000000088e00000, 0x0000000088e00000|100%| E|CS|TAMS 0x0000000088d00000, 0x0000000088d00000| Complete 
| 142|0x0000000088e00000, 0x0000000088f00000, 0x0000000088f00000|100%| E|CS|TAMS 0x0000000088e00000, 0x0000000088e00000| Complete 
| 143|0x0000000088f00000, 0x0000000089000000, 0x0000000089000000|100%| E|CS|TAMS 0x0000000088f00000, 0x0000000088f00000| Complete 
| 144|0x0000000089000000, 0x0000000089100000, 0x0000000089100000|100%| E|CS|TAMS 0x0000000089000000, 0x0000000089000000| Complete 
| 145|0x0000000089100000, 0x0000000089200000, 0x0000000089200000|100%| E|CS|TAMS 0x0000000089100000, 0x0000000089100000| Complete 
| 146|0x0000000089200000, 0x0000000089300000, 0x0000000089300000|100%| E|CS|TAMS 0x0000000089200000, 0x0000000089200000| Complete 
| 147|0x0000000089300000, 0x0000000089400000, 0x0000000089400000|100%| E|CS|TAMS 0x0000000089300000, 0x0000000089300000| Complete 
| 148|0x0000000089400000, 0x0000000089500000, 0x0000000089500000|100%| E|CS|TAMS 0x0000000089400000, 0x0000000089400000| Complete 
| 149|0x0000000089500000, 0x0000000089600000, 0x0000000089600000|100%| E|CS|TAMS 0x0000000089500000, 0x0000000089500000| Complete 
| 150|0x0000000089600000, 0x0000000089700000, 0x0000000089700000|100%| E|CS|TAMS 0x0000000089600000, 0x0000000089600000| Complete 
| 151|0x0000000089700000, 0x0000000089800000, 0x0000000089800000|100%| E|CS|TAMS 0x0000000089700000, 0x0000000089700000| Complete 
| 152|0x0000000089800000, 0x0000000089900000, 0x0000000089900000|100%| E|CS|TAMS 0x0000000089800000, 0x0000000089800000| Complete 
| 153|0x0000000089900000, 0x0000000089a00000, 0x0000000089a00000|100%| E|CS|TAMS 0x0000000089900000, 0x0000000089900000| Complete 
| 154|0x0000000089a00000, 0x0000000089b00000, 0x0000000089b00000|100%| E|CS|TAMS 0x0000000089a00000, 0x0000000089a00000| Complete 
| 155|0x0000000089b00000, 0x0000000089c00000, 0x0000000089c00000|100%| E|CS|TAMS 0x0000000089b00000, 0x0000000089b00000| Complete 
| 156|0x0000000089c00000, 0x0000000089d00000, 0x0000000089d00000|100%| E|CS|TAMS 0x0000000089c00000, 0x0000000089c00000| Complete 
| 157|0x0000000089d00000, 0x0000000089e00000, 0x0000000089e00000|100%| E|CS|TAMS 0x0000000089d00000, 0x0000000089d00000| Complete 
| 158|0x0000000089e00000, 0x0000000089f00000, 0x0000000089f00000|100%| E|CS|TAMS 0x0000000089e00000, 0x0000000089e00000| Complete 
| 159|0x0000000089f00000, 0x000000008a000000, 0x000000008a000000|100%| E|CS|TAMS 0x0000000089f00000, 0x0000000089f00000| Complete 
| 160|0x000000008a000000, 0x000000008a100000, 0x000000008a100000|100%| E|CS|TAMS 0x000000008a000000, 0x000000008a000000| Complete 
| 161|0x000000008a100000, 0x000000008a200000, 0x000000008a200000|100%| E|CS|TAMS 0x000000008a100000, 0x000000008a100000| Complete 
| 189|0x000000008bd00000, 0x000000008be00000, 0x000000008be00000|100%| E|CS|TAMS 0x000000008bd00000, 0x000000008bd00000| Complete 
| 190|0x000000008be00000, 0x000000008bf00000, 0x000000008bf00000|100%| E|CS|TAMS 0x000000008be00000, 0x000000008be00000| Complete 
| 191|0x000000008bf00000, 0x000000008c000000, 0x000000008c000000|100%| E|CS|TAMS 0x000000008bf00000, 0x000000008bf00000| Complete 
| 192|0x000000008c000000, 0x000000008c100000, 0x000000008c100000|100%| E|CS|TAMS 0x000000008c000000, 0x000000008c000000| Complete 
| 193|0x000000008c100000, 0x000000008c19b158, 0x000000008c200000| 60%| S|CS|TAMS 0x000000008c100000, 0x000000008c100000| Complete 
| 194|0x000000008c200000, 0x000000008c300000, 0x000000008c300000|100%| E|CS|TAMS 0x000000008c200000, 0x000000008c200000| Complete 
| 195|0x000000008c300000, 0x000000008c400000, 0x000000008c400000|100%| E|CS|TAMS 0x000000008c300000, 0x000000008c300000| Complete 
| 196|0x000000008c400000, 0x000000008c500000, 0x000000008c500000|100%| E|CS|TAMS 0x000000008c400000, 0x000000008c400000| Complete 
| 197|0x000000008c500000, 0x000000008c600000, 0x000000008c600000|100%| E|CS|TAMS 0x000000008c500000, 0x000000008c500000| Complete 
| 251|0x000000008fb00000, 0x000000008fc00000, 0x000000008fc00000|100%| E|CS|TAMS 0x000000008fb00000, 0x000000008fb00000| Complete 

Card table byte_map: [0x00000147944c0000,0x00000147948c0000] _byte_map_base: 0x00000147940c0000

Marking Bits (Prev, Next): (CMBitMap*) 0x00000147ffd7aec0, (CMBitMap*) 0x00000147ffd7ae80
 Prev Bits: [0x0000014796cc0000, 0x0000014798cc0000)
 Next Bits: [0x0000014794cc0000, 0x0000014796cc0000)

Polling page: 0x00000147ff110000

Metaspace:

Usage:
  Non-class:     53.98 MB used.
      Class:      8.32 MB used.
       Both:     62.30 MB used.

Virtual space:
  Non-class space:       64.00 MB reserved,      54.31 MB ( 85%) committed,  1 nodes.
      Class space:        1.00 GB reserved,       8.62 MB ( <1%) committed,  1 nodes.
             Both:        1.06 GB reserved,      62.94 MB (  6%) committed. 

Chunk freelists:
   Non-Class:  9.73 MB
       Class:  7.29 MB
        Both:  17.03 MB

MaxMetaspaceSize: unlimited
CompressedClassSpaceSize: 1.00 GB
Initial GC threshold: 21.00 MB
Current GC threshold: 90.62 MB
CDS: off
MetaspaceReclaimPolicy: balanced
 - commit_granule_bytes: 65536.
 - commit_granule_words: 8192.
 - virtual_space_node_default_size: 8388608.
 - enlarge_chunks_in_place: 1.
 - new_chunks_are_fully_committed: 0.
 - uncommit_free_chunks: 1.
 - use_allocation_guard: 0.
 - handle_deallocations: 1.


Internal statistics:

num_allocs_failed_limit: 6.
num_arena_births: 702.
num_arena_deaths: 0.
num_vsnodes_births: 2.
num_vsnodes_deaths: 0.
num_space_committed: 1007.
num_space_uncommitted: 0.
num_chunks_returned_to_freelist: 6.
num_chunks_taken_from_freelist: 2908.
num_chunk_merges: 3.
num_chunk_splits: 1923.
num_chunks_enlarged: 1300.
num_inconsistent_stats: 0.

CodeHeap 'non-profiled nmethods': size=119168Kb used=3486Kb max_used=3486Kb free=115681Kb
 bounds [0x000001478c3d0000, 0x000001478c740000, 0x0000014793830000]
CodeHeap 'profiled nmethods': size=119104Kb used=12371Kb max_used=12371Kb free=106732Kb
 bounds [0x0000014784830000, 0x0000014785450000, 0x000001478bc80000]
CodeHeap 'non-nmethods': size=7488Kb used=3328Kb max_used=3420Kb free=4160Kb
 bounds [0x000001478bc80000, 0x000001478bfe0000, 0x000001478c3d0000]
 total_blobs=7443 nmethods=6727 adapters=625
 compilation: enabled
              stopped_count=0, restarted_count=0
 full_count=0

Compilation events (20 events):
Event: 4.569 Thread 0x000001479c27cb80 nmethod 7446 0x0000014785434710 code [0x0000014785434900, 0x0000014785434ed8]
Event: 4.570 Thread 0x000001479c27cb80 7447       3       org.gradle.internal.instantiation.generator.AsmBackedClassGenerator$ClassBuilderImpl::addLazyGetter (18 bytes)
Event: 4.570 Thread 0x000001479c27cb80 nmethod 7447 0x0000014785435090 code [0x0000014785435240, 0x00000147854353a8]
Event: 4.570 Thread 0x000001479c7fa670 7448       4       org.objectweb.asm.ByteVector::putByteArray (49 bytes)
Event: 4.570 Thread 0x000001479c27cb80 7449       1       org.gradle.internal.instantiation.generator.AbstractClassGenerator::getRoleHandler (5 bytes)
Event: 4.571 Thread 0x000001479c27cb80 nmethod 7449 0x000001478c736290 code [0x000001478c736420, 0x000001478c7364f8]
Event: 4.571 Thread 0x000001479c7fa670 nmethod 7448 0x000001478c736590 code [0x000001478c736700, 0x000001478c736858]
Event: 4.572 Thread 0x000001479c27cb80 7450       3       sun.reflect.generics.reflectiveObjects.LazyReflectiveObjectGenerator::reifyBounds (51 bytes)
Event: 4.572 Thread 0x000001479c27c050 7451 %     3       org.gradle.internal.instantiation.generator.AbstractClassGenerator::inspectType @ 107 (560 bytes)
Event: 4.572 Thread 0x000001479c262c80 7452   !   3       org.objectweb.asm.ClassWriter::getCommonSuperClass (141 bytes)
Event: 4.572 Thread 0x000001479c0c4960 7453       3       org.objectweb.asm.ClassWriter::getClassLoader (8 bytes)
Event: 4.572 Thread 0x000001479c27cb80 nmethod 7450 0x0000014785435490 code [0x0000014785435680, 0x0000014785435ec8]
Event: 4.573 Thread 0x000001479c0c4960 nmethod 7453 0x0000014785436190 code [0x00000147854363e0, 0x0000014785436e18]
Event: 4.573 Thread 0x00000147a278d070 nmethod 7443 0x000001478c736990 code [0x000001478c736b20, 0x000001478c737198]
Event: 4.573 Thread 0x000001479c262c80 nmethod 7452 0x0000014785437190 code [0x00000147854374a0, 0x0000014785438098]
Event: 4.573 Thread 0x000001479c0c4960 7454       3       org.gradle.api.internal.provider.ValueState$NonFinalizedValue::explicitValue (7 bytes)
Event: 4.573 Thread 0x000001479c0c4960 nmethod 7454 0x0000014785438690 code [0x0000014785438820, 0x0000014785438938]
Event: 4.574 Thread 0x000001479c27c050 nmethod 7451% 0x0000014785438a10 code [0x00000147854391e0, 0x000001478543e108]
Event: 4.578 Thread 0x000001479c262c80 7455       3       org.gradle.internal.instantiation.generator.AsmBackedClassGenerator$ClassBuilderImpl::access$2700 (4 bytes)
Event: 4.578 Thread 0x000001479c262c80 nmethod 7455 0x000001478543fa90 code [0x000001478543fc20, 0x000001478543fd18]

GC Heap History (20 events):
Event: 2.543 GC heap before
{Heap before GC invocations=9 (full 0):
 garbage-first heap   total 71680K, used 53904K [0x0000000080000000, 0x0000000100000000)
  region size 1024K, 32 young (32768K), 2 survivors (2048K)
 Metaspace       used 41474K, committed 41792K, reserved 1114112K
  class space    used 5477K, committed 5632K, reserved 1048576K
}
Event: 2.545 GC heap after
{Heap after GC invocations=10 (full 0):
 garbage-first heap   total 71680K, used 27778K [0x0000000080000000, 0x0000000100000000)
  region size 1024K, 4 young (4096K), 4 survivors (4096K)
 Metaspace       used 41474K, committed 41792K, reserved 1114112K
  class space    used 5477K, committed 5632K, reserved 1048576K
}
Event: 2.708 GC heap before
{Heap before GC invocations=10 (full 0):
 garbage-first heap   total 71680K, used 55426K [0x0000000080000000, 0x0000000100000000)
  region size 1024K, 31 young (31744K), 4 survivors (4096K)
 Metaspace       used 42574K, committed 42944K, reserved 1114112K
  class space    used 5653K, committed 5824K, reserved 1048576K
}
Event: 2.711 GC heap after
{Heap after GC invocations=11 (full 0):
 garbage-first heap   total 71680K, used 29879K [0x0000000080000000, 0x0000000100000000)
  region size 1024K, 2 young (2048K), 2 survivors (2048K)
 Metaspace       used 42574K, committed 42944K, reserved 1114112K
  class space    used 5653K, committed 5824K, reserved 1048576K
}
Event: 3.015 GC heap before
{Heap before GC invocations=11 (full 0):
 garbage-first heap   total 71680K, used 54455K [0x0000000080000000, 0x0000000100000000)
  region size 1024K, 27 young (27648K), 2 survivors (2048K)
 Metaspace       used 45549K, committed 45952K, reserved 1114112K
  class space    used 6153K, committed 6336K, reserved 1048576K
}
Event: 3.017 GC heap after
{Heap after GC invocations=12 (full 0):
 garbage-first heap   total 98304K, used 31811K [0x0000000080000000, 0x0000000100000000)
  region size 1024K, 4 young (4096K), 4 survivors (4096K)
 Metaspace       used 45549K, committed 45952K, reserved 1114112K
  class space    used 6153K, committed 6336K, reserved 1048576K
}
Event: 3.420 GC heap before
{Heap before GC invocations=12 (full 0):
 garbage-first heap   total 98304K, used 76867K [0x0000000080000000, 0x0000000100000000)
  region size 1024K, 47 young (48128K), 4 survivors (4096K)
 Metaspace       used 51374K, committed 51904K, reserved 1114112K
  class space    used 6988K, committed 7232K, reserved 1048576K
}
Event: 3.422 GC heap after
{Heap after GC invocations=13 (full 0):
 garbage-first heap   total 98304K, used 34338K [0x0000000080000000, 0x0000000100000000)
  region size 1024K, 5 young (5120K), 5 survivors (5120K)
 Metaspace       used 51374K, committed 51904K, reserved 1114112K
  class space    used 6988K, committed 7232K, reserved 1048576K
}
Event: 3.795 GC heap before
{Heap before GC invocations=13 (full 0):
 garbage-first heap   total 98304K, used 76322K [0x0000000080000000, 0x0000000100000000)
  region size 1024K, 46 young (47104K), 5 survivors (5120K)
 Metaspace       used 54328K, committed 54784K, reserved 1114112K
  class space    used 7379K, committed 7616K, reserved 1048576K
}
Event: 3.798 GC heap after
{Heap after GC invocations=14 (full 0):
 garbage-first heap   total 98304K, used 39507K [0x0000000080000000, 0x0000000100000000)
  region size 1024K, 6 young (6144K), 6 survivors (6144K)
 Metaspace       used 54328K, committed 54784K, reserved 1114112K
  class space    used 7379K, committed 7616K, reserved 1048576K
}
Event: 3.887 GC heap before
{Heap before GC invocations=14 (full 0):
 garbage-first heap   total 98304K, used 74323K [0x0000000080000000, 0x0000000100000000)
  region size 1024K, 41 young (41984K), 6 survivors (6144K)
 Metaspace       used 54752K, committed 55232K, reserved 1114112K
  class space    used 7461K, committed 7680K, reserved 1048576K
}
Event: 3.889 GC heap after
{Heap after GC invocations=15 (full 0):
 garbage-first heap   total 98304K, used 42699K [0x0000000080000000, 0x0000000100000000)
  region size 1024K, 4 young (4096K), 4 survivors (4096K)
 Metaspace       used 54752K, committed 55232K, reserved 1114112K
  class space    used 7461K, committed 7680K, reserved 1048576K
}
Event: 3.985 GC heap before
{Heap before GC invocations=15 (full 0):
 garbage-first heap   total 98304K, used 58059K [0x0000000080000000, 0x0000000100000000)
  region size 1024K, 17 young (17408K), 4 survivors (4096K)
 Metaspace       used 55087K, committed 55616K, reserved 1114112K
  class space    used 7504K, committed 7744K, reserved 1048576K
}
Event: 3.986 GC heap after
{Heap after GC invocations=16 (full 0):
 garbage-first heap   total 98304K, used 49031K [0x0000000080000000, 0x0000000100000000)
  region size 1024K, 4 young (4096K), 4 survivors (4096K)
 Metaspace       used 55087K, committed 55616K, reserved 1114112K
  class space    used 7504K, committed 7744K, reserved 1048576K
}
Event: 4.193 GC heap before
{Heap before GC invocations=17 (full 0):
 garbage-first heap   total 98304K, used 83847K [0x0000000080000000, 0x0000000100000000)
  region size 1024K, 29 young (29696K), 4 survivors (4096K)
 Metaspace       used 56442K, committed 56960K, reserved 1114112K
  class space    used 7712K, committed 7936K, reserved 1048576K
}
Event: 4.196 GC heap after
{Heap after GC invocations=18 (full 0):
 garbage-first heap   total 98304K, used 64416K [0x0000000080000000, 0x0000000100000000)
  region size 1024K, 4 young (4096K), 4 survivors (4096K)
 Metaspace       used 56442K, committed 56960K, reserved 1114112K
  class space    used 7712K, committed 7936K, reserved 1048576K
}
Event: 4.199 GC heap before
{Heap before GC invocations=18 (full 0):
 garbage-first heap   total 98304K, used 65440K [0x0000000080000000, 0x0000000100000000)
  region size 1024K, 5 young (5120K), 4 survivors (4096K)
 Metaspace       used 56533K, committed 57088K, reserved 1114112K
  class space    used 7717K, committed 8000K, reserved 1048576K
}
Event: 4.201 GC heap after
{Heap after GC invocations=19 (full 0):
 garbage-first heap   total 98304K, used 63944K [0x0000000080000000, 0x0000000100000000)
  region size 1024K, 1 young (1024K), 1 survivors (1024K)
 Metaspace       used 56533K, committed 57088K, reserved 1114112K
  class space    used 7717K, committed 8000K, reserved 1048576K
}
Event: 4.210 GC heap before
{Heap before GC invocations=19 (full 0):
 garbage-first heap   total 98304K, used 67016K [0x0000000080000000, 0x0000000100000000)
  region size 1024K, 5 young (5120K), 1 survivors (1024K)
 Metaspace       used 56732K, committed 57280K, reserved 1114112K
  class space    used 7733K, committed 8000K, reserved 1048576K
}
Event: 4.211 GC heap after
{Heap after GC invocations=20 (full 0):
 garbage-first heap   total 176128K, used 64271K [0x0000000080000000, 0x0000000100000000)
  region size 1024K, 1 young (1024K), 1 survivors (1024K)
 Metaspace       used 56732K, committed 57280K, reserved 1114112K
  class space    used 7733K, committed 8000K, reserved 1048576K
}

Dll operation events (3 events):
Event: 0.004 Loaded shared library C:\Program Files\Android\Android Studio2\jbr\bin\java.dll
Event: 0.083 Loaded shared library C:\Program Files\Android\Android Studio2\jbr\bin\zip.dll
Event: 0.251 Loaded shared library C:\Program Files\Android\Android Studio2\jbr\bin\verify.dll

Deoptimization events (20 events):
Event: 4.382 Thread 0x00000147a1e77eb0 Uncommon trap: trap_request=0xffffff45 fr.pc=0x000001478c4d63e0 relative=0x00000000000000c0
Event: 4.382 Thread 0x00000147a1e77eb0 Uncommon trap: reason=unstable_if action=reinterpret pc=0x000001478c4d63e0 method=java.lang.CharacterDataLatin1.digit(II)I @ 7 c2
Event: 4.382 Thread 0x00000147a1e77eb0 DEOPT PACKING pc=0x000001478c4d63e0 sp=0x0000001e155f70c0
Event: 4.382 Thread 0x00000147a1e77eb0 DEOPT UNPACKING pc=0x000001478bcd69a3 sp=0x0000001e155f6f80 mode 2
Event: 4.382 Thread 0x00000147a1e77eb0 Uncommon trap: trap_request=0xffffff45 fr.pc=0x000001478c4d6034 relative=0x0000000000000094
Event: 4.382 Thread 0x00000147a1e77eb0 Uncommon trap: reason=unstable_if action=reinterpret pc=0x000001478c4d6034 method=java.lang.CharacterDataLatin1.digit(II)I @ 7 c2
Event: 4.382 Thread 0x00000147a1e77eb0 DEOPT PACKING pc=0x000001478c4d6034 sp=0x0000001e155f7010
Event: 4.382 Thread 0x00000147a1e77eb0 DEOPT UNPACKING pc=0x000001478bcd69a3 sp=0x0000001e155f6f90 mode 2
Event: 4.448 Thread 0x00000147a1e77eb0 Uncommon trap: trap_request=0xffffff45 fr.pc=0x000001478c655cd4 relative=0x0000000000000454
Event: 4.448 Thread 0x00000147a1e77eb0 Uncommon trap: reason=unstable_if action=reinterpret pc=0x000001478c655cd4 method=org.gradle.internal.service.DefaultServiceRegistry$OwnServices.getService(Ljava/lang/reflect/Type;)Lorg/gradle/internal/service/Service; @ 27 c2
Event: 4.448 Thread 0x00000147a1e77eb0 DEOPT PACKING pc=0x000001478c655cd4 sp=0x0000001e155f6f70
Event: 4.448 Thread 0x00000147a1e77eb0 DEOPT UNPACKING pc=0x000001478bcd69a3 sp=0x0000001e155f6ee8 mode 2
Event: 4.479 Thread 0x00000147a1e77eb0 Uncommon trap: trap_request=0xffffffc6 fr.pc=0x000001478c6ae998 relative=0x0000000000000058
Event: 4.479 Thread 0x00000147a1e77eb0 Uncommon trap: reason=bimorphic_or_optimized_type_check action=maybe_recompile pc=0x000001478c6ae998 method=java.util.AbstractQueue.add(Ljava/lang/Object;)Z @ 2 c2
Event: 4.479 Thread 0x00000147a1e77eb0 DEOPT PACKING pc=0x000001478c6ae998 sp=0x0000001e155f7310
Event: 4.479 Thread 0x00000147a1e77eb0 DEOPT UNPACKING pc=0x000001478bcd69a3 sp=0x0000001e155f72d8 mode 2
Event: 4.479 Thread 0x00000147a1e77eb0 Uncommon trap: trap_request=0xffffffc6 fr.pc=0x000001478c6ae998 relative=0x0000000000000058
Event: 4.479 Thread 0x00000147a1e77eb0 Uncommon trap: reason=bimorphic_or_optimized_type_check action=maybe_recompile pc=0x000001478c6ae998 method=java.util.AbstractQueue.add(Ljava/lang/Object;)Z @ 2 c2
Event: 4.479 Thread 0x00000147a1e77eb0 DEOPT PACKING pc=0x000001478c6ae998 sp=0x0000001e155f7310
Event: 4.479 Thread 0x00000147a1e77eb0 DEOPT UNPACKING pc=0x000001478bcd69a3 sp=0x0000001e155f72d8 mode 2

Classes unloaded (0 events):
No events

Classes redefined (0 events):
No events

Internal exceptions (20 events):
Event: 3.515 Thread 0x00000147a1e77eb0 Exception <a 'java/lang/NoSuchMethodError'{0x00000000854df478}: 'void java.lang.invoke.DirectMethodHandle$Holder.invokeStatic(java.lang.Object, java.lang.Object, java.lang.Object, int, java.lang.Object)'> (0x00000000854df478) 
thrown [s\src\hotspot\share\interpreter\linkResolver.cpp, line 771]
Event: 3.583 Thread 0x00000147a1e77eb0 Exception <a 'java/lang/NoSuchMethodError'{0x0000000084eb46b0}: 'java.lang.Object java.lang.invoke.DirectMethodHandle$Holder.newInvokeSpecial(java.lang.Object, java.lang.Object, int)'> (0x0000000084eb46b0) 
thrown [s\src\hotspot\share\interpreter\linkResolver.cpp, line 771]
Event: 3.776 Thread 0x00000147a1e77eb0 Exception <a 'java/lang/NoSuchMethodError'{0x0000000083a91530}: 'java.lang.Object java.lang.invoke.DirectMethodHandle$Holder.newInvokeSpecial(java.lang.Object, java.lang.Object, java.lang.Object, java.lang.Object, int, java.lang.Object)'> (0x0000000083a91530) 
thrown [s\src\hotspot\share\interpreter\linkResolver.cpp, line 771]
Event: 3.776 Thread 0x00000147a1e77eb0 Exception <a 'java/lang/NoSuchMethodError'{0x0000000083a96840}: 'java.lang.Object java.lang.invoke.Invokers$Holder.linkToTargetMethod(java.lang.Object, java.lang.Object, java.lang.Object, int, java.lang.Object, java.lang.Object)'> (0x0000000083a96840) 
thrown [s\src\hotspot\share\interpreter\linkResolver.cpp, line 771]
Event: 3.927 Thread 0x00000147a1e77eb0 Exception <a 'java/lang/NoSuchMethodError'{0x000000008c2adf80}: 'long java.lang.invoke.DirectMethodHandle$Holder.invokeVirtual(java.lang.Object, java.lang.Object)'> (0x000000008c2adf80) 
thrown [s\src\hotspot\share\interpreter\linkResolver.cpp, line 771]
Event: 3.929 Thread 0x00000147a1e783c0 Exception <a 'java/lang/NoSuchMethodError'{0x000000008c2e3688}: static Lorg/gradle/internal/build/event/types/DefaultOperationFinishedProgressEvent;.<clinit>()V> (0x000000008c2e3688) 
thrown [s\src\hotspot\share\prims\jni.cpp, line 1108]
Event: 3.932 Thread 0x00000147a1e783c0 Exception <a 'java/lang/NoSuchMethodError'{0x000000008c182138}: static Lorg/gradle/internal/build/event/types/DefaultProjectConfigurationSuccessResult;.<clinit>()V> (0x000000008c182138) 
thrown [s\src\hotspot\share\prims\jni.cpp, line 1108]
Event: 3.933 Thread 0x00000147a1e783c0 Exception <a 'java/lang/NoSuchMethodError'{0x000000008c183680}: static Lorg/gradle/internal/build/event/types/AbstractProjectConfigurationResult;.<clinit>()V> (0x000000008c183680) 
thrown [s\src\hotspot\share\prims\jni.cpp, line 1108]
Event: 3.933 Thread 0x00000147a1e783c0 Exception <a 'java/lang/NoSuchMethodError'{0x000000008c184db8}: static Lorg/gradle/internal/build/event/types/AbstractOperationResult;.<clinit>()V> (0x000000008c184db8) 
thrown [s\src\hotspot\share\prims\jni.cpp, line 1108]
Event: 3.933 Thread 0x00000147a1e783c0 Exception <a 'java/lang/NoSuchMethodError'{0x000000008c185fb8}: static Lorg/gradle/internal/build/event/types/AbstractResult;.<clinit>()V> (0x000000008c185fb8) 
thrown [s\src\hotspot\share\prims\jni.cpp, line 1108]
Event: 3.934 Thread 0x00000147a1e783c0 Exception <a 'java/lang/NoSuchMethodError'{0x000000008c19ec60}: static Lorg/gradle/internal/build/event/types/DefaultPluginApplicationResult;.<clinit>()V> (0x000000008c19ec60) 
thrown [s\src\hotspot\share\prims\jni.cpp, line 1108]
Event: 3.935 Thread 0x00000147a1e783c0 Exception <a 'java/lang/NoSuchMethodError'{0x000000008c1ab708}: static Lorg/gradle/internal/build/event/types/DefaultBinaryPluginIdentifier;.<clinit>()V> (0x000000008c1ab708) 
thrown [s\src\hotspot\share\prims\jni.cpp, line 1108]
Event: 3.937 Thread 0x00000147a1e783c0 Exception <a 'java/lang/NoSuchMethodError'{0x000000008c1c54f8}: static Lorg/gradle/internal/build/event/types/DefaultScriptPluginIdentifier;.<clinit>()V> (0x000000008c1c54f8) 
thrown [s\src\hotspot\share\prims\jni.cpp, line 1108]
Event: 3.971 Thread 0x00000147a1e77eb0 Implicit null exception at 0x000001478c45c48f to 0x000001478c45cb1c
Event: 3.971 Thread 0x00000147a1e77eb0 Implicit null exception at 0x000001478c493b14 to 0x000001478c4941d8
Event: 4.069 Thread 0x00000147a1e77eb0 Exception <a 'java/lang/NoSuchMethodError'{0x00000000854948c8}: 'void java.lang.invoke.Invokers$Holder.invoke_MT(java.lang.Object, java.lang.Object, java.lang.Object, java.lang.Object)'> (0x00000000854948c8) 
thrown [s\src\hotspot\share\interpreter\linkResolver.cpp, line 771]
Event: 4.080 Thread 0x00000147a1e77eb0 Exception <a 'java/lang/NoSuchMethodError'{0x00000000853127f8}: 'java.lang.Object java.lang.invoke.DirectMethodHandle$Holder.invokeSpecial(java.lang.Object, java.lang.Object, java.lang.Object, int, java.lang.Object, java.lang.Object)'> (0x00000000853127f8) 
thrown [s\src\hotspot\share\interpreter\linkResolver.cpp, line 771]
Event: 4.112 Thread 0x00000147a1e77eb0 Exception <a 'java/lang/ClassNotFoundException'{0x0000000084d1e3e0}: sun/misc/SharedSecrets> (0x0000000084d1e3e0) 
thrown [s\src\hotspot\share\classfile\systemDictionary.cpp, line 256]
Event: 4.112 Thread 0x00000147a1e77eb0 Exception <a 'java/lang/ClassNotFoundException'{0x0000000084d1f9b8}: org/gradle/api/internal/plugins/DefaultObjectConfigurationActionBeanInfo> (0x0000000084d1f9b8) 
thrown [s\src\hotspot\share\classfile\systemDictionary.cpp, line 256]
Event: 4.112 Thread 0x00000147a1e77eb0 Exception <a 'java/lang/ClassNotFoundException'{0x0000000084d33bb0}: org/gradle/api/internal/plugins/DefaultObjectConfigurationActionCustomizer> (0x0000000084d33bb0) 
thrown [s\src\hotspot\share\classfile\systemDictionary.cpp, line 256]

VM Operations (20 events):
Event: 3.887 Executing VM operation: G1CollectForAllocation
Event: 3.889 Executing VM operation: G1CollectForAllocation done
Event: 3.900 Executing VM operation: HandshakeAllThreads
Event: 3.901 Executing VM operation: HandshakeAllThreads done
Event: 3.972 Executing VM operation: ICBufferFull
Event: 3.972 Executing VM operation: ICBufferFull done
Event: 3.985 Executing VM operation: G1TryInitiateConcMark
Event: 3.987 Executing VM operation: G1TryInitiateConcMark done
Event: 3.996 Executing VM operation: G1PauseRemark
Event: 3.999 Executing VM operation: G1PauseRemark done
Event: 4.005 Executing VM operation: G1PauseCleanup
Event: 4.005 Executing VM operation: G1PauseCleanup done
Event: 4.178 Executing VM operation: ICBufferFull
Event: 4.178 Executing VM operation: ICBufferFull done
Event: 4.193 Executing VM operation: G1CollectForAllocation
Event: 4.196 Executing VM operation: G1CollectForAllocation done
Event: 4.199 Executing VM operation: G1CollectForAllocation
Event: 4.201 Executing VM operation: G1CollectForAllocation done
Event: 4.210 Executing VM operation: G1TryInitiateConcMark
Event: 4.211 Executing VM operation: G1TryInitiateConcMark done

Events (20 events):
Event: 4.442 loading class java/time/format/DateTimeFormatterBuilder$InstantPrinterParser done
Event: 4.442 loading class java/time/format/DateTimeTextProvider$LocaleStore
Event: 4.442 loading class java/time/format/DateTimeTextProvider$LocaleStore done
Event: 4.442 loading class java/time/format/DateTimeTextProvider
Event: 4.442 loading class java/time/format/DateTimeTextProvider done
Event: 4.442 loading class java/time/format/DateTimeTextProvider$1
Event: 4.442 loading class java/time/format/DateTimeTextProvider$1 done
Event: 4.442 loading class java/time/format/DateTimeFormatterBuilder$1
Event: 4.442 loading class java/time/format/DateTimeFormatterBuilder$1 done
Event: 4.442 loading class java/time/format/DateTimeFormatterBuilder$TextPrinterParser
Event: 4.442 loading class java/time/format/DateTimeFormatterBuilder$TextPrinterParser done
Event: 4.443 loading class java/util/concurrent/Executors$DefaultThreadFactory
Event: 4.443 loading class java/util/concurrent/Executors$DefaultThreadFactory done
Event: 4.466 Thread 0x00000147a63c7520 Thread added: 0x00000147a63c7520
Event: 4.515 loading class java/nio/charset/UnsupportedCharsetException
Event: 4.515 loading class java/nio/charset/UnsupportedCharsetException done
Event: 4.532 loading class java/util/IdentityHashMap$KeyIterator
Event: 4.532 loading class java/util/IdentityHashMap$IdentityHashMapIterator
Event: 4.533 loading class java/util/IdentityHashMap$IdentityHashMapIterator done
Event: 4.533 loading class java/util/IdentityHashMap$KeyIterator done


Dynamic libraries:
0x00007ff621960000 - 0x00007ff62196a000 	C:\Program Files\Android\Android Studio2\jbr\bin\java.exe
0x00007ffa77f70000 - 0x00007ffa78187000 	C:\WINDOWS\SYSTEM32\ntdll.dll
0x00007ffa76640000 - 0x00007ffa76704000 	C:\WINDOWS\System32\KERNEL32.DLL
0x00007ffa752b0000 - 0x00007ffa75667000 	C:\WINDOWS\System32\KERNELBASE.dll
0x00007ffa75b80000 - 0x00007ffa75c91000 	C:\WINDOWS\System32\ucrtbase.dll
0x00007ffa6c360000 - 0x00007ffa6c377000 	C:\Program Files\Android\Android Studio2\jbr\bin\jli.dll
0x00007ffa55660000 - 0x00007ffa5567b000 	C:\Program Files\Android\Android Studio2\jbr\bin\VCRUNTIME140.dll
0x00007ffa76290000 - 0x00007ffa7643f000 	C:\WINDOWS\System32\USER32.dll
0x00007ffa61aa0000 - 0x00007ffa61d33000 	C:\WINDOWS\WinSxS\amd64_microsoft.windows.common-controls_6595b64144ccf1df_6.0.22621.3672_none_2713b9d173822955\COMCTL32.dll
0x00007ffa75a60000 - 0x00007ffa75a86000 	C:\WINDOWS\System32\win32u.dll
0x00007ffa76870000 - 0x00007ffa76917000 	C:\WINDOWS\System32\msvcrt.dll
0x00007ffa77a60000 - 0x00007ffa77a89000 	C:\WINDOWS\System32\GDI32.dll
0x00007ffa75670000 - 0x00007ffa75788000 	C:\WINDOWS\System32\gdi32full.dll
0x00007ffa75790000 - 0x00007ffa7582a000 	C:\WINDOWS\System32\msvcp_win.dll
0x00007ffa76ad0000 - 0x00007ffa76b01000 	C:\WINDOWS\System32\IMM32.DLL
0x00007ffa61470000 - 0x00007ffa6147c000 	C:\Program Files\Android\Android Studio2\jbr\bin\vcruntime140_1.dll
0x00007ffa20c10000 - 0x00007ffa20c9d000 	C:\Program Files\Android\Android Studio2\jbr\bin\msvcp140.dll
0x00007ffa15620000 - 0x00007ffa162a3000 	C:\Program Files\Android\Android Studio2\jbr\bin\server\jvm.dll
0x00007ffa77020000 - 0x00007ffa770d2000 	C:\WINDOWS\System32\ADVAPI32.dll
0x00007ffa77140000 - 0x00007ffa771e8000 	C:\WINDOWS\System32\sechost.dll
0x00007ffa75280000 - 0x00007ffa752a8000 	C:\WINDOWS\System32\bcrypt.dll
0x00007ffa75d50000 - 0x00007ffa75e64000 	C:\WINDOWS\System32\RPCRT4.dll
0x00007ffa6e100000 - 0x00007ffa6e109000 	C:\WINDOWS\SYSTEM32\WSOCK32.dll
0x00007ffa77e90000 - 0x00007ffa77f01000 	C:\WINDOWS\System32\WS2_32.dll
0x00007ffa6eda0000 - 0x00007ffa6edd4000 	C:\WINDOWS\SYSTEM32\WINMM.dll
0x00007ffa740f0000 - 0x00007ffa7413d000 	C:\WINDOWS\SYSTEM32\POWRPROF.dll
0x00007ffa6b8b0000 - 0x00007ffa6b8ba000 	C:\WINDOWS\SYSTEM32\VERSION.dll
0x00007ffa740d0000 - 0x00007ffa740e3000 	C:\WINDOWS\SYSTEM32\UMPDC.dll
0x00007ffa74320000 - 0x00007ffa74338000 	C:\WINDOWS\SYSTEM32\kernel.appcore.dll
0x00007ffa700b0000 - 0x00007ffa700ba000 	C:\Program Files\Android\Android Studio2\jbr\bin\jimage.dll
0x00007ffa72aa0000 - 0x00007ffa72cd2000 	C:\WINDOWS\SYSTEM32\DBGHELP.DLL
0x00007ffa75ef0000 - 0x00007ffa7627e000 	C:\WINDOWS\System32\combase.dll
0x00007ffa76460000 - 0x00007ffa76537000 	C:\WINDOWS\System32\OLEAUT32.dll
0x00007ffa65ec0000 - 0x00007ffa65ef2000 	C:\WINDOWS\SYSTEM32\dbgcore.DLL
0x00007ffa75a90000 - 0x00007ffa75b0b000 	C:\WINDOWS\System32\bcryptPrimitives.dll
0x00007ffa5efd0000 - 0x00007ffa5efde000 	C:\Program Files\Android\Android Studio2\jbr\bin\instrument.dll
0x00007ffa6fca0000 - 0x00007ffa6fcc5000 	C:\Program Files\Android\Android Studio2\jbr\bin\java.dll
0x00007ffa6fc80000 - 0x00007ffa6fc98000 	C:\Program Files\Android\Android Studio2\jbr\bin\zip.dll
0x00007ffa771f0000 - 0x00007ffa77a59000 	C:\WINDOWS\System32\SHELL32.dll
0x00007ffa731b0000 - 0x00007ffa73aaf000 	C:\WINDOWS\SYSTEM32\windows.storage.dll
0x00007ffa73070000 - 0x00007ffa731af000 	C:\WINDOWS\SYSTEM32\wintypes.dll
0x00007ffa76540000 - 0x00007ffa76639000 	C:\WINDOWS\System32\SHCORE.dll
0x00007ffa77e30000 - 0x00007ffa77e8e000 	C:\WINDOWS\System32\shlwapi.dll
0x00007ffa751b0000 - 0x00007ffa751d7000 	C:\WINDOWS\SYSTEM32\profapi.dll
0x00007ffa6eee0000 - 0x00007ffa6eef9000 	C:\Program Files\Android\Android Studio2\jbr\bin\net.dll
0x00007ffa70cb0000 - 0x00007ffa70de6000 	C:\WINDOWS\SYSTEM32\WINHTTP.dll
0x00007ffa747e0000 - 0x00007ffa74849000 	C:\WINDOWS\system32\mswsock.dll
0x00007ffa6ee40000 - 0x00007ffa6ee56000 	C:\Program Files\Android\Android Studio2\jbr\bin\nio.dll
0x00007ffa6c610000 - 0x00007ffa6c620000 	C:\Program Files\Android\Android Studio2\jbr\bin\verify.dll
0x00007ffa2aec0000 - 0x00007ffa2aee7000 	C:\Users\Hashem Arenat\.gradle\native\c067742578af261105cb4f569cf0c3c89f3d7b1fecec35dd04571415982c5e48\windows-amd64\native-platform.dll
0x00007ffa1f7c0000 - 0x00007ffa1f904000 	C:\Users\Hashem Arenat\.gradle\native\38dada09dfb8b06ba9b0570ebf7e218e3eb74d4ef43ca46872605cf95ebc2f47\windows-amd64\native-platform-file-events.dll
0x00007ffa6e820000 - 0x00007ffa6e829000 	C:\Program Files\Android\Android Studio2\jbr\bin\management.dll
0x00007ffa6e5c0000 - 0x00007ffa6e5cb000 	C:\Program Files\Android\Android Studio2\jbr\bin\management_ext.dll
0x00007ffa76280000 - 0x00007ffa76288000 	C:\WINDOWS\System32\PSAPI.DLL
0x00007ffa74b30000 - 0x00007ffa74b4b000 	C:\WINDOWS\SYSTEM32\CRYPTSP.dll
0x00007ffa742e0000 - 0x00007ffa74315000 	C:\WINDOWS\system32\rsaenh.dll
0x00007ffa74880000 - 0x00007ffa748a8000 	C:\WINDOWS\SYSTEM32\USERENV.dll
0x00007ffa74b10000 - 0x00007ffa74b1c000 	C:\WINDOWS\SYSTEM32\CRYPTBASE.dll
0x00007ffa73d80000 - 0x00007ffa73dad000 	C:\WINDOWS\SYSTEM32\IPHLPAPI.DLL
0x00007ffa76440000 - 0x00007ffa76449000 	C:\WINDOWS\System32\NSI.dll
0x00007ffa70890000 - 0x00007ffa708a9000 	C:\WINDOWS\SYSTEM32\dhcpcsvc6.DLL
0x00007ffa70870000 - 0x00007ffa7088f000 	C:\WINDOWS\SYSTEM32\dhcpcsvc.DLL
0x00007ffa73df0000 - 0x00007ffa73ef2000 	C:\WINDOWS\SYSTEM32\DNSAPI.dll
0x00007ffa6fbe0000 - 0x00007ffa6fbe9000 	C:\Program Files\Android\Android Studio2\jbr\bin\extnet.dll
0x00007ffa65ff0000 - 0x00007ffa65ff8000 	C:\WINDOWS\system32\wshunix.dll

dbghelp: loaded successfully - version: 4.0.5 - missing functions: none
symbol engine: initialized successfully - sym options: 0x614 - pdb path: .;C:\Program Files\Android\Android Studio2\jbr\bin;C:\WINDOWS\SYSTEM32;C:\WINDOWS\WinSxS\amd64_microsoft.windows.common-controls_6595b64144ccf1df_6.0.22621.3672_none_2713b9d173822955;C:\Program Files\Android\Android Studio2\jbr\bin\server;C:\Users\Hashem Arenat\.gradle\native\c067742578af261105cb4f569cf0c3c89f3d7b1fecec35dd04571415982c5e48\windows-amd64;C:\Users\Hashem Arenat\.gradle\native\38dada09dfb8b06ba9b0570ebf7e218e3eb74d4ef43ca46872605cf95ebc2f47\windows-amd64

VM Arguments:
jvm_args: --add-opens=java.base/java.util=ALL-UNNAMED --add-opens=java.base/java.lang=ALL-UNNAMED --add-opens=java.base/java.lang.invoke=ALL-UNNAMED --add-opens=java.prefs/java.util.prefs=ALL-UNNAMED --add-opens=java.base/java.nio.charset=ALL-UNNAMED --add-opens=java.base/java.net=ALL-UNNAMED --add-opens=java.base/java.util.concurrent.atomic=ALL-UNNAMED -Xmx2048m -Dfile.encoding=UTF-8 -Duser.country=US -Duser.language=en -Duser.variant -javaagent:C:\Users\Hashem Arenat\.gradle\wrapper\dists\gradle-8.7-bin\bhs2wmbdwecv87pi65oeuq5iu\gradle-8.7\lib\agents\gradle-instrumentation-agent-8.7.jar 
java_command: org.gradle.launcher.daemon.bootstrap.GradleDaemon 8.7
java_class_path (initial): C:\Users\Hashem Arenat\.gradle\wrapper\dists\gradle-8.7-bin\bhs2wmbdwecv87pi65oeuq5iu\gradle-8.7\lib\gradle-launcher-8.7.jar
Launcher Type: SUN_STANDARD

[Global flags]
     intx CICompilerCount                          = 12                                        {product} {ergonomic}
     uint ConcGCThreads                            = 4                                         {product} {ergonomic}
     uint G1ConcRefinementThreads                  = 15                                        {product} {ergonomic}
   size_t G1HeapRegionSize                         = 1048576                                   {product} {ergonomic}
    uintx GCDrainStackTargetSize                   = 64                                        {product} {ergonomic}
   size_t InitialHeapSize                          = 264241152                                 {product} {ergonomic}
   size_t MarkStackSize                            = 4194304                                   {product} {ergonomic}
   size_t MaxHeapSize                              = 2147483648                                {product} {command line}
   size_t MaxNewSize                               = 1287651328                                {product} {ergonomic}
   size_t MinHeapDeltaBytes                        = 1048576                                   {product} {ergonomic}
   size_t MinHeapSize                              = 8388608                                   {product} {ergonomic}
    uintx NonNMethodCodeHeapSize                   = 7602480                                {pd product} {ergonomic}
    uintx NonProfiledCodeHeapSize                  = 122027880                              {pd product} {ergonomic}
    uintx ProfiledCodeHeapSize                     = 122027880                              {pd product} {ergonomic}
    uintx ReservedCodeCacheSize                    = 251658240                              {pd product} {ergonomic}
     bool SegmentedCodeCache                       = true                                      {product} {ergonomic}
   size_t SoftMaxHeapSize                          = 2147483648                             {manageable} {ergonomic}
     bool UseCompressedClassPointers               = true                           {product lp64_product} {ergonomic}
     bool UseCompressedOops                        = true                           {product lp64_product} {ergonomic}
     bool UseG1GC                                  = true                                      {product} {ergonomic}
     bool UseLargePagesIndividualAllocation        = false                                  {pd product} {ergonomic}

Logging:
Log output configuration:
 #0: stdout all=warning uptime,level,tags
 #1: stderr all=off uptime,level,tags

Environment Variables:
JAVA_HOME=C:\Program Files\Java\jdk-21
PATH=D:\DevSuiteHome_1\jdk\jre\bin\classic;D:\DevSuiteHome_1\jdk\jre\bin;D:\DevSuiteHome_1\jdk\jre\bin\client;D:\DevSuiteHome_1\jlib;D:\DevSuiteHome_1\bin;D:\DevSuiteHome_1\jre\1.4.2\bin\client;D:\DevSuiteHome_1\jre\1.4.2\bin;C:\Program Files\Common Files\Oracle\Java\javapath;C:\WINDOWS\system32;C:\WINDOWS;C:\WINDOWS\System32\Wbem;C:\WINDOWS\System32\WindowsPowerShell\v1.0\;C:\WINDOWS\System32\OpenSSH\;C:\MinGW\bin;C:\Program Files\Java\jdk-21\bin;C:\Program Files\nodejs;C:\Program Files\nodejs\node_modules\npm\bin;C:\Program Files\Git\cmd;C:\Program Files\dotnet\;C:\Users\Hashem Arenat\AppData\Local\Microsoft\WindowsApps;C:\AppServ\Apache24\bin;C:\AppServ\php7;C:\AppServ\MySQL\bin;C:\Program Files\Java\jdk-21\bin;C:\scrcpy-win64-v2.2;C:\dart-sdk\bin;C:\Users\Hashem Arenat\AppData\Local\Programs\Microsoft VS Code\bin;C:\flutter\bin;C:\Users\Hashem Arenat\Desktop\cmder\bin;C:\Users\Hashem Arenat\AppData\Roaming\npm;;C:\Program Files\JetBrains\IntelliJ IDEA Community Edition 2024.1.2\bin;;C:\Program Files\JetBrains\IntelliJ IDEA 2024.1.2\bin;
USERNAME=Hashem 1
OS=Windows_NT
PROCESSOR_IDENTIFIER=Intel64 Family 6 Model 154 Stepping 3, GenuineIntel
TMP=C:\Users\HASHEM~1\AppData\Local\Temp
TEMP=C:\Users\HASHEM~1\AppData\Local\Temp



Periodic native trim disabled

JNI global refs:
JNI global refs: 36, weak refs: 0

JNI global refs memory usage: 843, weak refs: 841

OOME stack traces (most recent first):
Classloader memory used:
Loader org.gradle.internal.classloader.VisitableURLClassLoader                         : 3409K
Loader bootstrap                                                                       : 2484K
Loader org.gradle.initialization.MixInLegacyTypesClassLoader                           : 1098K
Loader org.gradle.internal.classloader.VisitableURLClassLoader$InstrumentingVisitableURLClassLoader: 868K
Loader jdk.internal.loader.ClassLoaders$PlatformClassLoader                            : 65882B
Loader jdk.internal.loader.ClassLoaders$AppClassLoader                                 : 28767B
Loader jdk.internal.reflect.DelegatingClassLoader                                      : 21995B
Loader org.gradle.internal.classloader.VisitableURLClassLoader                         : 5467B

Classes loaded by more than one classloader:
Class Program                                                                         : loaded 4 times (x 72B)
Class com.google.common.collect.Iterators$MergingIterator                             : loaded 2 times (x 79B)
Class [Lcom.google.common.collect.AbstractMapEntry;                                   : loaded 2 times (x 67B)
Class com.google.common.collect.SingletonImmutableList                                : loaded 2 times (x 167B)
Class com.google.common.cache.CacheLoader$SupplierToCacheLoader                       : loaded 2 times (x 73B)
Class org.gradle.internal.classpath.ClassPath                                         : loaded 2 times (x 68B)
Class com.google.common.cache.RemovalListener                                         : loaded 2 times (x 68B)
Class org.gradle.api.internal.classpath.DefaultModuleRegistry                         : loaded 2 times (x 84B)
Class Settings_gradle$1$1                                                             : loaded 2 times (x 72B)
Class com.google.common.collect.ListMultimap                                          : loaded 2 times (x 68B)
Class com.google.common.base.CharMatcher$JavaDigit                                    : loaded 2 times (x 109B)
Class com.google.common.base.CharMatcher$Digit                                        : loaded 2 times (x 110B)
Class com.google.common.collect.AbstractMultimap                                      : loaded 2 times (x 121B)
Class com.google.common.cache.CacheBuilder$OneWeigher                                 : loaded 2 times (x 80B)
Class org.gradle.api.Action                                                           : loaded 2 times (x 68B)
Class com.google.common.collect.ImmutableEntry                                        : loaded 2 times (x 80B)
Class com.google.common.collect.Lists$StringAsImmutableList                           : loaded 2 times (x 167B)
Class com.google.common.cache.LocalCache$StrongEntry                                  : loaded 2 times (x 106B)
Class com.google.common.base.CharMatcher                                              : loaded 2 times (x 109B)
Class com.google.common.base.CharMatcher$IsNot                                        : loaded 2 times (x 109B)
Class com.google.common.base.Splitter                                                 : loaded 2 times (x 70B)
Class [Lcom.google.common.cache.Weigher;                                              : loaded 2 times (x 67B)
Class com.google.common.collect.Iterators$ArrayItr                                    : loaded 2 times (x 95B)
Class com.google.common.cache.LocalCache$Segment                                      : loaded 2 times (x 152B)
Class org.gradle.api.internal.DefaultClassPathProvider                                : loaded 2 times (x 74B)
Class org.gradle.internal.installation.GradleInstallation$1                           : loaded 2 times (x 73B)
Class com.google.common.cache.LocalCache$AbstractReferenceEntry                       : loaded 2 times (x 105B)
Class com.google.common.util.concurrent.AbstractFuture$Failure                        : loaded 2 times (x 70B)
Class com.google.common.base.CharMatcher$BitSetMatcher                                : loaded 2 times (x 110B)
Class com.google.common.collect.ImmutableMap$IteratorBasedImmutableMap                : loaded 2 times (x 123B)
Class com.google.common.collect.ImmutableMap                                          : loaded 2 times (x 118B)
Class com.google.common.base.Converter                                                : loaded 2 times (x 88B)
Class com.google.common.collect.ImmutableSet$EmptySetBuilderImpl                      : loaded 2 times (x 74B)
Class com.google.common.base.Equivalence                                              : loaded 2 times (x 80B)
Class com.google.common.cache.LocalCache$EntryFactory$1                               : loaded 2 times (x 81B)
Class com.google.common.cache.LocalCache$EntryFactory$2                               : loaded 2 times (x 81B)
Class com.google.common.cache.LocalCache$EntryFactory$3                               : loaded 2 times (x 81B)
Class com.google.common.cache.LocalCache$EntryFactory$4                               : loaded 2 times (x 81B)
Class com.google.common.cache.LocalCache$EntryFactory$5                               : loaded 2 times (x 81B)
Class com.google.common.cache.LocalCache$EntryFactory$6                               : loaded 2 times (x 81B)
Class com.google.common.cache.LocalCache$EntryFactory$7                               : loaded 2 times (x 81B)
Class com.google.common.cache.LocalCache$EntryFactory$8                               : loaded 2 times (x 81B)
Class com.google.common.base.Predicate                                                : loaded 2 times (x 68B)
Class com.google.common.cache.LocalCache$StrongValueReference                         : loaded 2 times (x 88B)
Class org.gradle.internal.classloader.FilteringClassLoader                            : loaded 2 times (x 103B)
Class com.google.common.collect.RegularImmutableSet                                   : loaded 2 times (x 146B)
Class [Lcom.google.common.cache.LocalCache$Strength;                                  : loaded 2 times (x 67B)
Class org.gradle.internal.classpath.DefaultClassPath$ImmutableUniqueList$Builder      : loaded 2 times (x 73B)
Class com.google.common.collect.Maps$8                                                : loaded 2 times (x 80B)
Class [Lcom.google.common.cache.CacheBuilder$NullListener;                            : loaded 2 times (x 67B)
Class com.google.common.base.PatternCompiler                                          : loaded 2 times (x 68B)
Class com.google.common.base.CharMatcher$InRange                                      : loaded 2 times (x 109B)
Class com.google.common.collect.BiMap                                                 : loaded 2 times (x 68B)
Class com.google.common.collect.Lists                                                 : loaded 2 times (x 69B)
Class com.google.common.math.IntMath$1                                                : loaded 2 times (x 69B)
Class org.gradle.internal.classloader.ClassLoaderVisitor                              : loaded 2 times (x 74B)
Class com.google.common.cache.CacheBuilder$NullListener                               : loaded 2 times (x 80B)
Class com.google.common.math.MathPreconditions                                        : loaded 2 times (x 69B)
Class org.gradle.internal.service.DefaultServiceLocator                               : loaded 2 times (x 81B)
Class org.gradle.internal.service.UnknownServiceException                             : loaded 2 times (x 81B)
Class com.google.common.util.concurrent.AbstractFuture$SynchronizedHelper             : loaded 2 times (x 76B)
Class com.google.common.collect.ArrayListMultimap                                     : loaded 2 times (x 170B)
Class com.google.common.base.Strings                                                  : loaded 2 times (x 69B)
Class com.google.common.cache.CacheLoader$InvalidCacheLoadException                   : loaded 2 times (x 80B)
Class org.gradle.internal.classloader.DefaultClassLoaderFactory                       : loaded 2 times (x 80B)
Class com.google.common.collect.UnmodifiableIterator                                  : loaded 2 times (x 78B)
Class com.google.common.base.Stopwatch                                                : loaded 2 times (x 70B)
Class com.google.common.base.Platform$JdkPatternCompiler                              : loaded 2 times (x 73B)
Class com.google.common.cache.LocalCache$LoadingValueReference                        : loaded 2 times (x 94B)
Class com.google.common.base.CharMatcher$SingleWidth                                  : loaded 2 times (x 110B)
Class com.google.common.collect.Hashing                                               : loaded 2 times (x 69B)
Class com.google.common.base.JdkPattern                                               : loaded 2 times (x 73B)
Class com.google.common.collect.Multimap                                              : loaded 2 times (x 68B)
Class com.google.common.base.FunctionalEquivalence                                    : loaded 2 times (x 81B)
Class com.google.common.cache.LocalCache$1                                            : loaded 2 times (x 87B)
Class com.google.common.cache.LocalCache$2                                            : loaded 2 times (x 140B)
Class com.google.common.collect.RegularImmutableBiMap                                 : loaded 2 times (x 146B)
Class org.gradle.internal.classloader.VisitableURLClassLoader$Spec                    : loaded 2 times (x 72B)
Class org.gradle.api.GradleException                                                  : loaded 2 times (x 80B)
Class com.google.common.base.CharMatcher$JavaLetterOrDigit                            : loaded 2 times (x 109B)
Class org.gradle.api.internal.classpath.ModuleRegistry                                : loaded 2 times (x 68B)
Class com.google.common.cache.CacheBuilder                                            : loaded 2 times (x 70B)
Class com.google.common.collect.ImmutableCollection                                   : loaded 2 times (x 123B)
Class com.google.common.base.PairwiseEquivalence                                      : loaded 2 times (x 81B)
Class com.google.common.base.Ticker                                                   : loaded 2 times (x 70B)
Class org.gradle.api.internal.ClassPathProvider                                       : loaded 2 times (x 68B)
Class com.google.common.collect.RegularImmutableMap$Values                            : loaded 2 times (x 167B)
Class org.gradle.internal.classloader.ClasspathUtil$1                                 : loaded 2 times (x 74B)
Class com.google.common.collect.ImmutableEnumMap                                      : loaded 2 times (x 123B)
Class com.google.common.collect.ImmutableList$ReverseImmutableList                    : loaded 2 times (x 168B)
Class com.google.common.cache.AbstractCache$StatsCounter                              : loaded 2 times (x 68B)
Class com.google.common.cache.LocalCache$Strength$1                                   : loaded 2 times (x 79B)
Class com.google.common.cache.LocalCache$Strength$2                                   : loaded 2 times (x 79B)
Class com.google.common.cache.LocalCache$Strength$3                                   : loaded 2 times (x 79B)
Class org.gradle.internal.classloader.ClassLoaderFactory                              : loaded 2 times (x 68B)
Class com.google.common.collect.ObjectArrays                                          : loaded 2 times (x 69B)
Class com.google.common.util.concurrent.AbstractFuture$Waiter                         : loaded 2 times (x 70B)
Class com.google.common.util.concurrent.Uninterruptibles                              : loaded 2 times (x 69B)
Class com.google.common.collect.Iterators$10                                          : loaded 2 times (x 79B)
Class com.google.common.collect.ImmutableList                                         : loaded 2 times (x 166B)
Class org.gradle.api.internal.classpath.ManifestUtil                                  : loaded 2 times (x 69B)
Class org.gradle.api.specs.Spec                                                       : loaded 2 times (x 68B)
Class com.google.common.cache.CacheLoader$UnsupportedLoadingOperationException        : loaded 2 times (x 80B)
Class com.google.common.base.CharMatcher$Whitespace                                   : loaded 2 times (x 110B)
Class com.google.common.util.concurrent.ListenableFuture                              : loaded 2 times (x 68B)
Class com.google.common.collect.Iterators$1                                           : loaded 2 times (x 79B)
Class com.google.common.collect.Iterators$4                                           : loaded 2 times (x 80B)
Class com.google.common.collect.RegularImmutableMap$BucketOverflowException           : loaded 2 times (x 80B)
Class com.google.common.collect.Iterators$5                                           : loaded 2 times (x 80B)
Class com.google.common.util.concurrent.AbstractFuture$UnsafeAtomicHelper             : loaded 2 times (x 76B)
Class com.google.common.base.Equivalence$Equals                                       : loaded 2 times (x 80B)
Class com.google.common.base.Preconditions                                            : loaded 2 times (x 69B)
Class com.google.common.base.Function                                                 : loaded 2 times (x 68B)
Class com.google.common.collect.Iterators$9                                           : loaded 2 times (x 79B)
Class org.gradle.internal.IoActions                                                   : loaded 2 times (x 69B)
Class com.google.common.cache.ReferenceEntry                                          : loaded 2 times (x 68B)
Class com.google.common.collect.RegularImmutableMap$KeySet                            : loaded 2 times (x 148B)
Class com.google.common.collect.CollectPreconditions                                  : loaded 2 times (x 69B)
Class com.google.common.collect.Maps                                                  : loaded 2 times (x 69B)
Class com.google.common.collect.RegularImmutableMap                                   : loaded 2 times (x 119B)
Class com.google.common.collect.AbstractIndexedListIterator                           : loaded 2 times (x 94B)
Class com.google.common.base.CharMatcher$None                                         : loaded 2 times (x 110B)
Class org.gradle.api.internal.classpath.EffectiveClassPath                            : loaded 2 times (x 88B)
Class com.google.common.collect.UnmodifiableListIterator                              : loaded 2 times (x 93B)
Class com.google.common.cache.CacheLoader$FunctionToCacheLoader                       : loaded 2 times (x 73B)
Class com.google.common.cache.CacheBuilder$1                                          : loaded 2 times (x 83B)
Class com.google.common.cache.CacheBuilder$2                                          : loaded 2 times (x 70B)
Class com.google.common.collect.ImmutableList$1                                       : loaded 2 times (x 95B)
Class com.google.common.base.Splitter$Strategy                                        : loaded 2 times (x 68B)
Class com.google.common.collect.ImmutableMapEntrySet$RegularEntrySet                  : loaded 2 times (x 149B)
Class [Lcom.google.common.cache.RemovalListener;                                      : loaded 2 times (x 67B)
Class [Lcom.google.common.collect.ImmutableMapEntry;                                  : loaded 2 times (x 67B)
Class org.gradle.internal.installation.CurrentGradleInstallation                      : loaded 2 times (x 71B)
Class org.gradle.internal.agents.InstrumentingClassLoader                             : loaded 2 times (x 68B)
Class org.gradle.internal.installation.CurrentGradleInstallationLocator               : loaded 2 times (x 69B)
Class [Lcom.google.common.cache.LocalCache$Segment;                                   : loaded 2 times (x 67B)
Class org.gradle.api.internal.classpath.Module                                        : loaded 2 times (x 68B)
Class com.google.common.base.Splitter$1$1                                             : loaded 2 times (x 84B)
Class com.google.common.collect.ImmutableSet$JdkBackedSetBuilderImpl                  : loaded 2 times (x 74B)
Class com.google.common.collect.ImmutableSet$RegularSetBuilderImpl                    : loaded 2 times (x 75B)
Class org.gradle.internal.service.CachingServiceLocator                               : loaded 2 times (x 80B)
Class [Lcom.google.common.collect.ImmutableEntry;                                     : loaded 2 times (x 67B)
Class org.gradle.internal.classpath.DefaultClassPath                                  : loaded 2 times (x 88B)
Class com.google.common.util.concurrent.AbstractFuture$SetFuture                      : loaded 2 times (x 73B)
Class com.google.common.base.Splitter$SplittingIterator                               : loaded 2 times (x 82B)
Class com.google.common.cache.LocalCache$LocalManualCache$1                           : loaded 2 times (x 73B)
Class [Lcom.google.common.cache.LocalCache$EntryFactory;                              : loaded 2 times (x 67B)
Class com.google.common.base.CharMatcher$Is                                           : loaded 2 times (x 109B)
Class com.google.common.base.Platform                                                 : loaded 2 times (x 69B)
Class com.google.common.collect.RegularImmutableAsList                                : loaded 2 times (x 176B)
Class com.google.common.collect.PeekingIterator                                       : loaded 2 times (x 68B)
Class com.google.common.collect.ImmutableMapEntrySet                                  : loaded 2 times (x 149B)
Class com.google.common.cache.CacheLoader                                             : loaded 2 times (x 72B)
Class com.google.common.collect.ImmutableBiMapFauxverideShim                          : loaded 2 times (x 118B)
Class com.google.common.cache.Cache                                                   : loaded 2 times (x 68B)
Class org.gradle.internal.classloader.SystemClassLoaderSpec                           : loaded 2 times (x 69B)
Class com.google.common.util.concurrent.internal.InternalFutureFailureAccess          : loaded 2 times (x 70B)
Class com.google.common.collect.SingletonImmutableSet                                 : loaded 2 times (x 144B)
Class [Lcom.google.common.base.AbstractIterator$State;                                : loaded 2 times (x 67B)
Class com.google.common.collect.ImmutableMap$Builder                                  : loaded 2 times (x 80B)
Class com.google.common.base.AbstractIterator                                         : loaded 2 times (x 78B)
Class com.google.common.base.AbstractIterator$1                                       : loaded 2 times (x 69B)
Class [Lcom.google.common.cache.CacheBuilder$OneWeigher;                              : loaded 2 times (x 67B)
Class com.google.common.collect.Iterators                                             : loaded 2 times (x 69B)
Class com.google.common.base.CharMatcher$1                                            : loaded 2 times (x 111B)
Class com.google.common.base.CharMatcher$Ascii                                        : loaded 2 times (x 110B)
Class com.google.common.cache.LocalCache$ComputingValueReference                      : loaded 2 times (x 94B)
Class org.gradle.api.UncheckedIOException                                             : loaded 2 times (x 80B)
Class com.google.common.base.CharMatcher$And                                          : loaded 2 times (x 110B)
Class com.google.common.collect.IndexedImmutableSet                                   : loaded 2 times (x 148B)
Class com.google.common.collect.IndexedImmutableSet$1                                 : loaded 2 times (x 172B)
Class com.google.common.collect.AbstractListMultimap                                  : loaded 2 times (x 170B)
Class com.google.common.base.CharMatcher$Any                                          : loaded 2 times (x 110B)
Class org.gradle.internal.installation.GradleInstallation                             : loaded 2 times (x 73B)
Class com.google.common.cache.LocalCache$Strength                                     : loaded 2 times (x 79B)
Class com.google.common.collect.ArrayListMultimapGwtSerializationDependencies         : loaded 2 times (x 170B)
Class com.google.common.base.CharMatcher$RangesMatcher                                : loaded 2 times (x 110B)
Class com.google.common.collect.ImmutableList$SubList                                 : loaded 2 times (x 168B)
Class com.google.common.cache.LocalCache$ValueReference                               : loaded 2 times (x 68B)
Class org.gradle.internal.classloader.ClasspathUtil                                   : loaded 2 times (x 69B)
Class com.google.common.util.concurrent.AbstractFuture                                : loaded 2 times (x 93B)
Class com.google.common.base.Splitter$1                                               : loaded 2 times (x 75B)
Class com.google.common.base.Ticker$1                                                 : loaded 2 times (x 70B)
Class com.google.common.collect.Maps$BiMapConverter                                   : loaded 2 times (x 88B)
Class org.gradle.api.internal.DefaultClassPathRegistry                                : loaded 2 times (x 74B)
Class com.google.common.util.concurrent.AbstractFuture$Cancellation                   : loaded 2 times (x 70B)
Class com.google.common.collect.ImmutableSet$SetBuilderImpl                           : loaded 2 times (x 74B)
Class org.gradle.api.internal.classpath.DefaultModuleRegistry$DefaultModule           : loaded 2 times (x 84B)
Class com.google.common.base.CharMatcher$JavaIsoControl                               : loaded 2 times (x 110B)
Class com.google.common.collect.ImmutableMap$1                                        : loaded 2 times (x 79B)
Class com.google.common.base.CharMatcher$Or                                           : loaded 2 times (x 110B)
Class com.google.common.base.Suppliers$SupplierOfInstance                             : loaded 2 times (x 77B)
Class com.google.common.collect.Iterables                                             : loaded 2 times (x 69B)
Class com.google.common.base.CharMatcher$JavaLowerCase                                : loaded 2 times (x 109B)
Class org.gradle.api.internal.classpath.UnknownModuleException                        : loaded 2 times (x 80B)
Class com.google.common.util.concurrent.AbstractFuture$Listener                       : loaded 2 times (x 70B)
Class com.google.common.collect.Maps$EntryTransformer                                 : loaded 2 times (x 68B)
Class com.google.common.collect.ImmutableCollection$Builder                           : loaded 2 times (x 74B)
Class com.google.common.collect.SingletonImmutableBiMap                               : loaded 2 times (x 141B)
Class com.google.common.base.CommonPattern                                            : loaded 2 times (x 72B)
Class com.google.common.base.Suppliers                                                : loaded 2 times (x 69B)
Class com.google.common.cache.LoadingCache                                            : loaded 2 times (x 68B)
Class org.gradle.internal.service.ServiceLookupException                              : loaded 2 times (x 80B)
Class org.gradle.cache.GlobalCache                                                    : loaded 2 times (x 68B)
Class com.google.common.base.CharMatcher$NegatedFastMatcher                           : loaded 2 times (x 111B)
Class [Lorg.gradle.api.internal.ClassPathProvider;                                    : loaded 2 times (x 67B)
Class com.google.common.util.concurrent.AbstractFuture$SafeAtomicHelper               : loaded 2 times (x 77B)
Class org.gradle.util.internal.GUtil                                                  : loaded 2 times (x 69B)
Class com.google.common.math.IntMath                                                  : loaded 2 times (x 69B)
Class com.google.common.collect.AbstractIterator                                      : loaded 2 times (x 80B)
Class org.gradle.internal.classloader.ClassLoaderSpec                                 : loaded 2 times (x 69B)
Class com.google.common.base.NullnessCasts                                            : loaded 2 times (x 69B)
Class com.google.common.cache.LocalCache$LocalManualCache                             : loaded 2 times (x 97B)
Class com.google.common.collect.AbstractMapEntry                                      : loaded 2 times (x 79B)
Class com.google.common.base.CharMatcher$Negated                                      : loaded 2 times (x 111B)
Class com.google.common.cache.CacheLoader$1                                           : loaded 2 times (x 73B)
Class com.google.common.util.concurrent.AbstractFuture$TrustedFuture                  : loaded 2 times (x 95B)
Class com.google.common.collect.ImmutableSet$Builder                                  : loaded 2 times (x 83B)
Class com.google.common.base.CharMatcher$ForPredicate                                 : loaded 2 times (x 110B)
Class com.google.common.collect.ImmutableMap$MapViewOfValuesAsSingletonSets           : loaded 2 times (x 123B)
Class com.google.common.base.MoreObjects                                              : loaded 2 times (x 69B)
Class com.google.common.collect.SortedMapDifference                                   : loaded 2 times (x 68B)
Class com.google.common.cache.CacheStats                                              : loaded 2 times (x 69B)
Class org.gradle.internal.classloader.VisitableURLClassLoader                         : loaded 2 times (x 115B)
Class com.google.common.cache.LocalCache$LocalLoadingCache                            : loaded 2 times (x 132B)
Class com.google.common.base.Supplier                                                 : loaded 2 times (x 68B)
Class com.google.common.util.concurrent.AbstractFuture$AtomicHelper                   : loaded 2 times (x 76B)
Class com.google.common.collect.ImmutableBiMap                                        : loaded 2 times (x 141B)
Class org.gradle.internal.Cast                                                        : loaded 2 times (x 69B)
Class org.gradle.api.internal.ClassPathRegistry                                       : loaded 2 times (x 68B)
Class com.google.common.cache.LocalCache$EntryFactory                                 : loaded 2 times (x 81B)
Class com.google.common.util.concurrent.UncheckedExecutionException                   : loaded 2 times (x 80B)
Class com.google.common.collect.ImmutableSet                                          : loaded 2 times (x 143B)
Class org.gradle.internal.classloader.VisitableURLClassLoader$InstrumentingVisitableURLClassLoader: loaded 2 times (x 121B)
Class org.gradle.internal.classloader.ClassLoaderHierarchy                            : loaded 2 times (x 68B)
Class com.google.common.base.AbstractIterator$State                                   : loaded 2 times (x 77B)
Class com.google.common.cache.Weigher                                                 : loaded 2 times (x 68B)
Class com.google.common.base.CharMatcher$NamedFastMatcher                             : loaded 2 times (x 110B)
Class org.gradle.internal.InternalTransformer                                         : loaded 2 times (x 68B)
Class org.gradle.internal.service.ServiceLocator                                      : loaded 2 times (x 68B)
Class Settings_gradle$1                                                               : loaded 2 times (x 72B)
Class com.google.common.util.concurrent.SettableFuture                                : loaded 2 times (x 95B)
Class com.google.common.collect.ImmutableMapEntry                                     : loaded 2 times (x 83B)
Class com.google.common.base.CharMatcher$Invisible                                    : loaded 2 times (x 110B)
Class com.google.common.base.CharMatcher$FastMatcher                                  : loaded 2 times (x 109B)
Class org.gradle.internal.classpath.DefaultClassPath$ImmutableUniqueList              : loaded 2 times (x 159B)
Class com.google.common.base.CharMatcher$JavaLetter                                   : loaded 2 times (x 109B)
Class org.gradle.internal.classpath.TransformedClassPath                              : loaded 2 times (x 94B)
Class com.google.common.collect.MapDifference                                         : loaded 2 times (x 68B)
Class com.google.common.util.concurrent.AbstractFuture$Trusted                        : loaded 2 times (x 68B)
Class Settings_gradle                                                                 : loaded 2 times (x 126B)
Class com.google.common.collect.Platform                                              : loaded 2 times (x 69B)
Class com.google.common.collect.ImmutableAsList                                       : loaded 2 times (x 169B)
Class com.google.common.util.concurrent.ExecutionError                                : loaded 2 times (x 80B)
Class com.google.common.base.Equivalence$Identity                                     : loaded 2 times (x 80B)
Class com.google.common.base.CharMatcher$AnyOf                                        : loaded 2 times (x 110B)
Class com.google.common.base.CharMatcher$IsEither                                     : loaded 2 times (x 109B)
Class com.google.common.cache.LocalCache                                              : loaded 2 times (x 185B)
Class com.google.common.collect.RegularImmutableList                                  : loaded 2 times (x 172B)
Class com.google.common.util.concurrent.AbstractFuture$UnsafeAtomicHelper$1           : loaded 2 times (x 74B)
Class com.google.common.base.CharMatcher$JavaUpperCase                                : loaded 2 times (x 109B)
Class com.google.common.collect.Multiset                                              : loaded 2 times (x 68B)
Class com.google.common.collect.ImmutableSet$CachingAsList                            : loaded 2 times (x 145B)
Class com.google.common.collect.ImmutableMapEntry$NonTerminalImmutableMapEntry        : loaded 2 times (x 83B)
Class com.google.common.collect.AbstractMapBasedMultimap                              : loaded 2 times (x 137B)


---------------  S Y S T E M  ---------------

OS:
 Windows 11 , 64 bit Build 22621 (10.0.22621.3958)
OS uptime: 4 days 13:26 hours
Hyper-V role detected

CPU: total 20 (initial active 20) (10 cores per cpu, 2 threads per core) family 6 model 154 stepping 3 microcode 0x429, cx8, cmov, fxsr, ht, mmx, 3dnowpref, sse, sse2, sse3, ssse3, sse4.1, sse4.2, popcnt, lzcnt, tsc, tscinvbit, avx, avx2, aes, erms, clmul, bmi1, bmi2, adx, sha, fma, vzeroupper, clflush, clflushopt, clwb, hv
Processor Information for all 20 processors :
  Max Mhz: 2300, Current Mhz: 2300, Mhz Limit: 2300

Memory: 4k page, system-wide physical 16004M (5468M free)
TotalPageFile size 18052M (AvailPageFile size 5M)
current process WorkingSet (physical memory assigned to process): 369M, peak: 369M
current process commit charge ("private bytes"): 442M, peak: 444M

vm_info: OpenJDK 64-Bit Server VM (17.0.10+0--11609105) for windows-amd64 JRE (17.0.10+0--11609105), built on Mar 21 2024 19:10:56 by "androidbuild" with MS VC++ 16.10 / 16.11 (VS2019)

END.
