#
# There is insufficient memory for the Java Runtime Environment to continue.
# Native memory allocation (mmap) failed to map 55574528 bytes for G1 virtual space
# Possible reasons:
#   The system is out of physical RAM or swap space
#   The process is running with CompressedOops enabled, and the Java Heap may be blocking the growth of the native heap
# Possible solutions:
#   Reduce memory load on the system
#   Increase physical memory or swap space
#   Check if swap backing store is full
#   Decrease Java heap size (-Xmx/-Xms)
#   Decrease number of Java threads
#   Decrease Java thread stack sizes (-Xss)
#   Set larger code cache with -XX:ReservedCodeCacheSize=
#   JVM is running with Unscaled Compressed Oops mode in which the Java heap is
#     placed in the first 4GB address space. The Java Heap base address is the
#     maximum limit for the native heap growth. Please use -XX:HeapBaseMinAddress
#     to set the Java Heap base and to place the Java Heap above 4GB virtual address.
# This output file may be truncated or incomplete.
#
#  Out of Memory Error (os_windows.cpp:3825), pid=25192, tid=13096
#
# JRE version: OpenJDK Runtime Environment (17.0.10) (build 17.0.10+0--11609105)
# Java VM: OpenJDK 64-Bit Server VM (17.0.10+0--11609105, mixed mode, tiered, compressed oops, compressed class ptrs, g1 gc, windows-amd64)
# No core dump will be written. Minidumps are not enabled by default on client versions of Windows
#

---------------  S U M M A R Y ------------

Command Line: --add-opens=java.base/java.util=ALL-UNNAMED --add-opens=java.base/java.lang=ALL-UNNAMED --add-opens=java.base/java.lang.invoke=ALL-UNNAMED --add-opens=java.prefs/java.util.prefs=ALL-UNNAMED --add-opens=java.base/java.nio.charset=ALL-UNNAMED --add-opens=java.base/java.net=ALL-UNNAMED --add-opens=java.base/java.util.concurrent.atomic=ALL-UNNAMED -Xmx2048m -Dfile.encoding=UTF-8 -Duser.country=US -Duser.language=en -Duser.variant -javaagent:C:\Users\Hashem Arenat\.gradle\wrapper\dists\gradle-8.7-bin\bhs2wmbdwecv87pi65oeuq5iu\gradle-8.7\lib\agents\gradle-instrumentation-agent-8.7.jar org.gradle.launcher.daemon.bootstrap.GradleDaemon 8.7

Host: 12th Gen Intel(R) Core(TM) i7-12700H, 20 cores, 15G,  Windows 11 , 64 bit Build 22621 (10.0.22621.3958)
Time: Fri Nov  8 20:26:18 2024 Jerusalem Standard Time elapsed time: 4.846548 seconds (0d 0h 0m 4s)

---------------  T H R E A D  ---------------

Current thread (0x00000211b2f0eb90):  VMThread "VM Thread" [stack: 0x000000a883900000,0x000000a883a00000] [id=13096]

Stack: [0x000000a883900000,0x000000a883a00000]
Native frames: (J=compiled Java code, j=interpreted, Vv=VM code, C=native code)
V  [jvm.dll+0x688de9]
V  [jvm.dll+0x8423da]
V  [jvm.dll+0x84401e]
V  [jvm.dll+0x844683]
V  [jvm.dll+0x24be0f]
V  [jvm.dll+0x685bb9]
V  [jvm.dll+0x67a46a]
V  [jvm.dll+0x30cbab]
V  [jvm.dll+0x314056]
V  [jvm.dll+0x363dce]
V  [jvm.dll+0x363fff]
V  [jvm.dll+0x2e2978]
V  [jvm.dll+0x2e0b54]
V  [jvm.dll+0x2e015c]
V  [jvm.dll+0x32502b]
V  [jvm.dll+0x848d7b]
V  [jvm.dll+0x849ac1]
V  [jvm.dll+0x849fdd]
V  [jvm.dll+0x84a3b4]
V  [jvm.dll+0x84a480]
V  [jvm.dll+0x7f0c7a]
V  [jvm.dll+0x687c65]
C  [ucrtbase.dll+0x29333]
C  [KERNEL32.DLL+0x1257d]
C  [ntdll.dll+0x5af08]

VM_Operation (0x000000a8859f3540): G1CollectForAllocation, mode: safepoint, requested by thread 0x00000211b90772d0


---------------  P R O C E S S  ---------------

Threads class SMR info:
_java_thread_list=0x00000211bcd39f00, length=114, elements={
0x000002119808bcb0, 0x00000211b2f9c390, 0x00000211b2f9d620, 0x00000211b3000d30,
0x00000211b30019c0, 0x00000211b30053b0, 0x00000211b3005d70, 0x00000211b300ea70,
0x00000211b3012a20, 0x00000211b3013420, 0x00000211b317b230, 0x00000211b315a420,
0x00000211b3263280, 0x00000211b3560040, 0x00000211b3687170, 0x00000211b3687690,
0x00000211b3b2ffc0, 0x00000211b84ac510, 0x00000211b3d07b30, 0x00000211ba02bab0,
0x00000211b932e6e0, 0x00000211b9b6d040, 0x00000211b3b76ff0, 0x00000211b913e300,
0x00000211b93630e0, 0x00000211b90772d0, 0x00000211b94b6cd0, 0x00000211b94b71e0,
0x00000211b94b8b30, 0x00000211b94b7c00, 0x00000211b94b8110, 0x00000211b94b9550,
0x00000211b94b9040, 0x00000211b94b9a60, 0x00000211b94b8620, 0x00000211b94b9f70,
0x00000211b94b67c0, 0x00000211ba9e5270, 0x00000211ba9e6bc0, 0x00000211ba9e5c90,
0x00000211ba9e66b0, 0x00000211ba9e7af0, 0x00000211ba9e5780, 0x00000211ba9e8a20,
0x00000211ba9e75e0, 0x00000211ba9e8000, 0x00000211ba9ea370, 0x00000211ba9e8510,
0x00000211ba9ec1d0, 0x00000211ba9e61a0, 0x00000211ba9ecbf0, 0x00000211ba9e70d0,
0x00000211ba9ebcc0, 0x00000211ba9e8f30, 0x00000211ba9ea880, 0x00000211ba9e9440,
0x00000211ba9ec6e0, 0x00000211ba9e9950, 0x00000211ba9e9e60, 0x00000211bcae91f0,
0x00000211bcae9700, 0x00000211bcae9c10, 0x00000211bcaea120, 0x00000211bcaea630,
0x00000211bcaeab40, 0x00000211bcaeb050, 0x00000211bcae78a0, 0x00000211bcae7db0,
0x00000211bcae82c0, 0x00000211bcae8ce0, 0x00000211bcae87d0, 0x00000211bda25f90,
0x00000211bda278e0, 0x00000211bda27df0, 0x00000211bda2b090, 0x00000211bda26ec0,
0x00000211bda264a0, 0x00000211bda2b5a0, 0x00000211bda29c50, 0x00000211bda269b0,
0x00000211bda25060, 0x00000211bda28810, 0x00000211bda28d20, 0x00000211bda29230,
0x00000211bda273d0, 0x00000211bda28300, 0x00000211bda2c4d0, 0x00000211bda2a160,
0x00000211bda29740, 0x00000211bda2a670, 0x00000211bda2c9e0, 0x00000211bda2ab80,
0x00000211bda2bfc0, 0x00000211bda2bab0, 0x00000211bda25570, 0x00000211bda25a80,
0x00000211bcf88b40, 0x00000211bcf871f0, 0x00000211bcf83530, 0x00000211bcf87700,
0x00000211bcf87c10, 0x00000211bcf8a490, 0x00000211bcf88630, 0x00000211bcf89f80,
0x00000211bcf89050, 0x00000211bcf89560, 0x00000211bcf83a40, 0x00000211bcf88120,
0x00000211bcf89a70, 0x00000211bcf84460, 0x00000211bcf867d0, 0x00000211bcf83020,
0x00000211bcf84e80, 0x00000211bcf8a9a0
}

Java Threads: ( => current thread )
  0x000002119808bcb0 JavaThread "main" [_thread_blocked, id=4788, stack(0x000000a883300000,0x000000a883400000)]
  0x00000211b2f9c390 JavaThread "Reference Handler" daemon [_thread_blocked, id=12532, stack(0x000000a883a00000,0x000000a883b00000)]
  0x00000211b2f9d620 JavaThread "Finalizer" daemon [_thread_blocked, id=28408, stack(0x000000a883b00000,0x000000a883c00000)]
  0x00000211b3000d30 JavaThread "Signal Dispatcher" daemon [_thread_blocked, id=22952, stack(0x000000a883c00000,0x000000a883d00000)]
  0x00000211b30019c0 JavaThread "Attach Listener" daemon [_thread_blocked, id=18316, stack(0x000000a883d00000,0x000000a883e00000)]
  0x00000211b30053b0 JavaThread "Service Thread" daemon [_thread_blocked, id=29612, stack(0x000000a883e00000,0x000000a883f00000)]
  0x00000211b3005d70 JavaThread "Monitor Deflation Thread" daemon [_thread_blocked, id=12428, stack(0x000000a883f00000,0x000000a884000000)]
  0x00000211b300ea70 JavaThread "C2 CompilerThread0" daemon [_thread_blocked, id=18140, stack(0x000000a884000000,0x000000a884100000)]
  0x00000211b3012a20 JavaThread "C1 CompilerThread0" daemon [_thread_blocked, id=20592, stack(0x000000a884100000,0x000000a884200000)]
  0x00000211b3013420 JavaThread "Sweeper thread" daemon [_thread_blocked, id=19664, stack(0x000000a884200000,0x000000a884300000)]
  0x00000211b317b230 JavaThread "Common-Cleaner" daemon [_thread_blocked, id=25076, stack(0x000000a884300000,0x000000a884400000)]
  0x00000211b315a420 JavaThread "C1 CompilerThread1" daemon [_thread_blocked, id=18060, stack(0x000000a884400000,0x000000a884500000)]
  0x00000211b3263280 JavaThread "Notification Thread" daemon [_thread_blocked, id=28736, stack(0x000000a884500000,0x000000a884600000)]
  0x00000211b3560040 JavaThread "C2 CompilerThread1" daemon [_thread_blocked, id=19200, stack(0x000000a884700000,0x000000a884800000)]
  0x00000211b3687170 JavaThread "C2 CompilerThread2" daemon [_thread_blocked, id=29604, stack(0x000000a884800000,0x000000a884900000)]
  0x00000211b3687690 JavaThread "C2 CompilerThread3" daemon [_thread_blocked, id=29188, stack(0x000000a884900000,0x000000a884a00000)]
  0x00000211b3b2ffc0 JavaThread "C2 CompilerThread4" daemon [_thread_blocked, id=10292, stack(0x000000a884a00000,0x000000a884b00000)]
  0x00000211b84ac510 JavaThread "C1 CompilerThread2" daemon [_thread_blocked, id=21884, stack(0x000000a884c00000,0x000000a884d00000)]
  0x00000211b3d07b30 JavaThread "C1 CompilerThread3" daemon [_thread_blocked, id=13332, stack(0x000000a885200000,0x000000a885300000)]
  0x00000211ba02bab0 JavaThread "Daemon health stats" [_thread_blocked, id=18336, stack(0x000000a885300000,0x000000a885400000)]
  0x00000211b932e6e0 JavaThread "Incoming local TCP Connector on port 63382" [_thread_in_native, id=24512, stack(0x000000a885400000,0x000000a885500000)]
  0x00000211b9b6d040 JavaThread "Daemon periodic checks" [_thread_blocked, id=14120, stack(0x000000a885500000,0x000000a885600000)]
  0x00000211b3b76ff0 JavaThread "Daemon" [_thread_blocked, id=29204, stack(0x000000a885600000,0x000000a885700000)]
  0x00000211b913e300 JavaThread "Handler for socket connection from /127.0.0.1:63382 to /127.0.0.1:63383" [_thread_in_native, id=21204, stack(0x000000a885700000,0x000000a885800000)]
  0x00000211b93630e0 JavaThread "Cancel handler" [_thread_blocked, id=25952, stack(0x000000a885800000,0x000000a885900000)]
  0x00000211b90772d0 JavaThread "Daemon worker" [_thread_blocked, id=26116, stack(0x000000a885900000,0x000000a885a00000)]
  0x00000211b94b6cd0 JavaThread "Asynchronous log dispatcher for DefaultDaemonConnection: socket connection from /127.0.0.1:63382 to /127.0.0.1:63383" [_thread_blocked, id=22260, stack(0x000000a885a00000,0x000000a885b00000)]
  0x00000211b94b71e0 JavaThread "Stdin handler" [_thread_blocked, id=27088, stack(0x000000a885b00000,0x000000a885c00000)]
  0x00000211b94b8b30 JavaThread "Daemon client event forwarder" [_thread_blocked, id=28636, stack(0x000000a885c00000,0x000000a885d00000)]
  0x00000211b94b7c00 JavaThread "Cache worker for journal cache (C:\Users\Hashem Arenat\.gradle\caches\journal-1)" [_thread_blocked, id=12116, stack(0x000000a886900000,0x000000a886a00000)]
  0x00000211b94b8110 JavaThread "File lock request listener" [_thread_in_native, id=28916, stack(0x000000a886a00000,0x000000a886b00000)]
  0x00000211b94b9550 JavaThread "Cache worker for file hash cache (C:\Users\Hashem Arenat\.gradle\caches\8.7\fileHashes)" [_thread_blocked, id=14164, stack(0x000000a886b00000,0x000000a886c00000)]
  0x00000211b94b9040 JavaThread "Cache worker for file hash cache (C:\Users\Hashem Arenat\AndroidStudioProjects\ECommerce\.gradle\8.7\fileHashes)" [_thread_blocked, id=15984, stack(0x000000a886c00000,0x000000a886d00000)]
  0x00000211b94b9a60 JavaThread "File watcher server" daemon [_thread_in_native, id=29256, stack(0x000000a886d00000,0x000000a886e00000)]
  0x00000211b94b8620 JavaThread "File watcher consumer" daemon [_thread_blocked, id=20252, stack(0x000000a886e00000,0x000000a886f00000)]
  0x00000211b94b9f70 JavaThread "jar transforms" [_thread_blocked, id=21068, stack(0x000000a886f00000,0x000000a887000000)]
  0x00000211b94b67c0 JavaThread "jar transforms Thread 2" [_thread_blocked, id=10652, stack(0x000000a887000000,0x000000a887100000)]
  0x00000211ba9e5270 JavaThread "jar transforms Thread 3" [_thread_blocked, id=25496, stack(0x000000a887100000,0x000000a887200000)]
  0x00000211ba9e6bc0 JavaThread "jar transforms Thread 4" [_thread_blocked, id=22400, stack(0x000000a887200000,0x000000a887300000)]
  0x00000211ba9e5c90 JavaThread "jar transforms Thread 5" [_thread_blocked, id=16788, stack(0x000000a887300000,0x000000a887400000)]
  0x00000211ba9e66b0 JavaThread "jar transforms Thread 6" [_thread_blocked, id=18876, stack(0x000000a887400000,0x000000a887500000)]
  0x00000211ba9e7af0 JavaThread "jar transforms Thread 7" [_thread_blocked, id=24792, stack(0x000000a887500000,0x000000a887600000)]
  0x00000211ba9e5780 JavaThread "jar transforms Thread 8" [_thread_blocked, id=28712, stack(0x000000a887600000,0x000000a887700000)]
  0x00000211ba9e8a20 JavaThread "jar transforms Thread 9" [_thread_blocked, id=27696, stack(0x000000a887700000,0x000000a887800000)]
  0x00000211ba9e75e0 JavaThread "jar transforms Thread 10" [_thread_blocked, id=22616, stack(0x000000a887800000,0x000000a887900000)]
  0x00000211ba9e8000 JavaThread "jar transforms Thread 11" [_thread_blocked, id=22820, stack(0x000000a887900000,0x000000a887a00000)]
  0x00000211ba9ea370 JavaThread "jar transforms Thread 12" [_thread_blocked, id=18136, stack(0x000000a887a00000,0x000000a887b00000)]
  0x00000211ba9e8510 JavaThread "jar transforms Thread 13" [_thread_blocked, id=15376, stack(0x000000a887b00000,0x000000a887c00000)]
  0x00000211ba9ec1d0 JavaThread "jar transforms Thread 14" [_thread_blocked, id=17536, stack(0x000000a887c00000,0x000000a887d00000)]
  0x00000211ba9e61a0 JavaThread "jar transforms Thread 15" [_thread_blocked, id=20936, stack(0x000000a887d00000,0x000000a887e00000)]
  0x00000211ba9ecbf0 JavaThread "jar transforms Thread 16" [_thread_blocked, id=13112, stack(0x000000a887e00000,0x000000a887f00000)]
  0x00000211ba9e70d0 JavaThread "jar transforms Thread 17" [_thread_blocked, id=15172, stack(0x000000a887f00000,0x000000a888000000)]
  0x00000211ba9ebcc0 JavaThread "jar transforms Thread 18" [_thread_blocked, id=22900, stack(0x000000a888000000,0x000000a888100000)]
  0x00000211ba9e8f30 JavaThread "jar transforms Thread 19" [_thread_blocked, id=20776, stack(0x000000a888100000,0x000000a888200000)]
  0x00000211ba9ea880 JavaThread "jar transforms Thread 20" [_thread_blocked, id=28196, stack(0x000000a888200000,0x000000a888300000)]
  0x00000211ba9e9440 JavaThread "Cache worker for checksums cache (C:\Users\Hashem Arenat\AndroidStudioProjects\ECommerce\.gradle\8.7\checksums)" [_thread_blocked, id=17972, stack(0x000000a888300000,0x000000a888400000)]
  0x00000211ba9ec6e0 JavaThread "Cache worker for cache directory md-supplier (C:\Users\Hashem Arenat\.gradle\caches\8.7\md-supplier)" [_thread_blocked, id=23752, stack(0x000000a888400000,0x000000a888500000)]
  0x00000211ba9e9950 JavaThread "Cache worker for cache directory md-rule (C:\Users\Hashem Arenat\.gradle\caches\8.7\md-rule)" [_thread_blocked, id=29328, stack(0x000000a888500000,0x000000a888600000)]
  0x00000211ba9e9e60 JavaThread "Cache worker for file content cache (C:\Users\Hashem Arenat\.gradle\caches\8.7\fileContent)" [_thread_blocked, id=25768, stack(0x000000a888600000,0x000000a888700000)]
  0x00000211bcae91f0 JavaThread "Unconstrained build operations" [_thread_blocked, id=10740, stack(0x000000a888700000,0x000000a888800000)]
  0x00000211bcae9700 JavaThread "Unconstrained build operations Thread 2" [_thread_blocked, id=5744, stack(0x000000a888800000,0x000000a888900000)]
  0x00000211bcae9c10 JavaThread "Unconstrained build operations Thread 3" [_thread_blocked, id=12444, stack(0x000000a888900000,0x000000a888a00000)]
  0x00000211bcaea120 JavaThread "Unconstrained build operations Thread 4" [_thread_blocked, id=29220, stack(0x000000a888a00000,0x000000a888b00000)]
  0x00000211bcaea630 JavaThread "Unconstrained build operations Thread 5" [_thread_blocked, id=29068, stack(0x000000a888b00000,0x000000a888c00000)]
  0x00000211bcaeab40 JavaThread "Unconstrained build operations Thread 6" [_thread_blocked, id=19220, stack(0x000000a888c00000,0x000000a888d00000)]
  0x00000211bcaeb050 JavaThread "Unconstrained build operations Thread 7" [_thread_blocked, id=13300, stack(0x000000a888d00000,0x000000a888e00000)]
  0x00000211bcae78a0 JavaThread "Unconstrained build operations Thread 8" [_thread_blocked, id=6728, stack(0x000000a888e00000,0x000000a888f00000)]
  0x00000211bcae7db0 JavaThread "Unconstrained build operations Thread 9" [_thread_blocked, id=15528, stack(0x000000a888f00000,0x000000a889000000)]
  0x00000211bcae82c0 JavaThread "Unconstrained build operations Thread 10" [_thread_blocked, id=23112, stack(0x000000a889000000,0x000000a889100000)]
  0x00000211bcae8ce0 JavaThread "Cache worker for Build Output Cleanup Cache (C:\Users\Hashem Arenat\AndroidStudioProjects\ECommerce\.gradle\buildOutputCleanup)" [_thread_blocked, id=29348, stack(0x000000a889100000,0x000000a889200000)]
  0x00000211bcae87d0 JavaThread "Unconstrained build operations Thread 11" [_thread_blocked, id=23728, stack(0x000000a884b00000,0x000000a884c00000)]
  0x00000211bda25f90 JavaThread "Unconstrained build operations Thread 12" [_thread_blocked, id=28444, stack(0x000000a889200000,0x000000a889300000)]
  0x00000211bda278e0 JavaThread "Unconstrained build operations Thread 13" [_thread_blocked, id=3364, stack(0x000000a889300000,0x000000a889400000)]
  0x00000211bda27df0 JavaThread "Unconstrained build operations Thread 14" [_thread_blocked, id=29028, stack(0x000000a889400000,0x000000a889500000)]
  0x00000211bda2b090 JavaThread "Unconstrained build operations Thread 15" [_thread_blocked, id=19384, stack(0x000000a889500000,0x000000a889600000)]
  0x00000211bda26ec0 JavaThread "Unconstrained build operations Thread 16" [_thread_blocked, id=28852, stack(0x000000a889600000,0x000000a889700000)]
  0x00000211bda264a0 JavaThread "Unconstrained build operations Thread 17" [_thread_blocked, id=16724, stack(0x000000a889700000,0x000000a889800000)]
  0x00000211bda2b5a0 JavaThread "Unconstrained build operations Thread 18" [_thread_blocked, id=25064, stack(0x000000a889800000,0x000000a889900000)]
  0x00000211bda29c50 JavaThread "Unconstrained build operations Thread 19" [_thread_blocked, id=14072, stack(0x000000a889900000,0x000000a889a00000)]
  0x00000211bda269b0 JavaThread "Unconstrained build operations Thread 20" [_thread_blocked, id=24900, stack(0x000000a889a00000,0x000000a889b00000)]
  0x00000211bda25060 JavaThread "Unconstrained build operations Thread 21" [_thread_blocked, id=3176, stack(0x000000a889b00000,0x000000a889c00000)]
  0x00000211bda28810 JavaThread "Unconstrained build operations Thread 22" [_thread_blocked, id=12420, stack(0x000000a889c00000,0x000000a889d00000)]
  0x00000211bda28d20 JavaThread "Unconstrained build operations Thread 23" [_thread_blocked, id=12528, stack(0x000000a889d00000,0x000000a889e00000)]
  0x00000211bda29230 JavaThread "Unconstrained build operations Thread 24" [_thread_blocked, id=28760, stack(0x000000a889e00000,0x000000a889f00000)]
  0x00000211bda273d0 JavaThread "Unconstrained build operations Thread 25" [_thread_blocked, id=25336, stack(0x000000a889f00000,0x000000a88a000000)]
  0x00000211bda28300 JavaThread "Unconstrained build operations Thread 26" [_thread_blocked, id=23648, stack(0x000000a88a000000,0x000000a88a100000)]
  0x00000211bda2c4d0 JavaThread "Unconstrained build operations Thread 27" [_thread_blocked, id=24464, stack(0x000000a88a100000,0x000000a88a200000)]
  0x00000211bda2a160 JavaThread "Unconstrained build operations Thread 28" [_thread_blocked, id=8924, stack(0x000000a88a200000,0x000000a88a300000)]
  0x00000211bda29740 JavaThread "Unconstrained build operations Thread 29" [_thread_blocked, id=19280, stack(0x000000a88a300000,0x000000a88a400000)]
  0x00000211bda2a670 JavaThread "Unconstrained build operations Thread 30" [_thread_blocked, id=25008, stack(0x000000a88a400000,0x000000a88a500000)]
  0x00000211bda2c9e0 JavaThread "Unconstrained build operations Thread 31" [_thread_blocked, id=4884, stack(0x000000a88a500000,0x000000a88a600000)]
  0x00000211bda2ab80 JavaThread "Unconstrained build operations Thread 32" [_thread_blocked, id=20676, stack(0x000000a88a600000,0x000000a88a700000)]
  0x00000211bda2bfc0 JavaThread "Unconstrained build operations Thread 33" [_thread_blocked, id=24172, stack(0x000000a88a700000,0x000000a88a800000)]
  0x00000211bda2bab0 JavaThread "Unconstrained build operations Thread 34" [_thread_blocked, id=29108, stack(0x000000a88a800000,0x000000a88a900000)]
  0x00000211bda25570 JavaThread "Unconstrained build operations Thread 35" [_thread_blocked, id=18728, stack(0x000000a88a900000,0x000000a88aa00000)]
  0x00000211bda25a80 JavaThread "Unconstrained build operations Thread 36" [_thread_blocked, id=2944, stack(0x000000a88aa00000,0x000000a88ab00000)]
  0x00000211bcf88b40 JavaThread "Unconstrained build operations Thread 37" [_thread_blocked, id=1384, stack(0x000000a88ab00000,0x000000a88ac00000)]
  0x00000211bcf871f0 JavaThread "Unconstrained build operations Thread 38" [_thread_blocked, id=20048, stack(0x000000a88ac00000,0x000000a88ad00000)]
  0x00000211bcf83530 JavaThread "Unconstrained build operations Thread 39" [_thread_blocked, id=13664, stack(0x000000a88ad00000,0x000000a88ae00000)]
  0x00000211bcf87700 JavaThread "Unconstrained build operations Thread 40" [_thread_blocked, id=23200, stack(0x000000a88ae00000,0x000000a88af00000)]
  0x00000211bcf87c10 JavaThread "Unconstrained build operations Thread 41" [_thread_blocked, id=11288, stack(0x000000a88af00000,0x000000a88b000000)]
  0x00000211bcf8a490 JavaThread "Unconstrained build operations Thread 42" [_thread_blocked, id=13304, stack(0x000000a88b000000,0x000000a88b100000)]
  0x00000211bcf88630 JavaThread "Unconstrained build operations Thread 43" [_thread_blocked, id=26772, stack(0x000000a88b100000,0x000000a88b200000)]
  0x00000211bcf89f80 JavaThread "Unconstrained build operations Thread 44" [_thread_blocked, id=29276, stack(0x000000a88b200000,0x000000a88b300000)]
  0x00000211bcf89050 JavaThread "Unconstrained build operations Thread 45" [_thread_blocked, id=25680, stack(0x000000a88b300000,0x000000a88b400000)]
  0x00000211bcf89560 JavaThread "Unconstrained build operations Thread 46" [_thread_blocked, id=24636, stack(0x000000a88b400000,0x000000a88b500000)]
  0x00000211bcf83a40 JavaThread "Unconstrained build operations Thread 47" [_thread_blocked, id=3092, stack(0x000000a88b500000,0x000000a88b600000)]
  0x00000211bcf88120 JavaThread "Unconstrained build operations Thread 48" [_thread_blocked, id=28756, stack(0x000000a88b600000,0x000000a88b700000)]
  0x00000211bcf89a70 JavaThread "Unconstrained build operations Thread 49" [_thread_blocked, id=23684, stack(0x000000a88b700000,0x000000a88b800000)]
  0x00000211bcf84460 JavaThread "Unconstrained build operations Thread 50" [_thread_blocked, id=17136, stack(0x000000a88b800000,0x000000a88b900000)]
  0x00000211bcf867d0 JavaThread "Unconstrained build operations Thread 51" [_thread_blocked, id=29300, stack(0x000000a88b900000,0x000000a88ba00000)]
  0x00000211bcf83020 JavaThread "Unconstrained build operations Thread 52" [_thread_blocked, id=18548, stack(0x000000a88ba00000,0x000000a88bb00000)]
  0x00000211bcf84e80 JavaThread "Unconstrained build operations Thread 53" [_thread_blocked, id=15068, stack(0x000000a88bb00000,0x000000a88bc00000)]
  0x00000211bcf8a9a0 JavaThread "Unconstrained build operations Thread 54" [_thread_blocked, id=13024, stack(0x000000a88bc00000,0x000000a88bd00000)]

Other Threads:
=>0x00000211b2f0eb90 VMThread "VM Thread" [stack: 0x000000a883900000,0x000000a883a00000] [id=13096]
  0x000002119808cb30 WatcherThread [stack: 0x000000a884600000,0x000000a884700000] [id=17692]
  0x00000211980ea280 GCTaskThread "GC Thread#0" [stack: 0x000000a883400000,0x000000a883500000] [id=12760]
  0x00000211b8b39ca0 GCTaskThread "GC Thread#1" [stack: 0x000000a884d00000,0x000000a884e00000] [id=13976]
  0x00000211b916d7d0 GCTaskThread "GC Thread#2" [stack: 0x000000a884e00000,0x000000a884f00000] [id=25776]
  0x00000211b88287c0 GCTaskThread "GC Thread#3" [stack: 0x000000a884f00000,0x000000a885000000] [id=10432]
  0x00000211b8e9c810 GCTaskThread "GC Thread#4" [stack: 0x000000a885000000,0x000000a885100000] [id=27268]
  0x00000211b8a801d0 GCTaskThread "GC Thread#5" [stack: 0x000000a885100000,0x000000a885200000] [id=22512]
  0x00000211b9b0aa80 GCTaskThread "GC Thread#6" [stack: 0x000000a885d00000,0x000000a885e00000] [id=22028]
  0x00000211b9b0a7c0 GCTaskThread "GC Thread#7" [stack: 0x000000a885e00000,0x000000a885f00000] [id=14132]
  0x00000211b9b0a500 GCTaskThread "GC Thread#8" [stack: 0x000000a885f00000,0x000000a886000000] [id=26540]
  0x00000211b9b0ad40 GCTaskThread "GC Thread#9" [stack: 0x000000a886000000,0x000000a886100000] [id=15312]
  0x00000211b9b0b000 GCTaskThread "GC Thread#10" [stack: 0x000000a886100000,0x000000a886200000] [id=22776]
  0x00000211b9b0b2c0 GCTaskThread "GC Thread#11" [stack: 0x000000a886200000,0x000000a886300000] [id=27756]
  0x00000211b9b0b580 GCTaskThread "GC Thread#12" [stack: 0x000000a886300000,0x000000a886400000] [id=26384]
  0x00000211b9b09cc0 GCTaskThread "GC Thread#13" [stack: 0x000000a886400000,0x000000a886500000] [id=19168]
  0x00000211b9b0a240 GCTaskThread "GC Thread#14" [stack: 0x000000a886500000,0x000000a886600000] [id=26132]
  0x00000211980fb1d0 ConcurrentGCThread "G1 Main Marker" [stack: 0x000000a883500000,0x000000a883600000] [id=16420]
  0x00000211980fbbf0 ConcurrentGCThread "G1 Conc#0" [stack: 0x000000a883600000,0x000000a883700000] [id=24312]
  0x00000211b85649e0 ConcurrentGCThread "G1 Conc#1" [stack: 0x000000a886600000,0x000000a886700000] [id=26528]
  0x00000211b8565220 ConcurrentGCThread "G1 Conc#2" [stack: 0x000000a886700000,0x000000a886800000] [id=24552]
  0x00000211b8564720 ConcurrentGCThread "G1 Conc#3" [stack: 0x000000a886800000,0x000000a886900000] [id=24888]
  0x00000211b2e08ab0 ConcurrentGCThread "G1 Refine#0" [stack: 0x000000a883700000,0x000000a883800000] [id=22384]
  0x00000211b2e092f0 ConcurrentGCThread "G1 Service" [stack: 0x000000a883800000,0x000000a883900000] [id=20244]

Threads with active compile tasks:

VM state: at safepoint (normal execution)

VM Mutex/Monitor currently owned by a thread:  ([mutex/lock_event])
[0x0000021198088e20] Threads_lock - owner thread: 0x00000211b2f0eb90
[0x0000021198087cb0] Heap_lock - owner thread: 0x00000211b90772d0

Heap address: 0x0000000080000000, size: 2048 MB, Compressed Oops mode: 32-bit

CDS archive(s) not mapped
Compressed class space mapped at: 0x0000000100000000-0x0000000140000000, reserved size: 1073741824
Narrow klass base: 0x0000000000000000, Narrow klass shift: 3, Narrow klass range: 0x140000000

GC Precious Log:
 CPUs: 20 total, 20 available
 Memory: 16004M
 Large Page Support: Disabled
 NUMA Support: Disabled
 Compressed Oops: Enabled (32-bit)
 Heap Region Size: 1M
 Heap Min Capacity: 8M
 Heap Initial Capacity: 252M
 Heap Max Capacity: 2G
 Pre-touch: Disabled
 Parallel Workers: 15
 Concurrent Workers: 4
 Concurrent Refinement Workers: 15
 Periodic GC: Disabled

Heap:
 garbage-first heap   total 203776K, used 103575K [0x0000000080000000, 0x0000000100000000)
  region size 1024K, 1 young (1024K), 1 survivors (1024K)
 Metaspace       used 61768K, committed 62400K, reserved 1114112K
  class space    used 8374K, committed 8704K, reserved 1048576K

Heap Regions: E=young(eden), S=young(survivor), O=old, HS=humongous(starts), HC=humongous(continues), CS=collection set, F=free, OA=open archive, CA=closed archive, TAMS=top-at-mark-start (previous, next)
|   0|0x0000000080000000, 0x0000000080100000, 0x0000000080100000|100%|HS|  |TAMS 0x0000000080100000, 0x0000000080000000| Complete 
|   1|0x0000000080100000, 0x0000000080200000, 0x0000000080200000|100%|HC|  |TAMS 0x0000000080200000, 0x0000000080100000| Complete 
|   2|0x0000000080200000, 0x0000000080300000, 0x0000000080300000|100%|HC|  |TAMS 0x0000000080300000, 0x0000000080200000| Complete 
|   3|0x0000000080300000, 0x0000000080400000, 0x0000000080400000|100%|HC|  |TAMS 0x0000000080400000, 0x0000000080300000| Complete 
|   4|0x0000000080400000, 0x0000000080500000, 0x0000000080500000|100%| O|  |TAMS 0x0000000080500000, 0x0000000080400000| Untracked 
|   5|0x0000000080500000, 0x0000000080600000, 0x0000000080600000|100%| O|  |TAMS 0x0000000080600000, 0x0000000080500000| Untracked 
|   6|0x0000000080600000, 0x0000000080700000, 0x0000000080700000|100%| O|  |TAMS 0x0000000080700000, 0x0000000080600000| Untracked 
|   7|0x0000000080700000, 0x0000000080800000, 0x0000000080800000|100%| O|  |TAMS 0x0000000080800000, 0x0000000080700000| Untracked 
|   8|0x0000000080800000, 0x0000000080900000, 0x0000000080900000|100%| O|  |TAMS 0x0000000080900000, 0x0000000080800000| Untracked 
|   9|0x0000000080900000, 0x0000000080a00000, 0x0000000080a00000|100%| O|  |TAMS 0x0000000080a00000, 0x0000000080900000| Untracked 
|  10|0x0000000080a00000, 0x0000000080b00000, 0x0000000080b00000|100%|HS|  |TAMS 0x0000000080a00000, 0x0000000080a00000| Complete 
|  11|0x0000000080b00000, 0x0000000080c00000, 0x0000000080c00000|100%| O|  |TAMS 0x0000000080c00000, 0x0000000080b00000| Untracked 
|  12|0x0000000080c00000, 0x0000000080d00000, 0x0000000080d00000|100%| O|  |TAMS 0x0000000080d00000, 0x0000000080c00000| Untracked 
|  13|0x0000000080d00000, 0x0000000080e00000, 0x0000000080e00000|100%| O|  |TAMS 0x0000000080e00000, 0x0000000080d00000| Untracked 
|  14|0x0000000080e00000, 0x0000000080f00000, 0x0000000080f00000|100%| O|  |TAMS 0x0000000080f00000, 0x0000000080e00000| Untracked 
|  15|0x0000000080f00000, 0x0000000081000000, 0x0000000081000000|100%| O|  |TAMS 0x0000000081000000, 0x0000000080f00000| Untracked 
|  16|0x0000000081000000, 0x0000000081100000, 0x0000000081100000|100%| O|  |TAMS 0x0000000081100000, 0x0000000081000000| Untracked 
|  17|0x0000000081100000, 0x0000000081200000, 0x0000000081200000|100%| O|  |TAMS 0x0000000081200000, 0x0000000081100000| Untracked 
|  18|0x0000000081200000, 0x0000000081300000, 0x0000000081300000|100%| O|  |TAMS 0x0000000081300000, 0x0000000081200000| Untracked 
|  19|0x0000000081300000, 0x0000000081400000, 0x0000000081400000|100%|HS|  |TAMS 0x0000000081400000, 0x0000000081300000| Complete 
|  20|0x0000000081400000, 0x0000000081500000, 0x0000000081500000|100%|HC|  |TAMS 0x0000000081500000, 0x0000000081400000| Complete 
|  21|0x0000000081500000, 0x0000000081600000, 0x0000000081600000|100%|HC|  |TAMS 0x0000000081600000, 0x0000000081500000| Complete 
|  22|0x0000000081600000, 0x0000000081700000, 0x0000000081700000|100%|HC|  |TAMS 0x0000000081700000, 0x0000000081600000| Complete 
|  23|0x0000000081700000, 0x0000000081800000, 0x0000000081800000|100%|HC|  |TAMS 0x0000000081800000, 0x0000000081700000| Complete 
|  24|0x0000000081800000, 0x0000000081900000, 0x0000000081900000|100%|HS|  |TAMS 0x0000000081900000, 0x0000000081800000| Complete 
|  25|0x0000000081900000, 0x0000000081a00000, 0x0000000081a00000|100%|HC|  |TAMS 0x0000000081a00000, 0x0000000081900000| Complete 
|  26|0x0000000081a00000, 0x0000000081b00000, 0x0000000081b00000|100%|HC|  |TAMS 0x0000000081b00000, 0x0000000081a00000| Complete 
|  27|0x0000000081b00000, 0x0000000081c00000, 0x0000000081c00000|100%|HS|  |TAMS 0x0000000081c00000, 0x0000000081b00000| Complete 
|  28|0x0000000081c00000, 0x0000000081d00000, 0x0000000081d00000|100%|HC|  |TAMS 0x0000000081d00000, 0x0000000081c00000| Complete 
|  29|0x0000000081d00000, 0x0000000081e00000, 0x0000000081e00000|100%|HC|  |TAMS 0x0000000081e00000, 0x0000000081d00000| Complete 
|  30|0x0000000081e00000, 0x0000000081f00000, 0x0000000081f00000|100%|HS|  |TAMS 0x0000000081f00000, 0x0000000081e00000| Complete 
|  31|0x0000000081f00000, 0x0000000082000000, 0x0000000082000000|100%| O|  |TAMS 0x0000000082000000, 0x0000000081f00000| Untracked 
|  32|0x0000000082000000, 0x0000000082100000, 0x0000000082100000|100%| O|  |TAMS 0x0000000082100000, 0x0000000082000000| Untracked 
|  33|0x0000000082100000, 0x0000000082200000, 0x0000000082200000|100%| O|  |TAMS 0x0000000082200000, 0x0000000082100000| Untracked 
|  34|0x0000000082200000, 0x0000000082300000, 0x0000000082300000|100%| O|  |TAMS 0x0000000082300000, 0x0000000082200000| Untracked 
|  35|0x0000000082300000, 0x0000000082400000, 0x0000000082400000|100%| O|  |TAMS 0x0000000082400000, 0x0000000082300000| Untracked 
|  36|0x0000000082400000, 0x0000000082500000, 0x0000000082500000|100%| O|  |TAMS 0x0000000082500000, 0x0000000082400000| Untracked 
|  37|0x0000000082500000, 0x0000000082600000, 0x0000000082600000|100%| O|  |TAMS 0x0000000082600000, 0x0000000082500000| Untracked 
|  38|0x0000000082600000, 0x0000000082700000, 0x0000000082700000|100%| O|  |TAMS 0x0000000082700000, 0x0000000082600000| Untracked 
|  39|0x0000000082700000, 0x0000000082800000, 0x0000000082800000|100%| O|  |TAMS 0x0000000082800000, 0x0000000082700000| Untracked 
|  40|0x0000000082800000, 0x0000000082900000, 0x0000000082900000|100%| O|  |TAMS 0x0000000082900000, 0x0000000082800000| Untracked 
|  41|0x0000000082900000, 0x0000000082a00000, 0x0000000082a00000|100%| O|  |TAMS 0x0000000082a00000, 0x0000000082900000| Untracked 
|  42|0x0000000082a00000, 0x0000000082b00000, 0x0000000082b00000|100%| O|  |TAMS 0x0000000082b00000, 0x0000000082a00000| Untracked 
|  43|0x0000000082b00000, 0x0000000082c00000, 0x0000000082c00000|100%| O|  |TAMS 0x0000000082c00000, 0x0000000082b00000| Untracked 
|  44|0x0000000082c00000, 0x0000000082d00000, 0x0000000082d00000|100%| O|  |TAMS 0x0000000082d00000, 0x0000000082c00000| Untracked 
|  45|0x0000000082d00000, 0x0000000082e00000, 0x0000000082e00000|100%| O|  |TAMS 0x0000000082e00000, 0x0000000082d00000| Untracked 
|  46|0x0000000082e00000, 0x0000000082f00000, 0x0000000082f00000|100%| O|  |TAMS 0x0000000082f00000, 0x0000000082e00000| Untracked 
|  47|0x0000000082f00000, 0x0000000083000000, 0x0000000083000000|100%|HS|  |TAMS 0x0000000083000000, 0x0000000082f00000| Complete 
|  48|0x0000000083000000, 0x0000000083100000, 0x0000000083100000|100%|HC|  |TAMS 0x0000000083100000, 0x0000000083000000| Complete 
|  49|0x0000000083100000, 0x0000000083200000, 0x0000000083200000|100%|HC|  |TAMS 0x0000000083200000, 0x0000000083100000| Complete 
|  50|0x0000000083200000, 0x0000000083300000, 0x0000000083300000|100%|HS|  |TAMS 0x0000000083300000, 0x0000000083200000| Complete 
|  51|0x0000000083300000, 0x0000000083400000, 0x0000000083400000|100%|HC|  |TAMS 0x0000000083400000, 0x0000000083300000| Complete 
|  52|0x0000000083400000, 0x0000000083500000, 0x0000000083500000|100%|HC|  |TAMS 0x0000000083500000, 0x0000000083400000| Complete 
|  53|0x0000000083500000, 0x0000000083600000, 0x0000000083600000|100%|HC|  |TAMS 0x0000000083600000, 0x0000000083500000| Complete 
|  54|0x0000000083600000, 0x0000000083700000, 0x0000000083700000|100%|HC|  |TAMS 0x0000000083700000, 0x0000000083600000| Complete 
|  55|0x0000000083700000, 0x0000000083800000, 0x0000000083800000|100%| O|  |TAMS 0x0000000083800000, 0x0000000083700000| Untracked 
|  56|0x0000000083800000, 0x0000000083900000, 0x0000000083900000|100%| O|  |TAMS 0x0000000083900000, 0x0000000083800000| Untracked 
|  57|0x0000000083900000, 0x0000000083a00000, 0x0000000083a00000|100%| O|  |TAMS 0x0000000083a00000, 0x0000000083900000| Untracked 
|  58|0x0000000083a00000, 0x0000000083b00000, 0x0000000083b00000|100%|HS|  |TAMS 0x0000000083b00000, 0x0000000083a00000| Complete 
|  59|0x0000000083b00000, 0x0000000083c00000, 0x0000000083c00000|100%|HC|  |TAMS 0x0000000083c00000, 0x0000000083b00000| Complete 
|  60|0x0000000083c00000, 0x0000000083d00000, 0x0000000083d00000|100%|HC|  |TAMS 0x0000000083d00000, 0x0000000083c00000| Complete 
|  61|0x0000000083d00000, 0x0000000083e00000, 0x0000000083e00000|100%|HC|  |TAMS 0x0000000083e00000, 0x0000000083d00000| Complete 
|  62|0x0000000083e00000, 0x0000000083f00000, 0x0000000083f00000|100%|HC|  |TAMS 0x0000000083f00000, 0x0000000083e00000| Complete 
|  63|0x0000000083f00000, 0x0000000084000000, 0x0000000084000000|100%| O|  |TAMS 0x0000000084000000, 0x0000000083f00000| Untracked 
|  64|0x0000000084000000, 0x0000000084100000, 0x0000000084100000|100%| O|  |TAMS 0x0000000084100000, 0x0000000084000000| Untracked 
|  65|0x0000000084100000, 0x0000000084200000, 0x0000000084200000|100%| O|  |TAMS 0x0000000084200000, 0x0000000084100000| Untracked 
|  66|0x0000000084200000, 0x0000000084300000, 0x0000000084300000|100%| O|  |TAMS 0x0000000084300000, 0x0000000084200000| Untracked 
|  67|0x0000000084300000, 0x0000000084400000, 0x0000000084400000|100%| O|  |TAMS 0x0000000084400000, 0x0000000084300000| Untracked 
|  68|0x0000000084400000, 0x0000000084500000, 0x0000000084500000|100%| O|  |TAMS 0x0000000084500000, 0x0000000084400000| Untracked 
|  69|0x0000000084500000, 0x0000000084600000, 0x0000000084600000|100%| O|  |TAMS 0x0000000084600000, 0x0000000084500000| Untracked 
|  70|0x0000000084600000, 0x0000000084700000, 0x0000000084700000|100%| O|  |TAMS 0x0000000084700000, 0x0000000084600000| Untracked 
|  71|0x0000000084700000, 0x0000000084800000, 0x0000000084800000|100%| O|  |TAMS 0x0000000084800000, 0x0000000084700000| Untracked 
|  72|0x0000000084800000, 0x0000000084900000, 0x0000000084900000|100%| O|  |TAMS 0x0000000084900000, 0x0000000084800000| Untracked 
|  73|0x0000000084900000, 0x0000000084a00000, 0x0000000084a00000|100%| O|  |TAMS 0x0000000084a00000, 0x0000000084900000| Untracked 
|  74|0x0000000084a00000, 0x0000000084b00000, 0x0000000084b00000|100%| O|  |TAMS 0x0000000084b00000, 0x0000000084a00000| Untracked 
|  75|0x0000000084b00000, 0x0000000084c00000, 0x0000000084c00000|100%| O|  |TAMS 0x0000000084c00000, 0x0000000084b00000| Untracked 
|  76|0x0000000084c00000, 0x0000000084c00000, 0x0000000084d00000|  0%| F|  |TAMS 0x0000000084c00000, 0x0000000084c00000| Untracked 
|  77|0x0000000084d00000, 0x0000000084d00000, 0x0000000084e00000|  0%| F|  |TAMS 0x0000000084d00000, 0x0000000084d00000| Untracked 
|  78|0x0000000084e00000, 0x0000000084f00000, 0x0000000084f00000|100%|HS|  |TAMS 0x0000000084e00000, 0x0000000084e00000| Complete 
|  79|0x0000000084f00000, 0x0000000085000000, 0x0000000085000000|100%|HS|  |TAMS 0x0000000084f00000, 0x0000000084f00000| Complete 
|  80|0x0000000085000000, 0x0000000085100000, 0x0000000085100000|100%|HS|  |TAMS 0x0000000085000000, 0x0000000085000000| Complete 
|  81|0x0000000085100000, 0x0000000085200000, 0x0000000085200000|100%|HC|  |TAMS 0x0000000085100000, 0x0000000085100000| Complete 
|  82|0x0000000085200000, 0x0000000085300000, 0x0000000085300000|100%|HS|  |TAMS 0x0000000085200000, 0x0000000085200000| Complete 
|  83|0x0000000085300000, 0x0000000085400000, 0x0000000085400000|100%|HC|  |TAMS 0x0000000085300000, 0x0000000085300000| Complete 
|  84|0x0000000085400000, 0x0000000085500000, 0x0000000085500000|100%|HS|  |TAMS 0x0000000085400000, 0x0000000085400000| Complete 
|  85|0x0000000085500000, 0x0000000085600000, 0x0000000085600000|100%|HC|  |TAMS 0x0000000085500000, 0x0000000085500000| Complete 
|  86|0x0000000085600000, 0x0000000085700000, 0x0000000085700000|100%|HC|  |TAMS 0x0000000085600000, 0x0000000085600000| Complete 
|  87|0x0000000085700000, 0x0000000085800000, 0x0000000085800000|100%|HC|  |TAMS 0x0000000085700000, 0x0000000085700000| Complete 
|  88|0x0000000085800000, 0x0000000085900000, 0x0000000085900000|100%|HS|  |TAMS 0x0000000085800000, 0x0000000085800000| Complete 
|  89|0x0000000085900000, 0x0000000085a00000, 0x0000000085a00000|100%| O|  |TAMS 0x0000000085900000, 0x0000000085900000| Untracked 
|  90|0x0000000085a00000, 0x0000000085b00000, 0x0000000085b00000|100%|HS|  |TAMS 0x0000000085a00000, 0x0000000085a00000| Complete 
|  91|0x0000000085b00000, 0x0000000085c00000, 0x0000000085c00000|100%|HS|  |TAMS 0x0000000085b00000, 0x0000000085b00000| Complete 
|  92|0x0000000085c00000, 0x0000000085d00000, 0x0000000085d00000|100%| O|  |TAMS 0x0000000085c00000, 0x0000000085c00000| Untracked 
|  93|0x0000000085d00000, 0x0000000085e00000, 0x0000000085e00000|100%| O|  |TAMS 0x0000000085d00000, 0x0000000085d00000| Untracked 
|  94|0x0000000085e00000, 0x0000000085f00000, 0x0000000085f00000|100%| O|  |TAMS 0x0000000085e00000, 0x0000000085e00000| Untracked 
|  95|0x0000000085f00000, 0x0000000086000000, 0x0000000086000000|100%| O|  |TAMS 0x0000000085f00000, 0x0000000085f00000| Untracked 
|  96|0x0000000086000000, 0x0000000086100000, 0x0000000086100000|100%| O|  |TAMS 0x0000000086000000, 0x0000000086000000| Untracked 
|  97|0x0000000086100000, 0x0000000086200000, 0x0000000086200000|100%| O|  |TAMS 0x0000000086100000, 0x0000000086100000| Untracked 
|  98|0x0000000086200000, 0x0000000086300000, 0x0000000086300000|100%| O|  |TAMS 0x0000000086200000, 0x0000000086200000| Untracked 
|  99|0x0000000086300000, 0x0000000086400000, 0x0000000086400000|100%| O|  |TAMS 0x0000000086300000, 0x0000000086300000| Untracked 
| 100|0x0000000086400000, 0x0000000086500000, 0x0000000086500000|100%| O|  |TAMS 0x0000000086400000, 0x0000000086400000| Untracked 
| 101|0x0000000086500000, 0x0000000086600000, 0x0000000086600000|100%| O|  |TAMS 0x0000000086500000, 0x0000000086500000| Untracked 
| 102|0x0000000086600000, 0x00000000866c2a08, 0x0000000086700000| 76%| O|  |TAMS 0x0000000086600000, 0x0000000086600000| Untracked 
| 103|0x0000000086700000, 0x0000000086700000, 0x0000000086800000|  0%| F|  |TAMS 0x0000000086700000, 0x0000000086700000| Untracked 
| 104|0x0000000086800000, 0x0000000086800000, 0x0000000086900000|  0%| F|  |TAMS 0x0000000086800000, 0x0000000086800000| Untracked 
| 105|0x0000000086900000, 0x0000000086900000, 0x0000000086a00000|  0%| F|  |TAMS 0x0000000086900000, 0x0000000086900000| Untracked 
| 106|0x0000000086a00000, 0x0000000086a00000, 0x0000000086b00000|  0%| F|  |TAMS 0x0000000086a00000, 0x0000000086a00000| Untracked 
| 107|0x0000000086b00000, 0x0000000086b00000, 0x0000000086c00000|  0%| F|  |TAMS 0x0000000086b00000, 0x0000000086b00000| Untracked 
| 108|0x0000000086c00000, 0x0000000086c00000, 0x0000000086d00000|  0%| F|  |TAMS 0x0000000086c00000, 0x0000000086c00000| Untracked 
| 109|0x0000000086d00000, 0x0000000086d00000, 0x0000000086e00000|  0%| F|  |TAMS 0x0000000086d00000, 0x0000000086d00000| Untracked 
| 110|0x0000000086e00000, 0x0000000086e00000, 0x0000000086f00000|  0%| F|  |TAMS 0x0000000086e00000, 0x0000000086e00000| Untracked 
| 111|0x0000000086f00000, 0x0000000086f00000, 0x0000000087000000|  0%| F|  |TAMS 0x0000000086f00000, 0x0000000086f00000| Untracked 
| 112|0x0000000087000000, 0x0000000087000000, 0x0000000087100000|  0%| F|  |TAMS 0x0000000087000000, 0x0000000087000000| Untracked 
| 113|0x0000000087100000, 0x0000000087100000, 0x0000000087200000|  0%| F|  |TAMS 0x0000000087100000, 0x0000000087100000| Untracked 
| 114|0x0000000087200000, 0x0000000087200000, 0x0000000087300000|  0%| F|  |TAMS 0x0000000087200000, 0x0000000087200000| Untracked 
| 115|0x0000000087300000, 0x0000000087300000, 0x0000000087400000|  0%| F|  |TAMS 0x0000000087300000, 0x0000000087300000| Untracked 
| 116|0x0000000087400000, 0x0000000087400000, 0x0000000087500000|  0%| F|  |TAMS 0x0000000087400000, 0x0000000087400000| Untracked 
| 117|0x0000000087500000, 0x0000000087500000, 0x0000000087600000|  0%| F|  |TAMS 0x0000000087500000, 0x0000000087500000| Untracked 
| 118|0x0000000087600000, 0x0000000087600000, 0x0000000087700000|  0%| F|  |TAMS 0x0000000087600000, 0x0000000087600000| Untracked 
| 119|0x0000000087700000, 0x0000000087700000, 0x0000000087800000|  0%| F|  |TAMS 0x0000000087700000, 0x0000000087700000| Untracked 
| 120|0x0000000087800000, 0x0000000087800000, 0x0000000087900000|  0%| F|  |TAMS 0x0000000087800000, 0x0000000087800000| Untracked 
| 121|0x0000000087900000, 0x0000000087900000, 0x0000000087a00000|  0%| F|  |TAMS 0x0000000087900000, 0x0000000087900000| Untracked 
| 122|0x0000000087a00000, 0x0000000087a00000, 0x0000000087b00000|  0%| F|  |TAMS 0x0000000087a00000, 0x0000000087a00000| Untracked 
| 123|0x0000000087b00000, 0x0000000087b00000, 0x0000000087c00000|  0%| F|  |TAMS 0x0000000087b00000, 0x0000000087b00000| Untracked 
| 124|0x0000000087c00000, 0x0000000087c00000, 0x0000000087d00000|  0%| F|  |TAMS 0x0000000087c00000, 0x0000000087c00000| Untracked 
| 125|0x0000000087d00000, 0x0000000087d00000, 0x0000000087e00000|  0%| F|  |TAMS 0x0000000087d00000, 0x0000000087d00000| Untracked 
| 126|0x0000000087e00000, 0x0000000087e00000, 0x0000000087f00000|  0%| F|  |TAMS 0x0000000087e00000, 0x0000000087e00000| Untracked 
| 127|0x0000000087f00000, 0x0000000087f00000, 0x0000000088000000|  0%| F|  |TAMS 0x0000000087f00000, 0x0000000087f00000| Untracked 
| 128|0x0000000088000000, 0x0000000088000000, 0x0000000088100000|  0%| F|  |TAMS 0x0000000088000000, 0x0000000088000000| Untracked 
| 129|0x0000000088100000, 0x0000000088100000, 0x0000000088200000|  0%| F|  |TAMS 0x0000000088100000, 0x0000000088100000| Untracked 
| 130|0x0000000088200000, 0x0000000088200000, 0x0000000088300000|  0%| F|  |TAMS 0x0000000088200000, 0x0000000088200000| Untracked 
| 131|0x0000000088300000, 0x0000000088300000, 0x0000000088400000|  0%| F|  |TAMS 0x0000000088300000, 0x0000000088300000| Untracked 
| 132|0x0000000088400000, 0x0000000088400000, 0x0000000088500000|  0%| F|  |TAMS 0x0000000088400000, 0x0000000088400000| Untracked 
| 133|0x0000000088500000, 0x0000000088500000, 0x0000000088600000|  0%| F|  |TAMS 0x0000000088500000, 0x0000000088500000| Untracked 
| 134|0x0000000088600000, 0x0000000088600000, 0x0000000088700000|  0%| F|  |TAMS 0x0000000088600000, 0x0000000088600000| Untracked 
| 135|0x0000000088700000, 0x0000000088700000, 0x0000000088800000|  0%| F|  |TAMS 0x0000000088700000, 0x0000000088700000| Untracked 
| 136|0x0000000088800000, 0x0000000088800000, 0x0000000088900000|  0%| F|  |TAMS 0x0000000088800000, 0x0000000088800000| Untracked 
| 137|0x0000000088900000, 0x0000000088900000, 0x0000000088a00000|  0%| F|  |TAMS 0x0000000088900000, 0x0000000088900000| Untracked 
| 138|0x0000000088a00000, 0x0000000088a00000, 0x0000000088b00000|  0%| F|  |TAMS 0x0000000088a00000, 0x0000000088a00000| Untracked 
| 139|0x0000000088b00000, 0x0000000088b00000, 0x0000000088c00000|  0%| F|  |TAMS 0x0000000088b00000, 0x0000000088b00000| Untracked 
| 140|0x0000000088c00000, 0x0000000088c00000, 0x0000000088d00000|  0%| F|  |TAMS 0x0000000088c00000, 0x0000000088c00000| Untracked 
| 141|0x0000000088d00000, 0x0000000088d00000, 0x0000000088e00000|  0%| F|  |TAMS 0x0000000088d00000, 0x0000000088d00000| Untracked 
| 142|0x0000000088e00000, 0x0000000088e00000, 0x0000000088f00000|  0%| F|  |TAMS 0x0000000088e00000, 0x0000000088e00000| Untracked 
| 143|0x0000000088f00000, 0x0000000088f00000, 0x0000000089000000|  0%| F|  |TAMS 0x0000000088f00000, 0x0000000088f00000| Untracked 
| 144|0x0000000089000000, 0x0000000089000000, 0x0000000089100000|  0%| F|  |TAMS 0x0000000089000000, 0x0000000089000000| Untracked 
| 145|0x0000000089100000, 0x0000000089100000, 0x0000000089200000|  0%| F|  |TAMS 0x0000000089100000, 0x0000000089100000| Untracked 
| 146|0x0000000089200000, 0x0000000089200000, 0x0000000089300000|  0%| F|  |TAMS 0x0000000089200000, 0x0000000089200000| Untracked 
| 147|0x0000000089300000, 0x0000000089300000, 0x0000000089400000|  0%| F|  |TAMS 0x0000000089300000, 0x0000000089300000| Untracked 
| 148|0x0000000089400000, 0x0000000089400000, 0x0000000089500000|  0%| F|  |TAMS 0x0000000089400000, 0x0000000089400000| Untracked 
| 149|0x0000000089500000, 0x0000000089500000, 0x0000000089600000|  0%| F|  |TAMS 0x0000000089500000, 0x0000000089500000| Untracked 
| 150|0x0000000089600000, 0x0000000089600000, 0x0000000089700000|  0%| F|  |TAMS 0x0000000089600000, 0x0000000089600000| Untracked 
| 151|0x0000000089700000, 0x0000000089700000, 0x0000000089800000|  0%| F|  |TAMS 0x0000000089700000, 0x0000000089700000| Untracked 
| 152|0x0000000089800000, 0x0000000089800000, 0x0000000089900000|  0%| F|  |TAMS 0x0000000089800000, 0x0000000089800000| Untracked 
| 153|0x0000000089900000, 0x0000000089900000, 0x0000000089a00000|  0%| F|  |TAMS 0x0000000089900000, 0x0000000089900000| Untracked 
| 154|0x0000000089a00000, 0x0000000089a00000, 0x0000000089b00000|  0%| F|  |TAMS 0x0000000089a00000, 0x0000000089a00000| Untracked 
| 155|0x0000000089b00000, 0x0000000089b00000, 0x0000000089c00000|  0%| F|  |TAMS 0x0000000089b00000, 0x0000000089b00000| Untracked 
| 156|0x0000000089c00000, 0x0000000089c00000, 0x0000000089d00000|  0%| F|  |TAMS 0x0000000089c00000, 0x0000000089c00000| Untracked 
| 157|0x0000000089d00000, 0x0000000089d00000, 0x0000000089e00000|  0%| F|  |TAMS 0x0000000089d00000, 0x0000000089d00000| Untracked 
| 158|0x0000000089e00000, 0x0000000089e00000, 0x0000000089f00000|  0%| F|  |TAMS 0x0000000089e00000, 0x0000000089e00000| Untracked 
| 159|0x0000000089f00000, 0x0000000089f00000, 0x000000008a000000|  0%| F|  |TAMS 0x0000000089f00000, 0x0000000089f00000| Untracked 
| 160|0x000000008a000000, 0x000000008a000000, 0x000000008a100000|  0%| F|  |TAMS 0x000000008a000000, 0x000000008a000000| Untracked 
| 161|0x000000008a100000, 0x000000008a100000, 0x000000008a200000|  0%| F|  |TAMS 0x000000008a100000, 0x000000008a100000| Untracked 
| 162|0x000000008a200000, 0x000000008a200000, 0x000000008a300000|  0%| F|  |TAMS 0x000000008a200000, 0x000000008a200000| Untracked 
| 163|0x000000008a300000, 0x000000008a300000, 0x000000008a400000|  0%| F|  |TAMS 0x000000008a300000, 0x000000008a300000| Untracked 
| 164|0x000000008a400000, 0x000000008a400000, 0x000000008a500000|  0%| F|  |TAMS 0x000000008a400000, 0x000000008a400000| Untracked 
| 165|0x000000008a500000, 0x000000008a500000, 0x000000008a600000|  0%| F|  |TAMS 0x000000008a500000, 0x000000008a500000| Untracked 
| 166|0x000000008a600000, 0x000000008a600000, 0x000000008a700000|  0%| F|  |TAMS 0x000000008a600000, 0x000000008a600000| Untracked 
| 167|0x000000008a700000, 0x000000008a700000, 0x000000008a800000|  0%| F|  |TAMS 0x000000008a700000, 0x000000008a700000| Untracked 
| 168|0x000000008a800000, 0x000000008a800000, 0x000000008a900000|  0%| F|  |TAMS 0x000000008a800000, 0x000000008a800000| Untracked 
| 169|0x000000008a900000, 0x000000008a900000, 0x000000008aa00000|  0%| F|  |TAMS 0x000000008a900000, 0x000000008a900000| Untracked 
| 170|0x000000008aa00000, 0x000000008aa00000, 0x000000008ab00000|  0%| F|  |TAMS 0x000000008aa00000, 0x000000008aa00000| Untracked 
| 171|0x000000008ab00000, 0x000000008ab00000, 0x000000008ac00000|  0%| F|  |TAMS 0x000000008ab00000, 0x000000008ab00000| Untracked 
| 172|0x000000008ac00000, 0x000000008ac00000, 0x000000008ad00000|  0%| F|  |TAMS 0x000000008ac00000, 0x000000008ac00000| Untracked 
| 173|0x000000008ad00000, 0x000000008ad00000, 0x000000008ae00000|  0%| F|  |TAMS 0x000000008ad00000, 0x000000008ad00000| Untracked 
| 174|0x000000008ae00000, 0x000000008ae00000, 0x000000008af00000|  0%| F|  |TAMS 0x000000008ae00000, 0x000000008ae00000| Untracked 
| 175|0x000000008af00000, 0x000000008af00000, 0x000000008b000000|  0%| F|  |TAMS 0x000000008af00000, 0x000000008af00000| Untracked 
| 176|0x000000008b000000, 0x000000008b000000, 0x000000008b100000|  0%| F|  |TAMS 0x000000008b000000, 0x000000008b000000| Untracked 
| 177|0x000000008b100000, 0x000000008b100000, 0x000000008b200000|  0%| F|  |TAMS 0x000000008b100000, 0x000000008b100000| Untracked 
| 178|0x000000008b200000, 0x000000008b200000, 0x000000008b300000|  0%| F|  |TAMS 0x000000008b200000, 0x000000008b200000| Untracked 
| 179|0x000000008b300000, 0x000000008b300000, 0x000000008b400000|  0%| F|  |TAMS 0x000000008b300000, 0x000000008b300000| Untracked 
| 180|0x000000008b400000, 0x000000008b400000, 0x000000008b500000|  0%| F|  |TAMS 0x000000008b400000, 0x000000008b400000| Untracked 
| 181|0x000000008b500000, 0x000000008b500000, 0x000000008b600000|  0%| F|  |TAMS 0x000000008b500000, 0x000000008b500000| Untracked 
| 182|0x000000008b600000, 0x000000008b600000, 0x000000008b700000|  0%| F|  |TAMS 0x000000008b600000, 0x000000008b600000| Untracked 
| 183|0x000000008b700000, 0x000000008b700000, 0x000000008b800000|  0%| F|  |TAMS 0x000000008b700000, 0x000000008b700000| Untracked 
| 184|0x000000008b800000, 0x000000008b800000, 0x000000008b900000|  0%| F|  |TAMS 0x000000008b800000, 0x000000008b800000| Untracked 
| 185|0x000000008b900000, 0x000000008b900000, 0x000000008ba00000|  0%| F|  |TAMS 0x000000008b900000, 0x000000008b900000| Untracked 
| 186|0x000000008ba00000, 0x000000008ba00000, 0x000000008bb00000|  0%| F|  |TAMS 0x000000008ba00000, 0x000000008ba00000| Untracked 
| 187|0x000000008bb00000, 0x000000008bb00000, 0x000000008bc00000|  0%| F|  |TAMS 0x000000008bb00000, 0x000000008bb00000| Untracked 
| 188|0x000000008bc00000, 0x000000008bc00000, 0x000000008bd00000|  0%| F|  |TAMS 0x000000008bc00000, 0x000000008bc00000| Untracked 
| 189|0x000000008bd00000, 0x000000008bd00000, 0x000000008be00000|  0%| F|  |TAMS 0x000000008bd00000, 0x000000008bd00000| Untracked 
| 190|0x000000008be00000, 0x000000008be00000, 0x000000008bf00000|  0%| F|  |TAMS 0x000000008be00000, 0x000000008be00000| Untracked 
| 191|0x000000008bf00000, 0x000000008bf00000, 0x000000008c000000|  0%| F|  |TAMS 0x000000008bf00000, 0x000000008bf00000| Untracked 
| 192|0x000000008c000000, 0x000000008c000000, 0x000000008c100000|  0%| F|  |TAMS 0x000000008c000000, 0x000000008c000000| Untracked 
| 193|0x000000008c100000, 0x000000008c100000, 0x000000008c200000|  0%| F|  |TAMS 0x000000008c100000, 0x000000008c100000| Untracked 
| 194|0x000000008c200000, 0x000000008c200000, 0x000000008c300000|  0%| F|  |TAMS 0x000000008c200000, 0x000000008c200000| Untracked 
| 195|0x000000008c300000, 0x000000008c300000, 0x000000008c400000|  0%| F|  |TAMS 0x000000008c300000, 0x000000008c300000| Untracked 
| 196|0x000000008c400000, 0x000000008c4632c0, 0x000000008c500000| 38%| S|CS|TAMS 0x000000008c400000, 0x000000008c400000| Complete 
| 197|0x000000008c500000, 0x000000008c500000, 0x000000008c600000|  0%| F|  |TAMS 0x000000008c500000, 0x000000008c500000| Untracked 
| 251|0x000000008fb00000, 0x000000008fb00000, 0x000000008fc00000|  0%| F|  |TAMS 0x000000008fb00000, 0x000000008fb00000| Untracked 

Card table byte_map: [0x00000211ab400000,0x00000211ab800000] _byte_map_base: 0x00000211ab000000

Marking Bits (Prev, Next): (CMBitMap*) 0x00000211980ea8e0, (CMBitMap*) 0x00000211980ea8a0
 Prev Bits: [0x00000211adc00000, 0x00000211afc00000)
 Next Bits: [0x00000211abc00000, 0x00000211adc00000)

Polling page: 0x0000021195fa0000

Metaspace:

Usage:
  Non-class:     52.14 MB used.
      Class:      8.18 MB used.
       Both:     60.32 MB used.

Virtual space:
  Non-class space:       64.00 MB reserved,      52.44 MB ( 82%) committed,  1 nodes.
      Class space:        1.00 GB reserved,       8.50 MB ( <1%) committed,  1 nodes.
             Both:        1.06 GB reserved,      60.94 MB (  6%) committed. 

Chunk freelists:
   Non-Class:  11.12 MB
       Class:  7.53 MB
        Both:  18.66 MB

MaxMetaspaceSize: unlimited
CompressedClassSpaceSize: 1.00 GB
Initial GC threshold: 21.00 MB
Current GC threshold: 99.00 MB
CDS: off
MetaspaceReclaimPolicy: balanced
 - commit_granule_bytes: 65536.
 - commit_granule_words: 8192.
 - virtual_space_node_default_size: 8388608.
 - enlarge_chunks_in_place: 1.
 - new_chunks_are_fully_committed: 0.
 - uncommit_free_chunks: 1.
 - use_allocation_guard: 0.
 - handle_deallocations: 1.


Internal statistics:

num_allocs_failed_limit: 5.
num_arena_births: 742.
num_arena_deaths: 0.
num_vsnodes_births: 2.
num_vsnodes_deaths: 0.
num_space_committed: 975.
num_space_uncommitted: 0.
num_chunks_returned_to_freelist: 5.
num_chunks_taken_from_freelist: 2965.
num_chunk_merges: 0.
num_chunk_splits: 1883.
num_chunks_enlarged: 1222.
num_inconsistent_stats: 0.

CodeHeap 'non-profiled nmethods': size=119168Kb used=3887Kb max_used=3887Kb free=115280Kb
 bounds [0x00000211a3100000, 0x00000211a34d0000, 0x00000211aa560000]
CodeHeap 'profiled nmethods': size=119104Kb used=13366Kb max_used=13366Kb free=105737Kb
 bounds [0x000002119b560000, 0x000002119c270000, 0x00000211a29b0000]
CodeHeap 'non-nmethods': size=7488Kb used=4016Kb max_used=4085Kb free=3472Kb
 bounds [0x00000211a29b0000, 0x00000211a2dc0000, 0x00000211a3100000]
 total_blobs=7794 nmethods=6949 adapters=753
 compilation: enabled
              stopped_count=0, restarted_count=0
 full_count=0

Compilation events (20 events):
Event: 4.808 Thread 0x00000211b84ac510 7694       3       java.util.zip.ZipFile$ZipFileInflaterInputStream::available (44 bytes)
Event: 4.808 Thread 0x00000211b3012a20 7695   !   3       java.util.zip.Inflater::getBytesWritten (23 bytes)
Event: 4.808 Thread 0x00000211b3012a20 nmethod 7695 0x000002119c262510 code [0x000002119c2626c0, 0x000002119c2628e8]
Event: 4.808 Thread 0x00000211b84ac510 nmethod 7694 0x000002119c262a10 code [0x000002119c262be0, 0x000002119c262f48]
Event: 4.819 Thread 0x00000211b84ac510 7696       3       java.security.PermissionCollection::<init> (5 bytes)
Event: 4.819 Thread 0x00000211b84ac510 nmethod 7696 0x000002119c263090 code [0x000002119c263220, 0x000002119c263378]
Event: 4.833 Thread 0x00000211b3012a20 7697       3       java.lang.reflect.Proxy$ProxyBuilder::ensureAccess (39 bytes)
Event: 4.834 Thread 0x00000211b3012a20 nmethod 7697 0x000002119c263410 code [0x000002119c263660, 0x000002119c263ea8]
Event: 4.836 Thread 0x00000211b84ac510 7698       3       sun.reflect.annotation.AnnotationParser::skipMemberValue (11 bytes)
Event: 4.836 Thread 0x00000211b315a420 7699       3       sun.reflect.annotation.AnnotationParser::skipMemberValue (65 bytes)
Event: 4.836 Thread 0x00000211b84ac510 nmethod 7698 0x000002119c264290 code [0x000002119c264440, 0x000002119c264618]
Event: 4.837 Thread 0x00000211b315a420 nmethod 7699 0x000002119c264710 code [0x000002119c264940, 0x000002119c265038]
Event: 4.837 Thread 0x00000211b3d07b30 7700 %     3       org.gradle.internal.instantiation.generator.AbstractClassGenerator::inspectType @ 480 (560 bytes)
Event: 4.839 Thread 0x00000211b3d07b30 nmethod 7700% 0x000002119c265290 code [0x000002119c265a40, 0x000002119c26a688]
Event: 4.841 Thread 0x00000211b84ac510 7701       3       org.gradle.internal.classloader.TransformReplacer::getLoader (46 bytes)
Event: 4.842 Thread 0x00000211b315a420 7702       3       org.gradle.internal.io.StreamByteBuffer::readFully (27 bytes)
Event: 4.842 Thread 0x00000211b3012a20 7703       3       org.gradle.internal.io.StreamByteBuffer::readAsByteArray (21 bytes)
Event: 4.842 Thread 0x00000211b315a420 nmethod 7702 0x000002119c26bf10 code [0x000002119c26c0c0, 0x000002119c26c318]
Event: 4.842 Thread 0x00000211b3012a20 nmethod 7703 0x000002119c26c490 code [0x000002119c26c640, 0x000002119c26c878]
Event: 4.842 Thread 0x00000211b84ac510 nmethod 7701 0x000002119c26c990 code [0x000002119c26cbe0, 0x000002119c26d698]

GC Heap History (20 events):
Event: 3.467 GC heap after
{Heap after GC invocations=17 (full 0):
 garbage-first heap   total 101376K, used 61482K [0x0000000080000000, 0x0000000100000000)
  region size 1024K, 3 young (3072K), 3 survivors (3072K)
 Metaspace       used 50555K, committed 51008K, reserved 1114112K
  class space    used 6843K, committed 7040K, reserved 1048576K
}
Event: 3.497 GC heap before
{Heap before GC invocations=18 (full 0):
 garbage-first heap   total 114688K, used 69674K [0x0000000080000000, 0x0000000100000000)
  region size 1024K, 8 young (8192K), 3 survivors (3072K)
 Metaspace       used 50903K, committed 51456K, reserved 1114112K
  class space    used 6866K, committed 7104K, reserved 1048576K
}
Event: 3.498 GC heap after
{Heap after GC invocations=19 (full 0):
 garbage-first heap   total 114688K, used 67987K [0x0000000080000000, 0x0000000100000000)
  region size 1024K, 2 young (2048K), 2 survivors (2048K)
 Metaspace       used 50903K, committed 51456K, reserved 1114112K
  class space    used 6866K, committed 7104K, reserved 1048576K
}
Event: 3.660 GC heap before
{Heap before GC invocations=20 (full 0):
 garbage-first heap   total 121856K, used 85395K [0x0000000080000000, 0x0000000100000000)
  region size 1024K, 17 young (17408K), 2 survivors (2048K)
 Metaspace       used 53036K, committed 53568K, reserved 1114112K
  class space    used 7078K, committed 7296K, reserved 1048576K
}
Event: 3.661 GC heap after
{Heap after GC invocations=21 (full 0):
 garbage-first heap   total 121856K, used 68326K [0x0000000080000000, 0x0000000100000000)
  region size 1024K, 2 young (2048K), 2 survivors (2048K)
 Metaspace       used 53036K, committed 53568K, reserved 1114112K
  class space    used 7078K, committed 7296K, reserved 1048576K
}
Event: 3.789 GC heap before
{Heap before GC invocations=21 (full 0):
 garbage-first heap   total 121856K, used 89830K [0x0000000080000000, 0x0000000100000000)
  region size 1024K, 23 young (23552K), 2 survivors (2048K)
 Metaspace       used 53971K, committed 54592K, reserved 1114112K
  class space    used 7242K, committed 7552K, reserved 1048576K
}
Event: 3.791 GC heap after
{Heap after GC invocations=22 (full 0):
 garbage-first heap   total 121856K, used 69553K [0x0000000080000000, 0x0000000100000000)
  region size 1024K, 2 young (2048K), 2 survivors (2048K)
 Metaspace       used 53971K, committed 54592K, reserved 1114112K
  class space    used 7242K, committed 7552K, reserved 1048576K
}
Event: 4.069 GC heap before
{Heap before GC invocations=23 (full 0):
 garbage-first heap   total 121856K, used 92081K [0x0000000080000000, 0x0000000100000000)
  region size 1024K, 24 young (24576K), 2 survivors (2048K)
 Metaspace       used 56003K, committed 56640K, reserved 1114112K
  class space    used 7576K, committed 7872K, reserved 1048576K
}
Event: 4.071 GC heap after
{Heap after GC invocations=24 (full 0):
 garbage-first heap   total 146432K, used 71530K [0x0000000080000000, 0x0000000100000000)
  region size 1024K, 3 young (3072K), 3 survivors (3072K)
 Metaspace       used 56003K, committed 56640K, reserved 1114112K
  class space    used 7576K, committed 7872K, reserved 1048576K
}
Event: 4.432 GC heap before
{Heap before GC invocations=24 (full 0):
 garbage-first heap   total 146432K, used 107370K [0x0000000080000000, 0x0000000100000000)
  region size 1024K, 39 young (39936K), 3 survivors (3072K)
 Metaspace       used 59316K, committed 59904K, reserved 1114112K
  class space    used 8093K, committed 8384K, reserved 1048576K
}
Event: 4.435 GC heap after
{Heap after GC invocations=25 (full 0):
 garbage-first heap   total 146432K, used 75155K [0x0000000080000000, 0x0000000100000000)
  region size 1024K, 5 young (5120K), 5 survivors (5120K)
 Metaspace       used 59316K, committed 59904K, reserved 1114112K
  class space    used 8093K, committed 8384K, reserved 1048576K
}
Event: 4.587 GC heap before
{Heap before GC invocations=26 (full 0):
 garbage-first heap   total 146432K, used 109971K [0x0000000080000000, 0x0000000100000000)
  region size 1024K, 40 young (40960K), 5 survivors (5120K)
 Metaspace       used 59881K, committed 60544K, reserved 1114112K
  class space    used 8129K, committed 8448K, reserved 1048576K
}
Event: 4.590 GC heap after
{Heap after GC invocations=27 (full 0):
 garbage-first heap   total 146432K, used 79656K [0x0000000080000000, 0x0000000100000000)
  region size 1024K, 5 young (5120K), 5 survivors (5120K)
 Metaspace       used 59881K, committed 60544K, reserved 1114112K
  class space    used 8129K, committed 8448K, reserved 1048576K
}
Event: 4.594 GC heap before
{Heap before GC invocations=27 (full 0):
 garbage-first heap   total 146432K, used 80680K [0x0000000080000000, 0x0000000100000000)
  region size 1024K, 7 young (7168K), 5 survivors (5120K)
 Metaspace       used 59893K, committed 60608K, reserved 1114112K
  class space    used 8129K, committed 8448K, reserved 1048576K
}
Event: 4.596 GC heap after
{Heap after GC invocations=28 (full 0):
 garbage-first heap   total 146432K, used 79920K [0x0000000080000000, 0x0000000100000000)
  region size 1024K, 1 young (1024K), 1 survivors (1024K)
 Metaspace       used 59893K, committed 60608K, reserved 1114112K
  class space    used 8129K, committed 8448K, reserved 1048576K
}
Event: 4.685 GC heap before
{Heap before GC invocations=28 (full 0):
 garbage-first heap   total 146432K, used 99376K [0x0000000080000000, 0x0000000100000000)
  region size 1024K, 21 young (21504K), 1 survivors (1024K)
 Metaspace       used 60091K, committed 60800K, reserved 1114112K
  class space    used 8150K, committed 8512K, reserved 1048576K
}
Event: 4.686 GC heap after
{Heap after GC invocations=29 (full 0):
 garbage-first heap   total 146432K, used 82136K [0x0000000080000000, 0x0000000100000000)
  region size 1024K, 4 young (4096K), 4 survivors (4096K)
 Metaspace       used 60091K, committed 60800K, reserved 1114112K
  class space    used 8150K, committed 8512K, reserved 1048576K
}
Event: 4.834 GC heap before
{Heap before GC invocations=30 (full 0):
 garbage-first heap   total 148480K, used 128168K [0x0000000080000000, 0x0000000100000000)
  region size 1024K, 35 young (35840K), 4 survivors (4096K)
 Metaspace       used 61650K, committed 62336K, reserved 1114112K
  class space    used 8354K, committed 8704K, reserved 1048576K
}
Event: 4.836 GC heap after
{Heap after GC invocations=31 (full 0):
 garbage-first heap   total 148480K, used 105112K [0x0000000080000000, 0x0000000100000000)
  region size 1024K, 5 young (5120K), 5 survivors (5120K)
 Metaspace       used 61650K, committed 62336K, reserved 1114112K
  class space    used 8354K, committed 8704K, reserved 1048576K
}
Event: 4.844 GC heap before
{Heap before GC invocations=31 (full 0):
 garbage-first heap   total 148480K, used 106136K [0x0000000080000000, 0x0000000100000000)
  region size 1024K, 7 young (7168K), 5 survivors (5120K)
 Metaspace       used 61768K, committed 62400K, reserved 1114112K
  class space    used 8374K, committed 8704K, reserved 1048576K
}

Dll operation events (3 events):
Event: 0.005 Loaded shared library C:\Program Files\Android\Android Studio2\jbr\bin\java.dll
Event: 0.108 Loaded shared library C:\Program Files\Android\Android Studio2\jbr\bin\zip.dll
Event: 0.272 Loaded shared library C:\Program Files\Android\Android Studio2\jbr\bin\verify.dll

Deoptimization events (20 events):
Event: 4.762 Thread 0x00000211b90772d0 Uncommon trap: trap_request=0xffffffc6 fr.pc=0x00000211a3491b94 relative=0x00000000000003d4
Event: 4.762 Thread 0x00000211b90772d0 Uncommon trap: reason=bimorphic_or_optimized_type_check action=maybe_recompile pc=0x00000211a3491b94 method=com.google.common.cache.LocalCache$Segment.getEntry(Ljava/lang/Object;I)Lcom/google/common/cache/ReferenceEntry; @ 62 c2
Event: 4.762 Thread 0x00000211b90772d0 DEOPT PACKING pc=0x00000211a3491b94 sp=0x000000a8859f6b80
Event: 4.762 Thread 0x00000211b90772d0 DEOPT UNPACKING pc=0x00000211a2a069a3 sp=0x000000a8859f6b28 mode 2
Event: 4.797 Thread 0x00000211b90772d0 Uncommon trap: trap_request=0xffffffde fr.pc=0x00000211a3333ae0 relative=0x0000000000000860
Event: 4.797 Thread 0x00000211b90772d0 Uncommon trap: reason=class_check action=maybe_recompile pc=0x00000211a3333ae0 method=java.io.BufferedInputStream.read1([BII)I @ 39 c2
Event: 4.797 Thread 0x00000211b90772d0 DEOPT PACKING pc=0x00000211a3333ae0 sp=0x000000a8859f5d60
Event: 4.797 Thread 0x00000211b90772d0 DEOPT UNPACKING pc=0x00000211a2a069a3 sp=0x000000a8859f5c78 mode 2
Event: 4.797 Thread 0x00000211b90772d0 Uncommon trap: trap_request=0xffffffc6 fr.pc=0x00000211a3201354 relative=0x0000000000000c54
Event: 4.797 Thread 0x00000211b90772d0 Uncommon trap: reason=bimorphic_or_optimized_type_check action=maybe_recompile pc=0x00000211a3201354 method=java.util.Properties$LineReader.readLine()I @ 479 c2
Event: 4.797 Thread 0x00000211b90772d0 DEOPT PACKING pc=0x00000211a3201354 sp=0x000000a8859f5e30
Event: 4.797 Thread 0x00000211b90772d0 DEOPT UNPACKING pc=0x00000211a2a069a3 sp=0x000000a8859f5db8 mode 2
Event: 4.797 Thread 0x00000211b90772d0 Uncommon trap: trap_request=0xffffffde fr.pc=0x00000211a3333ae0 relative=0x0000000000000860
Event: 4.797 Thread 0x00000211b90772d0 Uncommon trap: reason=class_check action=maybe_recompile pc=0x00000211a3333ae0 method=java.io.BufferedInputStream.read1([BII)I @ 39 c2
Event: 4.797 Thread 0x00000211b90772d0 DEOPT PACKING pc=0x00000211a3333ae0 sp=0x000000a8859f5d10
Event: 4.797 Thread 0x00000211b90772d0 DEOPT UNPACKING pc=0x00000211a2a069a3 sp=0x000000a8859f5c28 mode 2
Event: 4.797 Thread 0x00000211b90772d0 Uncommon trap: trap_request=0xffffffde fr.pc=0x00000211a3333ae0 relative=0x0000000000000860
Event: 4.797 Thread 0x00000211b90772d0 Uncommon trap: reason=class_check action=maybe_recompile pc=0x00000211a3333ae0 method=java.io.BufferedInputStream.read1([BII)I @ 39 c2
Event: 4.797 Thread 0x00000211b90772d0 DEOPT PACKING pc=0x00000211a3333ae0 sp=0x000000a8859f5d60
Event: 4.797 Thread 0x00000211b90772d0 DEOPT UNPACKING pc=0x00000211a2a069a3 sp=0x000000a8859f5c78 mode 2

Classes unloaded (0 events):
No events

Classes redefined (0 events):
No events

Internal exceptions (20 events):
Event: 3.932 Thread 0x00000211b90772d0 Exception <a 'java/lang/ClassNotFoundException'{0x000000008bf4ea78}: java/lang/StringCustomizer> (0x000000008bf4ea78) 
thrown [s\src\hotspot\share\classfile\systemDictionary.cpp, line 256]
Event: 4.011 Thread 0x00000211b90772d0 Exception <a 'java/lang/ClassNotFoundException'{0x0000000086618158}: org/gradle/api/internal/project/DefaultProject_DecoratedBeanInfo> (0x0000000086618158) 
thrown [s\src\hotspot\share\classfile\systemDictionary.cpp, line 256]
Event: 4.011 Thread 0x00000211b90772d0 Exception <a 'java/lang/ClassNotFoundException'{0x00000000866262c8}: org/gradle/api/internal/project/DefaultProjectBeanInfo> (0x00000000866262c8) 
thrown [s\src\hotspot\share\classfile\systemDictionary.cpp, line 256]
Event: 4.011 Thread 0x00000211b90772d0 Exception <a 'java/lang/ClassNotFoundException'{0x0000000086634460}: org/gradle/api/internal/project/DefaultProjectCustomizer> (0x0000000086634460) 
thrown [s\src\hotspot\share\classfile\systemDictionary.cpp, line 256]
Event: 4.014 Thread 0x00000211b90772d0 Exception <a 'java/lang/ClassNotFoundException'{0x00000000866dfc18}: org/gradle/api/internal/project/DefaultProject_DecoratedCustomizer> (0x00000000866dfc18) 
thrown [s\src\hotspot\share\classfile\systemDictionary.cpp, line 256]
Event: 4.111 Thread 0x00000211b90772d0 Exception <a 'java/lang/NoSuchMethodError'{0x000000008c385ab0}: 'long java.lang.invoke.DirectMethodHandle$Holder.invokeStatic(java.lang.Object, long)'> (0x000000008c385ab0) 
thrown [s\src\hotspot\share\interpreter\linkResolver.cpp, line 771]
Event: 4.166 Thread 0x00000211b90772d0 Exception <a 'java/lang/NoSuchMethodError'{0x000000008bd72518}: 'void java.lang.invoke.DirectMethodHandle$Holder.invokeStatic(java.lang.Object, java.lang.Object, java.lang.Object, java.lang.Object, java.lang.Object, java.lang.Object)'> (0x000000008bd72518) 
thrown [s\src\hotspot\share\interpreter\linkResolver.cpp, line 771]
Event: 4.173 Thread 0x00000211b90772d0 Exception <a 'java/lang/NoSuchMethodError'{0x000000008bdf3e30}: 'java.lang.Object java.lang.invoke.DirectMethodHandle$Holder.invokeSpecial(java.lang.Object, java.lang.Object, java.lang.Object, java.lang.Object, java.lang.Object, java.lang.Object, java.lang.Object, java.lang.Object, java.lang.Object, java.lang.Object, java.lang.Object, java.lang.Object, java.lang.Object, java.lang.Object, java.lang.Object, java.lang.Object, java.lang.Object, java.lang.Object, java.lang.Object, java.lang.Object, java.lang.Ob
Event: 4.173 Thread 0x00000211b90772d0 Exception <a 'java/lang/NoSuchMethodError'{0x000000008bdfa340}: 'java.lang.Object java.lang.invoke.DelegatingMethodHandle$Holder.reinvoke_L(java.lang.Object, java.lang.Object, java.lang.Object, java.lang.Object, java.lang.Object, java.lang.Object, java.lang.Object, java.lang.Object, java.lang.Object, java.lang.Object, java.lang.Object, java.lang.Object, java.lang.Object, java.lang.Object, java.lang.Object, java.lang.Object, java.lang.Object, java.lang.Object, java.lang.Object, java.lang.Object, java.lang.O
Event: 4.174 Thread 0x00000211b90772d0 Exception <a 'java/lang/NoSuchMethodError'{0x000000008841df68}: 'java.lang.Object java.lang.invoke.Invokers$Holder.invoker(java.lang.Object, java.lang.Object, java.lang.Object, java.lang.Object, java.lang.Object, java.lang.Object, java.lang.Object, java.lang.Object, java.lang.Object, java.lang.Object, java.lang.Object, java.lang.Object, java.lang.Object, java.lang.Object, java.lang.Object, java.lang.Object, java.lang.Object, java.lang.Object, java.lang.Object, java.lang.Object, java.lang.Object, java.lang.
Event: 4.174 Thread 0x00000211b90772d0 Exception <a 'java/lang/NoSuchMethodError'{0x0000000088424b68}: 'java.lang.Object java.lang.invoke.DelegatingMethodHandle$Holder.delegate(java.lang.Object, java.lang.Object, java.lang.Object, java.lang.Object, java.lang.Object, java.lang.Object, java.lang.Object, java.lang.Object, java.lang.Object, java.lang.Object, java.lang.Object, java.lang.Object, java.lang.Object, java.lang.Object, java.lang.Object, java.lang.Object, java.lang.Object, java.lang.Object, java.lang.Object, java.lang.Object, java.lang.Obj
Event: 4.181 Thread 0x00000211b90772d0 Exception <a 'java/lang/NoSuchMethodError'{0x00000000884f0fd0}: 'java.lang.Object java.lang.invoke.DirectMethodHandle$Holder.invokeStatic(java.lang.Object, java.lang.Object, java.lang.Object, java.lang.Object, java.lang.Object, java.lang.Object, java.lang.Object, java.lang.Object, java.lang.Object, java.lang.Object, java.lang.Object, java.lang.Object, java.lang.Object, java.lang.Object, java.lang.Object, java.lang.Object, java.lang.Object, java.lang.Object, java.lang.Object, java.lang.Object, java.lang.Obj
Event: 4.263 Thread 0x00000211b90772d0 Exception <a 'java/lang/NoSuchMethodError'{0x0000000087a35338}: 'int java.lang.invoke.DirectMethodHandle$Holder.invokeSpecialIFC(java.lang.Object, java.lang.Object, java.lang.Object)'> (0x0000000087a35338) 
thrown [s\src\hotspot\share\interpreter\linkResolver.cpp, line 771]
Event: 4.291 Thread 0x00000211b90772d0 Exception <a 'java/lang/NoSuchMethodError'{0x00000000877e90c8}: 'java.lang.Object java.lang.invoke.DirectMethodHandle$Holder.newInvokeSpecial(java.lang.Object, java.lang.Object, java.lang.Object, java.lang.Object, java.lang.Object, int)'> (0x00000000877e90c8) 
thrown [s\src\hotspot\share\interpreter\linkResolver.cpp, line 771]
Event: 4.291 Thread 0x00000211b90772d0 Exception <a 'java/lang/NoSuchMethodError'{0x00000000877ee780}: 'java.lang.Object java.lang.invoke.DirectMethodHandle$Holder.invokeSpecial(java.lang.Object, java.lang.Object, java.lang.Object, java.lang.Object, java.lang.Object, java.lang.Object, int)'> (0x00000000877ee780) 
thrown [s\src\hotspot\share\interpreter\linkResolver.cpp, line 771]
Event: 4.292 Thread 0x00000211b90772d0 Exception <a 'java/lang/NoSuchMethodError'{0x00000000877f37c0}: 'java.lang.Object java.lang.invoke.Invokers$Holder.linkToTargetMethod(java.lang.Object, java.lang.Object, java.lang.Object, java.lang.Object, int, java.lang.Object)'> (0x00000000877f37c0) 
thrown [s\src\hotspot\share\interpreter\linkResolver.cpp, line 771]
Event: 4.293 Thread 0x00000211b90772d0 Exception <a 'java/lang/NoSuchMethodError'{0x00000000876262f8}: 'java.lang.Object java.lang.invoke.DirectMethodHandle$Holder.invokeSpecial(java.lang.Object, java.lang.Object, java.lang.Object, java.lang.Object, java.lang.Object, long)'> (0x00000000876262f8) 
thrown [s\src\hotspot\share\interpreter\linkResolver.cpp, line 771]
Event: 4.294 Thread 0x00000211b90772d0 Exception <a 'java/lang/NoSuchMethodError'{0x0000000087655780}: 'void java.lang.invoke.DirectMethodHandle$Holder.invokeStatic(java.lang.Object, java.lang.Object, java.lang.Object, int, java.lang.Object)'> (0x0000000087655780) 
thrown [s\src\hotspot\share\interpreter\linkResolver.cpp, line 771]
Event: 4.683 Thread 0x00000211b90772d0 Implicit null exception at 0x00000211a3417d31 to 0x00000211a3418458
Event: 4.683 Thread 0x00000211b90772d0 Implicit null exception at 0x00000211a3418d95 to 0x00000211a3419428

VM Operations (20 events):
Event: 4.447 Executing VM operation: G1PauseRemark done
Event: 4.453 Executing VM operation: G1PauseCleanup
Event: 4.453 Executing VM operation: G1PauseCleanup done
Event: 4.529 Executing VM operation: ICBufferFull
Event: 4.529 Executing VM operation: ICBufferFull done
Event: 4.529 Executing VM operation: ICBufferFull
Event: 4.529 Executing VM operation: ICBufferFull done
Event: 4.587 Executing VM operation: G1CollectForAllocation
Event: 4.590 Executing VM operation: G1CollectForAllocation done
Event: 4.594 Executing VM operation: G1CollectForAllocation
Event: 4.596 Executing VM operation: G1CollectForAllocation done
Event: 4.685 Executing VM operation: G1TryInitiateConcMark
Event: 4.686 Executing VM operation: G1TryInitiateConcMark done
Event: 4.697 Executing VM operation: G1PauseRemark
Event: 4.699 Executing VM operation: G1PauseRemark done
Event: 4.705 Executing VM operation: G1PauseCleanup
Event: 4.705 Executing VM operation: G1PauseCleanup done
Event: 4.834 Executing VM operation: G1CollectForAllocation
Event: 4.836 Executing VM operation: G1CollectForAllocation done
Event: 4.844 Executing VM operation: G1CollectForAllocation

Events (20 events):
Event: 4.531 Thread 0x00000211bda25570 Thread added: 0x00000211bda25570
Event: 4.532 Thread 0x00000211bda25a80 Thread added: 0x00000211bda25a80
Event: 4.534 Thread 0x00000211bcf88b40 Thread added: 0x00000211bcf88b40
Event: 4.535 Thread 0x00000211bcf871f0 Thread added: 0x00000211bcf871f0
Event: 4.535 Thread 0x00000211bcf83530 Thread added: 0x00000211bcf83530
Event: 4.536 Thread 0x00000211bcf87700 Thread added: 0x00000211bcf87700
Event: 4.537 Thread 0x00000211bcf87c10 Thread added: 0x00000211bcf87c10
Event: 4.539 Thread 0x00000211bcf8a490 Thread added: 0x00000211bcf8a490
Event: 4.540 Thread 0x00000211bcf88630 Thread added: 0x00000211bcf88630
Event: 4.540 Thread 0x00000211bcf89f80 Thread added: 0x00000211bcf89f80
Event: 4.541 Thread 0x00000211bcf89050 Thread added: 0x00000211bcf89050
Event: 4.542 Thread 0x00000211bcf89560 Thread added: 0x00000211bcf89560
Event: 4.544 Thread 0x00000211bcf83a40 Thread added: 0x00000211bcf83a40
Event: 4.545 Thread 0x00000211bcf88120 Thread added: 0x00000211bcf88120
Event: 4.754 Thread 0x00000211bcf89a70 Thread added: 0x00000211bcf89a70
Event: 4.754 Thread 0x00000211bcf84460 Thread added: 0x00000211bcf84460
Event: 4.754 Thread 0x00000211bcf867d0 Thread added: 0x00000211bcf867d0
Event: 4.756 Thread 0x00000211bcf83020 Thread added: 0x00000211bcf83020
Event: 4.756 Thread 0x00000211bcf84e80 Thread added: 0x00000211bcf84e80
Event: 4.757 Thread 0x00000211bcf8a9a0 Thread added: 0x00000211bcf8a9a0


Dynamic libraries:
0x00007ff621960000 - 0x00007ff62196a000 	C:\Program Files\Android\Android Studio2\jbr\bin\java.exe
0x00007ffa77f70000 - 0x00007ffa78187000 	C:\WINDOWS\SYSTEM32\ntdll.dll
0x00007ffa76640000 - 0x00007ffa76704000 	C:\WINDOWS\System32\KERNEL32.DLL
0x00007ffa752b0000 - 0x00007ffa75667000 	C:\WINDOWS\System32\KERNELBASE.dll
0x00007ffa75b80000 - 0x00007ffa75c91000 	C:\WINDOWS\System32\ucrtbase.dll
0x00007ffa55660000 - 0x00007ffa5567b000 	C:\Program Files\Android\Android Studio2\jbr\bin\VCRUNTIME140.dll
0x00007ffa6c360000 - 0x00007ffa6c377000 	C:\Program Files\Android\Android Studio2\jbr\bin\jli.dll
0x00007ffa76290000 - 0x00007ffa7643f000 	C:\WINDOWS\System32\USER32.dll
0x00007ffa75a60000 - 0x00007ffa75a86000 	C:\WINDOWS\System32\win32u.dll
0x00007ffa77a60000 - 0x00007ffa77a89000 	C:\WINDOWS\System32\GDI32.dll
0x00007ffa61aa0000 - 0x00007ffa61d33000 	C:\WINDOWS\WinSxS\amd64_microsoft.windows.common-controls_6595b64144ccf1df_6.0.22621.3672_none_2713b9d173822955\COMCTL32.dll
0x00007ffa75670000 - 0x00007ffa75788000 	C:\WINDOWS\System32\gdi32full.dll
0x00007ffa76870000 - 0x00007ffa76917000 	C:\WINDOWS\System32\msvcrt.dll
0x00007ffa75790000 - 0x00007ffa7582a000 	C:\WINDOWS\System32\msvcp_win.dll
0x00007ffa76ad0000 - 0x00007ffa76b01000 	C:\WINDOWS\System32\IMM32.DLL
0x00007ffa61470000 - 0x00007ffa6147c000 	C:\Program Files\Android\Android Studio2\jbr\bin\vcruntime140_1.dll
0x00007ffa20c10000 - 0x00007ffa20c9d000 	C:\Program Files\Android\Android Studio2\jbr\bin\msvcp140.dll
0x00007ffa15620000 - 0x00007ffa162a3000 	C:\Program Files\Android\Android Studio2\jbr\bin\server\jvm.dll
0x00007ffa77020000 - 0x00007ffa770d2000 	C:\WINDOWS\System32\ADVAPI32.dll
0x00007ffa77140000 - 0x00007ffa771e8000 	C:\WINDOWS\System32\sechost.dll
0x00007ffa75280000 - 0x00007ffa752a8000 	C:\WINDOWS\System32\bcrypt.dll
0x00007ffa75d50000 - 0x00007ffa75e64000 	C:\WINDOWS\System32\RPCRT4.dll
0x00007ffa6b8b0000 - 0x00007ffa6b8ba000 	C:\WINDOWS\SYSTEM32\VERSION.dll
0x00007ffa6e100000 - 0x00007ffa6e109000 	C:\WINDOWS\SYSTEM32\WSOCK32.dll
0x00007ffa740f0000 - 0x00007ffa7413d000 	C:\WINDOWS\SYSTEM32\POWRPROF.dll
0x00007ffa6eda0000 - 0x00007ffa6edd4000 	C:\WINDOWS\SYSTEM32\WINMM.dll
0x00007ffa77e90000 - 0x00007ffa77f01000 	C:\WINDOWS\System32\WS2_32.dll
0x00007ffa740d0000 - 0x00007ffa740e3000 	C:\WINDOWS\SYSTEM32\UMPDC.dll
0x00007ffa74320000 - 0x00007ffa74338000 	C:\WINDOWS\SYSTEM32\kernel.appcore.dll
0x00007ffa700b0000 - 0x00007ffa700ba000 	C:\Program Files\Android\Android Studio2\jbr\bin\jimage.dll
0x00007ffa72aa0000 - 0x00007ffa72cd2000 	C:\WINDOWS\SYSTEM32\DBGHELP.DLL
0x00007ffa75ef0000 - 0x00007ffa7627e000 	C:\WINDOWS\System32\combase.dll
0x00007ffa76460000 - 0x00007ffa76537000 	C:\WINDOWS\System32\OLEAUT32.dll
0x00007ffa65ec0000 - 0x00007ffa65ef2000 	C:\WINDOWS\SYSTEM32\dbgcore.DLL
0x00007ffa75a90000 - 0x00007ffa75b0b000 	C:\WINDOWS\System32\bcryptPrimitives.dll
0x00007ffa5efd0000 - 0x00007ffa5efde000 	C:\Program Files\Android\Android Studio2\jbr\bin\instrument.dll
0x00007ffa6fca0000 - 0x00007ffa6fcc5000 	C:\Program Files\Android\Android Studio2\jbr\bin\java.dll
0x00007ffa6fc80000 - 0x00007ffa6fc98000 	C:\Program Files\Android\Android Studio2\jbr\bin\zip.dll
0x00007ffa771f0000 - 0x00007ffa77a59000 	C:\WINDOWS\System32\SHELL32.dll
0x00007ffa731b0000 - 0x00007ffa73aaf000 	C:\WINDOWS\SYSTEM32\windows.storage.dll
0x00007ffa73070000 - 0x00007ffa731af000 	C:\WINDOWS\SYSTEM32\wintypes.dll
0x00007ffa76540000 - 0x00007ffa76639000 	C:\WINDOWS\System32\SHCORE.dll
0x00007ffa77e30000 - 0x00007ffa77e8e000 	C:\WINDOWS\System32\shlwapi.dll
0x00007ffa751b0000 - 0x00007ffa751d7000 	C:\WINDOWS\SYSTEM32\profapi.dll
0x00007ffa6eee0000 - 0x00007ffa6eef9000 	C:\Program Files\Android\Android Studio2\jbr\bin\net.dll
0x00007ffa70cb0000 - 0x00007ffa70de6000 	C:\WINDOWS\SYSTEM32\WINHTTP.dll
0x00007ffa747e0000 - 0x00007ffa74849000 	C:\WINDOWS\system32\mswsock.dll
0x00007ffa6ee40000 - 0x00007ffa6ee56000 	C:\Program Files\Android\Android Studio2\jbr\bin\nio.dll
0x00007ffa6c610000 - 0x00007ffa6c620000 	C:\Program Files\Android\Android Studio2\jbr\bin\verify.dll
0x00007ffa2aec0000 - 0x00007ffa2aee7000 	C:\Users\Hashem Arenat\.gradle\native\c067742578af261105cb4f569cf0c3c89f3d7b1fecec35dd04571415982c5e48\windows-amd64\native-platform.dll
0x00007ffa1f7c0000 - 0x00007ffa1f904000 	C:\Users\Hashem Arenat\.gradle\native\38dada09dfb8b06ba9b0570ebf7e218e3eb74d4ef43ca46872605cf95ebc2f47\windows-amd64\native-platform-file-events.dll
0x00007ffa6e820000 - 0x00007ffa6e829000 	C:\Program Files\Android\Android Studio2\jbr\bin\management.dll
0x00007ffa6e5c0000 - 0x00007ffa6e5cb000 	C:\Program Files\Android\Android Studio2\jbr\bin\management_ext.dll
0x00007ffa76280000 - 0x00007ffa76288000 	C:\WINDOWS\System32\PSAPI.DLL
0x00007ffa74b30000 - 0x00007ffa74b4b000 	C:\WINDOWS\SYSTEM32\CRYPTSP.dll
0x00007ffa742e0000 - 0x00007ffa74315000 	C:\WINDOWS\system32\rsaenh.dll
0x00007ffa74880000 - 0x00007ffa748a8000 	C:\WINDOWS\SYSTEM32\USERENV.dll
0x00007ffa74b10000 - 0x00007ffa74b1c000 	C:\WINDOWS\SYSTEM32\CRYPTBASE.dll
0x00007ffa73d80000 - 0x00007ffa73dad000 	C:\WINDOWS\SYSTEM32\IPHLPAPI.DLL
0x00007ffa76440000 - 0x00007ffa76449000 	C:\WINDOWS\System32\NSI.dll
0x00007ffa70890000 - 0x00007ffa708a9000 	C:\WINDOWS\SYSTEM32\dhcpcsvc6.DLL
0x00007ffa70870000 - 0x00007ffa7088f000 	C:\WINDOWS\SYSTEM32\dhcpcsvc.DLL
0x00007ffa73df0000 - 0x00007ffa73ef2000 	C:\WINDOWS\SYSTEM32\DNSAPI.dll
0x00007ffa6fbe0000 - 0x00007ffa6fbe9000 	C:\Program Files\Android\Android Studio2\jbr\bin\extnet.dll
0x00007ffa65ff0000 - 0x00007ffa65ff8000 	C:\WINDOWS\system32\wshunix.dll

dbghelp: loaded successfully - version: 4.0.5 - missing functions: none
symbol engine: initialized successfully - sym options: 0x614 - pdb path: .;C:\Program Files\Android\Android Studio2\jbr\bin;C:\WINDOWS\SYSTEM32;C:\WINDOWS\WinSxS\amd64_microsoft.windows.common-controls_6595b64144ccf1df_6.0.22621.3672_none_2713b9d173822955;C:\Program Files\Android\Android Studio2\jbr\bin\server;C:\Users\Hashem Arenat\.gradle\native\c067742578af261105cb4f569cf0c3c89f3d7b1fecec35dd04571415982c5e48\windows-amd64;C:\Users\Hashem Arenat\.gradle\native\38dada09dfb8b06ba9b0570ebf7e218e3eb74d4ef43ca46872605cf95ebc2f47\windows-amd64

VM Arguments:
jvm_args: --add-opens=java.base/java.util=ALL-UNNAMED --add-opens=java.base/java.lang=ALL-UNNAMED --add-opens=java.base/java.lang.invoke=ALL-UNNAMED --add-opens=java.prefs/java.util.prefs=ALL-UNNAMED --add-opens=java.base/java.nio.charset=ALL-UNNAMED --add-opens=java.base/java.net=ALL-UNNAMED --add-opens=java.base/java.util.concurrent.atomic=ALL-UNNAMED -Xmx2048m -Dfile.encoding=UTF-8 -Duser.country=US -Duser.language=en -Duser.variant -javaagent:C:\Users\Hashem Arenat\.gradle\wrapper\dists\gradle-8.7-bin\bhs2wmbdwecv87pi65oeuq5iu\gradle-8.7\lib\agents\gradle-instrumentation-agent-8.7.jar 
java_command: org.gradle.launcher.daemon.bootstrap.GradleDaemon 8.7
java_class_path (initial): C:\Users\Hashem Arenat\.gradle\wrapper\dists\gradle-8.7-bin\bhs2wmbdwecv87pi65oeuq5iu\gradle-8.7\lib\gradle-launcher-8.7.jar
Launcher Type: SUN_STANDARD

[Global flags]
     intx CICompilerCount                          = 12                                        {product} {ergonomic}
     uint ConcGCThreads                            = 4                                         {product} {ergonomic}
     uint G1ConcRefinementThreads                  = 15                                        {product} {ergonomic}
   size_t G1HeapRegionSize                         = 1048576                                   {product} {ergonomic}
    uintx GCDrainStackTargetSize                   = 64                                        {product} {ergonomic}
   size_t InitialHeapSize                          = 264241152                                 {product} {ergonomic}
   size_t MarkStackSize                            = 4194304                                   {product} {ergonomic}
   size_t MaxHeapSize                              = 2147483648                                {product} {command line}
   size_t MaxNewSize                               = 1287651328                                {product} {ergonomic}
   size_t MinHeapDeltaBytes                        = 1048576                                   {product} {ergonomic}
   size_t MinHeapSize                              = 8388608                                   {product} {ergonomic}
    uintx NonNMethodCodeHeapSize                   = 7602480                                {pd product} {ergonomic}
    uintx NonProfiledCodeHeapSize                  = 122027880                              {pd product} {ergonomic}
    uintx ProfiledCodeHeapSize                     = 122027880                              {pd product} {ergonomic}
    uintx ReservedCodeCacheSize                    = 251658240                              {pd product} {ergonomic}
     bool SegmentedCodeCache                       = true                                      {product} {ergonomic}
   size_t SoftMaxHeapSize                          = 2147483648                             {manageable} {ergonomic}
     bool UseCompressedClassPointers               = true                           {product lp64_product} {ergonomic}
     bool UseCompressedOops                        = true                           {product lp64_product} {ergonomic}
     bool UseG1GC                                  = true                                      {product} {ergonomic}
     bool UseLargePagesIndividualAllocation        = false                                  {pd product} {ergonomic}

Logging:
Log output configuration:
 #0: stdout all=warning uptime,level,tags
 #1: stderr all=off uptime,level,tags

Environment Variables:
JAVA_HOME=C:\Program Files\Java\jdk-21
PATH=D:\DevSuiteHome_1\jdk\jre\bin\classic;D:\DevSuiteHome_1\jdk\jre\bin;D:\DevSuiteHome_1\jdk\jre\bin\client;D:\DevSuiteHome_1\jlib;D:\DevSuiteHome_1\bin;D:\DevSuiteHome_1\jre\1.4.2\bin\client;D:\DevSuiteHome_1\jre\1.4.2\bin;C:\Program Files\Common Files\Oracle\Java\javapath;C:\WINDOWS\system32;C:\WINDOWS;C:\WINDOWS\System32\Wbem;C:\WINDOWS\System32\WindowsPowerShell\v1.0\;C:\WINDOWS\System32\OpenSSH\;C:\MinGW\bin;C:\Program Files\Java\jdk-21\bin;C:\Program Files\nodejs;C:\Program Files\nodejs\node_modules\npm\bin;C:\Program Files\Git\cmd;C:\Program Files\dotnet\;C:\Users\Hashem Arenat\AppData\Local\Microsoft\WindowsApps;C:\AppServ\Apache24\bin;C:\AppServ\php7;C:\AppServ\MySQL\bin;C:\Program Files\Java\jdk-21\bin;C:\scrcpy-win64-v2.2;C:\dart-sdk\bin;C:\Users\Hashem Arenat\AppData\Local\Programs\Microsoft VS Code\bin;C:\flutter\bin;C:\Users\Hashem Arenat\Desktop\cmder\bin;C:\Users\Hashem Arenat\AppData\Roaming\npm;;C:\Program Files\JetBrains\IntelliJ IDEA Community Edition 2024.1.2\bin;;C:\Program Files\JetBrains\IntelliJ IDEA 2024.1.2\bin;
USERNAME=Hashem 1
OS=Windows_NT
PROCESSOR_IDENTIFIER=Intel64 Family 6 Model 154 Stepping 3, GenuineIntel
TMP=C:\Users\HASHEM~1\AppData\Local\Temp
TEMP=C:\Users\HASHEM~1\AppData\Local\Temp



Periodic native trim disabled

JNI global refs:
JNI global refs: 33, weak refs: 0

JNI global refs memory usage: 843, weak refs: 841

OOME stack traces (most recent first):
Classloader memory used:
Loader org.gradle.internal.classloader.VisitableURLClassLoader                         : 3609K
Loader bootstrap                                                                       : 2485K
Loader org.gradle.initialization.MixInLegacyTypesClassLoader                           : 1114K
Loader org.gradle.internal.classloader.VisitableURLClassLoader$InstrumentingVisitableURLClassLoader: 265K
Loader org.gradle.internal.classloader.VisitableURLClassLoader                         : 108K
Loader jdk.internal.loader.ClassLoaders$PlatformClassLoader                            : 65950B
Loader jdk.internal.reflect.DelegatingClassLoader                                      : 29278B
Loader jdk.internal.loader.ClassLoaders$AppClassLoader                                 : 28764B
Loader org.gradle.groovy.scripts.internal.DefaultScriptCompilationHandler$ScriptClassLoader: 10897B
Loader org.codehaus.groovy.runtime.callsite.CallSiteClassLoader                        : 6077B

Classes loaded by more than one classloader:
Class Program                                                                         : loaded 4 times (x 72B)
Class org.gradle.internal.Cast                                                        : loaded 3 times (x 69B)
Class org.gradle.api.GradleException                                                  : loaded 3 times (x 80B)
Class com.google.common.collect.SingletonImmutableList                                : loaded 2 times (x 167B)
Class org.gradle.internal.classpath.ClassPath                                         : loaded 2 times (x 68B)
Class org.gradle.api.internal.classpath.DefaultModuleRegistry                         : loaded 2 times (x 84B)
Class org.gradle.internal.exceptions.NonGradleCauseExceptionsHolder                   : loaded 2 times (x 68B)
Class Settings_gradle$1$1                                                             : loaded 2 times (x 72B)
Class com.google.common.collect.ListMultimap                                          : loaded 2 times (x 68B)
Class com.google.common.base.CharMatcher$JavaDigit                                    : loaded 2 times (x 109B)
Class com.google.common.base.CharMatcher$Digit                                        : loaded 2 times (x 110B)
Class org.gradle.api.Action                                                           : loaded 2 times (x 68B)
Class org.jetbrains.kotlin.idea.gradleTooling.model.samWithReceiver.SamWithReceiverModel: loaded 2 times (x 68B)
Class com.google.common.collect.Lists$StringAsImmutableList                           : loaded 2 times (x 167B)
Class org.jetbrains.plugins.gradle.model.ExternalProject                              : loaded 2 times (x 68B)
Class org.jetbrains.plugins.gradle.model.IntelliJSettings                             : loaded 2 times (x 68B)
Class com.google.common.base.CharMatcher                                              : loaded 2 times (x 109B)
Class com.google.common.base.CharMatcher$IsNot                                        : loaded 2 times (x 109B)
Class com.google.common.base.Splitter                                                 : loaded 2 times (x 70B)
Class org.jetbrains.kotlin.idea.gradleTooling.KotlinMPPGradleModel                    : loaded 2 times (x 68B)
Class org.gradle.api.internal.DefaultClassPathProvider                                : loaded 2 times (x 74B)
Class org.gradle.internal.installation.GradleInstallation$1                           : loaded 2 times (x 73B)
Class com.google.common.base.CharMatcher$BitSetMatcher                                : loaded 2 times (x 110B)
Class org.gradle.internal.exceptions.DefaultMultiCauseException                       : loaded 2 times (x 93B)
Class org.gradle.tooling.model.UnsupportedMethodException                             : loaded 2 times (x 80B)
Class org.gradle.internal.time.MonotonicClock                                         : loaded 2 times (x 75B)
Class com.google.common.base.Predicate                                                : loaded 2 times (x 68B)
Class org.gradle.internal.classloader.FilteringClassLoader                            : loaded 2 times (x 103B)
Class org.gradle.tooling.model.Model                                                  : loaded 2 times (x 68B)
Class org.gradle.internal.classpath.DefaultClassPath$ImmutableUniqueList$Builder      : loaded 2 times (x 73B)
Class com.google.common.base.CharMatcher$InRange                                      : loaded 2 times (x 109B)
Class org.jetbrains.kotlin.idea.gradleTooling.KotlinSourceSetContainer                : loaded 2 times (x 68B)
Class com.google.common.collect.Lists                                                 : loaded 2 times (x 69B)
Class org.gradle.internal.classloader.ClassLoaderVisitor                              : loaded 2 times (x 74B)
Class org.gradle.internal.time.DefaultCountdownTimer                                  : loaded 2 times (x 86B)
Class org.gradle.internal.service.DefaultServiceLocator                               : loaded 2 times (x 81B)
Class org.jetbrains.plugins.gradle.model.jar.JarTaskManifestConfiguration             : loaded 2 times (x 68B)
Class org.gradle.internal.service.UnknownServiceException                             : loaded 2 times (x 81B)
Class org.jetbrains.plugins.gradle.model.DependencyAccessorsModel                     : loaded 2 times (x 68B)
Class org.gradle.internal.classloader.DefaultClassLoaderFactory                       : loaded 2 times (x 80B)
Class com.google.common.collect.UnmodifiableIterator                                  : loaded 2 times (x 78B)
Class com.google.common.base.CharMatcher$SingleWidth                                  : loaded 2 times (x 110B)
Class org.jetbrains.plugins.gradle.model.GradleExtensions                             : loaded 2 times (x 68B)
Class com.google.common.base.JdkPattern                                               : loaded 2 times (x 73B)
Class com.google.common.collect.Multimap                                              : loaded 2 times (x 68B)
Class org.jetbrains.plugins.gradle.model.VersionCatalogsModel                         : loaded 2 times (x 68B)
Class org.gradle.internal.classloader.VisitableURLClassLoader$Spec                    : loaded 2 times (x 72B)
Class org.gradle.tooling.model.ProjectModel                                           : loaded 2 times (x 68B)
Class org.jetbrains.plugins.gradle.model.MavenRepositoryModel                         : loaded 2 times (x 68B)
Class com.google.common.base.CharMatcher$JavaLetterOrDigit                            : loaded 2 times (x 109B)
Class org.gradle.tooling.internal.gradle.DefaultProjectIdentifier                     : loaded 2 times (x 84B)
Class org.gradle.api.internal.classpath.ModuleRegistry                                : loaded 2 times (x 68B)
Class com.google.common.collect.ImmutableCollection                                   : loaded 2 times (x 123B)
Class org.jetbrains.plugins.gradle.model.RepositoriesModel                            : loaded 2 times (x 68B)
Class org.gradle.util.GradleVersion                                                   : loaded 2 times (x 81B)
Class org.gradle.api.internal.ClassPathProvider                                       : loaded 2 times (x 68B)
Class org.gradle.internal.classloader.ClasspathUtil$1                                 : loaded 2 times (x 74B)
Class com.google.common.collect.ImmutableList$ReverseImmutableList                    : loaded 2 times (x 168B)
Class org.gradle.internal.classloader.ClassLoaderFactory                              : loaded 2 times (x 68B)
Class com.google.common.collect.ObjectArrays                                          : loaded 2 times (x 69B)
Class com.google.common.collect.ImmutableList                                         : loaded 2 times (x 166B)
Class org.gradle.api.internal.classpath.ManifestUtil                                  : loaded 2 times (x 69B)
Class org.gradle.api.specs.Spec                                                       : loaded 2 times (x 68B)
Class com.google.common.base.CharMatcher$Whitespace                                   : loaded 2 times (x 110B)
Class org.gradle.tooling.internal.gradle.GradleBuildIdentity                          : loaded 2 times (x 68B)
Class com.google.common.base.Preconditions                                            : loaded 2 times (x 69B)
Class org.gradle.internal.IoActions                                                   : loaded 2 times (x 69B)
Class com.google.common.collect.CollectPreconditions                                  : loaded 2 times (x 69B)
Class com.google.common.collect.AbstractIndexedListIterator                           : loaded 2 times (x 94B)
Class com.google.common.base.CharMatcher$None                                         : loaded 2 times (x 110B)
Class org.gradle.api.internal.classpath.EffectiveClassPath                            : loaded 2 times (x 88B)
Class com.google.common.collect.UnmodifiableListIterator                              : loaded 2 times (x 93B)
Class kotlin.jvm.internal.DefaultConstructorMarker                                    : loaded 2 times (x 69B)
Class com.google.common.collect.ImmutableList$1                                       : loaded 2 times (x 95B)
Class com.google.common.base.Splitter$Strategy                                        : loaded 2 times (x 68B)
Class org.gradle.internal.exceptions.ResolutionProvider                               : loaded 2 times (x 68B)
Class org.jetbrains.kotlin.idea.gradleTooling.model.annotation.AnnotationBasedPluginModel: loaded 2 times (x 68B)
Class org.jetbrains.kotlin.idea.gradleTooling.model.assignment.AssignmentModel        : loaded 2 times (x 68B)
Class org.gradle.internal.installation.CurrentGradleInstallation                      : loaded 2 times (x 71B)
Class org.gradle.internal.agents.InstrumentingClassLoader                             : loaded 2 times (x 68B)
Class org.gradle.internal.installation.CurrentGradleInstallationLocator               : loaded 2 times (x 69B)
Class org.gradle.api.internal.classpath.Module                                        : loaded 2 times (x 68B)
Class com.google.common.base.Splitter$1$1                                             : loaded 2 times (x 84B)
Class org.gradle.internal.service.CachingServiceLocator                               : loaded 2 times (x 80B)
Class org.gradle.internal.time.Timer                                                  : loaded 2 times (x 68B)
Class org.jetbrains.plugins.gradle.model.tests.ExternalTestsModel                     : loaded 2 times (x 68B)
Class org.jetbrains.kotlin.idea.gradleTooling.KotlinDslScriptAdditionalTask           : loaded 2 times (x 68B)
Class org.gradle.internal.classpath.DefaultClassPath                                  : loaded 2 times (x 88B)
Class com.google.common.base.Splitter$SplittingIterator                               : loaded 2 times (x 82B)
Class com.intellij.openapi.externalSystem.model.project.dependencies.ProjectDependencies: loaded 2 times (x 68B)
Class org.jetbrains.kotlin.idea.gradleTooling.PrepareKotlinIdeImportTaskModel         : loaded 2 times (x 68B)
Class org.gradle.internal.impldep.com.google.common.base.Preconditions                : loaded 2 times (x 69B)
Class kotlin.jvm.functions.Function1                                                  : loaded 2 times (x 68B)
Class com.google.common.base.CharMatcher$Is                                           : loaded 2 times (x 109B)
Class com.google.common.collect.RegularImmutableAsList                                : loaded 2 times (x 176B)
Class org.gradle.internal.time.Time                                                   : loaded 2 times (x 69B)
Class org.gradle.internal.time.TimeSource$1                                           : loaded 2 times (x 75B)
Class org.gradle.internal.classloader.SystemClassLoaderSpec                           : loaded 2 times (x 69B)
Class [Lcom.google.common.base.AbstractIterator$State;                                : loaded 2 times (x 67B)
Class com.google.common.base.AbstractIterator                                         : loaded 2 times (x 78B)
Class com.google.common.base.AbstractIterator$1                                       : loaded 2 times (x 69B)
Class kotlin.Function                                                                 : loaded 2 times (x 68B)
Class com.google.common.base.CharMatcher$1                                            : loaded 2 times (x 111B)
Class com.google.common.base.CharMatcher$Ascii                                        : loaded 2 times (x 110B)
Class org.gradle.api.UncheckedIOException                                             : loaded 2 times (x 80B)
Class com.google.common.base.CharMatcher$And                                          : loaded 2 times (x 110B)
Class com.google.common.base.CharMatcher$Any                                          : loaded 2 times (x 110B)
Class kotlin.jvm.internal.markers.KMappedMarker                                       : loaded 2 times (x 68B)
Class com.google.common.base.CharMatcher$RangesMatcher                                : loaded 2 times (x 110B)
Class ijInit1_2yo0i9mdhobmu73n31lnjbv1f                                               : loaded 2 times (x 177B)
Class org.gradle.tooling.internal.gradle.GradleProjectIdentity                        : loaded 2 times (x 68B)
Class com.google.common.collect.ImmutableList$SubList                                 : loaded 2 times (x 168B)
Class org.gradle.internal.time.CountdownTimer                                         : loaded 2 times (x 68B)
Class org.gradle.internal.time.Clock                                                  : loaded 2 times (x 68B)
Class org.gradle.internal.classloader.ClasspathUtil                                   : loaded 2 times (x 69B)
Class org.gradle.tooling.model.BuildIdentifier                                        : loaded 2 times (x 68B)
Class com.google.common.base.Splitter$1                                               : loaded 2 times (x 75B)
Class org.gradle.api.internal.DefaultClassPathRegistry                                : loaded 2 times (x 74B)
Class org.gradle.api.internal.classpath.DefaultModuleRegistry$DefaultModule           : loaded 2 times (x 84B)
Class com.google.common.base.CharMatcher$JavaIsoControl                               : loaded 2 times (x 110B)
Class com.google.common.base.CharMatcher$Or                                           : loaded 2 times (x 110B)
Class org.gradle.internal.time.TimeSource                                             : loaded 2 times (x 68B)
Class org.jetbrains.kotlin.android.synthetic.idea.AndroidExtensionsGradleModel        : loaded 2 times (x 68B)
Class com.google.common.base.CharMatcher$JavaLowerCase                                : loaded 2 times (x 109B)
Class org.gradle.api.internal.classpath.UnknownModuleException                        : loaded 2 times (x 80B)
Class com.google.common.base.CommonPattern                                            : loaded 2 times (x 72B)
Class org.jetbrains.plugins.gradle.model.IntelliJProjectSettings                      : loaded 2 times (x 68B)
Class org.gradle.internal.service.ServiceLookupException                              : loaded 2 times (x 80B)
Class org.gradle.cache.GlobalCache                                                    : loaded 2 times (x 68B)
Class org.jetbrains.kotlin.idea.gradleTooling.model.lombok.LombokModel                : loaded 2 times (x 68B)
Class org.gradle.tooling.model.ProjectIdentifier                                      : loaded 2 times (x 68B)
Class com.google.common.base.CharMatcher$NegatedFastMatcher                           : loaded 2 times (x 111B)
Class [Lorg.gradle.api.internal.ClassPathProvider;                                    : loaded 2 times (x 67B)
Class org.gradle.internal.operations.MultipleBuildOperationFailures                   : loaded 2 times (x 93B)
Class org.gradle.util.internal.GUtil                                                  : loaded 2 times (x 69B)
Class org.jetbrains.plugins.gradle.model.AnnotationProcessingModel                    : loaded 2 times (x 68B)
Class org.gradle.internal.classloader.ClassLoaderSpec                                 : loaded 2 times (x 69B)
Class com.google.common.base.NullnessCasts                                            : loaded 2 times (x 69B)
Class com.google.common.base.CharMatcher$Negated                                      : loaded 2 times (x 111B)
Class com.google.common.base.CharMatcher$ForPredicate                                 : loaded 2 times (x 110B)
Class org.gradle.internal.classloader.VisitableURLClassLoader                         : loaded 2 times (x 115B)
Class org.gradle.internal.installation.GradleInstallation                             : loaded 2 times (x 73B)
Class org.gradle.api.internal.ClassPathRegistry                                       : loaded 2 times (x 68B)
Class org.gradle.internal.classloader.VisitableURLClassLoader$InstrumentingVisitableURLClassLoader: loaded 2 times (x 121B)
Class org.gradle.internal.classloader.ClassLoaderHierarchy                            : loaded 2 times (x 68B)
Class org.gradle.internal.exceptions.MultiCauseException                              : loaded 2 times (x 68B)
Class org.jetbrains.kotlin.idea.gradleTooling.model.parcelize.ParcelizeGradleModel    : loaded 2 times (x 68B)
Class com.google.common.base.AbstractIterator$State                                   : loaded 2 times (x 77B)
Class com.google.common.base.CharMatcher$NamedFastMatcher                             : loaded 2 times (x 110B)
Class org.gradle.internal.InternalTransformer                                         : loaded 2 times (x 68B)
Class org.jetbrains.kotlin.idea.gradleTooling.model.noarg.NoArgModel                  : loaded 2 times (x 68B)
Class org.jetbrains.kotlin.idea.gradleTooling.KotlinGradleModel                       : loaded 2 times (x 68B)
Class org.gradle.tooling.internal.gradle.DefaultBuildIdentifier                       : loaded 2 times (x 77B)
Class org.gradle.internal.service.ServiceLocator                                      : loaded 2 times (x 68B)
Class Settings_gradle$1                                                               : loaded 2 times (x 72B)
Class org.jetbrains.kotlin.idea.gradleTooling.model.allopen.AllOpenModel              : loaded 2 times (x 68B)
Class com.google.common.base.CharMatcher$Invisible                                    : loaded 2 times (x 110B)
Class com.google.common.base.CharMatcher$FastMatcher                                  : loaded 2 times (x 109B)
Class org.gradle.internal.classpath.DefaultClassPath$ImmutableUniqueList              : loaded 2 times (x 159B)
Class org.gradle.internal.time.DefaultTimer                                           : loaded 2 times (x 78B)
Class com.google.common.base.CharMatcher$JavaLetter                                   : loaded 2 times (x 109B)
Class org.gradle.internal.classpath.TransformedClassPath                              : loaded 2 times (x 94B)
Class Settings_gradle                                                                 : loaded 2 times (x 126B)
Class com.google.common.collect.ImmutableAsList                                       : loaded 2 times (x 169B)
Class sync_studio_tooling6_bjmghvm3gu9pxghgzjmy7k617                                  : loaded 2 times (x 177B)
Class com.google.common.base.CharMatcher$AnyOf                                        : loaded 2 times (x 110B)
Class com.google.common.base.CharMatcher$IsEither                                     : loaded 2 times (x 109B)
Class sync_studio_tooling6_bjmghvm3gu9pxghgzjmy7k617$_run_closure1                    : loaded 2 times (x 137B)
Class com.google.common.collect.RegularImmutableList                                  : loaded 2 times (x 172B)
Class com.google.common.base.CharMatcher$JavaUpperCase                                : loaded 2 times (x 109B)


---------------  S Y S T E M  ---------------

OS:
 Windows 11 , 64 bit Build 22621 (10.0.22621.3958)
OS uptime: 4 days 13:30 hours
Hyper-V role detected

CPU: total 20 (initial active 20) (10 cores per cpu, 2 threads per core) family 6 model 154 stepping 3 microcode 0x429, cx8, cmov, fxsr, ht, mmx, 3dnowpref, sse, sse2, sse3, ssse3, sse4.1, sse4.2, popcnt, lzcnt, tsc, tscinvbit, avx, avx2, aes, erms, clmul, bmi1, bmi2, adx, sha, fma, vzeroupper, clflush, clflushopt, clwb, hv
Processor Information for all 20 processors :
  Max Mhz: 2300, Current Mhz: 2300, Mhz Limit: 2300

Memory: 4k page, system-wide physical 16004M (5219M free)
TotalPageFile size 18052M (AvailPageFile size 6M)
current process WorkingSet (physical memory assigned to process): 355M, peak: 359M
current process commit charge ("private bytes"): 464M, peak: 518M

vm_info: OpenJDK 64-Bit Server VM (17.0.10+0--11609105) for windows-amd64 JRE (17.0.10+0--11609105), built on Mar 21 2024 19:10:56 by "androidbuild" with MS VC++ 16.10 / 16.11 (VS2019)

END.
