#
# There is insufficient memory for the Java Runtime Environment to continue.
# Native memory allocation (mmap) failed to map 524288000 bytes for G1 virtual space
# Possible reasons:
#   The system is out of physical RAM or swap space
#   The process is running with CompressedOops enabled, and the Java Heap may be blocking the growth of the native heap
# Possible solutions:
#   Reduce memory load on the system
#   Increase physical memory or swap space
#   Check if swap backing store is full
#   Decrease Java heap size (-Xmx/-Xms)
#   Decrease number of Java threads
#   Decrease Java thread stack sizes (-Xss)
#   Set larger code cache with -XX:ReservedCodeCacheSize=
#   JVM is running with Unscaled Compressed Oops mode in which the Java heap is
#     placed in the first 4GB address space. The Java Heap base address is the
#     maximum limit for the native heap growth. Please use -XX:HeapBaseMinAddress
#     to set the Java Heap base and to place the Java Heap above 4GB virtual address.
# This output file may be truncated or incomplete.
#
#  Out of Memory Error (os_windows.cpp:3825), pid=28400, tid=22220
#
# JRE version: OpenJDK Runtime Environment (17.0.10) (build 17.0.10+0--11609105)
# Java VM: OpenJDK 64-Bit Server VM (17.0.10+0--11609105, mixed mode, tiered, compressed oops, compressed class ptrs, g1 gc, windows-amd64)
# No core dump will be written. Minidumps are not enabled by default on client versions of Windows
#

---------------  S U M M A R Y ------------

Command Line: --add-opens=java.base/java.util=ALL-UNNAMED --add-opens=java.base/java.lang=ALL-UNNAMED --add-opens=java.base/java.lang.invoke=ALL-UNNAMED --add-opens=java.prefs/java.util.prefs=ALL-UNNAMED --add-opens=java.base/java.nio.charset=ALL-UNNAMED --add-opens=java.base/java.net=ALL-UNNAMED --add-opens=java.base/java.util.concurrent.atomic=ALL-UNNAMED -Xmx2048M -Dfile.encoding=UTF-8 -Duser.country=US -Duser.language=en -Duser.variant -javaagent:C:\Users\Hashem Arenat\.gradle\wrapper\dists\gradle-8.7-bin\bhs2wmbdwecv87pi65oeuq5iu\gradle-8.7\lib\agents\gradle-instrumentation-agent-8.7.jar org.gradle.launcher.daemon.bootstrap.GradleDaemon 8.7

Host: 12th Gen Intel(R) Core(TM) i7-12700H, 20 cores, 15G,  Windows 11 , 64 bit Build 22621 (10.0.22621.3958)
Time: Fri Nov  8 16:43:03 2024 Jerusalem Standard Time elapsed time: 5041.812540 seconds (0d 1h 24m 1s)

---------------  T H R E A D  ---------------

Current thread (0x000001c3f4d83210):  VMThread "VM Thread" [stack: 0x000000bdb4500000,0x000000bdb4600000] [id=22220]

Stack: [0x000000bdb4500000,0x000000bdb4600000]
Native frames: (J=compiled Java code, j=interpreted, Vv=VM code, C=native code)
V  [jvm.dll+0x688de9]
V  [jvm.dll+0x8423da]
V  [jvm.dll+0x84401e]
V  [jvm.dll+0x844683]
V  [jvm.dll+0x24be0f]
V  [jvm.dll+0x685bb9]
V  [jvm.dll+0x67a46a]
V  [jvm.dll+0x30cbab]
V  [jvm.dll+0x314056]
V  [jvm.dll+0x363dce]
V  [jvm.dll+0x363fff]
V  [jvm.dll+0x2e2978]
V  [jvm.dll+0x2e0b54]
V  [jvm.dll+0x2e015c]
V  [jvm.dll+0x325351]
V  [jvm.dll+0x848d7b]
V  [jvm.dll+0x849ac1]
V  [jvm.dll+0x849fdd]
V  [jvm.dll+0x84a3b4]
V  [jvm.dll+0x84a480]
V  [jvm.dll+0x7f0c7a]
V  [jvm.dll+0x687c65]
C  [ucrtbase.dll+0x29333]
C  [KERNEL32.DLL+0x1257d]
C  [ntdll.dll+0x5af08]

VM_Operation (0x000000bdbbbf8160): G1TryInitiateConcMark, mode: safepoint, requested by thread 0x000001c38ed5d2b0


---------------  P R O C E S S  ---------------

Threads class SMR info:
_java_thread_list=0x000001c38cead4d0, length=226, elements={
0x000001c3da460e40, 0x000001c3f539d020, 0x000001c3f539dea0, 0x000001c3f5389070,
0x000001c3f5389ef0, 0x000001c3f53be030, 0x000001c3f53c0b00, 0x000001c3f53c17f0,
0x000001c3f53caff0, 0x000001c3f53d5660, 0x000001c3f55063f0, 0x000001c3f569c9f0,
0x000001c3fb710260, 0x000001c3fc1fe840, 0x000001c3fbf9a710, 0x000001c3fbb3cdf0,
0x000001c3fbb3a570, 0x000001c3fbb3b9b0, 0x000001c3fbb3b4a0, 0x000001c3fca82770,
0x000001c3fca81d50, 0x000001c3fdcd7ec0, 0x000001c3863dde90, 0x000001c387f19980,
0x000001c387f19e90, 0x000001c387f152a0, 0x000001c387f17100, 0x000001c387f13e60,
0x000001c3863dabf0, 0x000001c3869884a0, 0x000001c38f15e460, 0x000001c3fb287280,
0x000001c3fdf78e80, 0x000001c3816a18a0, 0x000001c3869889b0, 0x000001c3fa8c6120,
0x000001c380b3ec00, 0x000001c38af16170, 0x000001c3816a0970, 0x000001c3fa8d3d40,
0x000001c38a6574e0, 0x000001c387e11920, 0x000001c38a657f00, 0x000001c3fa8d19d0,
0x000001c3fd4ecf90, 0x000001c3fac89030, 0x000001c3fd27fd90, 0x000001c38e88ef60,
0x000001c3fa8d4760, 0x000001c395d47910, 0x000001c38c2b0200, 0x000001c38c667cc0,
0x000001c38c2b2f90, 0x000001c3fa8c4ce0, 0x000001c3fa8c5c10, 0x000001c38e888a20,
0x000001c386987f90, 0x000001c386987570, 0x000001c386987a80, 0x000001c3807ec8b0,
0x000001c3807eaa50, 0x000001c3807eb470, 0x000001c3807eb980, 0x000001c3807eaf60,
0x000001c3807e9610, 0x000001c3807ea540, 0x000001c3fa8c2e80, 0x000001c3fa8c42c0,
0x000001c386988ec0, 0x000001c386985c20, 0x000001c386986130, 0x000001c386986640,
0x000001c386986b50, 0x000001c386987060, 0x000001c38a658920, 0x000001c38a6579f0,
0x000001c38a6565b0, 0x000001c38a659850, 0x000001c38a658410, 0x000001c38a658e30,
0x000001c38a659340, 0x000001c38a6560a0, 0x000001c38a656ac0, 0x000001c38a656fd0,
0x000001c3fa8d1ee0, 0x000001c3fa8d3830, 0x000001c3807ebe90, 0x000001c3807e9b20,
0x000001c3807ec3a0, 0x000001c3807ecdc0, 0x000001c3816a27d0, 0x000001c3fa8d4250,
0x000001c3fa8d23f0, 0x000001c3fa8d14c0, 0x000001c3816a1db0, 0x000001c3816a0e80,
0x000001c3816a0460, 0x000001c3816a2ce0, 0x000001c3816a22c0, 0x000001c3816a3700,
0x000001c38f15f8a0, 0x000001c38f15ee80, 0x000001c38f15e970, 0x000001c38f15df50,
0x000001c38ed59b00, 0x000001c38ed5c380, 0x000001c38ed5af40, 0x000001c38ed5b450,
0x000001c38ed5a010, 0x000001c38ed5c890, 0x000001c38ed5d2b0, 0x000001c38ed5a520,
0x000001c38ed5b960, 0x000001c38ed5cda0, 0x000001c38ed5aa30, 0x000001c38e888000,
0x000001c38e888f30, 0x000001c38e88a370, 0x000001c38e889440, 0x000001c38e88c1d0,
0x000001c38e88db20, 0x000001c38e88d610, 0x000001c38e88d100, 0x000001c38e88e030,
0x000001c38e88c6e0, 0x000001c38e888510, 0x000001c38e88cbf0, 0x000001c38e889950,
0x000001c38e889e60, 0x000001c38e88a880, 0x000001c38e88ad90, 0x000001c38e88e540,
0x000001c38e88ea50, 0x000001c3fa8d2900, 0x000001c3fa8d2e10, 0x000001c3fa8d3320,
0x000001c3fa8d0fb0, 0x000001c38ed5be70, 0x000001c38686eca0, 0x000001c38686e280,
0x000001c38686dd70, 0x000001c3868705f0, 0x000001c38686f6c0, 0x000001c38686d350,
0x000001c38686f1b0, 0x000001c38686e790, 0x000001c38686fbd0, 0x000001c3868700e0,
0x000001c386870b00, 0x000001c38686d860, 0x000001c3fbf60a90, 0x000001c38c1a7cc0,
0x000001c38e88b2a0, 0x000001c38e890dc0, 0x000001c38e887af0, 0x000001c38e8908b0,
0x000001c38e88f470, 0x000001c38e891cf0, 0x000001c38e88f980, 0x000001c38e892200,
0x000001c38e88fe90, 0x000001c38e892710, 0x000001c38e8903a0, 0x000001c38e892c20,
0x000001c38e88b7b0, 0x000001c38e893130, 0x000001c395ba4040, 0x000001c395ba4550,
0x000001c395ba4f70, 0x000001c395ba4a60, 0x000001c395ba3620, 0x000001c3fcfb92d0,
0x000001c3fcfb83a0, 0x000001c3fcfb7980, 0x000001c3fcfb7e90, 0x000001c3fcfb88b0,
0x000001c3fcfb8dc0, 0x000001c38b765050, 0x000001c38b765560, 0x000001c38b7669a0,
0x000001c38b765a70, 0x000001c38b766490, 0x000001c38b765f80, 0x000001c38e9d4c20,
0x000001c38e9d5130, 0x000001c38e9d4710, 0x000001c38e9d5640, 0x000001c38e9d4200,
0x000001c38e9d5b50, 0x000001c388f5f860, 0x000001c388f5fd70, 0x000001c388f611b0,
0x000001c388f60280, 0x000001c388f60ca0, 0x000001c38a0069b0, 0x000001c38a005060,
0x000001c38a005f90, 0x000001c38e8c04c0, 0x000001c38e8c09d0, 0x000001c3febe2900,
0x000001c3febe3d40, 0x000001c3febe2e10, 0x000001c3febe4250, 0x000001c388f60790,
0x000001c3fa8c51f0, 0x000001c3febe3320, 0x000001c3fa8c2970, 0x000001c3fa8c38a0,
0x000001c3febe3830, 0x000001c38a005a80, 0x000001c38e136c80, 0x000001c38e135330,
0x000001c38e135840, 0x000001c38e136770, 0x000001c38e135d50, 0x000001c38e136260,
0x000001c38aa648a0, 0x000001c38aa62f50, 0x000001c38aa63460, 0x000001c38aa63970,
0x000001c38aa63e80, 0x000001c38aa64390, 0x000001c3fc364590, 0x000001c3fc364aa0,
0x000001c3fc364fb0, 0x000001c3fc3654c0
}

Java Threads: ( => current thread )
  0x000001c3da460e40 JavaThread "main" [_thread_blocked, id=25700, stack(0x000000bdb3f00000,0x000000bdb4000000)]
  0x000001c3f539d020 JavaThread "Reference Handler" daemon [_thread_blocked, id=11872, stack(0x000000bdb4600000,0x000000bdb4700000)]
  0x000001c3f539dea0 JavaThread "Finalizer" daemon [_thread_blocked, id=19056, stack(0x000000bdb4700000,0x000000bdb4800000)]
  0x000001c3f5389070 JavaThread "Signal Dispatcher" daemon [_thread_blocked, id=25548, stack(0x000000bdb4800000,0x000000bdb4900000)]
  0x000001c3f5389ef0 JavaThread "Attach Listener" daemon [_thread_blocked, id=25660, stack(0x000000bdb4900000,0x000000bdb4a00000)]
  0x000001c3f53be030 JavaThread "Service Thread" daemon [_thread_blocked, id=27288, stack(0x000000bdb4a00000,0x000000bdb4b00000)]
  0x000001c3f53c0b00 JavaThread "Monitor Deflation Thread" daemon [_thread_blocked, id=27016, stack(0x000000bdb4b00000,0x000000bdb4c00000)]
  0x000001c3f53c17f0 JavaThread "C2 CompilerThread0" daemon [_thread_blocked, id=484, stack(0x000000bdb4c00000,0x000000bdb4d00000)]
  0x000001c3f53caff0 JavaThread "C1 CompilerThread0" daemon [_thread_blocked, id=5096, stack(0x000000bdb4d00000,0x000000bdb4e00000)]
  0x000001c3f53d5660 JavaThread "Sweeper thread" daemon [_thread_blocked, id=6548, stack(0x000000bdb4e00000,0x000000bdb4f00000)]
  0x000001c3f55063f0 JavaThread "Common-Cleaner" daemon [_thread_blocked, id=11676, stack(0x000000bdb4f00000,0x000000bdb5000000)]
  0x000001c3f569c9f0 JavaThread "Notification Thread" daemon [_thread_blocked, id=12784, stack(0x000000bdb5300000,0x000000bdb5400000)]
  0x000001c3fb710260 JavaThread "Daemon health stats" [_thread_blocked, id=27896, stack(0x000000bdb5e00000,0x000000bdb5f00000)]
  0x000001c3fc1fe840 JavaThread "Incoming local TCP Connector on port 54640" [_thread_in_native, id=28084, stack(0x000000bdb5f00000,0x000000bdb6000000)]
  0x000001c3fbf9a710 JavaThread "Daemon periodic checks" [_thread_blocked, id=24712, stack(0x000000bdb6000000,0x000000bdb6100000)]
  0x000001c3fbb3cdf0 JavaThread "Cache worker for journal cache (C:\Users\Hashem Arenat\.gradle\caches\journal-1)" [_thread_blocked, id=22696, stack(0x000000bdb7400000,0x000000bdb7500000)]
  0x000001c3fbb3a570 JavaThread "File lock request listener" [_thread_in_native, id=19800, stack(0x000000bdb7500000,0x000000bdb7600000)]
  0x000001c3fbb3b9b0 JavaThread "Cache worker for file hash cache (C:\Users\Hashem Arenat\.gradle\caches\8.7\fileHashes)" [_thread_blocked, id=24516, stack(0x000000bdb7600000,0x000000bdb7700000)]
  0x000001c3fbb3b4a0 JavaThread "File watcher server" daemon [_thread_blocked, id=23088, stack(0x000000bdb7800000,0x000000bdb7900000)]
  0x000001c3fca82770 JavaThread "File watcher consumer" daemon [_thread_blocked, id=24792, stack(0x000000bdb7900000,0x000000bdb7a00000)]
  0x000001c3fca81d50 JavaThread "Cache worker for file content cache (C:\Users\Hashem Arenat\.gradle\caches\8.7\fileContent)" [_thread_blocked, id=19380, stack(0x000000bdb7d00000,0x000000bdb7e00000)]
  0x000001c3fdcd7ec0 JavaThread "Memory manager" [_thread_blocked, id=3808, stack(0x000000bdbad00000,0x000000bdbae00000)]
  0x000001c3863dde90 JavaThread "pool-3-thread-1" [_thread_blocked, id=28160, stack(0x000000bdbaf00000,0x000000bdbb000000)]
  0x000001c387f19980 JavaThread "RMI Scheduler(0)" daemon [_thread_blocked, id=23548, stack(0x000000bdc6700000,0x000000bdc6800000)]
  0x000001c387f19e90 JavaThread "RMI GC Daemon" daemon [_thread_blocked, id=3448, stack(0x000000bdc6c00000,0x000000bdc6d00000)]
  0x000001c387f152a0 JavaThread "RMI TCP Accept-0" daemon [_thread_in_native, id=13496, stack(0x000000bdc6d00000,0x000000bdc6e00000)]
  0x000001c387f17100 JavaThread "RMI Reaper" [_thread_blocked, id=24944, stack(0x000000bdc6e00000,0x000000bdc6f00000)]
  0x000001c387f13e60 JavaThread "pool-6-thread-1" [_thread_blocked, id=3840, stack(0x000000bdb9200000,0x000000bdb9300000)]
  0x000001c3863dabf0 JavaThread "Cache worker for Java compile cache (C:\Users\Hashem Arenat\.gradle\caches\8.7\javaCompile)" [_thread_blocked, id=22900, stack(0x000000bdc0b00000,0x000000bdc0c00000)]
  0x000001c3869884a0 JavaThread "pool-10-thread-1" [_thread_blocked, id=26756, stack(0x000000bdb9a00000,0x000000bdb9b00000)]
  0x000001c38f15e460 JavaThread "pool-13-thread-1" [_thread_blocked, id=15844, stack(0x000000bdb9b00000,0x000000bdb9c00000)]
  0x000001c3fb287280 JavaThread "pool-16-thread-1" [_thread_blocked, id=17472, stack(0x000000bdb9500000,0x000000bdb9600000)]
  0x000001c3fdf78e80 JavaThread "pool-19-thread-1" [_thread_blocked, id=15404, stack(0x000000bdb9400000,0x000000bdb9500000)]
  0x000001c3816a18a0 JavaThread "pool-23-thread-1" [_thread_blocked, id=16272, stack(0x000000bdb9300000,0x000000bdb9400000)]
  0x000001c3869889b0 JavaThread "pool-26-thread-1" [_thread_blocked, id=3476, stack(0x000000bdb9000000,0x000000bdb9100000)]
  0x000001c3fa8c6120 JavaThread "pool-30-thread-1" [_thread_blocked, id=17200, stack(0x000000bdb8f00000,0x000000bdb9000000)]
  0x000001c380b3ec00 JavaThread "pool-34-thread-1" [_thread_blocked, id=13632, stack(0x000000bdb9100000,0x000000bdb9200000)]
  0x000001c38af16170 JavaThread "pool-38-thread-1" [_thread_blocked, id=24444, stack(0x000000bdb9800000,0x000000bdb9900000)]
  0x000001c3816a0970 JavaThread "pool-41-thread-1" [_thread_blocked, id=19772, stack(0x000000bdb9700000,0x000000bdb9800000)]
  0x000001c3fa8d3d40 JavaThread "pool-45-thread-1" [_thread_blocked, id=11456, stack(0x000000bdb9c00000,0x000000bdb9d00000)]
  0x000001c38a6574e0 JavaThread "pool-48-thread-1" [_thread_blocked, id=15068, stack(0x000000bdb9d00000,0x000000bdb9e00000)]
  0x000001c387e11920 JavaThread "pool-52-thread-1" [_thread_blocked, id=27304, stack(0x000000bdb9900000,0x000000bdb9a00000)]
  0x000001c38a657f00 JavaThread "pool-56-thread-1" [_thread_blocked, id=25664, stack(0x000000bdb8e00000,0x000000bdb8f00000)]
  0x000001c3fa8d19d0 JavaThread "pool-60-thread-1" [_thread_blocked, id=2292, stack(0x000000bdb9e00000,0x000000bdb9f00000)]
  0x000001c3fd4ecf90 JavaThread "pool-63-thread-1" [_thread_blocked, id=12728, stack(0x000000bdba200000,0x000000bdba300000)]
  0x000001c3fac89030 JavaThread "pool-66-thread-1" [_thread_blocked, id=5156, stack(0x000000bdb9600000,0x000000bdb9700000)]
  0x000001c3fd27fd90 JavaThread "pool-69-thread-1" [_thread_blocked, id=2024, stack(0x000000bdba100000,0x000000bdba200000)]
  0x000001c38e88ef60 JavaThread "pool-72-thread-1" [_thread_blocked, id=28032, stack(0x000000bdba500000,0x000000bdba600000)]
  0x000001c3fa8d4760 JavaThread "pool-75-thread-1" [_thread_blocked, id=27336, stack(0x000000bdba600000,0x000000bdba700000)]
  0x000001c395d47910 JavaThread "ForkJoinPool.commonPool-worker-72" daemon [_thread_blocked, id=26968, stack(0x000000bdca600000,0x000000bdca700000)]
  0x000001c38c2b0200 JavaThread "ForkJoinPool.commonPool-worker-73" daemon [_thread_blocked, id=28384, stack(0x000000bdca700000,0x000000bdca800000)]
  0x000001c38c667cc0 JavaThread "ForkJoinPool.commonPool-worker-74" daemon [_thread_blocked, id=10708, stack(0x000000bdca800000,0x000000bdca900000)]
  0x000001c38c2b2f90 JavaThread "ForkJoinPool.commonPool-worker-75" daemon [_thread_blocked, id=26316, stack(0x000000bdca900000,0x000000bdcaa00000)]
  0x000001c3fa8c4ce0 JavaThread "RMI TCP Connection(69)-127.0.0.1" daemon [_thread_in_native, id=7864, stack(0x000000bdb3c00000,0x000000bdb3d00000)]
  0x000001c3fa8c5c10 JavaThread "RMI TCP Connection(70)-127.0.0.1" daemon [_thread_in_native, id=4124, stack(0x000000bdb3d00000,0x000000bdb3e00000)]
  0x000001c38e888a20 JavaThread "Daemon Thread 16" [_thread_blocked, id=25452, stack(0x000000bdb3e00000,0x000000bdb3f00000)]
  0x000001c386987f90 JavaThread "Handler for socket connection from /127.0.0.1:54640 to /127.0.0.1:58026" [_thread_in_native, id=8636, stack(0x000000bdb5000000,0x000000bdb5100000)]
  0x000001c386987570 JavaThread "Cancel handler" [_thread_blocked, id=11280, stack(0x000000bdb5100000,0x000000bdb5200000)]
  0x000001c386987a80 JavaThread "Daemon worker Thread 16" [_thread_blocked, id=8016, stack(0x000000bdb5200000,0x000000bdb5300000)]
  0x000001c3807ec8b0 JavaThread "Asynchronous log dispatcher for DefaultDaemonConnection: socket connection from /127.0.0.1:54640 to /127.0.0.1:58026" [_thread_blocked, id=6736, stack(0x000000bdb5500000,0x000000bdb5600000)]
  0x000001c3807eaa50 JavaThread "Stdin handler" [_thread_blocked, id=20548, stack(0x000000bdb5600000,0x000000bdb5700000)]
  0x000001c3807eb470 JavaThread "Daemon client event forwarder" [_thread_blocked, id=26160, stack(0x000000bdb5700000,0x000000bdb5800000)]
  0x000001c3807eb980 JavaThread "Cache worker for file hash cache (C:\Users\Hashem Arenat\AndroidStudioProjects\ECommerce\.gradle\8.7\fileHashes)" [_thread_blocked, id=2144, stack(0x000000bdb5800000,0x000000bdb5900000)]
  0x000001c3807eaf60 JavaThread "Cache worker for checksums cache (C:\Users\Hashem Arenat\AndroidStudioProjects\ECommerce\.gradle\8.7\checksums)" [_thread_blocked, id=3936, stack(0x000000bdb6100000,0x000000bdb6200000)]
  0x000001c3807e9610 JavaThread "Cache worker for cache directory md-supplier (C:\Users\Hashem Arenat\.gradle\caches\8.7\md-supplier)" [_thread_blocked, id=12284, stack(0x000000bdb6200000,0x000000bdb6300000)]
  0x000001c3807ea540 JavaThread "Cache worker for cache directory md-rule (C:\Users\Hashem Arenat\.gradle\caches\8.7\md-rule)" [_thread_blocked, id=28644, stack(0x000000bdb6300000,0x000000bdb6400000)]
  0x000001c3fa8c2e80 JavaThread "Cache worker for Build Output Cleanup Cache (C:\Users\Hashem Arenat\AndroidStudioProjects\ECommerce\.gradle\buildOutputCleanup)" [_thread_blocked, id=3496, stack(0x000000bdb6400000,0x000000bdb6500000)]
  0x000001c3fa8c42c0 JavaThread "Unconstrained build operations" [_thread_blocked, id=21032, stack(0x000000bdb6500000,0x000000bdb6600000)]
  0x000001c386988ec0 JavaThread "Unconstrained build operations Thread 2" [_thread_blocked, id=21248, stack(0x000000bdb6600000,0x000000bdb6700000)]
  0x000001c386985c20 JavaThread "Unconstrained build operations Thread 3" [_thread_blocked, id=7016, stack(0x000000bdb6700000,0x000000bdb6800000)]
  0x000001c386986130 JavaThread "Unconstrained build operations Thread 4" [_thread_blocked, id=12028, stack(0x000000bdb7700000,0x000000bdb7800000)]
  0x000001c386986640 JavaThread "Unconstrained build operations Thread 5" [_thread_blocked, id=22668, stack(0x000000bdb7a00000,0x000000bdb7b00000)]
  0x000001c386986b50 JavaThread "Unconstrained build operations Thread 6" [_thread_blocked, id=28604, stack(0x000000bdb7b00000,0x000000bdb7c00000)]
  0x000001c386987060 JavaThread "Unconstrained build operations Thread 7" [_thread_blocked, id=13904, stack(0x000000bdb7c00000,0x000000bdb7d00000)]
  0x000001c38a658920 JavaThread "Unconstrained build operations Thread 8" [_thread_blocked, id=18452, stack(0x000000bdb7e00000,0x000000bdb7f00000)]
  0x000001c38a6579f0 JavaThread "Unconstrained build operations Thread 9" [_thread_blocked, id=21080, stack(0x000000bdb7f00000,0x000000bdb8000000)]
  0x000001c38a6565b0 JavaThread "Unconstrained build operations Thread 10" [_thread_blocked, id=17008, stack(0x000000bdb8000000,0x000000bdb8100000)]
  0x000001c38a659850 JavaThread "Unconstrained build operations Thread 11" [_thread_blocked, id=22020, stack(0x000000bdb8100000,0x000000bdb8200000)]
  0x000001c38a658410 JavaThread "Unconstrained build operations Thread 12" [_thread_blocked, id=18032, stack(0x000000bdb8200000,0x000000bdb8300000)]
  0x000001c38a658e30 JavaThread "Unconstrained build operations Thread 13" [_thread_blocked, id=28432, stack(0x000000bdb8300000,0x000000bdb8400000)]
  0x000001c38a659340 JavaThread "Unconstrained build operations Thread 14" [_thread_blocked, id=25596, stack(0x000000bdb8400000,0x000000bdb8500000)]
  0x000001c38a6560a0 JavaThread "Unconstrained build operations Thread 15" [_thread_blocked, id=28120, stack(0x000000bdb8500000,0x000000bdb8600000)]
  0x000001c38a656ac0 JavaThread "Unconstrained build operations Thread 16" [_thread_blocked, id=26204, stack(0x000000bdb8600000,0x000000bdb8700000)]
  0x000001c38a656fd0 JavaThread "Unconstrained build operations Thread 17" [_thread_blocked, id=22004, stack(0x000000bdb8700000,0x000000bdb8800000)]
  0x000001c3fa8d1ee0 JavaThread "Unconstrained build operations Thread 18" [_thread_blocked, id=17676, stack(0x000000bdb8800000,0x000000bdb8900000)]
  0x000001c3fa8d3830 JavaThread "Unconstrained build operations Thread 19" [_thread_blocked, id=5324, stack(0x000000bdb8900000,0x000000bdb8a00000)]
  0x000001c3807ebe90 JavaThread "Unconstrained build operations Thread 20" [_thread_blocked, id=22576, stack(0x000000bdb8a00000,0x000000bdb8b00000)]
  0x000001c3807e9b20 JavaThread "Unconstrained build operations Thread 21" [_thread_blocked, id=26972, stack(0x000000bdb8b00000,0x000000bdb8c00000)]
  0x000001c3807ec3a0 JavaThread "Unconstrained build operations Thread 22" [_thread_blocked, id=23772, stack(0x000000bdb8c00000,0x000000bdb8d00000)]
  0x000001c3807ecdc0 JavaThread "build event listener" [_thread_blocked, id=13612, stack(0x000000bdb9f00000,0x000000bdba000000)]
  0x000001c3816a27d0 JavaThread "build event listener" [_thread_blocked, id=26432, stack(0x000000bdba000000,0x000000bdba100000)]
  0x000001c3fa8d4250 JavaThread "pool-79-thread-1" [_thread_blocked, id=23216, stack(0x000000bdba400000,0x000000bdba500000)]
  0x000001c3fa8d23f0 JavaThread "build event listener" [_thread_blocked, id=10680, stack(0x000000bdba700000,0x000000bdba800000)]
  0x000001c3fa8d14c0 JavaThread "included builds" [_thread_blocked, id=25476, stack(0x000000bdba800000,0x000000bdba900000)]
  0x000001c3816a1db0 JavaThread "Execution worker" [_thread_blocked, id=16716, stack(0x000000bdba900000,0x000000bdbaa00000)]
  0x000001c3816a0e80 JavaThread "Execution worker Thread 2" [_thread_blocked, id=16092, stack(0x000000bdbaa00000,0x000000bdbab00000)]
  0x000001c3816a0460 JavaThread "Execution worker Thread 3" [_thread_blocked, id=17808, stack(0x000000bdbab00000,0x000000bdbac00000)]
  0x000001c3816a2ce0 JavaThread "Execution worker Thread 4" [_thread_blocked, id=27672, stack(0x000000bdbac00000,0x000000bdbad00000)]
  0x000001c3816a22c0 JavaThread "Execution worker Thread 5" [_thread_blocked, id=16912, stack(0x000000bdbae00000,0x000000bdbaf00000)]
  0x000001c3816a3700 JavaThread "Execution worker Thread 6" [_thread_blocked, id=20668, stack(0x000000bdbb000000,0x000000bdbb100000)]
  0x000001c38f15f8a0 JavaThread "Execution worker Thread 7" [_thread_blocked, id=16460, stack(0x000000bdbb100000,0x000000bdbb200000)]
  0x000001c38f15ee80 JavaThread "Execution worker Thread 8" [_thread_blocked, id=27280, stack(0x000000bdbb200000,0x000000bdbb300000)]
  0x000001c38f15e970 JavaThread "Execution worker Thread 9" [_thread_blocked, id=9120, stack(0x000000bdbb300000,0x000000bdbb400000)]
  0x000001c38f15df50 JavaThread "Execution worker Thread 10" [_thread_blocked, id=17040, stack(0x000000bdbb400000,0x000000bdbb500000)]
  0x000001c38ed59b00 JavaThread "Execution worker Thread 11" [_thread_blocked, id=788, stack(0x000000bdbb500000,0x000000bdbb600000)]
  0x000001c38ed5c380 JavaThread "Execution worker Thread 12" [_thread_blocked, id=11896, stack(0x000000bdbb600000,0x000000bdbb700000)]
  0x000001c38ed5af40 JavaThread "Execution worker Thread 13" [_thread_blocked, id=11068, stack(0x000000bdbb700000,0x000000bdbb800000)]
  0x000001c38ed5b450 JavaThread "Execution worker Thread 14" [_thread_blocked, id=21336, stack(0x000000bdbb800000,0x000000bdbb900000)]
  0x000001c38ed5a010 JavaThread "Execution worker Thread 15" [_thread_blocked, id=21532, stack(0x000000bdbb900000,0x000000bdbba00000)]
  0x000001c38ed5c890 JavaThread "Execution worker Thread 16" [_thread_blocked, id=5380, stack(0x000000bdbba00000,0x000000bdbbb00000)]
  0x000001c38ed5d2b0 JavaThread "Execution worker Thread 17" [_thread_blocked, id=14096, stack(0x000000bdbbb00000,0x000000bdbbc00000)]
  0x000001c38ed5a520 JavaThread "Execution worker Thread 18" [_thread_blocked, id=20496, stack(0x000000bdbbc00000,0x000000bdbbd00000)]
  0x000001c38ed5b960 JavaThread "Execution worker Thread 19" [_thread_blocked, id=28320, stack(0x000000bdbbd00000,0x000000bdbbe00000)]
  0x000001c38ed5cda0 JavaThread "Cache worker for execution history cache (C:\Users\Hashem Arenat\AndroidStudioProjects\ECommerce\.gradle\8.7\executionHistory)" [_thread_blocked, id=27352, stack(0x000000bdbbe00000,0x000000bdbbf00000)]
  0x000001c38ed5aa30 JavaThread "Unconstrained build operations Thread 23" [_thread_blocked, id=27804, stack(0x000000bdbbf00000,0x000000bdbc000000)]
  0x000001c38e888000 JavaThread "Unconstrained build operations Thread 24" [_thread_blocked, id=7116, stack(0x000000bdbc000000,0x000000bdbc100000)]
  0x000001c38e888f30 JavaThread "Unconstrained build operations Thread 25" [_thread_blocked, id=1812, stack(0x000000bdbc100000,0x000000bdbc200000)]
  0x000001c38e88a370 JavaThread "Unconstrained build operations Thread 26" [_thread_blocked, id=1664, stack(0x000000bdbc200000,0x000000bdbc300000)]
  0x000001c38e889440 JavaThread "Unconstrained build operations Thread 27" [_thread_blocked, id=24016, stack(0x000000bdbc300000,0x000000bdbc400000)]
  0x000001c38e88c1d0 JavaThread "Unconstrained build operations Thread 28" [_thread_blocked, id=26736, stack(0x000000bdbc400000,0x000000bdbc500000)]
  0x000001c38e88db20 JavaThread "Unconstrained build operations Thread 29" [_thread_blocked, id=16228, stack(0x000000bdbc500000,0x000000bdbc600000)]
  0x000001c38e88d610 JavaThread "Unconstrained build operations Thread 30" [_thread_blocked, id=23412, stack(0x000000bdbc600000,0x000000bdbc700000)]
  0x000001c38e88d100 JavaThread "Unconstrained build operations Thread 31" [_thread_blocked, id=24156, stack(0x000000bdbc700000,0x000000bdbc800000)]
  0x000001c38e88e030 JavaThread "Unconstrained build operations Thread 32" [_thread_blocked, id=13508, stack(0x000000bdbc800000,0x000000bdbc900000)]
  0x000001c38e88c6e0 JavaThread "Unconstrained build operations Thread 33" [_thread_blocked, id=11516, stack(0x000000bdbc900000,0x000000bdbca00000)]
  0x000001c38e888510 JavaThread "Unconstrained build operations Thread 34" [_thread_blocked, id=12496, stack(0x000000bdbca00000,0x000000bdbcb00000)]
  0x000001c38e88cbf0 JavaThread "Unconstrained build operations Thread 35" [_thread_blocked, id=16256, stack(0x000000bdbcb00000,0x000000bdbcc00000)]
  0x000001c38e889950 JavaThread "Unconstrained build operations Thread 36" [_thread_blocked, id=27428, stack(0x000000bdbcc00000,0x000000bdbcd00000)]
  0x000001c38e889e60 JavaThread "Unconstrained build operations Thread 37" [_thread_blocked, id=15472, stack(0x000000bdbcd00000,0x000000bdbce00000)]
  0x000001c38e88a880 JavaThread "Unconstrained build operations Thread 38" [_thread_blocked, id=22708, stack(0x000000bdbce00000,0x000000bdbcf00000)]
  0x000001c38e88ad90 JavaThread "Unconstrained build operations Thread 39" [_thread_blocked, id=2312, stack(0x000000bdbcf00000,0x000000bdbd000000)]
  0x000001c38e88e540 JavaThread "Unconstrained build operations Thread 40" [_thread_blocked, id=13604, stack(0x000000bdbd000000,0x000000bdbd100000)]
  0x000001c38e88ea50 JavaThread "Unconstrained build operations Thread 41" [_thread_blocked, id=1644, stack(0x000000bdbd100000,0x000000bdbd200000)]
  0x000001c3fa8d2900 JavaThread "Unconstrained build operations Thread 42" [_thread_blocked, id=20864, stack(0x000000bdbd200000,0x000000bdbd300000)]
  0x000001c3fa8d2e10 JavaThread "Unconstrained build operations Thread 43" [_thread_blocked, id=28232, stack(0x000000bdbd300000,0x000000bdbd400000)]
  0x000001c3fa8d3320 JavaThread "Unconstrained build operations Thread 44" [_thread_blocked, id=3436, stack(0x000000bdbd400000,0x000000bdbd500000)]
  0x000001c3fa8d0fb0 JavaThread "Unconstrained build operations Thread 45" [_thread_blocked, id=5524, stack(0x000000bdbd500000,0x000000bdbd600000)]
  0x000001c38ed5be70 JavaThread "Unconstrained build operations Thread 46" [_thread_blocked, id=21996, stack(0x000000bdbd600000,0x000000bdbd700000)]
  0x000001c38686eca0 JavaThread "Unconstrained build operations Thread 47" [_thread_blocked, id=26328, stack(0x000000bdbd700000,0x000000bdbd800000)]
  0x000001c38686e280 JavaThread "Unconstrained build operations Thread 48" [_thread_blocked, id=9776, stack(0x000000bdbd800000,0x000000bdbd900000)]
  0x000001c38686dd70 JavaThread "Unconstrained build operations Thread 49" [_thread_blocked, id=15492, stack(0x000000bdbd900000,0x000000bdbda00000)]
  0x000001c3868705f0 JavaThread "Unconstrained build operations Thread 50" [_thread_blocked, id=23228, stack(0x000000bdbda00000,0x000000bdbdb00000)]
  0x000001c38686f6c0 JavaThread "Unconstrained build operations Thread 51" [_thread_blocked, id=18796, stack(0x000000bdbdb00000,0x000000bdbdc00000)]
  0x000001c38686d350 JavaThread "Unconstrained build operations Thread 52" [_thread_blocked, id=28656, stack(0x000000bdbdc00000,0x000000bdbdd00000)]
  0x000001c38686f1b0 JavaThread "Unconstrained build operations Thread 53" [_thread_blocked, id=13092, stack(0x000000bdbdd00000,0x000000bdbde00000)]
  0x000001c38686e790 JavaThread "Unconstrained build operations Thread 54" [_thread_blocked, id=27540, stack(0x000000bdbde00000,0x000000bdbdf00000)]
  0x000001c38686fbd0 JavaThread "Unconstrained build operations Thread 55" [_thread_blocked, id=17072, stack(0x000000bdbdf00000,0x000000bdbe000000)]
  0x000001c3868700e0 JavaThread "Unconstrained build operations Thread 56" [_thread_blocked, id=27044, stack(0x000000bdbe000000,0x000000bdbe100000)]
  0x000001c386870b00 JavaThread "Unconstrained build operations Thread 57" [_thread_blocked, id=21588, stack(0x000000bdbe100000,0x000000bdbe200000)]
  0x000001c38686d860 JavaThread "Unconstrained build operations Thread 58" [_thread_blocked, id=2820, stack(0x000000bdbe200000,0x000000bdbe300000)]
  0x000001c3fbf60a90 JavaThread "Unconstrained build operations Thread 59" [_thread_blocked, id=24116, stack(0x000000bdbe300000,0x000000bdbe400000)]
  0x000001c38c1a7cc0 JavaThread "Unconstrained build operations Thread 60" [_thread_blocked, id=28104, stack(0x000000bdbe400000,0x000000bdbe500000)]
  0x000001c38e88b2a0 JavaThread "Unconstrained build operations Thread 61" [_thread_blocked, id=1132, stack(0x000000bdbe500000,0x000000bdbe600000)]
  0x000001c38e890dc0 JavaThread "Unconstrained build operations Thread 62" [_thread_blocked, id=27400, stack(0x000000bdbe600000,0x000000bdbe700000)]
  0x000001c38e887af0 JavaThread "Unconstrained build operations Thread 63" [_thread_blocked, id=26828, stack(0x000000bdbe700000,0x000000bdbe800000)]
  0x000001c38e8908b0 JavaThread "Unconstrained build operations Thread 64" [_thread_blocked, id=23376, stack(0x000000bdbe800000,0x000000bdbe900000)]
  0x000001c38e88f470 JavaThread "Unconstrained build operations Thread 65" [_thread_blocked, id=16208, stack(0x000000bdbe900000,0x000000bdbea00000)]
  0x000001c38e891cf0 JavaThread "Unconstrained build operations Thread 66" [_thread_blocked, id=19300, stack(0x000000bdbea00000,0x000000bdbeb00000)]
  0x000001c38e88f980 JavaThread "Unconstrained build operations Thread 67" [_thread_blocked, id=23840, stack(0x000000bdbeb00000,0x000000bdbec00000)]
  0x000001c38e892200 JavaThread "Unconstrained build operations Thread 68" [_thread_blocked, id=16756, stack(0x000000bdbec00000,0x000000bdbed00000)]
  0x000001c38e88fe90 JavaThread "Unconstrained build operations Thread 69" [_thread_blocked, id=22536, stack(0x000000bdbed00000,0x000000bdbee00000)]
  0x000001c38e892710 JavaThread "Unconstrained build operations Thread 70" [_thread_blocked, id=19568, stack(0x000000bdbee00000,0x000000bdbef00000)]
  0x000001c38e8903a0 JavaThread "Unconstrained build operations Thread 71" [_thread_blocked, id=18808, stack(0x000000bdbef00000,0x000000bdbf000000)]
  0x000001c38e892c20 JavaThread "Unconstrained build operations Thread 72" [_thread_blocked, id=11024, stack(0x000000bdbf000000,0x000000bdbf100000)]
  0x000001c38e88b7b0 JavaThread "Unconstrained build operations Thread 73" [_thread_blocked, id=26012, stack(0x000000bdbf100000,0x000000bdbf200000)]
  0x000001c38e893130 JavaThread "Unconstrained build operations Thread 74" [_thread_blocked, id=28220, stack(0x000000bdbf200000,0x000000bdbf300000)]
  0x000001c395ba4040 JavaThread "Unconstrained build operations Thread 75" [_thread_blocked, id=19960, stack(0x000000bdbf300000,0x000000bdbf400000)]
  0x000001c395ba4550 JavaThread "Unconstrained build operations Thread 76" [_thread_blocked, id=3044, stack(0x000000bdbf400000,0x000000bdbf500000)]
  0x000001c395ba4f70 JavaThread "Unconstrained build operations Thread 77" [_thread_blocked, id=6248, stack(0x000000bdbf500000,0x000000bdbf600000)]
  0x000001c395ba4a60 JavaThread "Unconstrained build operations Thread 78" [_thread_blocked, id=6708, stack(0x000000bdbf600000,0x000000bdbf700000)]
  0x000001c395ba3620 JavaThread "Unconstrained build operations Thread 79" [_thread_blocked, id=21992, stack(0x000000bdbf700000,0x000000bdbf800000)]
  0x000001c3fcfb92d0 JavaThread "Unconstrained build operations Thread 80" [_thread_blocked, id=3780, stack(0x000000bdbf800000,0x000000bdbf900000)]
  0x000001c3fcfb83a0 JavaThread "Unconstrained build operations Thread 81" [_thread_blocked, id=14724, stack(0x000000bdbf900000,0x000000bdbfa00000)]
  0x000001c3fcfb7980 JavaThread "Unconstrained build operations Thread 82" [_thread_blocked, id=27852, stack(0x000000bdbfa00000,0x000000bdbfb00000)]
  0x000001c3fcfb7e90 JavaThread "Unconstrained build operations Thread 83" [_thread_blocked, id=18788, stack(0x000000bdbfb00000,0x000000bdbfc00000)]
  0x000001c3fcfb88b0 JavaThread "Unconstrained build operations Thread 84" [_thread_blocked, id=21092, stack(0x000000bdbfc00000,0x000000bdbfd00000)]
  0x000001c3fcfb8dc0 JavaThread "Unconstrained build operations Thread 85" [_thread_blocked, id=10560, stack(0x000000bdbfd00000,0x000000bdbfe00000)]
  0x000001c38b765050 JavaThread "Unconstrained build operations Thread 86" [_thread_blocked, id=26956, stack(0x000000bdbfe00000,0x000000bdbff00000)]
  0x000001c38b765560 JavaThread "Unconstrained build operations Thread 87" [_thread_blocked, id=7492, stack(0x000000bdbff00000,0x000000bdc0000000)]
  0x000001c38b7669a0 JavaThread "Unconstrained build operations Thread 88" [_thread_blocked, id=4616, stack(0x000000bdc0000000,0x000000bdc0100000)]
  0x000001c38b765a70 JavaThread "Unconstrained build operations Thread 89" [_thread_blocked, id=18612, stack(0x000000bdc0100000,0x000000bdc0200000)]
  0x000001c38b766490 JavaThread "Unconstrained build operations Thread 90" [_thread_blocked, id=20968, stack(0x000000bdc0200000,0x000000bdc0300000)]
  0x000001c38b765f80 JavaThread "Unconstrained build operations Thread 91" [_thread_blocked, id=21208, stack(0x000000bdc0300000,0x000000bdc0400000)]
  0x000001c38e9d4c20 JavaThread "Unconstrained build operations Thread 92" [_thread_blocked, id=23492, stack(0x000000bdc0400000,0x000000bdc0500000)]
  0x000001c38e9d5130 JavaThread "Unconstrained build operations Thread 93" [_thread_blocked, id=6876, stack(0x000000bdc0500000,0x000000bdc0600000)]
  0x000001c38e9d4710 JavaThread "Unconstrained build operations Thread 94" [_thread_blocked, id=1928, stack(0x000000bdc0600000,0x000000bdc0700000)]
  0x000001c38e9d5640 JavaThread "Unconstrained build operations Thread 95" [_thread_blocked, id=5396, stack(0x000000bdc0700000,0x000000bdc0800000)]
  0x000001c38e9d4200 JavaThread "Unconstrained build operations Thread 96" [_thread_blocked, id=27752, stack(0x000000bdc0800000,0x000000bdc0900000)]
  0x000001c38e9d5b50 JavaThread "Unconstrained build operations Thread 97" [_thread_blocked, id=11260, stack(0x000000bdc0900000,0x000000bdc0a00000)]
  0x000001c388f5f860 JavaThread "Unconstrained build operations Thread 98" [_thread_blocked, id=16196, stack(0x000000bdc0a00000,0x000000bdc0b00000)]
  0x000001c388f5fd70 JavaThread "Unconstrained build operations Thread 99" [_thread_blocked, id=25252, stack(0x000000bdc0c00000,0x000000bdc0d00000)]
  0x000001c388f611b0 JavaThread "Unconstrained build operations Thread 100" [_thread_blocked, id=17712, stack(0x000000bdc0d00000,0x000000bdc0e00000)]
  0x000001c388f60280 JavaThread "Unconstrained build operations Thread 101" [_thread_blocked, id=17272, stack(0x000000bdc0e00000,0x000000bdc0f00000)]
  0x000001c388f60ca0 JavaThread "WorkerExecutor Queue" [_thread_blocked, id=1688, stack(0x000000bdb8d00000,0x000000bdb8e00000)]
  0x000001c38a0069b0 JavaThread "Unconstrained build operations Thread 102" [_thread_blocked, id=7936, stack(0x000000bdc0f00000,0x000000bdc1000000)]
  0x000001c38a005060 JavaThread "Unconstrained build operations Thread 103" [_thread_blocked, id=19928, stack(0x000000bdc1000000,0x000000bdc1100000)]
  0x000001c38a005f90 JavaThread "Unconstrained build operations Thread 104" [_thread_blocked, id=26576, stack(0x000000bdc1100000,0x000000bdc1200000)]
  0x000001c38e8c04c0 JavaThread "Unconstrained build operations Thread 105" [_thread_blocked, id=10828, stack(0x000000bdc1200000,0x000000bdc1300000)]
  0x000001c38e8c09d0 JavaThread "Unconstrained build operations Thread 106" [_thread_blocked, id=22112, stack(0x000000bdc1300000,0x000000bdc1400000)]
  0x000001c3febe2900 JavaThread "Unconstrained build operations Thread 107" [_thread_blocked, id=27904, stack(0x000000bdc1400000,0x000000bdc1500000)]
  0x000001c3febe3d40 JavaThread "Unconstrained build operations Thread 108" [_thread_blocked, id=10936, stack(0x000000bdc1500000,0x000000bdc1600000)]
  0x000001c3febe2e10 JavaThread "Unconstrained build operations Thread 109" [_thread_blocked, id=24616, stack(0x000000bdc1600000,0x000000bdc1700000)]
  0x000001c3febe4250 JavaThread "Unconstrained build operations Thread 110" [_thread_blocked, id=14164, stack(0x000000bdc1700000,0x000000bdc1800000)]
  0x000001c388f60790 JavaThread "WorkerExecutor Queue Thread 2" [_thread_blocked, id=21884, stack(0x000000bdba300000,0x000000bdba400000)]
  0x000001c3fa8c51f0 JavaThread "WorkerExecutor Queue Thread 3" [_thread_blocked, id=26028, stack(0x000000bdc1800000,0x000000bdc1900000)]
  0x000001c3febe3320 JavaThread "RMI RenewClean-[127.0.0.1:17493,org.jetbrains.kotlin.daemon.common.LoopbackNetworkInterface$ClientLoopbackSocketFactory@5542b500]" daemon [_thread_blocked, id=28360, stack(0x000000bdc1a00000,0x000000bdc1b00000)]
  0x000001c3fa8c2970 JavaThread "Unconstrained build operations Thread 111" [_thread_blocked, id=12872, stack(0x000000bdc1900000,0x000000bdc1a00000)]
  0x000001c3fa8c38a0 JavaThread "Build operations" [_thread_blocked, id=3716, stack(0x000000bdc1b00000,0x000000bdc1c00000)]
  0x000001c3febe3830 JavaThread "Build operations Thread 2" [_thread_blocked, id=20852, stack(0x000000bdc1c00000,0x000000bdc1d00000)]
  0x000001c38a005a80 JavaThread "Build operations Thread 3" [_thread_blocked, id=10256, stack(0x000000bdc1d00000,0x000000bdc1e00000)]
  0x000001c38e136c80 JavaThread "Build operations Thread 4" [_thread_blocked, id=24336, stack(0x000000bdc1e00000,0x000000bdc1f00000)]
  0x000001c38e135330 JavaThread "Build operations Thread 5" [_thread_blocked, id=19980, stack(0x000000bdc1f00000,0x000000bdc2000000)]
  0x000001c38e135840 JavaThread "Build operations Thread 6" [_thread_blocked, id=16792, stack(0x000000bdc2000000,0x000000bdc2100000)]
  0x000001c38e136770 JavaThread "Build operations Thread 7" [_thread_blocked, id=25044, stack(0x000000bdc2100000,0x000000bdc2200000)]
  0x000001c38e135d50 JavaThread "Build operations Thread 8" [_thread_blocked, id=23624, stack(0x000000bdc2200000,0x000000bdc2300000)]
  0x000001c38e136260 JavaThread "Build operations Thread 9" [_thread_blocked, id=28316, stack(0x000000bdc2300000,0x000000bdc2400000)]
  0x000001c38aa648a0 JavaThread "Build operations Thread 10" [_thread_blocked, id=18860, stack(0x000000bdc2400000,0x000000bdc2500000)]
  0x000001c38aa62f50 JavaThread "Build operations Thread 11" [_thread_blocked, id=22852, stack(0x000000bdc2500000,0x000000bdc2600000)]
  0x000001c38aa63460 JavaThread "Build operations Thread 12" [_thread_blocked, id=23604, stack(0x000000bdc2600000,0x000000bdc2700000)]
  0x000001c38aa63970 JavaThread "Build operations Thread 13" [_thread_blocked, id=21856, stack(0x000000bdc2700000,0x000000bdc2800000)]
  0x000001c38aa63e80 JavaThread "Build operations Thread 14" [_thread_blocked, id=20840, stack(0x000000bdc2800000,0x000000bdc2900000)]
  0x000001c38aa64390 JavaThread "Build operations Thread 15" [_thread_blocked, id=9016, stack(0x000000bdc2900000,0x000000bdc2a00000)]
  0x000001c3fc364590 JavaThread "Build operations Thread 16" [_thread_blocked, id=27036, stack(0x000000bdc2a00000,0x000000bdc2b00000)]
  0x000001c3fc364aa0 JavaThread "Build operations Thread 17" [_thread_blocked, id=21424, stack(0x000000bdc2b00000,0x000000bdc2c00000)]
  0x000001c3fc364fb0 JavaThread "Build operations Thread 18" [_thread_blocked, id=26796, stack(0x000000bdc2c00000,0x000000bdc2d00000)]
  0x000001c3fc3654c0 JavaThread "Build operations Thread 19" [_thread_blocked, id=4832, stack(0x000000bdc2d00000,0x000000bdc2e00000)]

Other Threads:
=>0x000001c3f4d83210 VMThread "VM Thread" [stack: 0x000000bdb4500000,0x000000bdb4600000] [id=22220]
  0x000001c3da461cc0 WatcherThread [stack: 0x000000bdb5400000,0x000000bdb5500000] [id=17144]
  0x000001c3da4c1ac0 GCTaskThread "GC Thread#0" [stack: 0x000000bdb4000000,0x000000bdb4100000] [id=28548]
  0x000001c3fa644c10 GCTaskThread "GC Thread#1" [stack: 0x000000bdb5900000,0x000000bdb5a00000] [id=792]
  0x000001c3fae90830 GCTaskThread "GC Thread#2" [stack: 0x000000bdb5a00000,0x000000bdb5b00000] [id=24484]
  0x000001c3fae90af0 GCTaskThread "GC Thread#3" [stack: 0x000000bdb5b00000,0x000000bdb5c00000] [id=15912]
  0x000001c3fa96aa60 GCTaskThread "GC Thread#4" [stack: 0x000000bdb5c00000,0x000000bdb5d00000] [id=23112]
  0x000001c3fa96ad20 GCTaskThread "GC Thread#5" [stack: 0x000000bdb5d00000,0x000000bdb5e00000] [id=12864]
  0x000001c3fa0b2c20 GCTaskThread "GC Thread#6" [stack: 0x000000bdb6800000,0x000000bdb6900000] [id=28472]
  0x000001c3fa0b3720 GCTaskThread "GC Thread#7" [stack: 0x000000bdb6900000,0x000000bdb6a00000] [id=25056]
  0x000001c3fa0b1e60 GCTaskThread "GC Thread#8" [stack: 0x000000bdb6a00000,0x000000bdb6b00000] [id=17916]
  0x000001c3fa0b2ee0 GCTaskThread "GC Thread#9" [stack: 0x000000bdb6b00000,0x000000bdb6c00000] [id=21888]
  0x000001c3fa0b26a0 GCTaskThread "GC Thread#10" [stack: 0x000000bdb6c00000,0x000000bdb6d00000] [id=27488]
  0x000001c3fa0b1ba0 GCTaskThread "GC Thread#11" [stack: 0x000000bdb6d00000,0x000000bdb6e00000] [id=20688]
  0x000001c3fa0b2120 GCTaskThread "GC Thread#12" [stack: 0x000000bdb6e00000,0x000000bdb6f00000] [id=17880]
  0x000001c3fa0b23e0 GCTaskThread "GC Thread#13" [stack: 0x000000bdb6f00000,0x000000bdb7000000] [id=26088]
  0x000001c3fa0b2960 GCTaskThread "GC Thread#14" [stack: 0x000000bdb7000000,0x000000bdb7100000] [id=16928]
  0x000001c3d821d050 ConcurrentGCThread "G1 Main Marker" [stack: 0x000000bdb4100000,0x000000bdb4200000] [id=4424]
  0x000001c3d821da70 ConcurrentGCThread "G1 Conc#0" [stack: 0x000000bdb4200000,0x000000bdb4300000] [id=25632]
  0x000001c3fa0b31a0 ConcurrentGCThread "G1 Conc#1" [stack: 0x000000bdb7100000,0x000000bdb7200000] [id=10276]
  0x000001c3fa0b3460 ConcurrentGCThread "G1 Conc#2" [stack: 0x000000bdb7200000,0x000000bdb7300000] [id=14172]
  0x000001c3fb3e1970 ConcurrentGCThread "G1 Conc#3" [stack: 0x000000bdb7300000,0x000000bdb7400000] [id=4452]
  0x000001c3da50e650 ConcurrentGCThread "G1 Refine#0" [stack: 0x000000bdb4300000,0x000000bdb4400000] [id=7832]
  0x000001c38824d230 ConcurrentGCThread "G1 Refine#1" [stack: 0x000000bdc6a00000,0x000000bdc6b00000] [id=16036]
  0x000001c38824db00 ConcurrentGCThread "G1 Refine#2" [stack: 0x000000bdc7000000,0x000000bdc7100000] [id=10980]
  0x000001c38824ddf0 ConcurrentGCThread "G1 Refine#3" [stack: 0x000000bdc7100000,0x000000bdc7200000] [id=15524]
  0x000001c38824e0e0 ConcurrentGCThread "G1 Refine#4" [stack: 0x000000bdc7200000,0x000000bdc7300000] [id=14728]
  0x000001c3fc5157b0 ConcurrentGCThread "G1 Refine#5" [stack: 0x000000bdc7300000,0x000000bdc7400000] [id=18980]
  0x000001c38a182170 ConcurrentGCThread "G1 Refine#6" [stack: 0x000000bdc7400000,0x000000bdc7500000] [id=4788]
  0x000001c38a180700 ConcurrentGCThread "G1 Refine#7" [stack: 0x000000bdc7500000,0x000000bdc7600000] [id=26660]
  0x000001c38a1815b0 ConcurrentGCThread "G1 Refine#8" [stack: 0x000000bdc7600000,0x000000bdc7700000] [id=18956]
  0x000001c38a182460 ConcurrentGCThread "G1 Refine#9" [stack: 0x000000bdc8700000,0x000000bdc8800000] [id=24468]
  0x000001c38a180ce0 ConcurrentGCThread "G1 Refine#10" [stack: 0x000000bdc8800000,0x000000bdc8900000] [id=12772]
  0x000001c38a181b90 ConcurrentGCThread "G1 Refine#11" [stack: 0x000000bdc8900000,0x000000bdc8a00000] [id=28008]
  0x000001c38a182750 ConcurrentGCThread "G1 Refine#12" [stack: 0x000000bdc8a00000,0x000000bdc8b00000] [id=13832]
  0x000001c38a183020 ConcurrentGCThread "G1 Refine#13" [stack: 0x000000bdc8b00000,0x000000bdc8c00000] [id=13852]
  0x000001c38a183310 ConcurrentGCThread "G1 Refine#14" [stack: 0x000000bdc8c00000,0x000000bdc8d00000] [id=27508]
  0x000001c3f4c7a210 ConcurrentGCThread "G1 Service" [stack: 0x000000bdb4400000,0x000000bdb4500000] [id=7088]

Threads with active compile tasks:
C2 CompilerThread0  5041826 58564       4       org.objectweb.asm.ClassReader::accept (1412 bytes)

VM state: at safepoint (normal execution)

VM Mutex/Monitor currently owned by a thread:  ([mutex/lock_event])
[0x000001c3da45cb70] Threads_lock - owner thread: 0x000001c3f4d83210
[0x000001c3da45d230] Heap_lock - owner thread: 0x000001c38ed5d2b0

Heap address: 0x0000000080000000, size: 2048 MB, Compressed Oops mode: 32-bit

CDS archive(s) not mapped
Compressed class space mapped at: 0x0000000100000000-0x0000000140000000, reserved size: 1073741824
Narrow klass base: 0x0000000000000000, Narrow klass shift: 3, Narrow klass range: 0x140000000

GC Precious Log:
 CPUs: 20 total, 20 available
 Memory: 16004M
 Large Page Support: Disabled
 NUMA Support: Disabled
 Compressed Oops: Enabled (32-bit)
 Heap Region Size: 1M
 Heap Min Capacity: 8M
 Heap Initial Capacity: 252M
 Heap Max Capacity: 2G
 Pre-touch: Disabled
 Parallel Workers: 15
 Concurrent Workers: 4
 Concurrent Refinement Workers: 15
 Periodic GC: Disabled

Heap:
 garbage-first heap   total 819200K, used 378880K [0x0000000080000000, 0x0000000100000000)
  region size 1024K, 34 young (34816K), 34 survivors (34816K)
 Metaspace       used 210092K, committed 212864K, reserved 1245184K
  class space    used 27737K, committed 29056K, reserved 1048576K

Heap Regions: E=young(eden), S=young(survivor), O=old, HS=humongous(starts), HC=humongous(continues), CS=collection set, F=free, OA=open archive, CA=closed archive, TAMS=top-at-mark-start (previous, next)
|   0|0x0000000080000000, 0x0000000080100000, 0x0000000080100000|100%|HS|  |TAMS 0x0000000080100000, 0x0000000080100000| Complete 
|   1|0x0000000080100000, 0x0000000080200000, 0x0000000080200000|100%|HC|  |TAMS 0x0000000080200000, 0x0000000080200000| Complete 
|   2|0x0000000080200000, 0x0000000080300000, 0x0000000080300000|100%|HC|  |TAMS 0x0000000080300000, 0x0000000080300000| Complete 
|   3|0x0000000080300000, 0x0000000080400000, 0x0000000080400000|100%|HC|  |TAMS 0x0000000080400000, 0x0000000080400000| Complete 
|   4|0x0000000080400000, 0x0000000080500000, 0x0000000080500000|100%| O|  |TAMS 0x0000000080500000, 0x0000000080500000| Untracked 
|   5|0x0000000080500000, 0x0000000080600000, 0x0000000080600000|100%| O|  |TAMS 0x0000000080600000, 0x0000000080600000| Untracked 
|   6|0x0000000080600000, 0x0000000080700000, 0x0000000080700000|100%| O|  |TAMS 0x0000000080700000, 0x0000000080700000| Untracked 
|   7|0x0000000080700000, 0x0000000080800000, 0x0000000080800000|100%| O|  |TAMS 0x0000000080800000, 0x0000000080800000| Untracked 
|   8|0x0000000080800000, 0x0000000080900000, 0x0000000080900000|100%| O|  |TAMS 0x0000000080900000, 0x0000000080900000| Untracked 
|   9|0x0000000080900000, 0x0000000080a00000, 0x0000000080a00000|100%| O|  |TAMS 0x0000000080a00000, 0x0000000080a00000| Untracked 
|  10|0x0000000080a00000, 0x0000000080b00000, 0x0000000080b00000|100%| O|  |TAMS 0x0000000080b00000, 0x0000000080b00000| Untracked 
|  11|0x0000000080b00000, 0x0000000080c00000, 0x0000000080c00000|100%| O|  |TAMS 0x0000000080c00000, 0x0000000080c00000| Untracked 
|  12|0x0000000080c00000, 0x0000000080d00000, 0x0000000080d00000|100%| O|  |TAMS 0x0000000080d00000, 0x0000000080d00000| Untracked 
|  13|0x0000000080d00000, 0x0000000080e00000, 0x0000000080e00000|100%| O|  |TAMS 0x0000000080e00000, 0x0000000080e00000| Untracked 
|  14|0x0000000080e00000, 0x0000000080f00000, 0x0000000080f00000|100%| O|  |TAMS 0x0000000080f00000, 0x0000000080f00000| Untracked 
|  15|0x0000000080f00000, 0x0000000081000000, 0x0000000081000000|100%| O|  |TAMS 0x0000000081000000, 0x0000000081000000| Untracked 
|  16|0x0000000081000000, 0x0000000081100000, 0x0000000081100000|100%| O|  |TAMS 0x0000000081100000, 0x0000000081100000| Untracked 
|  17|0x0000000081100000, 0x0000000081200000, 0x0000000081200000|100%| O|  |TAMS 0x0000000081200000, 0x0000000081200000| Untracked 
|  18|0x0000000081200000, 0x0000000081300000, 0x0000000081300000|100%| O|  |TAMS 0x0000000081300000, 0x0000000081300000| Untracked 
|  19|0x0000000081300000, 0x0000000081400000, 0x0000000081400000|100%| O|  |TAMS 0x0000000081400000, 0x0000000081400000| Untracked 
|  20|0x0000000081400000, 0x0000000081500000, 0x0000000081500000|100%| O|  |TAMS 0x0000000081500000, 0x0000000081500000| Untracked 
|  21|0x0000000081500000, 0x0000000081600000, 0x0000000081600000|100%| O|  |TAMS 0x0000000081600000, 0x0000000081600000| Untracked 
|  22|0x0000000081600000, 0x0000000081700000, 0x0000000081700000|100%| O|  |TAMS 0x0000000081700000, 0x0000000081700000| Untracked 
|  23|0x0000000081700000, 0x0000000081800000, 0x0000000081800000|100%| O|  |TAMS 0x0000000081800000, 0x0000000081800000| Untracked 
|  24|0x0000000081800000, 0x0000000081900000, 0x0000000081900000|100%| O|  |TAMS 0x0000000081900000, 0x0000000081900000| Untracked 
|  25|0x0000000081900000, 0x0000000081a00000, 0x0000000081a00000|100%| O|  |TAMS 0x0000000081a00000, 0x0000000081a00000| Untracked 
|  26|0x0000000081a00000, 0x0000000081b00000, 0x0000000081b00000|100%| O|  |TAMS 0x0000000081b00000, 0x0000000081b00000| Untracked 
|  27|0x0000000081b00000, 0x0000000081c00000, 0x0000000081c00000|100%|HS|  |TAMS 0x0000000081c00000, 0x0000000081c00000| Complete 
|  28|0x0000000081c00000, 0x0000000081d00000, 0x0000000081d00000|100%|HS|  |TAMS 0x0000000081d00000, 0x0000000081d00000| Complete 
|  29|0x0000000081d00000, 0x0000000081e00000, 0x0000000081e00000|100%|HS|  |TAMS 0x0000000081e00000, 0x0000000081e00000| Complete 
|  30|0x0000000081e00000, 0x0000000081f00000, 0x0000000081f00000|100%|HC|  |TAMS 0x0000000081f00000, 0x0000000081f00000| Complete 
|  31|0x0000000081f00000, 0x0000000082000000, 0x0000000082000000|100%|HS|  |TAMS 0x0000000082000000, 0x0000000082000000| Complete 
|  32|0x0000000082000000, 0x0000000082100000, 0x0000000082100000|100%|HC|  |TAMS 0x0000000082100000, 0x0000000082100000| Complete 
|  33|0x0000000082100000, 0x0000000082200000, 0x0000000082200000|100%|HS|  |TAMS 0x0000000082200000, 0x0000000082200000| Complete 
|  34|0x0000000082200000, 0x0000000082300000, 0x0000000082300000|100%|HS|  |TAMS 0x0000000082300000, 0x0000000082300000| Complete 
|  35|0x0000000082300000, 0x0000000082400000, 0x0000000082400000|100%|HC|  |TAMS 0x0000000082400000, 0x0000000082400000| Complete 
|  36|0x0000000082400000, 0x0000000082500000, 0x0000000082500000|100%|HC|  |TAMS 0x0000000082500000, 0x0000000082500000| Complete 
|  37|0x0000000082500000, 0x0000000082600000, 0x0000000082600000|100%|HC|  |TAMS 0x0000000082600000, 0x0000000082600000| Complete 
|  38|0x0000000082600000, 0x0000000082700000, 0x0000000082700000|100%|HS|  |TAMS 0x0000000082700000, 0x0000000082700000| Complete 
|  39|0x0000000082700000, 0x0000000082800000, 0x0000000082800000|100%|HS|  |TAMS 0x0000000082800000, 0x0000000082800000| Complete 
|  40|0x0000000082800000, 0x0000000082900000, 0x0000000082900000|100%|HS|  |TAMS 0x0000000082900000, 0x0000000082900000| Complete 
|  41|0x0000000082900000, 0x0000000082a00000, 0x0000000082a00000|100%| O|  |TAMS 0x0000000082a00000, 0x0000000082a00000| Untracked 
|  42|0x0000000082a00000, 0x0000000082b00000, 0x0000000082b00000|100%| O|  |TAMS 0x0000000082b00000, 0x0000000082b00000| Untracked 
|  43|0x0000000082b00000, 0x0000000082c00000, 0x0000000082c00000|100%| O|  |TAMS 0x0000000082c00000, 0x0000000082c00000| Untracked 
|  44|0x0000000082c00000, 0x0000000082d00000, 0x0000000082d00000|100%| O|  |TAMS 0x0000000082d00000, 0x0000000082d00000| Untracked 
|  45|0x0000000082d00000, 0x0000000082e00000, 0x0000000082e00000|100%| O|  |TAMS 0x0000000082d00000, 0x0000000082e00000| Untracked 
|  46|0x0000000082e00000, 0x0000000082f00000, 0x0000000082f00000|100%| O|  |TAMS 0x0000000082f00000, 0x0000000082f00000| Untracked 
|  47|0x0000000082f00000, 0x0000000083000000, 0x0000000083000000|100%| O|  |TAMS 0x0000000083000000, 0x0000000083000000| Untracked 
|  48|0x0000000083000000, 0x0000000083100000, 0x0000000083100000|100%| O|  |TAMS 0x0000000083100000, 0x0000000083100000| Untracked 
|  49|0x0000000083100000, 0x0000000083200000, 0x0000000083200000|100%|HS|  |TAMS 0x0000000083200000, 0x0000000083200000| Complete 
|  50|0x0000000083200000, 0x0000000083300000, 0x0000000083300000|100%| O|  |TAMS 0x0000000083200000, 0x0000000083200000| Untracked 
|  51|0x0000000083300000, 0x0000000083400000, 0x0000000083400000|100%| O|  |TAMS 0x0000000083400000, 0x0000000083400000| Untracked 
|  52|0x0000000083400000, 0x0000000083500000, 0x0000000083500000|100%| O|  |TAMS 0x0000000083500000, 0x0000000083500000| Untracked 
|  53|0x0000000083500000, 0x0000000083600000, 0x0000000083600000|100%| O|  |TAMS 0x0000000083600000, 0x0000000083600000| Untracked 
|  54|0x0000000083600000, 0x0000000083700000, 0x0000000083700000|100%| O|  |TAMS 0x0000000083700000, 0x0000000083700000| Untracked 
|  55|0x0000000083700000, 0x0000000083800000, 0x0000000083800000|100%| O|  |TAMS 0x0000000083800000, 0x0000000083800000| Untracked 
|  56|0x0000000083800000, 0x0000000083900000, 0x0000000083900000|100%| O|  |TAMS 0x0000000083900000, 0x0000000083900000| Untracked 
|  57|0x0000000083900000, 0x0000000083a00000, 0x0000000083a00000|100%| O|  |TAMS 0x0000000083a00000, 0x0000000083a00000| Untracked 
|  58|0x0000000083a00000, 0x0000000083b00000, 0x0000000083b00000|100%| O|  |TAMS 0x0000000083b00000, 0x0000000083b00000| Untracked 
|  59|0x0000000083b00000, 0x0000000083c00000, 0x0000000083c00000|100%| O|  |TAMS 0x0000000083c00000, 0x0000000083c00000| Untracked 
|  60|0x0000000083c00000, 0x0000000083d00000, 0x0000000083d00000|100%| O|  |TAMS 0x0000000083d00000, 0x0000000083d00000| Untracked 
|  61|0x0000000083d00000, 0x0000000083e00000, 0x0000000083e00000|100%| O|  |TAMS 0x0000000083e00000, 0x0000000083e00000| Untracked 
|  62|0x0000000083e00000, 0x0000000083f00000, 0x0000000083f00000|100%| O|  |TAMS 0x0000000083f00000, 0x0000000083f00000| Untracked 
|  63|0x0000000083f00000, 0x0000000084000000, 0x0000000084000000|100%| O|  |TAMS 0x0000000084000000, 0x0000000084000000| Untracked 
|  64|0x0000000084000000, 0x0000000084100000, 0x0000000084100000|100%| O|  |TAMS 0x0000000084100000, 0x0000000084100000| Untracked 
|  65|0x0000000084100000, 0x0000000084200000, 0x0000000084200000|100%| O|  |TAMS 0x0000000084200000, 0x0000000084200000| Untracked 
|  66|0x0000000084200000, 0x0000000084300000, 0x0000000084300000|100%| O|  |TAMS 0x0000000084300000, 0x0000000084300000| Untracked 
|  67|0x0000000084300000, 0x0000000084400000, 0x0000000084400000|100%| O|  |TAMS 0x0000000084400000, 0x0000000084400000| Untracked 
|  68|0x0000000084400000, 0x0000000084500000, 0x0000000084500000|100%| O|  |TAMS 0x0000000084500000, 0x0000000084500000| Untracked 
|  69|0x0000000084500000, 0x0000000084600000, 0x0000000084600000|100%| O|  |TAMS 0x0000000084600000, 0x0000000084600000| Untracked 
|  70|0x0000000084600000, 0x0000000084700000, 0x0000000084700000|100%|HS|  |TAMS 0x0000000084700000, 0x0000000084700000| Complete 
|  71|0x0000000084700000, 0x0000000084800000, 0x0000000084800000|100%|HC|  |TAMS 0x0000000084800000, 0x0000000084800000| Complete 
|  72|0x0000000084800000, 0x0000000084900000, 0x0000000084900000|100%|HC|  |TAMS 0x0000000084900000, 0x0000000084900000| Complete 
|  73|0x0000000084900000, 0x0000000084a00000, 0x0000000084a00000|100%|HC|  |TAMS 0x0000000084a00000, 0x0000000084a00000| Complete 
|  74|0x0000000084a00000, 0x0000000084b00000, 0x0000000084b00000|100%| O|  |TAMS 0x0000000084b00000, 0x0000000084b00000| Untracked 
|  75|0x0000000084b00000, 0x0000000084c00000, 0x0000000084c00000|100%| O|  |TAMS 0x0000000084c00000, 0x0000000084c00000| Untracked 
|  76|0x0000000084c00000, 0x0000000084d00000, 0x0000000084d00000|100%| O|  |TAMS 0x0000000084d00000, 0x0000000084d00000| Untracked 
|  77|0x0000000084d00000, 0x0000000084e00000, 0x0000000084e00000|100%| O|  |TAMS 0x0000000084e00000, 0x0000000084e00000| Untracked 
|  78|0x0000000084e00000, 0x0000000084f00000, 0x0000000084f00000|100%| O|  |TAMS 0x0000000084f00000, 0x0000000084f00000| Untracked 
|  79|0x0000000084f00000, 0x0000000085000000, 0x0000000085000000|100%| O|  |TAMS 0x0000000085000000, 0x0000000085000000| Untracked 
|  80|0x0000000085000000, 0x0000000085100000, 0x0000000085100000|100%| O|  |TAMS 0x0000000085100000, 0x0000000085100000| Untracked 
|  81|0x0000000085100000, 0x0000000085200000, 0x0000000085200000|100%| O|  |TAMS 0x0000000085100000, 0x0000000085200000| Untracked 
|  82|0x0000000085200000, 0x0000000085300000, 0x0000000085300000|100%| O|  |TAMS 0x0000000085300000, 0x0000000085300000| Untracked 
|  83|0x0000000085300000, 0x0000000085400000, 0x0000000085400000|100%| O|  |TAMS 0x0000000085400000, 0x0000000085400000| Untracked 
|  84|0x0000000085400000, 0x0000000085500000, 0x0000000085500000|100%| O|  |TAMS 0x0000000085500000, 0x0000000085500000| Untracked 
|  85|0x0000000085500000, 0x0000000085600000, 0x0000000085600000|100%| O|  |TAMS 0x0000000085600000, 0x0000000085600000| Untracked 
|  86|0x0000000085600000, 0x0000000085700000, 0x0000000085700000|100%| O|  |TAMS 0x0000000085700000, 0x0000000085700000| Untracked 
|  87|0x0000000085700000, 0x0000000085800000, 0x0000000085800000|100%| O|  |TAMS 0x0000000085800000, 0x0000000085800000| Untracked 
|  88|0x0000000085800000, 0x0000000085900000, 0x0000000085900000|100%| O|  |TAMS 0x0000000085900000, 0x0000000085900000| Untracked 
|  89|0x0000000085900000, 0x0000000085a00000, 0x0000000085a00000|100%| O|  |TAMS 0x0000000085a00000, 0x0000000085a00000| Untracked 
|  90|0x0000000085a00000, 0x0000000085b00000, 0x0000000085b00000|100%| O|  |TAMS 0x0000000085b00000, 0x0000000085b00000| Untracked 
|  91|0x0000000085b00000, 0x0000000085c00000, 0x0000000085c00000|100%| O|  |TAMS 0x0000000085c00000, 0x0000000085c00000| Untracked 
|  92|0x0000000085c00000, 0x0000000085d00000, 0x0000000085d00000|100%| O|  |TAMS 0x0000000085c00000, 0x0000000085d00000| Untracked 
|  93|0x0000000085d00000, 0x0000000085e00000, 0x0000000085e00000|100%| O|  |TAMS 0x0000000085e00000, 0x0000000085e00000| Untracked 
|  94|0x0000000085e00000, 0x0000000085f00000, 0x0000000085f00000|100%| O|  |TAMS 0x0000000085f00000, 0x0000000085f00000| Untracked 
|  95|0x0000000085f00000, 0x0000000086000000, 0x0000000086000000|100%| O|  |TAMS 0x0000000086000000, 0x0000000086000000| Untracked 
|  96|0x0000000086000000, 0x0000000086100000, 0x0000000086100000|100%| O|  |TAMS 0x0000000086000000, 0x0000000086100000| Untracked 
|  97|0x0000000086100000, 0x0000000086200000, 0x0000000086200000|100%| O|  |TAMS 0x0000000086200000, 0x0000000086200000| Untracked 
|  98|0x0000000086200000, 0x0000000086300000, 0x0000000086300000|100%| O|  |TAMS 0x0000000086300000, 0x0000000086300000| Untracked 
|  99|0x0000000086300000, 0x0000000086400000, 0x0000000086400000|100%| O|  |TAMS 0x0000000086400000, 0x0000000086400000| Untracked 
| 100|0x0000000086400000, 0x0000000086500000, 0x0000000086500000|100%| O|  |TAMS 0x0000000086500000, 0x0000000086500000| Untracked 
| 101|0x0000000086500000, 0x0000000086600000, 0x0000000086600000|100%| O|  |TAMS 0x0000000086600000, 0x0000000086600000| Untracked 
| 102|0x0000000086600000, 0x0000000086700000, 0x0000000086700000|100%| O|  |TAMS 0x0000000086700000, 0x0000000086700000| Untracked 
| 103|0x0000000086700000, 0x0000000086800000, 0x0000000086800000|100%| O|  |TAMS 0x0000000086800000, 0x0000000086800000| Untracked 
| 104|0x0000000086800000, 0x0000000086900000, 0x0000000086900000|100%| O|  |TAMS 0x0000000086900000, 0x0000000086900000| Untracked 
| 105|0x0000000086900000, 0x0000000086a00000, 0x0000000086a00000|100%| O|  |TAMS 0x0000000086a00000, 0x0000000086a00000| Untracked 
| 106|0x0000000086a00000, 0x0000000086b00000, 0x0000000086b00000|100%| O|  |TAMS 0x0000000086b00000, 0x0000000086b00000| Untracked 
| 107|0x0000000086b00000, 0x0000000086c00000, 0x0000000086c00000|100%| O|  |TAMS 0x0000000086c00000, 0x0000000086c00000| Untracked 
| 108|0x0000000086c00000, 0x0000000086d00000, 0x0000000086d00000|100%| O|  |TAMS 0x0000000086d00000, 0x0000000086d00000| Untracked 
| 109|0x0000000086d00000, 0x0000000086e00000, 0x0000000086e00000|100%| O|  |TAMS 0x0000000086d00000, 0x0000000086e00000| Untracked 
| 110|0x0000000086e00000, 0x0000000086f00000, 0x0000000086f00000|100%| O|  |TAMS 0x0000000086f00000, 0x0000000086f00000| Untracked 
| 111|0x0000000086f00000, 0x0000000087000000, 0x0000000087000000|100%| O|  |TAMS 0x0000000087000000, 0x0000000087000000| Untracked 
| 112|0x0000000087000000, 0x0000000087100000, 0x0000000087100000|100%| O|  |TAMS 0x0000000087100000, 0x0000000087100000| Untracked 
| 113|0x0000000087100000, 0x0000000087200000, 0x0000000087200000|100%| O|  |TAMS 0x0000000087100000, 0x0000000087200000| Untracked 
| 114|0x0000000087200000, 0x0000000087300000, 0x0000000087300000|100%| O|  |TAMS 0x0000000087200000, 0x0000000087300000| Untracked 
| 115|0x0000000087300000, 0x0000000087400000, 0x0000000087400000|100%| O|  |TAMS 0x0000000087400000, 0x0000000087400000| Untracked 
| 116|0x0000000087400000, 0x0000000087500000, 0x0000000087500000|100%| O|  |TAMS 0x0000000087400000, 0x0000000087400000| Untracked 
| 117|0x0000000087500000, 0x0000000087600000, 0x0000000087600000|100%| O|  |TAMS 0x0000000087600000, 0x0000000087600000| Untracked 
| 118|0x0000000087600000, 0x0000000087700000, 0x0000000087700000|100%| O|  |TAMS 0x0000000087700000, 0x0000000087700000| Untracked 
| 119|0x0000000087700000, 0x0000000087800000, 0x0000000087800000|100%| O|  |TAMS 0x0000000087800000, 0x0000000087800000| Untracked 
| 120|0x0000000087800000, 0x0000000087900000, 0x0000000087900000|100%| O|  |TAMS 0x0000000087900000, 0x0000000087900000| Untracked 
| 121|0x0000000087900000, 0x0000000087a00000, 0x0000000087a00000|100%| O|  |TAMS 0x0000000087a00000, 0x0000000087a00000| Untracked 
| 122|0x0000000087a00000, 0x0000000087b00000, 0x0000000087b00000|100%| O|  |TAMS 0x0000000087b00000, 0x0000000087b00000| Untracked 
| 123|0x0000000087b00000, 0x0000000087c00000, 0x0000000087c00000|100%| O|  |TAMS 0x0000000087c00000, 0x0000000087c00000| Untracked 
| 124|0x0000000087c00000, 0x0000000087d00000, 0x0000000087d00000|100%| O|  |TAMS 0x0000000087d00000, 0x0000000087d00000| Untracked 
| 125|0x0000000087d00000, 0x0000000087e00000, 0x0000000087e00000|100%| O|  |TAMS 0x0000000087e00000, 0x0000000087e00000| Untracked 
| 126|0x0000000087e00000, 0x0000000087f00000, 0x0000000087f00000|100%| O|  |TAMS 0x0000000087f00000, 0x0000000087f00000| Untracked 
| 127|0x0000000087f00000, 0x0000000088000000, 0x0000000088000000|100%| O|  |TAMS 0x0000000088000000, 0x0000000088000000| Untracked 
| 128|0x0000000088000000, 0x0000000088100000, 0x0000000088100000|100%| O|  |TAMS 0x0000000088100000, 0x0000000088100000| Untracked 
| 129|0x0000000088100000, 0x0000000088200000, 0x0000000088200000|100%| O|  |TAMS 0x0000000088200000, 0x0000000088200000| Untracked 
| 130|0x0000000088200000, 0x0000000088300000, 0x0000000088300000|100%| O|  |TAMS 0x0000000088300000, 0x0000000088300000| Untracked 
| 131|0x0000000088300000, 0x0000000088400000, 0x0000000088400000|100%| O|  |TAMS 0x0000000088400000, 0x0000000088400000| Untracked 
| 132|0x0000000088400000, 0x0000000088500000, 0x0000000088500000|100%| O|  |TAMS 0x0000000088500000, 0x0000000088500000| Untracked 
| 133|0x0000000088500000, 0x0000000088600000, 0x0000000088600000|100%| O|  |TAMS 0x0000000088500000, 0x0000000088600000| Untracked 
| 134|0x0000000088600000, 0x0000000088700000, 0x0000000088700000|100%| O|  |TAMS 0x0000000088700000, 0x0000000088700000| Untracked 
| 135|0x0000000088700000, 0x0000000088800000, 0x0000000088800000|100%| O|  |TAMS 0x0000000088800000, 0x0000000088800000| Untracked 
| 136|0x0000000088800000, 0x0000000088900000, 0x0000000088900000|100%| O|  |TAMS 0x0000000088900000, 0x0000000088900000| Untracked 
| 137|0x0000000088900000, 0x0000000088a00000, 0x0000000088a00000|100%| O|  |TAMS 0x0000000088a00000, 0x0000000088a00000| Untracked 
| 138|0x0000000088a00000, 0x0000000088b00000, 0x0000000088b00000|100%| O|  |TAMS 0x0000000088a00000, 0x0000000088b00000| Untracked 
| 139|0x0000000088b00000, 0x0000000088c00000, 0x0000000088c00000|100%| O|  |TAMS 0x0000000088c00000, 0x0000000088c00000| Untracked 
| 140|0x0000000088c00000, 0x0000000088d00000, 0x0000000088d00000|100%| O|  |TAMS 0x0000000088d00000, 0x0000000088d00000| Untracked 
| 141|0x0000000088d00000, 0x0000000088e00000, 0x0000000088e00000|100%| O|  |TAMS 0x0000000088e00000, 0x0000000088e00000| Untracked 
| 142|0x0000000088e00000, 0x0000000088f00000, 0x0000000088f00000|100%| O|  |TAMS 0x0000000088f00000, 0x0000000088f00000| Untracked 
| 143|0x0000000088f00000, 0x0000000089000000, 0x0000000089000000|100%| O|  |TAMS 0x0000000088f00000, 0x0000000089000000| Untracked 
| 144|0x0000000089000000, 0x0000000089100000, 0x0000000089100000|100%| O|  |TAMS 0x0000000089100000, 0x0000000089100000| Untracked 
| 145|0x0000000089100000, 0x0000000089200000, 0x0000000089200000|100%| O|  |TAMS 0x0000000089200000, 0x0000000089200000| Untracked 
| 146|0x0000000089200000, 0x0000000089300000, 0x0000000089300000|100%| O|  |TAMS 0x0000000089200000, 0x0000000089200000| Untracked 
| 147|0x0000000089300000, 0x0000000089400000, 0x0000000089400000|100%| O|  |TAMS 0x0000000089400000, 0x0000000089400000| Untracked 
| 148|0x0000000089400000, 0x0000000089500000, 0x0000000089500000|100%| O|  |TAMS 0x0000000089400000, 0x0000000089500000| Untracked 
| 149|0x0000000089500000, 0x0000000089600000, 0x0000000089600000|100%| O|  |TAMS 0x0000000089500000, 0x0000000089600000| Untracked 
| 150|0x0000000089600000, 0x0000000089700000, 0x0000000089700000|100%| O|  |TAMS 0x0000000089700000, 0x0000000089700000| Untracked 
| 151|0x0000000089700000, 0x0000000089800000, 0x0000000089800000|100%| O|  |TAMS 0x0000000089700000, 0x0000000089800000| Untracked 
| 152|0x0000000089800000, 0x0000000089900000, 0x0000000089900000|100%| O|  |TAMS 0x0000000089800000, 0x0000000089900000| Untracked 
| 153|0x0000000089900000, 0x0000000089a00000, 0x0000000089a00000|100%| O|  |TAMS 0x0000000089900000, 0x0000000089900000| Untracked 
| 154|0x0000000089a00000, 0x0000000089b00000, 0x0000000089b00000|100%| O|  |TAMS 0x0000000089b00000, 0x0000000089b00000| Untracked 
| 155|0x0000000089b00000, 0x0000000089c00000, 0x0000000089c00000|100%| O|  |TAMS 0x0000000089c00000, 0x0000000089c00000| Untracked 
| 156|0x0000000089c00000, 0x0000000089d00000, 0x0000000089d00000|100%| O|  |TAMS 0x0000000089d00000, 0x0000000089d00000| Untracked 
| 157|0x0000000089d00000, 0x0000000089e00000, 0x0000000089e00000|100%| O|  |TAMS 0x0000000089e00000, 0x0000000089e00000| Untracked 
| 158|0x0000000089e00000, 0x0000000089f00000, 0x0000000089f00000|100%| O|  |TAMS 0x0000000089e00000, 0x0000000089f00000| Untracked 
| 159|0x0000000089f00000, 0x000000008a000000, 0x000000008a000000|100%| O|  |TAMS 0x0000000089f00000, 0x0000000089f00000| Untracked 
| 160|0x000000008a000000, 0x000000008a100000, 0x000000008a100000|100%| O|  |TAMS 0x000000008a100000, 0x000000008a100000| Untracked 
| 161|0x000000008a100000, 0x000000008a200000, 0x000000008a200000|100%| O|  |TAMS 0x000000008a200000, 0x000000008a200000| Untracked 
| 162|0x000000008a200000, 0x000000008a300000, 0x000000008a300000|100%| O|  |TAMS 0x000000008a300000, 0x000000008a300000| Untracked 
| 163|0x000000008a300000, 0x000000008a400000, 0x000000008a400000|100%|HS|  |TAMS 0x000000008a400000, 0x000000008a400000| Complete 
| 164|0x000000008a400000, 0x000000008a500000, 0x000000008a500000|100%|HC|  |TAMS 0x000000008a500000, 0x000000008a500000| Complete 
| 165|0x000000008a500000, 0x000000008a600000, 0x000000008a600000|100%| O|  |TAMS 0x000000008a600000, 0x000000008a600000| Untracked 
| 166|0x000000008a600000, 0x000000008a700000, 0x000000008a700000|100%| O|  |TAMS 0x000000008a700000, 0x000000008a700000| Untracked 
| 167|0x000000008a700000, 0x000000008a800000, 0x000000008a800000|100%| O|  |TAMS 0x000000008a800000, 0x000000008a800000| Untracked 
| 168|0x000000008a800000, 0x000000008a900000, 0x000000008a900000|100%| O|  |TAMS 0x000000008a900000, 0x000000008a900000| Untracked 
| 169|0x000000008a900000, 0x000000008aa00000, 0x000000008aa00000|100%| O|  |TAMS 0x000000008aa00000, 0x000000008aa00000| Untracked 
| 170|0x000000008aa00000, 0x000000008ab00000, 0x000000008ab00000|100%| O|  |TAMS 0x000000008aa00000, 0x000000008aa00000| Untracked 
| 171|0x000000008ab00000, 0x000000008ac00000, 0x000000008ac00000|100%| O|  |TAMS 0x000000008ac00000, 0x000000008ac00000| Untracked 
| 172|0x000000008ac00000, 0x000000008ad00000, 0x000000008ad00000|100%| O|  |TAMS 0x000000008ad00000, 0x000000008ad00000| Untracked 
| 173|0x000000008ad00000, 0x000000008ae00000, 0x000000008ae00000|100%| O|  |TAMS 0x000000008ae00000, 0x000000008ae00000| Untracked 
| 174|0x000000008ae00000, 0x000000008af00000, 0x000000008af00000|100%| O|  |TAMS 0x000000008af00000, 0x000000008af00000| Untracked 
| 175|0x000000008af00000, 0x000000008b000000, 0x000000008b000000|100%| O|  |TAMS 0x000000008af00000, 0x000000008af00000| Untracked 
| 176|0x000000008b000000, 0x000000008b100000, 0x000000008b100000|100%| O|  |TAMS 0x000000008b000000, 0x000000008b000000| Untracked 
| 177|0x000000008b100000, 0x000000008b200000, 0x000000008b200000|100%| O|  |TAMS 0x000000008b200000, 0x000000008b200000| Untracked 
| 178|0x000000008b200000, 0x000000008b300000, 0x000000008b300000|100%| O|  |TAMS 0x000000008b300000, 0x000000008b300000| Untracked 
| 179|0x000000008b300000, 0x000000008b400000, 0x000000008b400000|100%| O|  |TAMS 0x000000008b400000, 0x000000008b400000| Untracked 
| 180|0x000000008b400000, 0x000000008b500000, 0x000000008b500000|100%| O|  |TAMS 0x000000008b400000, 0x000000008b500000| Untracked 
| 181|0x000000008b500000, 0x000000008b600000, 0x000000008b600000|100%| O|  |TAMS 0x000000008b600000, 0x000000008b600000| Untracked 
| 182|0x000000008b600000, 0x000000008b700000, 0x000000008b700000|100%| O|  |TAMS 0x000000008b700000, 0x000000008b700000| Untracked 
| 183|0x000000008b700000, 0x000000008b800000, 0x000000008b800000|100%| O|  |TAMS 0x000000008b700000, 0x000000008b700000| Untracked 
| 184|0x000000008b800000, 0x000000008b900000, 0x000000008b900000|100%| O|  |TAMS 0x000000008b900000, 0x000000008b900000| Untracked 
| 185|0x000000008b900000, 0x000000008ba00000, 0x000000008ba00000|100%| O|  |TAMS 0x000000008b900000, 0x000000008ba00000| Untracked 
| 186|0x000000008ba00000, 0x000000008bb00000, 0x000000008bb00000|100%| O|  |TAMS 0x000000008ba00000, 0x000000008ba00000| Untracked 
| 187|0x000000008bb00000, 0x000000008bc00000, 0x000000008bc00000|100%| O|  |TAMS 0x000000008bb00000, 0x000000008bc00000| Untracked 
| 188|0x000000008bc00000, 0x000000008bd00000, 0x000000008bd00000|100%| O|  |TAMS 0x000000008bd00000, 0x000000008bd00000| Untracked 
| 189|0x000000008bd00000, 0x000000008be00000, 0x000000008be00000|100%|HS|  |TAMS 0x000000008bd00000, 0x000000008be00000| Complete 
| 190|0x000000008be00000, 0x000000008bf00000, 0x000000008bf00000|100%|HC|  |TAMS 0x000000008be00000, 0x000000008bf00000| Complete 
| 191|0x000000008bf00000, 0x000000008bf00000, 0x000000008c000000|  0%| F|  |TAMS 0x000000008bf00000, 0x000000008bf00000| Untracked 
| 192|0x000000008c000000, 0x000000008c000000, 0x000000008c100000|  0%| F|  |TAMS 0x000000008c000000, 0x000000008c000000| Untracked 
| 193|0x000000008c100000, 0x000000008c200000, 0x000000008c200000|100%| O|  |TAMS 0x000000008c100000, 0x000000008c200000| Untracked 
| 194|0x000000008c200000, 0x000000008c300000, 0x000000008c300000|100%| O|  |TAMS 0x000000008c200000, 0x000000008c300000| Untracked 
| 195|0x000000008c300000, 0x000000008c400000, 0x000000008c400000|100%| O|  |TAMS 0x000000008c300000, 0x000000008c400000| Untracked 
| 196|0x000000008c400000, 0x000000008c500000, 0x000000008c500000|100%| O|  |TAMS 0x000000008c500000, 0x000000008c500000| Untracked 
| 197|0x000000008c500000, 0x000000008c600000, 0x000000008c600000|100%| O|  |TAMS 0x000000008c500000, 0x000000008c600000| Untracked 
| 198|0x000000008c600000, 0x000000008c700000, 0x000000008c700000|100%| O|  |TAMS 0x000000008c600000, 0x000000008c700000| Untracked 
| 199|0x000000008c700000, 0x000000008c800000, 0x000000008c800000|100%| O|  |TAMS 0x000000008c700000, 0x000000008c800000| Untracked 
| 200|0x000000008c800000, 0x000000008c900000, 0x000000008c900000|100%| O|  |TAMS 0x000000008c800000, 0x000000008c900000| Untracked 
| 201|0x000000008c900000, 0x000000008ca00000, 0x000000008ca00000|100%| O|  |TAMS 0x000000008c900000, 0x000000008ca00000| Untracked 
| 202|0x000000008ca00000, 0x000000008cb00000, 0x000000008cb00000|100%| O|  |TAMS 0x000000008ca00000, 0x000000008cb00000| Untracked 
| 203|0x000000008cb00000, 0x000000008cc00000, 0x000000008cc00000|100%| O|  |TAMS 0x000000008cb00000, 0x000000008cc00000| Untracked 
| 204|0x000000008cc00000, 0x000000008cd00000, 0x000000008cd00000|100%| O|  |TAMS 0x000000008cc00000, 0x000000008cd00000| Untracked 
| 205|0x000000008cd00000, 0x000000008ce00000, 0x000000008ce00000|100%| O|  |TAMS 0x000000008cd00000, 0x000000008ce00000| Untracked 
| 206|0x000000008ce00000, 0x000000008cf00000, 0x000000008cf00000|100%| O|  |TAMS 0x000000008ce00000, 0x000000008cf00000| Untracked 
| 207|0x000000008cf00000, 0x000000008d000000, 0x000000008d000000|100%| O|  |TAMS 0x000000008cf00000, 0x000000008d000000| Untracked 
| 208|0x000000008d000000, 0x000000008d100000, 0x000000008d100000|100%| O|  |TAMS 0x000000008d000000, 0x000000008d000000| Untracked 
| 209|0x000000008d100000, 0x000000008d200000, 0x000000008d200000|100%| O|  |TAMS 0x000000008d100000, 0x000000008d200000| Untracked 
| 210|0x000000008d200000, 0x000000008d300000, 0x000000008d300000|100%| O|  |TAMS 0x000000008d200000, 0x000000008d200000| Untracked 
| 211|0x000000008d300000, 0x000000008d400000, 0x000000008d400000|100%| O|  |TAMS 0x000000008d300000, 0x000000008d400000| Untracked 
| 212|0x000000008d400000, 0x000000008d500000, 0x000000008d500000|100%| O|  |TAMS 0x000000008d500000, 0x000000008d500000| Untracked 
| 213|0x000000008d500000, 0x000000008d600000, 0x000000008d600000|100%| O|  |TAMS 0x000000008d500000, 0x000000008d500000| Untracked 
| 214|0x000000008d600000, 0x000000008d700000, 0x000000008d700000|100%| O|  |TAMS 0x000000008d600000, 0x000000008d600000| Untracked 
| 215|0x000000008d700000, 0x000000008d800000, 0x000000008d800000|100%| O|  |TAMS 0x000000008d700000, 0x000000008d800000| Untracked 
| 216|0x000000008d800000, 0x000000008d900000, 0x000000008d900000|100%| O|  |TAMS 0x000000008d800000, 0x000000008d800000| Untracked 
| 217|0x000000008d900000, 0x000000008da00000, 0x000000008da00000|100%| O|  |TAMS 0x000000008d900000, 0x000000008d900000| Untracked 
| 218|0x000000008da00000, 0x000000008db00000, 0x000000008db00000|100%| O|  |TAMS 0x000000008da00000, 0x000000008da00000| Untracked 
| 219|0x000000008db00000, 0x000000008dc00000, 0x000000008dc00000|100%| O|  |TAMS 0x000000008db00000, 0x000000008db00000| Untracked 
| 220|0x000000008dc00000, 0x000000008dd00000, 0x000000008dd00000|100%| O|  |TAMS 0x000000008dc00000, 0x000000008dc00000| Untracked 
| 221|0x000000008dd00000, 0x000000008de00000, 0x000000008de00000|100%| O|  |TAMS 0x000000008dd00000, 0x000000008dd00000| Untracked 
| 222|0x000000008de00000, 0x000000008df00000, 0x000000008df00000|100%| O|  |TAMS 0x000000008de00000, 0x000000008de00000| Untracked 
| 223|0x000000008df00000, 0x000000008e000000, 0x000000008e000000|100%| O|  |TAMS 0x000000008e000000, 0x000000008e000000| Untracked 
| 224|0x000000008e000000, 0x000000008e100000, 0x000000008e100000|100%| O|  |TAMS 0x000000008e000000, 0x000000008e100000| Untracked 
| 225|0x000000008e100000, 0x000000008e200000, 0x000000008e200000|100%| O|  |TAMS 0x000000008e200000, 0x000000008e200000| Untracked 
| 226|0x000000008e200000, 0x000000008e300000, 0x000000008e300000|100%| O|  |TAMS 0x000000008e300000, 0x000000008e300000| Untracked 
| 227|0x000000008e300000, 0x000000008e400000, 0x000000008e400000|100%| O|  |TAMS 0x000000008e300000, 0x000000008e300000| Untracked 
| 228|0x000000008e400000, 0x000000008e500000, 0x000000008e500000|100%| O|  |TAMS 0x000000008e4caa00, 0x000000008e500000| Untracked 
| 229|0x000000008e500000, 0x000000008e600000, 0x000000008e600000|100%| O|  |TAMS 0x000000008e500000, 0x000000008e600000| Untracked 
| 230|0x000000008e600000, 0x000000008e700000, 0x000000008e700000|100%| O|  |TAMS 0x000000008e600000, 0x000000008e700000| Untracked 
| 231|0x000000008e700000, 0x000000008e800000, 0x000000008e800000|100%| O|  |TAMS 0x000000008e700000, 0x000000008e800000| Untracked 
| 232|0x000000008e800000, 0x000000008e900000, 0x000000008e900000|100%| O|  |TAMS 0x000000008e800000, 0x000000008e900000| Untracked 
| 233|0x000000008e900000, 0x000000008ea00000, 0x000000008ea00000|100%| O|  |TAMS 0x000000008e900000, 0x000000008ea00000| Untracked 
| 234|0x000000008ea00000, 0x000000008eb00000, 0x000000008eb00000|100%| O|  |TAMS 0x000000008ea00000, 0x000000008eb00000| Untracked 
| 235|0x000000008eb00000, 0x000000008ec00000, 0x000000008ec00000|100%| O|  |TAMS 0x000000008eb00000, 0x000000008ec00000| Untracked 
| 236|0x000000008ec00000, 0x000000008ed00000, 0x000000008ed00000|100%| O|  |TAMS 0x000000008ec00000, 0x000000008ed00000| Untracked 
| 237|0x000000008ed00000, 0x000000008ee00000, 0x000000008ee00000|100%| O|  |TAMS 0x000000008ed00000, 0x000000008ee00000| Untracked 
| 238|0x000000008ee00000, 0x000000008ef00000, 0x000000008ef00000|100%| O|  |TAMS 0x000000008ee00000, 0x000000008ef00000| Untracked 
| 239|0x000000008ef00000, 0x000000008f000000, 0x000000008f000000|100%| O|  |TAMS 0x000000008ef00000, 0x000000008f000000| Untracked 
| 240|0x000000008f000000, 0x000000008f100000, 0x000000008f100000|100%| O|  |TAMS 0x000000008f000000, 0x000000008f100000| Untracked 
| 241|0x000000008f100000, 0x000000008f200000, 0x000000008f200000|100%| O|  |TAMS 0x000000008f100000, 0x000000008f200000| Untracked 
| 242|0x000000008f200000, 0x000000008f300000, 0x000000008f300000|100%| O|  |TAMS 0x000000008f200000, 0x000000008f300000| Untracked 
| 243|0x000000008f300000, 0x000000008f400000, 0x000000008f400000|100%| O|  |TAMS 0x000000008f300000, 0x000000008f400000| Untracked 
| 244|0x000000008f400000, 0x000000008f500000, 0x000000008f500000|100%| O|  |TAMS 0x000000008f400000, 0x000000008f500000| Untracked 
| 245|0x000000008f500000, 0x000000008f600000, 0x000000008f600000|100%| O|  |TAMS 0x000000008f500000, 0x000000008f600000| Untracked 
| 246|0x000000008f600000, 0x000000008f700000, 0x000000008f700000|100%| O|  |TAMS 0x000000008f600000, 0x000000008f700000| Untracked 
| 247|0x000000008f700000, 0x000000008f800000, 0x000000008f800000|100%| O|  |TAMS 0x000000008f700000, 0x000000008f800000| Untracked 
| 248|0x000000008f800000, 0x000000008f900000, 0x000000008f900000|100%| O|  |TAMS 0x000000008f800000, 0x000000008f900000| Untracked 
| 249|0x000000008f900000, 0x000000008fa00000, 0x000000008fa00000|100%| O|  |TAMS 0x000000008f900000, 0x000000008fa00000| Untracked 
| 250|0x000000008fa00000, 0x000000008fb00000, 0x000000008fb00000|100%| O|  |TAMS 0x000000008fa00000, 0x000000008fb00000| Untracked 
| 251|0x000000008fb00000, 0x000000008fc00000, 0x000000008fc00000|100%|HS|  |TAMS 0x000000008fc00000, 0x000000008fc00000| Complete 
| 252|0x000000008fc00000, 0x000000008fd00000, 0x000000008fd00000|100%|HC|  |TAMS 0x000000008fd00000, 0x000000008fd00000| Complete 
| 253|0x000000008fd00000, 0x000000008fe00000, 0x000000008fe00000|100%| O|  |TAMS 0x000000008fd00000, 0x000000008fe00000| Untracked 
| 254|0x000000008fe00000, 0x000000008ff00000, 0x000000008ff00000|100%| O|  |TAMS 0x000000008fe00000, 0x000000008ff00000| Untracked 
| 255|0x000000008ff00000, 0x0000000090000000, 0x0000000090000000|100%| O|  |TAMS 0x000000008ff00000, 0x0000000090000000| Untracked 
| 256|0x0000000090000000, 0x0000000090100000, 0x0000000090100000|100%| O|  |TAMS 0x0000000090100000, 0x0000000090100000| Untracked 
| 257|0x0000000090100000, 0x0000000090200000, 0x0000000090200000|100%| O|  |TAMS 0x0000000090200000, 0x0000000090200000| Untracked 
| 258|0x0000000090200000, 0x0000000090300000, 0x0000000090300000|100%| O|  |TAMS 0x0000000090200000, 0x0000000090300000| Untracked 
| 259|0x0000000090300000, 0x0000000090400000, 0x0000000090400000|100%| O|  |TAMS 0x0000000090300000, 0x0000000090400000| Untracked 
| 260|0x0000000090400000, 0x0000000090500000, 0x0000000090500000|100%| O|  |TAMS 0x0000000090500000, 0x0000000090500000| Untracked 
| 261|0x0000000090500000, 0x0000000090600000, 0x0000000090600000|100%| O|  |TAMS 0x0000000090600000, 0x0000000090600000| Untracked 
| 262|0x0000000090600000, 0x0000000090700000, 0x0000000090700000|100%| O|  |TAMS 0x0000000090600000, 0x0000000090700000| Untracked 
| 263|0x0000000090700000, 0x0000000090800000, 0x0000000090800000|100%| O|  |TAMS 0x0000000090800000, 0x0000000090800000| Untracked 
| 264|0x0000000090800000, 0x0000000090900000, 0x0000000090900000|100%| O|  |TAMS 0x0000000090800000, 0x0000000090900000| Untracked 
| 265|0x0000000090900000, 0x0000000090a00000, 0x0000000090a00000|100%| O|  |TAMS 0x0000000090a00000, 0x0000000090a00000| Untracked 
| 266|0x0000000090a00000, 0x0000000090b00000, 0x0000000090b00000|100%| O|  |TAMS 0x0000000090a00000, 0x0000000090b00000| Untracked 
| 267|0x0000000090b00000, 0x0000000090c00000, 0x0000000090c00000|100%| O|  |TAMS 0x0000000090b00000, 0x0000000090c00000| Untracked 
| 268|0x0000000090c00000, 0x0000000090d00000, 0x0000000090d00000|100%| O|  |TAMS 0x0000000090c00000, 0x0000000090d00000| Untracked 
| 269|0x0000000090d00000, 0x0000000090e00000, 0x0000000090e00000|100%| O|  |TAMS 0x0000000090d00000, 0x0000000090e00000| Untracked 
| 270|0x0000000090e00000, 0x0000000090f00000, 0x0000000090f00000|100%| O|  |TAMS 0x0000000090f00000, 0x0000000090f00000| Untracked 
| 271|0x0000000090f00000, 0x0000000091000000, 0x0000000091000000|100%| O|  |TAMS 0x0000000091000000, 0x0000000091000000| Untracked 
| 272|0x0000000091000000, 0x0000000091100000, 0x0000000091100000|100%| O|  |TAMS 0x0000000091000000, 0x0000000091100000| Untracked 
| 273|0x0000000091100000, 0x0000000091200000, 0x0000000091200000|100%| O|  |TAMS 0x0000000091100000, 0x0000000091200000| Untracked 
| 274|0x0000000091200000, 0x0000000091300000, 0x0000000091300000|100%| O|  |TAMS 0x0000000091200000, 0x0000000091300000| Untracked 
| 275|0x0000000091300000, 0x0000000091400000, 0x0000000091400000|100%| O|  |TAMS 0x0000000091300000, 0x0000000091400000| Untracked 
| 276|0x0000000091400000, 0x0000000091500000, 0x0000000091500000|100%| O|  |TAMS 0x0000000091400000, 0x0000000091500000| Untracked 
| 277|0x0000000091500000, 0x0000000091600000, 0x0000000091600000|100%| O|  |TAMS 0x0000000091500000, 0x0000000091600000| Untracked 
| 278|0x0000000091600000, 0x0000000091700000, 0x0000000091700000|100%| O|  |TAMS 0x0000000091600000, 0x0000000091700000| Untracked 
| 279|0x0000000091700000, 0x0000000091800000, 0x0000000091800000|100%| O|  |TAMS 0x0000000091700000, 0x0000000091800000| Untracked 
| 280|0x0000000091800000, 0x0000000091900000, 0x0000000091900000|100%| O|  |TAMS 0x0000000091900000, 0x0000000091900000| Untracked 
| 281|0x0000000091900000, 0x0000000091a00000, 0x0000000091a00000|100%| O|  |TAMS 0x0000000091a00000, 0x0000000091a00000| Untracked 
| 282|0x0000000091a00000, 0x0000000091b00000, 0x0000000091b00000|100%| O|  |TAMS 0x0000000091a00000, 0x0000000091b00000| Untracked 
| 283|0x0000000091b00000, 0x0000000091c00000, 0x0000000091c00000|100%| O|  |TAMS 0x0000000091b00000, 0x0000000091c00000| Untracked 
| 284|0x0000000091c00000, 0x0000000091d00000, 0x0000000091d00000|100%| O|  |TAMS 0x0000000091c00000, 0x0000000091d00000| Untracked 
| 285|0x0000000091d00000, 0x0000000091e00000, 0x0000000091e00000|100%| O|  |TAMS 0x0000000091d00000, 0x0000000091e00000| Untracked 
| 286|0x0000000091e00000, 0x0000000091f00000, 0x0000000091f00000|100%| O|  |TAMS 0x0000000091e00000, 0x0000000091f00000| Untracked 
| 287|0x0000000091f00000, 0x0000000092000000, 0x0000000092000000|100%| O|  |TAMS 0x0000000091f00000, 0x0000000092000000| Untracked 
| 288|0x0000000092000000, 0x0000000092100000, 0x0000000092100000|100%| O|  |TAMS 0x0000000092100000, 0x0000000092100000| Untracked 
| 289|0x0000000092100000, 0x0000000092200000, 0x0000000092200000|100%| O|  |TAMS 0x0000000092100000, 0x0000000092200000| Untracked 
| 290|0x0000000092200000, 0x0000000092300000, 0x0000000092300000|100%| O|  |TAMS 0x0000000092200000, 0x0000000092300000| Untracked 
| 291|0x0000000092300000, 0x0000000092400000, 0x0000000092400000|100%| O|  |TAMS 0x0000000092300000, 0x0000000092400000| Untracked 
| 292|0x0000000092400000, 0x0000000092500000, 0x0000000092500000|100%| O|  |TAMS 0x0000000092400000, 0x0000000092500000| Untracked 
| 293|0x0000000092500000, 0x0000000092600000, 0x0000000092600000|100%| O|  |TAMS 0x0000000092600000, 0x0000000092600000| Untracked 
| 294|0x0000000092600000, 0x0000000092700000, 0x0000000092700000|100%| O|  |TAMS 0x0000000092600000, 0x0000000092700000| Untracked 
| 295|0x0000000092700000, 0x0000000092800000, 0x0000000092800000|100%| O|  |TAMS 0x0000000092700000, 0x0000000092800000| Untracked 
| 296|0x0000000092800000, 0x0000000092900000, 0x0000000092900000|100%| O|  |TAMS 0x0000000092800000, 0x0000000092900000| Untracked 
| 297|0x0000000092900000, 0x0000000092900000, 0x0000000092a00000|  0%| F|  |TAMS 0x0000000092900000, 0x0000000092900000| Untracked 
| 298|0x0000000092a00000, 0x0000000092b00000, 0x0000000092b00000|100%| O|  |TAMS 0x0000000092a00000, 0x0000000092b00000| Untracked 
| 299|0x0000000092b00000, 0x0000000092b00000, 0x0000000092c00000|  0%| F|  |TAMS 0x0000000092b00000, 0x0000000092b00000| Untracked 
| 300|0x0000000092c00000, 0x0000000092d00000, 0x0000000092d00000|100%| O|  |TAMS 0x0000000092c00000, 0x0000000092d00000| Untracked 
| 301|0x0000000092d00000, 0x0000000092e00000, 0x0000000092e00000|100%| O|  |TAMS 0x0000000092d00000, 0x0000000092e00000| Untracked 
| 302|0x0000000092e00000, 0x0000000092f00000, 0x0000000092f00000|100%| O|  |TAMS 0x0000000092e00000, 0x0000000092f00000| Untracked 
| 303|0x0000000092f00000, 0x0000000093000000, 0x0000000093000000|100%| O|  |TAMS 0x0000000092f00000, 0x0000000093000000| Untracked 
| 304|0x0000000093000000, 0x0000000093000000, 0x0000000093100000|  0%| F|  |TAMS 0x0000000093000000, 0x0000000093000000| Untracked 
| 305|0x0000000093100000, 0x0000000093200000, 0x0000000093200000|100%| O|  |TAMS 0x0000000093100000, 0x0000000093200000| Untracked 
| 306|0x0000000093200000, 0x0000000093300000, 0x0000000093300000|100%| O|  |TAMS 0x0000000093200000, 0x0000000093300000| Untracked 
| 307|0x0000000093300000, 0x0000000093400000, 0x0000000093400000|100%| O|  |TAMS 0x0000000093300000, 0x0000000093400000| Untracked 
| 308|0x0000000093400000, 0x0000000093500000, 0x0000000093500000|100%| O|  |TAMS 0x0000000093400000, 0x0000000093500000| Untracked 
| 309|0x0000000093500000, 0x0000000093600000, 0x0000000093600000|100%| O|  |TAMS 0x0000000093500000, 0x0000000093600000| Untracked 
| 310|0x0000000093600000, 0x0000000093700000, 0x0000000093700000|100%| O|  |TAMS 0x0000000093600000, 0x0000000093700000| Untracked 
| 311|0x0000000093700000, 0x0000000093800000, 0x0000000093800000|100%| O|  |TAMS 0x0000000093700000, 0x0000000093800000| Untracked 
| 312|0x0000000093800000, 0x0000000093900000, 0x0000000093900000|100%| O|  |TAMS 0x0000000093800000, 0x0000000093900000| Untracked 
| 313|0x0000000093900000, 0x0000000093a00000, 0x0000000093a00000|100%| O|  |TAMS 0x0000000093900000, 0x0000000093a00000| Untracked 
| 314|0x0000000093a00000, 0x0000000093b00000, 0x0000000093b00000|100%| O|  |TAMS 0x0000000093a00000, 0x0000000093b00000| Untracked 
| 315|0x0000000093b00000, 0x0000000093c00000, 0x0000000093c00000|100%| O|  |TAMS 0x0000000093b00000, 0x0000000093c00000| Untracked 
| 316|0x0000000093c00000, 0x0000000093d00000, 0x0000000093d00000|100%| O|  |TAMS 0x0000000093c00000, 0x0000000093d00000| Untracked 
| 317|0x0000000093d00000, 0x0000000093e00000, 0x0000000093e00000|100%| O|  |TAMS 0x0000000093d00000, 0x0000000093e00000| Untracked 
| 318|0x0000000093e00000, 0x0000000093f00000, 0x0000000093f00000|100%| O|  |TAMS 0x0000000093e00000, 0x0000000093f00000| Untracked 
| 319|0x0000000093f00000, 0x0000000094000000, 0x0000000094000000|100%| O|  |TAMS 0x0000000093f00000, 0x0000000094000000| Untracked 
| 320|0x0000000094000000, 0x0000000094100000, 0x0000000094100000|100%| O|  |TAMS 0x0000000094000000, 0x0000000094080000| Untracked 
| 321|0x0000000094100000, 0x0000000094100000, 0x0000000094200000|  0%| F|  |TAMS 0x0000000094100000, 0x0000000094100000| Untracked 
| 322|0x0000000094200000, 0x0000000094200000, 0x0000000094300000|  0%| F|  |TAMS 0x0000000094200000, 0x0000000094200000| Untracked 
| 323|0x0000000094300000, 0x0000000094300000, 0x0000000094400000|  0%| F|  |TAMS 0x0000000094300000, 0x0000000094300000| Untracked 
| 324|0x0000000094400000, 0x0000000094400000, 0x0000000094500000|  0%| F|  |TAMS 0x0000000094400000, 0x0000000094400000| Untracked 
| 325|0x0000000094500000, 0x0000000094500000, 0x0000000094600000|  0%| F|  |TAMS 0x0000000094500000, 0x0000000094500000| Untracked 
| 326|0x0000000094600000, 0x0000000094600000, 0x0000000094700000|  0%| F|  |TAMS 0x0000000094600000, 0x0000000094600000| Untracked 
| 327|0x0000000094700000, 0x0000000094700000, 0x0000000094800000|  0%| F|  |TAMS 0x0000000094700000, 0x0000000094700000| Untracked 
| 328|0x0000000094800000, 0x0000000094800000, 0x0000000094900000|  0%| F|  |TAMS 0x0000000094800000, 0x0000000094800000| Untracked 
| 329|0x0000000094900000, 0x0000000094900000, 0x0000000094a00000|  0%| F|  |TAMS 0x0000000094900000, 0x0000000094900000| Untracked 
| 330|0x0000000094a00000, 0x0000000094a00000, 0x0000000094b00000|  0%| F|  |TAMS 0x0000000094a00000, 0x0000000094a00000| Untracked 
| 331|0x0000000094b00000, 0x0000000094b00000, 0x0000000094c00000|  0%| F|  |TAMS 0x0000000094b00000, 0x0000000094b00000| Untracked 
| 332|0x0000000094c00000, 0x0000000094c00000, 0x0000000094d00000|  0%| F|  |TAMS 0x0000000094c00000, 0x0000000094c00000| Untracked 
| 333|0x0000000094d00000, 0x0000000094d00000, 0x0000000094e00000|  0%| F|  |TAMS 0x0000000094d00000, 0x0000000094d00000| Untracked 
| 334|0x0000000094e00000, 0x0000000094e00000, 0x0000000094f00000|  0%| F|  |TAMS 0x0000000094e00000, 0x0000000094e00000| Untracked 
| 335|0x0000000094f00000, 0x0000000094f00000, 0x0000000095000000|  0%| F|  |TAMS 0x0000000094f00000, 0x0000000094f00000| Untracked 
| 336|0x0000000095000000, 0x0000000095000000, 0x0000000095100000|  0%| F|  |TAMS 0x0000000095000000, 0x0000000095000000| Untracked 
| 337|0x0000000095100000, 0x0000000095100000, 0x0000000095200000|  0%| F|  |TAMS 0x0000000095100000, 0x0000000095100000| Untracked 
| 338|0x0000000095200000, 0x0000000095200000, 0x0000000095300000|  0%| F|  |TAMS 0x0000000095200000, 0x0000000095200000| Untracked 
| 339|0x0000000095300000, 0x0000000095300000, 0x0000000095400000|  0%| F|  |TAMS 0x0000000095300000, 0x0000000095300000| Untracked 
| 340|0x0000000095400000, 0x0000000095400000, 0x0000000095500000|  0%| F|  |TAMS 0x0000000095400000, 0x0000000095400000| Untracked 
| 341|0x0000000095500000, 0x0000000095500000, 0x0000000095600000|  0%| F|  |TAMS 0x0000000095500000, 0x0000000095500000| Untracked 
| 342|0x0000000095600000, 0x0000000095600000, 0x0000000095700000|  0%| F|  |TAMS 0x0000000095600000, 0x0000000095600000| Untracked 
| 343|0x0000000095700000, 0x0000000095700000, 0x0000000095800000|  0%| F|  |TAMS 0x0000000095700000, 0x0000000095700000| Untracked 
| 344|0x0000000095800000, 0x0000000095900000, 0x0000000095900000|100%| O|  |TAMS 0x0000000095900000, 0x0000000095900000| Untracked 
| 345|0x0000000095900000, 0x0000000095a00000, 0x0000000095a00000|100%| O|  |TAMS 0x0000000095a00000, 0x0000000095a00000| Untracked 
| 346|0x0000000095a00000, 0x0000000095b00000, 0x0000000095b00000|100%| O|  |TAMS 0x0000000095b00000, 0x0000000095b00000| Untracked 
| 347|0x0000000095b00000, 0x0000000095b00000, 0x0000000095c00000|  0%| F|  |TAMS 0x0000000095b00000, 0x0000000095b00000| Untracked 
| 348|0x0000000095c00000, 0x0000000095d00000, 0x0000000095d00000|100%| O|  |TAMS 0x0000000095d00000, 0x0000000095d00000| Untracked 
| 349|0x0000000095d00000, 0x0000000095e00000, 0x0000000095e00000|100%| O|  |TAMS 0x0000000095e00000, 0x0000000095e00000| Untracked 
| 350|0x0000000095e00000, 0x0000000095e00000, 0x0000000095f00000|  0%| F|  |TAMS 0x0000000095e00000, 0x0000000095e00000| Untracked 
| 351|0x0000000095f00000, 0x0000000095f00000, 0x0000000096000000|  0%| F|  |TAMS 0x0000000095f00000, 0x0000000095f00000| Untracked 
| 352|0x0000000096000000, 0x0000000096000000, 0x0000000096100000|  0%| F|  |TAMS 0x0000000096000000, 0x0000000096000000| Untracked 
| 353|0x0000000096100000, 0x0000000096100000, 0x0000000096200000|  0%| F|  |TAMS 0x0000000096100000, 0x0000000096100000| Untracked 
| 354|0x0000000096200000, 0x0000000096300000, 0x0000000096300000|100%| O|  |TAMS 0x0000000096300000, 0x0000000096300000| Untracked 
| 355|0x0000000096300000, 0x0000000096300000, 0x0000000096400000|  0%| F|  |TAMS 0x0000000096300000, 0x0000000096300000| Untracked 
| 356|0x0000000096400000, 0x0000000096400000, 0x0000000096500000|  0%| F|  |TAMS 0x0000000096400000, 0x0000000096400000| Untracked 
| 357|0x0000000096500000, 0x0000000096600000, 0x0000000096600000|100%| O|  |TAMS 0x0000000096600000, 0x0000000096600000| Untracked 
| 358|0x0000000096600000, 0x0000000096600000, 0x0000000096700000|  0%| F|  |TAMS 0x0000000096600000, 0x0000000096600000| Untracked 
| 359|0x0000000096700000, 0x0000000096700000, 0x0000000096800000|  0%| F|  |TAMS 0x0000000096700000, 0x0000000096700000| Untracked 
| 360|0x0000000096800000, 0x0000000096800000, 0x0000000096900000|  0%| F|  |TAMS 0x0000000096800000, 0x0000000096800000| Untracked 
| 361|0x0000000096900000, 0x0000000096900000, 0x0000000096a00000|  0%| F|  |TAMS 0x0000000096900000, 0x0000000096900000| Untracked 
| 362|0x0000000096a00000, 0x0000000096a00000, 0x0000000096b00000|  0%| F|  |TAMS 0x0000000096a00000, 0x0000000096a00000| Untracked 
| 363|0x0000000096b00000, 0x0000000096b00000, 0x0000000096c00000|  0%| F|  |TAMS 0x0000000096b00000, 0x0000000096b00000| Untracked 
| 364|0x0000000096c00000, 0x0000000096c00000, 0x0000000096d00000|  0%| F|  |TAMS 0x0000000096c00000, 0x0000000096c00000| Untracked 
| 365|0x0000000096d00000, 0x0000000096d00000, 0x0000000096e00000|  0%| F|  |TAMS 0x0000000096d00000, 0x0000000096d00000| Untracked 
| 366|0x0000000096e00000, 0x0000000096e00000, 0x0000000096f00000|  0%| F|  |TAMS 0x0000000096e00000, 0x0000000096e00000| Untracked 
| 367|0x0000000096f00000, 0x0000000096f00000, 0x0000000097000000|  0%| F|  |TAMS 0x0000000096f00000, 0x0000000096f00000| Untracked 
| 368|0x0000000097000000, 0x0000000097000000, 0x0000000097100000|  0%| F|  |TAMS 0x0000000097000000, 0x0000000097000000| Untracked 
| 369|0x0000000097100000, 0x0000000097100000, 0x0000000097200000|  0%| F|  |TAMS 0x0000000097100000, 0x0000000097100000| Untracked 
| 370|0x0000000097200000, 0x0000000097200000, 0x0000000097300000|  0%| F|  |TAMS 0x0000000097200000, 0x0000000097200000| Untracked 
| 371|0x0000000097300000, 0x0000000097300000, 0x0000000097400000|  0%| F|  |TAMS 0x0000000097300000, 0x0000000097300000| Untracked 
| 372|0x0000000097400000, 0x0000000097400000, 0x0000000097500000|  0%| F|  |TAMS 0x0000000097400000, 0x0000000097400000| Untracked 
| 373|0x0000000097500000, 0x0000000097500000, 0x0000000097600000|  0%| F|  |TAMS 0x0000000097500000, 0x0000000097500000| Untracked 
| 374|0x0000000097600000, 0x0000000097600000, 0x0000000097700000|  0%| F|  |TAMS 0x0000000097600000, 0x0000000097600000| Untracked 
| 375|0x0000000097700000, 0x0000000097700000, 0x0000000097800000|  0%| F|  |TAMS 0x0000000097700000, 0x0000000097700000| Untracked 
| 376|0x0000000097800000, 0x0000000097800000, 0x0000000097900000|  0%| F|  |TAMS 0x0000000097800000, 0x0000000097800000| Untracked 
| 377|0x0000000097900000, 0x0000000097900000, 0x0000000097a00000|  0%| F|  |TAMS 0x0000000097900000, 0x0000000097900000| Untracked 
| 378|0x0000000097a00000, 0x0000000097a00000, 0x0000000097b00000|  0%| F|  |TAMS 0x0000000097a00000, 0x0000000097a00000| Untracked 
| 379|0x0000000097b00000, 0x0000000097b00000, 0x0000000097c00000|  0%| F|  |TAMS 0x0000000097b00000, 0x0000000097b00000| Untracked 
| 380|0x0000000097c00000, 0x0000000097c00000, 0x0000000097d00000|  0%| F|  |TAMS 0x0000000097c00000, 0x0000000097c00000| Untracked 
| 381|0x0000000097d00000, 0x0000000097d00000, 0x0000000097e00000|  0%| F|  |TAMS 0x0000000097d00000, 0x0000000097d00000| Untracked 
| 382|0x0000000097e00000, 0x0000000097e00000, 0x0000000097f00000|  0%| F|  |TAMS 0x0000000097e00000, 0x0000000097e00000| Untracked 
| 383|0x0000000097f00000, 0x0000000097f00000, 0x0000000098000000|  0%| F|  |TAMS 0x0000000097f00000, 0x0000000097f00000| Untracked 
| 384|0x0000000098000000, 0x0000000098000000, 0x0000000098100000|  0%| F|  |TAMS 0x0000000098000000, 0x0000000098000000| Untracked 
| 385|0x0000000098100000, 0x0000000098100000, 0x0000000098200000|  0%| F|  |TAMS 0x0000000098100000, 0x0000000098100000| Untracked 
| 386|0x0000000098200000, 0x0000000098200000, 0x0000000098300000|  0%| F|  |TAMS 0x0000000098200000, 0x0000000098200000| Untracked 
| 387|0x0000000098300000, 0x0000000098300000, 0x0000000098400000|  0%| F|  |TAMS 0x0000000098300000, 0x0000000098300000| Untracked 
| 388|0x0000000098400000, 0x0000000098400000, 0x0000000098500000|  0%| F|  |TAMS 0x0000000098400000, 0x0000000098400000| Untracked 
| 389|0x0000000098500000, 0x0000000098500000, 0x0000000098600000|  0%| F|  |TAMS 0x0000000098500000, 0x0000000098500000| Untracked 
| 390|0x0000000098600000, 0x0000000098600000, 0x0000000098700000|  0%| F|  |TAMS 0x0000000098600000, 0x0000000098600000| Untracked 
| 391|0x0000000098700000, 0x0000000098700000, 0x0000000098800000|  0%| F|  |TAMS 0x0000000098700000, 0x0000000098700000| Untracked 
| 392|0x0000000098800000, 0x0000000098800000, 0x0000000098900000|  0%| F|  |TAMS 0x0000000098800000, 0x0000000098800000| Untracked 
| 393|0x0000000098900000, 0x0000000098900000, 0x0000000098a00000|  0%| F|  |TAMS 0x0000000098900000, 0x0000000098900000| Untracked 
| 394|0x0000000098a00000, 0x0000000098a00000, 0x0000000098b00000|  0%| F|  |TAMS 0x0000000098a00000, 0x0000000098a00000| Untracked 
| 395|0x0000000098b00000, 0x0000000098b00000, 0x0000000098c00000|  0%| F|  |TAMS 0x0000000098b00000, 0x0000000098b00000| Untracked 
| 396|0x0000000098c00000, 0x0000000098c00000, 0x0000000098d00000|  0%| F|  |TAMS 0x0000000098c00000, 0x0000000098c00000| Untracked 
| 397|0x0000000098d00000, 0x0000000098d00000, 0x0000000098e00000|  0%| F|  |TAMS 0x0000000098d00000, 0x0000000098d00000| Untracked 
| 398|0x0000000098e00000, 0x0000000098e00000, 0x0000000098f00000|  0%| F|  |TAMS 0x0000000098e00000, 0x0000000098e00000| Untracked 
| 399|0x0000000098f00000, 0x0000000098f00000, 0x0000000099000000|  0%| F|  |TAMS 0x0000000098f00000, 0x0000000098f00000| Untracked 
| 400|0x0000000099000000, 0x0000000099000000, 0x0000000099100000|  0%| F|  |TAMS 0x0000000099000000, 0x0000000099000000| Untracked 
| 401|0x0000000099100000, 0x0000000099100000, 0x0000000099200000|  0%| F|  |TAMS 0x0000000099100000, 0x0000000099100000| Untracked 
| 402|0x0000000099200000, 0x0000000099200000, 0x0000000099300000|  0%| F|  |TAMS 0x0000000099200000, 0x0000000099200000| Untracked 
| 403|0x0000000099300000, 0x0000000099300000, 0x0000000099400000|  0%| F|  |TAMS 0x0000000099300000, 0x0000000099300000| Untracked 
| 404|0x0000000099400000, 0x0000000099400000, 0x0000000099500000|  0%| F|  |TAMS 0x0000000099400000, 0x0000000099400000| Untracked 
| 405|0x0000000099500000, 0x0000000099500000, 0x0000000099600000|  0%| F|  |TAMS 0x0000000099500000, 0x0000000099500000| Untracked 
| 406|0x0000000099600000, 0x0000000099600000, 0x0000000099700000|  0%| F|  |TAMS 0x0000000099600000, 0x0000000099600000| Untracked 
| 407|0x0000000099700000, 0x0000000099700000, 0x0000000099800000|  0%| F|  |TAMS 0x0000000099700000, 0x0000000099700000| Untracked 
| 408|0x0000000099800000, 0x0000000099800000, 0x0000000099900000|  0%| F|  |TAMS 0x0000000099800000, 0x0000000099800000| Untracked 
| 409|0x0000000099900000, 0x0000000099900000, 0x0000000099a00000|  0%| F|  |TAMS 0x0000000099900000, 0x0000000099900000| Untracked 
| 410|0x0000000099a00000, 0x0000000099a00000, 0x0000000099b00000|  0%| F|  |TAMS 0x0000000099a00000, 0x0000000099a00000| Untracked 
| 411|0x0000000099b00000, 0x0000000099b00000, 0x0000000099c00000|  0%| F|  |TAMS 0x0000000099b00000, 0x0000000099b00000| Untracked 
| 412|0x0000000099c00000, 0x0000000099c00000, 0x0000000099d00000|  0%| F|  |TAMS 0x0000000099c00000, 0x0000000099c00000| Untracked 
| 413|0x0000000099d00000, 0x0000000099d00000, 0x0000000099e00000|  0%| F|  |TAMS 0x0000000099d00000, 0x0000000099d00000| Untracked 
| 414|0x0000000099e00000, 0x0000000099e00000, 0x0000000099f00000|  0%| F|  |TAMS 0x0000000099e00000, 0x0000000099e00000| Untracked 
| 415|0x0000000099f00000, 0x0000000099f00000, 0x000000009a000000|  0%| F|  |TAMS 0x0000000099f00000, 0x0000000099f00000| Untracked 
| 416|0x000000009a000000, 0x000000009a000000, 0x000000009a100000|  0%| F|  |TAMS 0x000000009a000000, 0x000000009a000000| Untracked 
| 417|0x000000009a100000, 0x000000009a100000, 0x000000009a200000|  0%| F|  |TAMS 0x000000009a100000, 0x000000009a100000| Untracked 
| 418|0x000000009a200000, 0x000000009a200000, 0x000000009a300000|  0%| F|  |TAMS 0x000000009a200000, 0x000000009a200000| Untracked 
| 419|0x000000009a300000, 0x000000009a300000, 0x000000009a400000|  0%| F|  |TAMS 0x000000009a300000, 0x000000009a300000| Untracked 
| 420|0x000000009a400000, 0x000000009a400000, 0x000000009a500000|  0%| F|  |TAMS 0x000000009a400000, 0x000000009a400000| Untracked 
| 421|0x000000009a500000, 0x000000009a500000, 0x000000009a600000|  0%| F|  |TAMS 0x000000009a500000, 0x000000009a500000| Untracked 
| 422|0x000000009a600000, 0x000000009a600000, 0x000000009a700000|  0%| F|  |TAMS 0x000000009a600000, 0x000000009a600000| Untracked 
| 423|0x000000009a700000, 0x000000009a700000, 0x000000009a800000|  0%| F|  |TAMS 0x000000009a700000, 0x000000009a700000| Untracked 
| 424|0x000000009a800000, 0x000000009a800000, 0x000000009a900000|  0%| F|  |TAMS 0x000000009a800000, 0x000000009a800000| Untracked 
| 425|0x000000009a900000, 0x000000009a900000, 0x000000009aa00000|  0%| F|  |TAMS 0x000000009a900000, 0x000000009a900000| Untracked 
| 426|0x000000009aa00000, 0x000000009aa00000, 0x000000009ab00000|  0%| F|  |TAMS 0x000000009aa00000, 0x000000009aa00000| Untracked 
| 427|0x000000009ab00000, 0x000000009ab00000, 0x000000009ac00000|  0%| F|  |TAMS 0x000000009ab00000, 0x000000009ab00000| Untracked 
| 428|0x000000009ac00000, 0x000000009ac00000, 0x000000009ad00000|  0%| F|  |TAMS 0x000000009ac00000, 0x000000009ac00000| Untracked 
| 429|0x000000009ad00000, 0x000000009ad00000, 0x000000009ae00000|  0%| F|  |TAMS 0x000000009ad00000, 0x000000009ad00000| Untracked 
| 430|0x000000009ae00000, 0x000000009ae00000, 0x000000009af00000|  0%| F|  |TAMS 0x000000009ae00000, 0x000000009ae00000| Untracked 
| 431|0x000000009af00000, 0x000000009af00000, 0x000000009b000000|  0%| F|  |TAMS 0x000000009af00000, 0x000000009af00000| Untracked 
| 432|0x000000009b000000, 0x000000009b000000, 0x000000009b100000|  0%| F|  |TAMS 0x000000009b000000, 0x000000009b000000| Untracked 
| 433|0x000000009b100000, 0x000000009b100000, 0x000000009b200000|  0%| F|  |TAMS 0x000000009b100000, 0x000000009b100000| Untracked 
| 434|0x000000009b200000, 0x000000009b200000, 0x000000009b300000|  0%| F|  |TAMS 0x000000009b200000, 0x000000009b200000| Untracked 
| 435|0x000000009b300000, 0x000000009b300000, 0x000000009b400000|  0%| F|  |TAMS 0x000000009b300000, 0x000000009b300000| Untracked 
| 436|0x000000009b400000, 0x000000009b400000, 0x000000009b500000|  0%| F|  |TAMS 0x000000009b400000, 0x000000009b400000| Untracked 
| 437|0x000000009b500000, 0x000000009b500000, 0x000000009b600000|  0%| F|  |TAMS 0x000000009b500000, 0x000000009b500000| Untracked 
| 438|0x000000009b600000, 0x000000009b600000, 0x000000009b700000|  0%| F|  |TAMS 0x000000009b600000, 0x000000009b600000| Untracked 
| 439|0x000000009b700000, 0x000000009b700000, 0x000000009b800000|  0%| F|  |TAMS 0x000000009b700000, 0x000000009b700000| Untracked 
| 440|0x000000009b800000, 0x000000009b800000, 0x000000009b900000|  0%| F|  |TAMS 0x000000009b800000, 0x000000009b800000| Untracked 
| 441|0x000000009b900000, 0x000000009b900000, 0x000000009ba00000|  0%| F|  |TAMS 0x000000009b900000, 0x000000009b900000| Untracked 
| 442|0x000000009ba00000, 0x000000009ba00000, 0x000000009bb00000|  0%| F|  |TAMS 0x000000009ba00000, 0x000000009ba00000| Untracked 
| 443|0x000000009bb00000, 0x000000009bb00000, 0x000000009bc00000|  0%| F|  |TAMS 0x000000009bb00000, 0x000000009bb00000| Untracked 
| 444|0x000000009bc00000, 0x000000009bc00000, 0x000000009bd00000|  0%| F|  |TAMS 0x000000009bc00000, 0x000000009bc00000| Untracked 
| 445|0x000000009bd00000, 0x000000009bd00000, 0x000000009be00000|  0%| F|  |TAMS 0x000000009bd00000, 0x000000009bd00000| Untracked 
| 446|0x000000009be00000, 0x000000009be00000, 0x000000009bf00000|  0%| F|  |TAMS 0x000000009be00000, 0x000000009be00000| Untracked 
| 447|0x000000009bf00000, 0x000000009bf00000, 0x000000009c000000|  0%| F|  |TAMS 0x000000009bf00000, 0x000000009bf00000| Untracked 
| 448|0x000000009c000000, 0x000000009c000000, 0x000000009c100000|  0%| F|  |TAMS 0x000000009c000000, 0x000000009c000000| Untracked 
| 449|0x000000009c100000, 0x000000009c100000, 0x000000009c200000|  0%| F|  |TAMS 0x000000009c100000, 0x000000009c100000| Untracked 
| 450|0x000000009c200000, 0x000000009c200000, 0x000000009c300000|  0%| F|  |TAMS 0x000000009c200000, 0x000000009c200000| Untracked 
| 451|0x000000009c300000, 0x000000009c300000, 0x000000009c400000|  0%| F|  |TAMS 0x000000009c300000, 0x000000009c300000| Untracked 
| 452|0x000000009c400000, 0x000000009c400000, 0x000000009c500000|  0%| F|  |TAMS 0x000000009c400000, 0x000000009c400000| Untracked 
| 453|0x000000009c500000, 0x000000009c500000, 0x000000009c600000|  0%| F|  |TAMS 0x000000009c500000, 0x000000009c500000| Untracked 
| 454|0x000000009c600000, 0x000000009c600000, 0x000000009c700000|  0%| F|  |TAMS 0x000000009c600000, 0x000000009c600000| Untracked 
| 455|0x000000009c700000, 0x000000009c700000, 0x000000009c800000|  0%| F|  |TAMS 0x000000009c700000, 0x000000009c700000| Untracked 
| 456|0x000000009c800000, 0x000000009c800000, 0x000000009c900000|  0%| F|  |TAMS 0x000000009c800000, 0x000000009c800000| Untracked 
| 457|0x000000009c900000, 0x000000009c900000, 0x000000009ca00000|  0%| F|  |TAMS 0x000000009c900000, 0x000000009c900000| Untracked 
| 458|0x000000009ca00000, 0x000000009ca00000, 0x000000009cb00000|  0%| F|  |TAMS 0x000000009ca00000, 0x000000009ca00000| Untracked 
| 459|0x000000009cb00000, 0x000000009cb00000, 0x000000009cc00000|  0%| F|  |TAMS 0x000000009cb00000, 0x000000009cb00000| Untracked 
| 460|0x000000009cc00000, 0x000000009cc00000, 0x000000009cd00000|  0%| F|  |TAMS 0x000000009cc00000, 0x000000009cc00000| Untracked 
| 461|0x000000009cd00000, 0x000000009cd00000, 0x000000009ce00000|  0%| F|  |TAMS 0x000000009cd00000, 0x000000009cd00000| Untracked 
| 462|0x000000009ce00000, 0x000000009ce00000, 0x000000009cf00000|  0%| F|  |TAMS 0x000000009ce00000, 0x000000009ce00000| Untracked 
| 463|0x000000009cf00000, 0x000000009cf00000, 0x000000009d000000|  0%| F|  |TAMS 0x000000009cf00000, 0x000000009cf00000| Untracked 
| 464|0x000000009d000000, 0x000000009d000000, 0x000000009d100000|  0%| F|  |TAMS 0x000000009d000000, 0x000000009d000000| Untracked 
| 465|0x000000009d100000, 0x000000009d100000, 0x000000009d200000|  0%| F|  |TAMS 0x000000009d100000, 0x000000009d100000| Untracked 
| 466|0x000000009d200000, 0x000000009d200000, 0x000000009d300000|  0%| F|  |TAMS 0x000000009d200000, 0x000000009d200000| Untracked 
| 467|0x000000009d300000, 0x000000009d300000, 0x000000009d400000|  0%| F|  |TAMS 0x000000009d300000, 0x000000009d300000| Untracked 
| 468|0x000000009d400000, 0x000000009d400000, 0x000000009d500000|  0%| F|  |TAMS 0x000000009d400000, 0x000000009d400000| Untracked 
| 469|0x000000009d500000, 0x000000009d500000, 0x000000009d600000|  0%| F|  |TAMS 0x000000009d500000, 0x000000009d500000| Untracked 
| 470|0x000000009d600000, 0x000000009d600000, 0x000000009d700000|  0%| F|  |TAMS 0x000000009d600000, 0x000000009d600000| Untracked 
| 471|0x000000009d700000, 0x000000009d700000, 0x000000009d800000|  0%| F|  |TAMS 0x000000009d700000, 0x000000009d700000| Untracked 
| 472|0x000000009d800000, 0x000000009d800000, 0x000000009d900000|  0%| F|  |TAMS 0x000000009d800000, 0x000000009d800000| Untracked 
| 473|0x000000009d900000, 0x000000009d900000, 0x000000009da00000|  0%| F|  |TAMS 0x000000009d900000, 0x000000009d900000| Untracked 
| 474|0x000000009da00000, 0x000000009db00000, 0x000000009db00000|100%| O|  |TAMS 0x000000009db00000, 0x000000009db00000| Untracked 
| 475|0x000000009db00000, 0x000000009db00000, 0x000000009dc00000|  0%| F|  |TAMS 0x000000009db00000, 0x000000009db00000| Untracked 
| 476|0x000000009dc00000, 0x000000009dd00000, 0x000000009dd00000|100%| O|  |TAMS 0x000000009dd00000, 0x000000009dd00000| Untracked 
| 477|0x000000009dd00000, 0x000000009de00000, 0x000000009de00000|100%| O|  |TAMS 0x000000009de00000, 0x000000009de00000| Untracked 
| 478|0x000000009de00000, 0x000000009de00000, 0x000000009df00000|  0%| F|  |TAMS 0x000000009de00000, 0x000000009de00000| Untracked 
| 479|0x000000009df00000, 0x000000009e000000, 0x000000009e000000|100%| O|  |TAMS 0x000000009e000000, 0x000000009e000000| Untracked 
| 480|0x000000009e000000, 0x000000009e100000, 0x000000009e100000|100%| O|  |TAMS 0x000000009e100000, 0x000000009e100000| Untracked 
| 481|0x000000009e100000, 0x000000009e200000, 0x000000009e200000|100%| O|  |TAMS 0x000000009e200000, 0x000000009e200000| Untracked 
| 482|0x000000009e200000, 0x000000009e300000, 0x000000009e300000|100%| O|  |TAMS 0x000000009e300000, 0x000000009e300000| Untracked 
| 483|0x000000009e300000, 0x000000009e400000, 0x000000009e400000|100%| O|  |TAMS 0x000000009e400000, 0x000000009e400000| Untracked 
| 484|0x000000009e400000, 0x000000009e500000, 0x000000009e500000|100%| O|  |TAMS 0x000000009e500000, 0x000000009e500000| Untracked 
| 485|0x000000009e500000, 0x000000009e600000, 0x000000009e600000|100%| O|  |TAMS 0x000000009e600000, 0x000000009e600000| Untracked 
| 486|0x000000009e600000, 0x000000009e600000, 0x000000009e700000|  0%| F|  |TAMS 0x000000009e600000, 0x000000009e600000| Untracked 
| 487|0x000000009e700000, 0x000000009e700000, 0x000000009e800000|  0%| F|  |TAMS 0x000000009e700000, 0x000000009e700000| Untracked 
| 488|0x000000009e800000, 0x000000009e800000, 0x000000009e900000|  0%| F|  |TAMS 0x000000009e800000, 0x000000009e800000| Untracked 
| 489|0x000000009e900000, 0x000000009e900000, 0x000000009ea00000|  0%| F|  |TAMS 0x000000009e900000, 0x000000009e900000| Untracked 
| 490|0x000000009ea00000, 0x000000009ea00000, 0x000000009eb00000|  0%| F|  |TAMS 0x000000009ea00000, 0x000000009ea00000| Untracked 
| 491|0x000000009eb00000, 0x000000009eb00000, 0x000000009ec00000|  0%| F|  |TAMS 0x000000009eb00000, 0x000000009eb00000| Untracked 
| 492|0x000000009ec00000, 0x000000009ec00000, 0x000000009ed00000|  0%| F|  |TAMS 0x000000009ec00000, 0x000000009ec00000| Untracked 
| 493|0x000000009ed00000, 0x000000009ed00000, 0x000000009ee00000|  0%| F|  |TAMS 0x000000009ed00000, 0x000000009ed00000| Untracked 
| 494|0x000000009ee00000, 0x000000009ee00000, 0x000000009ef00000|  0%| F|  |TAMS 0x000000009ee00000, 0x000000009ee00000| Untracked 
| 495|0x000000009ef00000, 0x000000009ef00000, 0x000000009f000000|  0%| F|  |TAMS 0x000000009ef00000, 0x000000009ef00000| Untracked 
| 496|0x000000009f000000, 0x000000009f000000, 0x000000009f100000|  0%| F|  |TAMS 0x000000009f000000, 0x000000009f000000| Untracked 
| 497|0x000000009f100000, 0x000000009f100000, 0x000000009f200000|  0%| F|  |TAMS 0x000000009f100000, 0x000000009f100000| Untracked 
| 498|0x000000009f200000, 0x000000009f200000, 0x000000009f300000|  0%| F|  |TAMS 0x000000009f200000, 0x000000009f200000| Untracked 
| 499|0x000000009f300000, 0x000000009f300000, 0x000000009f400000|  0%| F|  |TAMS 0x000000009f300000, 0x000000009f300000| Untracked 
| 500|0x000000009f400000, 0x000000009f400000, 0x000000009f500000|  0%| F|  |TAMS 0x000000009f400000, 0x000000009f400000| Untracked 
| 501|0x000000009f500000, 0x000000009f500000, 0x000000009f600000|  0%| F|  |TAMS 0x000000009f500000, 0x000000009f500000| Untracked 
| 502|0x000000009f600000, 0x000000009f600000, 0x000000009f700000|  0%| F|  |TAMS 0x000000009f600000, 0x000000009f600000| Untracked 
| 503|0x000000009f700000, 0x000000009f700000, 0x000000009f800000|  0%| F|  |TAMS 0x000000009f700000, 0x000000009f700000| Untracked 
| 504|0x000000009f800000, 0x000000009f800000, 0x000000009f900000|  0%| F|  |TAMS 0x000000009f800000, 0x000000009f800000| Untracked 
| 505|0x000000009f900000, 0x000000009f900000, 0x000000009fa00000|  0%| F|  |TAMS 0x000000009f900000, 0x000000009f900000| Untracked 
| 506|0x000000009fa00000, 0x000000009fa00000, 0x000000009fb00000|  0%| F|  |TAMS 0x000000009fa00000, 0x000000009fa00000| Untracked 
| 507|0x000000009fb00000, 0x000000009fb00000, 0x000000009fc00000|  0%| F|  |TAMS 0x000000009fb00000, 0x000000009fb00000| Untracked 
| 508|0x000000009fc00000, 0x000000009fc00000, 0x000000009fd00000|  0%| F|  |TAMS 0x000000009fc00000, 0x000000009fc00000| Untracked 
| 509|0x000000009fd00000, 0x000000009fd00000, 0x000000009fe00000|  0%| F|  |TAMS 0x000000009fd00000, 0x000000009fd00000| Untracked 
| 510|0x000000009fe00000, 0x000000009fe00000, 0x000000009ff00000|  0%| F|  |TAMS 0x000000009fe00000, 0x000000009fe00000| Untracked 
| 511|0x000000009ff00000, 0x000000009ff00000, 0x00000000a0000000|  0%| F|  |TAMS 0x000000009ff00000, 0x000000009ff00000| Untracked 
| 512|0x00000000a0000000, 0x00000000a0000000, 0x00000000a0100000|  0%| F|  |TAMS 0x00000000a0000000, 0x00000000a0000000| Untracked 
| 513|0x00000000a0100000, 0x00000000a0100000, 0x00000000a0200000|  0%| F|  |TAMS 0x00000000a0100000, 0x00000000a0100000| Untracked 
| 514|0x00000000a0200000, 0x00000000a0200000, 0x00000000a0300000|  0%| F|  |TAMS 0x00000000a0200000, 0x00000000a0200000| Untracked 
| 515|0x00000000a0300000, 0x00000000a0300000, 0x00000000a0400000|  0%| F|  |TAMS 0x00000000a0300000, 0x00000000a0300000| Untracked 
| 516|0x00000000a0400000, 0x00000000a0400000, 0x00000000a0500000|  0%| F|  |TAMS 0x00000000a0400000, 0x00000000a0400000| Untracked 
| 517|0x00000000a0500000, 0x00000000a0500000, 0x00000000a0600000|  0%| F|  |TAMS 0x00000000a0500000, 0x00000000a0500000| Untracked 
| 518|0x00000000a0600000, 0x00000000a0600000, 0x00000000a0700000|  0%| F|  |TAMS 0x00000000a0600000, 0x00000000a0600000| Untracked 
| 519|0x00000000a0700000, 0x00000000a0700000, 0x00000000a0800000|  0%| F|  |TAMS 0x00000000a0700000, 0x00000000a0700000| Untracked 
| 520|0x00000000a0800000, 0x00000000a0800000, 0x00000000a0900000|  0%| F|  |TAMS 0x00000000a0800000, 0x00000000a0800000| Untracked 
| 521|0x00000000a0900000, 0x00000000a0900000, 0x00000000a0a00000|  0%| F|  |TAMS 0x00000000a0900000, 0x00000000a0900000| Untracked 
| 522|0x00000000a0a00000, 0x00000000a0a00000, 0x00000000a0b00000|  0%| F|  |TAMS 0x00000000a0a00000, 0x00000000a0a00000| Untracked 
| 523|0x00000000a0b00000, 0x00000000a0b00000, 0x00000000a0c00000|  0%| F|  |TAMS 0x00000000a0b00000, 0x00000000a0b00000| Untracked 
| 524|0x00000000a0c00000, 0x00000000a0c00000, 0x00000000a0d00000|  0%| F|  |TAMS 0x00000000a0c00000, 0x00000000a0c00000| Untracked 
| 525|0x00000000a0d00000, 0x00000000a0d00000, 0x00000000a0e00000|  0%| F|  |TAMS 0x00000000a0d00000, 0x00000000a0d00000| Untracked 
| 526|0x00000000a0e00000, 0x00000000a0e00000, 0x00000000a0f00000|  0%| F|  |TAMS 0x00000000a0e00000, 0x00000000a0e00000| Untracked 
| 527|0x00000000a0f00000, 0x00000000a0f00000, 0x00000000a1000000|  0%| F|  |TAMS 0x00000000a0f00000, 0x00000000a0f00000| Untracked 
| 528|0x00000000a1000000, 0x00000000a1000000, 0x00000000a1100000|  0%| F|  |TAMS 0x00000000a1000000, 0x00000000a1000000| Untracked 
| 529|0x00000000a1100000, 0x00000000a1100000, 0x00000000a1200000|  0%| F|  |TAMS 0x00000000a1100000, 0x00000000a1100000| Untracked 
| 530|0x00000000a1200000, 0x00000000a1200000, 0x00000000a1300000|  0%| F|  |TAMS 0x00000000a1200000, 0x00000000a1200000| Untracked 
| 531|0x00000000a1300000, 0x00000000a1300000, 0x00000000a1400000|  0%| F|  |TAMS 0x00000000a1300000, 0x00000000a1300000| Untracked 
| 532|0x00000000a1400000, 0x00000000a1400000, 0x00000000a1500000|  0%| F|  |TAMS 0x00000000a1400000, 0x00000000a1400000| Untracked 
| 533|0x00000000a1500000, 0x00000000a1500000, 0x00000000a1600000|  0%| F|  |TAMS 0x00000000a1500000, 0x00000000a1500000| Untracked 
| 534|0x00000000a1600000, 0x00000000a1600000, 0x00000000a1700000|  0%| F|  |TAMS 0x00000000a1600000, 0x00000000a1600000| Untracked 
| 535|0x00000000a1700000, 0x00000000a1700000, 0x00000000a1800000|  0%| F|  |TAMS 0x00000000a1700000, 0x00000000a1700000| Untracked 
| 536|0x00000000a1800000, 0x00000000a1800000, 0x00000000a1900000|  0%| F|  |TAMS 0x00000000a1800000, 0x00000000a1800000| Untracked 
| 537|0x00000000a1900000, 0x00000000a1900000, 0x00000000a1a00000|  0%| F|  |TAMS 0x00000000a1900000, 0x00000000a1900000| Untracked 
| 538|0x00000000a1a00000, 0x00000000a1a00000, 0x00000000a1b00000|  0%| F|  |TAMS 0x00000000a1a00000, 0x00000000a1a00000| Untracked 
| 539|0x00000000a1b00000, 0x00000000a1b00000, 0x00000000a1c00000|  0%| F|  |TAMS 0x00000000a1b00000, 0x00000000a1b00000| Untracked 
| 540|0x00000000a1c00000, 0x00000000a1c00000, 0x00000000a1d00000|  0%| F|  |TAMS 0x00000000a1c00000, 0x00000000a1c00000| Untracked 
| 541|0x00000000a1d00000, 0x00000000a1d00000, 0x00000000a1e00000|  0%| F|  |TAMS 0x00000000a1d00000, 0x00000000a1d00000| Untracked 
| 542|0x00000000a1e00000, 0x00000000a1e00000, 0x00000000a1f00000|  0%| F|  |TAMS 0x00000000a1e00000, 0x00000000a1e00000| Untracked 
| 543|0x00000000a1f00000, 0x00000000a1f00000, 0x00000000a2000000|  0%| F|  |TAMS 0x00000000a1f00000, 0x00000000a1f00000| Untracked 
| 544|0x00000000a2000000, 0x00000000a2000000, 0x00000000a2100000|  0%| F|  |TAMS 0x00000000a2000000, 0x00000000a2000000| Untracked 
| 545|0x00000000a2100000, 0x00000000a2100000, 0x00000000a2200000|  0%| F|  |TAMS 0x00000000a2100000, 0x00000000a2100000| Untracked 
| 546|0x00000000a2200000, 0x00000000a2200000, 0x00000000a2300000|  0%| F|  |TAMS 0x00000000a2200000, 0x00000000a2200000| Untracked 
| 547|0x00000000a2300000, 0x00000000a2300000, 0x00000000a2400000|  0%| F|  |TAMS 0x00000000a2300000, 0x00000000a2300000| Untracked 
| 548|0x00000000a2400000, 0x00000000a2400000, 0x00000000a2500000|  0%| F|  |TAMS 0x00000000a2400000, 0x00000000a2400000| Untracked 
| 549|0x00000000a2500000, 0x00000000a2500000, 0x00000000a2600000|  0%| F|  |TAMS 0x00000000a2500000, 0x00000000a2500000| Untracked 
| 550|0x00000000a2600000, 0x00000000a2600000, 0x00000000a2700000|  0%| F|  |TAMS 0x00000000a2600000, 0x00000000a2600000| Untracked 
| 551|0x00000000a2700000, 0x00000000a2700000, 0x00000000a2800000|  0%| F|  |TAMS 0x00000000a2700000, 0x00000000a2700000| Untracked 
| 552|0x00000000a2800000, 0x00000000a2800000, 0x00000000a2900000|  0%| F|  |TAMS 0x00000000a2800000, 0x00000000a2800000| Untracked 
| 553|0x00000000a2900000, 0x00000000a2a00000, 0x00000000a2a00000|100%|HS|  |TAMS 0x00000000a2a00000, 0x00000000a2a00000| Complete 
| 554|0x00000000a2a00000, 0x00000000a2a00000, 0x00000000a2b00000|  0%| F|  |TAMS 0x00000000a2a00000, 0x00000000a2a00000| Untracked 
| 555|0x00000000a2b00000, 0x00000000a2b00000, 0x00000000a2c00000|  0%| F|  |TAMS 0x00000000a2b00000, 0x00000000a2b00000| Untracked 
| 556|0x00000000a2c00000, 0x00000000a2c00000, 0x00000000a2d00000|  0%| F|  |TAMS 0x00000000a2c00000, 0x00000000a2c00000| Untracked 
| 557|0x00000000a2d00000, 0x00000000a2d00000, 0x00000000a2e00000|  0%| F|  |TAMS 0x00000000a2d00000, 0x00000000a2d00000| Untracked 
| 558|0x00000000a2e00000, 0x00000000a2e00000, 0x00000000a2f00000|  0%| F|  |TAMS 0x00000000a2e00000, 0x00000000a2e00000| Untracked 
| 559|0x00000000a2f00000, 0x00000000a2f00000, 0x00000000a3000000|  0%| F|  |TAMS 0x00000000a2f00000, 0x00000000a2f00000| Untracked 
| 560|0x00000000a3000000, 0x00000000a3000000, 0x00000000a3100000|  0%| F|  |TAMS 0x00000000a3000000, 0x00000000a3000000| Untracked 
| 561|0x00000000a3100000, 0x00000000a3100000, 0x00000000a3200000|  0%| F|  |TAMS 0x00000000a3100000, 0x00000000a3100000| Untracked 
| 562|0x00000000a3200000, 0x00000000a3200000, 0x00000000a3300000|  0%| F|  |TAMS 0x00000000a3200000, 0x00000000a3200000| Untracked 
| 563|0x00000000a3300000, 0x00000000a3300000, 0x00000000a3400000|  0%| F|  |TAMS 0x00000000a3300000, 0x00000000a3300000| Untracked 
| 564|0x00000000a3400000, 0x00000000a3400000, 0x00000000a3500000|  0%| F|  |TAMS 0x00000000a3400000, 0x00000000a3400000| Untracked 
| 565|0x00000000a3500000, 0x00000000a3500000, 0x00000000a3600000|  0%| F|  |TAMS 0x00000000a3500000, 0x00000000a3500000| Untracked 
| 566|0x00000000a3600000, 0x00000000a3600000, 0x00000000a3700000|  0%| F|  |TAMS 0x00000000a3600000, 0x00000000a3600000| Untracked 
| 567|0x00000000a3700000, 0x00000000a3700000, 0x00000000a3800000|  0%| F|  |TAMS 0x00000000a3700000, 0x00000000a3700000| Untracked 
| 568|0x00000000a3800000, 0x00000000a3800000, 0x00000000a3900000|  0%| F|  |TAMS 0x00000000a3800000, 0x00000000a3800000| Untracked 
| 569|0x00000000a3900000, 0x00000000a3900000, 0x00000000a3a00000|  0%| F|  |TAMS 0x00000000a3900000, 0x00000000a3900000| Untracked 
| 570|0x00000000a3a00000, 0x00000000a3a00000, 0x00000000a3b00000|  0%| F|  |TAMS 0x00000000a3a00000, 0x00000000a3a00000| Untracked 
| 571|0x00000000a3b00000, 0x00000000a3b00000, 0x00000000a3c00000|  0%| F|  |TAMS 0x00000000a3b00000, 0x00000000a3b00000| Untracked 
| 572|0x00000000a3c00000, 0x00000000a3c00000, 0x00000000a3d00000|  0%| F|  |TAMS 0x00000000a3c00000, 0x00000000a3c00000| Untracked 
| 573|0x00000000a3d00000, 0x00000000a3d00000, 0x00000000a3e00000|  0%| F|  |TAMS 0x00000000a3d00000, 0x00000000a3d00000| Untracked 
| 574|0x00000000a3e00000, 0x00000000a3e00000, 0x00000000a3f00000|  0%| F|  |TAMS 0x00000000a3e00000, 0x00000000a3e00000| Untracked 
| 575|0x00000000a3f00000, 0x00000000a3f00000, 0x00000000a4000000|  0%| F|  |TAMS 0x00000000a3f00000, 0x00000000a3f00000| Untracked 
| 576|0x00000000a4000000, 0x00000000a4000000, 0x00000000a4100000|  0%| F|  |TAMS 0x00000000a4000000, 0x00000000a4000000| Untracked 
| 577|0x00000000a4100000, 0x00000000a4100000, 0x00000000a4200000|  0%| F|  |TAMS 0x00000000a4100000, 0x00000000a4100000| Untracked 
| 578|0x00000000a4200000, 0x00000000a4200000, 0x00000000a4300000|  0%| F|  |TAMS 0x00000000a4200000, 0x00000000a4200000| Untracked 
| 579|0x00000000a4300000, 0x00000000a4300000, 0x00000000a4400000|  0%| F|  |TAMS 0x00000000a4300000, 0x00000000a4300000| Untracked 
| 580|0x00000000a4400000, 0x00000000a4400000, 0x00000000a4500000|  0%| F|  |TAMS 0x00000000a4400000, 0x00000000a4400000| Untracked 
| 581|0x00000000a4500000, 0x00000000a4500000, 0x00000000a4600000|  0%| F|  |TAMS 0x00000000a4500000, 0x00000000a4500000| Untracked 
| 582|0x00000000a4600000, 0x00000000a4600000, 0x00000000a4700000|  0%| F|  |TAMS 0x00000000a4600000, 0x00000000a4600000| Untracked 
| 583|0x00000000a4700000, 0x00000000a4700000, 0x00000000a4800000|  0%| F|  |TAMS 0x00000000a4700000, 0x00000000a4700000| Untracked 
| 584|0x00000000a4800000, 0x00000000a4800000, 0x00000000a4900000|  0%| F|  |TAMS 0x00000000a4800000, 0x00000000a4800000| Untracked 
| 585|0x00000000a4900000, 0x00000000a4900000, 0x00000000a4a00000|  0%| F|  |TAMS 0x00000000a4900000, 0x00000000a4900000| Untracked 
| 586|0x00000000a4a00000, 0x00000000a4a00000, 0x00000000a4b00000|  0%| F|  |TAMS 0x00000000a4a00000, 0x00000000a4a00000| Untracked 
| 587|0x00000000a4b00000, 0x00000000a4b00000, 0x00000000a4c00000|  0%| F|  |TAMS 0x00000000a4b00000, 0x00000000a4b00000| Untracked 
| 588|0x00000000a4c00000, 0x00000000a4c00000, 0x00000000a4d00000|  0%| F|  |TAMS 0x00000000a4c00000, 0x00000000a4c00000| Untracked 
| 589|0x00000000a4d00000, 0x00000000a4d00000, 0x00000000a4e00000|  0%| F|  |TAMS 0x00000000a4d00000, 0x00000000a4d00000| Untracked 
| 590|0x00000000a4e00000, 0x00000000a4e00000, 0x00000000a4f00000|  0%| F|  |TAMS 0x00000000a4e00000, 0x00000000a4e00000| Untracked 
| 591|0x00000000a4f00000, 0x00000000a4f00000, 0x00000000a5000000|  0%| F|  |TAMS 0x00000000a4f00000, 0x00000000a4f00000| Untracked 
| 592|0x00000000a5000000, 0x00000000a5000000, 0x00000000a5100000|  0%| F|  |TAMS 0x00000000a5000000, 0x00000000a5000000| Untracked 
| 593|0x00000000a5100000, 0x00000000a5100000, 0x00000000a5200000|  0%| F|  |TAMS 0x00000000a5100000, 0x00000000a5100000| Untracked 
| 594|0x00000000a5200000, 0x00000000a5200000, 0x00000000a5300000|  0%| F|  |TAMS 0x00000000a5200000, 0x00000000a5200000| Untracked 
| 595|0x00000000a5300000, 0x00000000a5300000, 0x00000000a5400000|  0%| F|  |TAMS 0x00000000a5300000, 0x00000000a5300000| Untracked 
| 596|0x00000000a5400000, 0x00000000a5400000, 0x00000000a5500000|  0%| F|  |TAMS 0x00000000a5400000, 0x00000000a5400000| Untracked 
| 597|0x00000000a5500000, 0x00000000a5500000, 0x00000000a5600000|  0%| F|  |TAMS 0x00000000a5500000, 0x00000000a5500000| Untracked 
| 598|0x00000000a5600000, 0x00000000a5600000, 0x00000000a5700000|  0%| F|  |TAMS 0x00000000a5600000, 0x00000000a5600000| Untracked 
| 599|0x00000000a5700000, 0x00000000a5700000, 0x00000000a5800000|  0%| F|  |TAMS 0x00000000a5700000, 0x00000000a5700000| Untracked 
| 600|0x00000000a5800000, 0x00000000a5800000, 0x00000000a5900000|  0%| F|  |TAMS 0x00000000a5800000, 0x00000000a5800000| Untracked 
| 601|0x00000000a5900000, 0x00000000a5900000, 0x00000000a5a00000|  0%| F|  |TAMS 0x00000000a5900000, 0x00000000a5900000| Untracked 
| 602|0x00000000a5a00000, 0x00000000a5a00000, 0x00000000a5b00000|  0%| F|  |TAMS 0x00000000a5a00000, 0x00000000a5a00000| Untracked 
| 603|0x00000000a5b00000, 0x00000000a5b00000, 0x00000000a5c00000|  0%| F|  |TAMS 0x00000000a5b00000, 0x00000000a5b00000| Untracked 
| 604|0x00000000a5c00000, 0x00000000a5c00000, 0x00000000a5d00000|  0%| F|  |TAMS 0x00000000a5c00000, 0x00000000a5c00000| Untracked 
| 605|0x00000000a5d00000, 0x00000000a5d00000, 0x00000000a5e00000|  0%| F|  |TAMS 0x00000000a5d00000, 0x00000000a5d00000| Untracked 
| 606|0x00000000a5e00000, 0x00000000a5e00000, 0x00000000a5f00000|  0%| F|  |TAMS 0x00000000a5e00000, 0x00000000a5e00000| Untracked 
| 607|0x00000000a5f00000, 0x00000000a5f00000, 0x00000000a6000000|  0%| F|  |TAMS 0x00000000a5f00000, 0x00000000a5f00000| Untracked 
| 608|0x00000000a6000000, 0x00000000a6000000, 0x00000000a6100000|  0%| F|  |TAMS 0x00000000a6000000, 0x00000000a6000000| Untracked 
| 609|0x00000000a6100000, 0x00000000a6100000, 0x00000000a6200000|  0%| F|  |TAMS 0x00000000a6100000, 0x00000000a6100000| Untracked 
| 610|0x00000000a6200000, 0x00000000a6200000, 0x00000000a6300000|  0%| F|  |TAMS 0x00000000a6200000, 0x00000000a6200000| Untracked 
| 611|0x00000000a6300000, 0x00000000a6300000, 0x00000000a6400000|  0%| F|  |TAMS 0x00000000a6300000, 0x00000000a6300000| Untracked 
| 612|0x00000000a6400000, 0x00000000a6400000, 0x00000000a6500000|  0%| F|  |TAMS 0x00000000a6400000, 0x00000000a6400000| Untracked 
| 613|0x00000000a6500000, 0x00000000a6500000, 0x00000000a6600000|  0%| F|  |TAMS 0x00000000a6500000, 0x00000000a6500000| Untracked 
| 614|0x00000000a6600000, 0x00000000a6600000, 0x00000000a6700000|  0%| F|  |TAMS 0x00000000a6600000, 0x00000000a6600000| Untracked 
| 615|0x00000000a6700000, 0x00000000a6700000, 0x00000000a6800000|  0%| F|  |TAMS 0x00000000a6700000, 0x00000000a6700000| Untracked 
| 616|0x00000000a6800000, 0x00000000a6800000, 0x00000000a6900000|  0%| F|  |TAMS 0x00000000a6800000, 0x00000000a6800000| Untracked 
| 617|0x00000000a6900000, 0x00000000a6900000, 0x00000000a6a00000|  0%| F|  |TAMS 0x00000000a6900000, 0x00000000a6900000| Untracked 
| 618|0x00000000a6a00000, 0x00000000a6a00000, 0x00000000a6b00000|  0%| F|  |TAMS 0x00000000a6a00000, 0x00000000a6a00000| Untracked 
| 619|0x00000000a6b00000, 0x00000000a6b00000, 0x00000000a6c00000|  0%| F|  |TAMS 0x00000000a6b00000, 0x00000000a6b00000| Untracked 
| 620|0x00000000a6c00000, 0x00000000a6c00000, 0x00000000a6d00000|  0%| F|  |TAMS 0x00000000a6c00000, 0x00000000a6c00000| Untracked 
| 621|0x00000000a6d00000, 0x00000000a6d00000, 0x00000000a6e00000|  0%| F|  |TAMS 0x00000000a6d00000, 0x00000000a6d00000| Untracked 
| 622|0x00000000a6e00000, 0x00000000a6e00000, 0x00000000a6f00000|  0%| F|  |TAMS 0x00000000a6e00000, 0x00000000a6e00000| Untracked 
| 623|0x00000000a6f00000, 0x00000000a6f00000, 0x00000000a7000000|  0%| F|  |TAMS 0x00000000a6f00000, 0x00000000a6f00000| Untracked 
| 624|0x00000000a7000000, 0x00000000a7000000, 0x00000000a7100000|  0%| F|  |TAMS 0x00000000a7000000, 0x00000000a7000000| Untracked 
| 625|0x00000000a7100000, 0x00000000a7100000, 0x00000000a7200000|  0%| F|  |TAMS 0x00000000a7100000, 0x00000000a7100000| Untracked 
| 626|0x00000000a7200000, 0x00000000a7200000, 0x00000000a7300000|  0%| F|  |TAMS 0x00000000a7200000, 0x00000000a7200000| Untracked 
| 627|0x00000000a7300000, 0x00000000a7300000, 0x00000000a7400000|  0%| F|  |TAMS 0x00000000a7300000, 0x00000000a7300000| Untracked 
| 628|0x00000000a7400000, 0x00000000a7400000, 0x00000000a7500000|  0%| F|  |TAMS 0x00000000a7400000, 0x00000000a7400000| Untracked 
| 629|0x00000000a7500000, 0x00000000a7500000, 0x00000000a7600000|  0%| F|  |TAMS 0x00000000a7500000, 0x00000000a7500000| Untracked 
| 630|0x00000000a7600000, 0x00000000a7600000, 0x00000000a7700000|  0%| F|  |TAMS 0x00000000a7600000, 0x00000000a7600000| Untracked 
| 631|0x00000000a7700000, 0x00000000a7700000, 0x00000000a7800000|  0%| F|  |TAMS 0x00000000a7700000, 0x00000000a7700000| Untracked 
| 632|0x00000000a7800000, 0x00000000a7900000, 0x00000000a7900000|100%| S|CS|TAMS 0x00000000a7800000, 0x00000000a7800000| Complete 
| 633|0x00000000a7900000, 0x00000000a7a00000, 0x00000000a7a00000|100%| S|CS|TAMS 0x00000000a7900000, 0x00000000a7900000| Complete 
| 634|0x00000000a7a00000, 0x00000000a7b00000, 0x00000000a7b00000|100%| S|CS|TAMS 0x00000000a7a00000, 0x00000000a7a00000| Complete 
| 635|0x00000000a7b00000, 0x00000000a7c00000, 0x00000000a7c00000|100%| S|CS|TAMS 0x00000000a7b00000, 0x00000000a7b00000| Complete 
| 636|0x00000000a7c00000, 0x00000000a7d00000, 0x00000000a7d00000|100%| S|CS|TAMS 0x00000000a7c00000, 0x00000000a7c00000| Complete 
| 637|0x00000000a7d00000, 0x00000000a7e00000, 0x00000000a7e00000|100%| S|CS|TAMS 0x00000000a7d00000, 0x00000000a7d00000| Complete 
| 638|0x00000000a7e00000, 0x00000000a7f00000, 0x00000000a7f00000|100%| S|CS|TAMS 0x00000000a7e00000, 0x00000000a7e00000| Complete 
| 639|0x00000000a7f00000, 0x00000000a8000000, 0x00000000a8000000|100%| S|CS|TAMS 0x00000000a7f00000, 0x00000000a7f00000| Complete 
| 640|0x00000000a8000000, 0x00000000a8100000, 0x00000000a8100000|100%| S|CS|TAMS 0x00000000a8000000, 0x00000000a8000000| Complete 
| 641|0x00000000a8100000, 0x00000000a8200000, 0x00000000a8200000|100%| S|CS|TAMS 0x00000000a8100000, 0x00000000a8100000| Complete 
| 642|0x00000000a8200000, 0x00000000a8300000, 0x00000000a8300000|100%| S|CS|TAMS 0x00000000a8200000, 0x00000000a8200000| Complete 
| 643|0x00000000a8300000, 0x00000000a8400000, 0x00000000a8400000|100%| S|CS|TAMS 0x00000000a8300000, 0x00000000a8300000| Complete 
| 644|0x00000000a8400000, 0x00000000a8500000, 0x00000000a8500000|100%| S|CS|TAMS 0x00000000a8400000, 0x00000000a8400000| Complete 
| 645|0x00000000a8500000, 0x00000000a8600000, 0x00000000a8600000|100%| S|CS|TAMS 0x00000000a8500000, 0x00000000a8500000| Complete 
| 646|0x00000000a8600000, 0x00000000a8700000, 0x00000000a8700000|100%| S|CS|TAMS 0x00000000a8600000, 0x00000000a8600000| Complete 
| 647|0x00000000a8700000, 0x00000000a8800000, 0x00000000a8800000|100%| S|CS|TAMS 0x00000000a8700000, 0x00000000a8700000| Complete 
| 648|0x00000000a8800000, 0x00000000a8900000, 0x00000000a8900000|100%| S|CS|TAMS 0x00000000a8800000, 0x00000000a8800000| Complete 
| 649|0x00000000a8900000, 0x00000000a8a00000, 0x00000000a8a00000|100%| S|CS|TAMS 0x00000000a8900000, 0x00000000a8900000| Complete 
| 650|0x00000000a8a00000, 0x00000000a8b00000, 0x00000000a8b00000|100%| S|CS|TAMS 0x00000000a8a00000, 0x00000000a8a00000| Complete 
| 651|0x00000000a8b00000, 0x00000000a8c00000, 0x00000000a8c00000|100%| S|CS|TAMS 0x00000000a8b00000, 0x00000000a8b00000| Complete 
| 652|0x00000000a8c00000, 0x00000000a8d00000, 0x00000000a8d00000|100%| S|CS|TAMS 0x00000000a8c00000, 0x00000000a8c00000| Complete 
| 653|0x00000000a8d00000, 0x00000000a8e00000, 0x00000000a8e00000|100%| S|CS|TAMS 0x00000000a8d00000, 0x00000000a8d00000| Complete 
| 654|0x00000000a8e00000, 0x00000000a8f00000, 0x00000000a8f00000|100%| S|CS|TAMS 0x00000000a8e00000, 0x00000000a8e00000| Complete 
| 655|0x00000000a8f00000, 0x00000000a9000000, 0x00000000a9000000|100%| S|CS|TAMS 0x00000000a8f00000, 0x00000000a8f00000| Complete 
| 656|0x00000000a9000000, 0x00000000a9100000, 0x00000000a9100000|100%| S|CS|TAMS 0x00000000a9000000, 0x00000000a9000000| Complete 
| 657|0x00000000a9100000, 0x00000000a9200000, 0x00000000a9200000|100%| S|CS|TAMS 0x00000000a9100000, 0x00000000a9100000| Complete 
| 658|0x00000000a9200000, 0x00000000a9300000, 0x00000000a9300000|100%| S|CS|TAMS 0x00000000a9200000, 0x00000000a9200000| Complete 
| 659|0x00000000a9300000, 0x00000000a9400000, 0x00000000a9400000|100%| S|CS|TAMS 0x00000000a9300000, 0x00000000a9300000| Complete 
| 660|0x00000000a9400000, 0x00000000a9500000, 0x00000000a9500000|100%| S|CS|TAMS 0x00000000a9400000, 0x00000000a9400000| Complete 
| 661|0x00000000a9500000, 0x00000000a9600000, 0x00000000a9600000|100%| S|CS|TAMS 0x00000000a9500000, 0x00000000a9500000| Complete 
| 662|0x00000000a9600000, 0x00000000a9700000, 0x00000000a9700000|100%| S|CS|TAMS 0x00000000a9600000, 0x00000000a9600000| Complete 
| 663|0x00000000a9700000, 0x00000000a9800000, 0x00000000a9800000|100%| S|CS|TAMS 0x00000000a9700000, 0x00000000a9700000| Complete 
| 664|0x00000000a9800000, 0x00000000a9900000, 0x00000000a9900000|100%| S|CS|TAMS 0x00000000a9800000, 0x00000000a9800000| Complete 
| 665|0x00000000a9900000, 0x00000000a9a00000, 0x00000000a9a00000|100%| S|CS|TAMS 0x00000000a9900000, 0x00000000a9900000| Complete 
| 666|0x00000000a9a00000, 0x00000000a9a00000, 0x00000000a9b00000|  0%| F|  |TAMS 0x00000000a9a00000, 0x00000000a9a00000| Untracked 
| 667|0x00000000a9b00000, 0x00000000a9b00000, 0x00000000a9c00000|  0%| F|  |TAMS 0x00000000a9b00000, 0x00000000a9b00000| Untracked 
| 668|0x00000000a9c00000, 0x00000000a9c00000, 0x00000000a9d00000|  0%| F|  |TAMS 0x00000000a9c00000, 0x00000000a9c00000| Untracked 
| 669|0x00000000a9d00000, 0x00000000a9d00000, 0x00000000a9e00000|  0%| F|  |TAMS 0x00000000a9d00000, 0x00000000a9d00000| Untracked 
| 670|0x00000000a9e00000, 0x00000000a9e00000, 0x00000000a9f00000|  0%| F|  |TAMS 0x00000000a9e00000, 0x00000000a9e00000| Untracked 
| 671|0x00000000a9f00000, 0x00000000a9f00000, 0x00000000aa000000|  0%| F|  |TAMS 0x00000000a9f00000, 0x00000000a9f00000| Untracked 
| 672|0x00000000aa000000, 0x00000000aa000000, 0x00000000aa100000|  0%| F|  |TAMS 0x00000000aa000000, 0x00000000aa000000| Untracked 
| 673|0x00000000aa100000, 0x00000000aa100000, 0x00000000aa200000|  0%| F|  |TAMS 0x00000000aa100000, 0x00000000aa100000| Untracked 
| 674|0x00000000aa200000, 0x00000000aa200000, 0x00000000aa300000|  0%| F|  |TAMS 0x00000000aa200000, 0x00000000aa200000| Untracked 
| 675|0x00000000aa300000, 0x00000000aa300000, 0x00000000aa400000|  0%| F|  |TAMS 0x00000000aa300000, 0x00000000aa300000| Untracked 
| 676|0x00000000aa400000, 0x00000000aa400000, 0x00000000aa500000|  0%| F|  |TAMS 0x00000000aa400000, 0x00000000aa400000| Untracked 
| 677|0x00000000aa500000, 0x00000000aa500000, 0x00000000aa600000|  0%| F|  |TAMS 0x00000000aa500000, 0x00000000aa500000| Untracked 
| 678|0x00000000aa600000, 0x00000000aa600000, 0x00000000aa700000|  0%| F|  |TAMS 0x00000000aa600000, 0x00000000aa600000| Untracked 
| 679|0x00000000aa700000, 0x00000000aa700000, 0x00000000aa800000|  0%| F|  |TAMS 0x00000000aa700000, 0x00000000aa700000| Untracked 
| 680|0x00000000aa800000, 0x00000000aa800000, 0x00000000aa900000|  0%| F|  |TAMS 0x00000000aa800000, 0x00000000aa800000| Untracked 
| 681|0x00000000aa900000, 0x00000000aa900000, 0x00000000aaa00000|  0%| F|  |TAMS 0x00000000aa900000, 0x00000000aa900000| Untracked 
| 682|0x00000000aaa00000, 0x00000000aaa00000, 0x00000000aab00000|  0%| F|  |TAMS 0x00000000aaa00000, 0x00000000aaa00000| Untracked 
| 683|0x00000000aab00000, 0x00000000aab00000, 0x00000000aac00000|  0%| F|  |TAMS 0x00000000aab00000, 0x00000000aab00000| Untracked 
| 684|0x00000000aac00000, 0x00000000aac00000, 0x00000000aad00000|  0%| F|  |TAMS 0x00000000aac00000, 0x00000000aac00000| Untracked 
| 685|0x00000000aad00000, 0x00000000aad00000, 0x00000000aae00000|  0%| F|  |TAMS 0x00000000aad00000, 0x00000000aad00000| Untracked 
| 686|0x00000000aae00000, 0x00000000aae00000, 0x00000000aaf00000|  0%| F|  |TAMS 0x00000000aae00000, 0x00000000aae00000| Untracked 
| 687|0x00000000aaf00000, 0x00000000aaf00000, 0x00000000ab000000|  0%| F|  |TAMS 0x00000000aaf00000, 0x00000000aaf00000| Untracked 
| 688|0x00000000ab000000, 0x00000000ab000000, 0x00000000ab100000|  0%| F|  |TAMS 0x00000000ab000000, 0x00000000ab000000| Untracked 
| 689|0x00000000ab100000, 0x00000000ab100000, 0x00000000ab200000|  0%| F|  |TAMS 0x00000000ab100000, 0x00000000ab100000| Untracked 
| 690|0x00000000ab200000, 0x00000000ab200000, 0x00000000ab300000|  0%| F|  |TAMS 0x00000000ab200000, 0x00000000ab200000| Untracked 
| 691|0x00000000ab300000, 0x00000000ab300000, 0x00000000ab400000|  0%| F|  |TAMS 0x00000000ab300000, 0x00000000ab300000| Untracked 
| 692|0x00000000ab400000, 0x00000000ab400000, 0x00000000ab500000|  0%| F|  |TAMS 0x00000000ab400000, 0x00000000ab400000| Untracked 
| 693|0x00000000ab500000, 0x00000000ab500000, 0x00000000ab600000|  0%| F|  |TAMS 0x00000000ab500000, 0x00000000ab500000| Untracked 
| 694|0x00000000ab600000, 0x00000000ab600000, 0x00000000ab700000|  0%| F|  |TAMS 0x00000000ab600000, 0x00000000ab600000| Untracked 
| 695|0x00000000ab700000, 0x00000000ab700000, 0x00000000ab800000|  0%| F|  |TAMS 0x00000000ab700000, 0x00000000ab700000| Untracked 
| 696|0x00000000ab800000, 0x00000000ab800000, 0x00000000ab900000|  0%| F|  |TAMS 0x00000000ab800000, 0x00000000ab800000| Untracked 
| 697|0x00000000ab900000, 0x00000000ab900000, 0x00000000aba00000|  0%| F|  |TAMS 0x00000000ab900000, 0x00000000ab900000| Untracked 
| 698|0x00000000aba00000, 0x00000000aba00000, 0x00000000abb00000|  0%| F|  |TAMS 0x00000000aba00000, 0x00000000aba00000| Untracked 
| 699|0x00000000abb00000, 0x00000000abb00000, 0x00000000abc00000|  0%| F|  |TAMS 0x00000000abb00000, 0x00000000abb00000| Untracked 
| 700|0x00000000abc00000, 0x00000000abc00000, 0x00000000abd00000|  0%| F|  |TAMS 0x00000000abc00000, 0x00000000abc00000| Untracked 
| 701|0x00000000abd00000, 0x00000000abd00000, 0x00000000abe00000|  0%| F|  |TAMS 0x00000000abd00000, 0x00000000abd00000| Untracked 
| 702|0x00000000abe00000, 0x00000000abe00000, 0x00000000abf00000|  0%| F|  |TAMS 0x00000000abe00000, 0x00000000abe00000| Untracked 
| 703|0x00000000abf00000, 0x00000000abf00000, 0x00000000ac000000|  0%| F|  |TAMS 0x00000000abf00000, 0x00000000abf00000| Untracked 
| 704|0x00000000ac000000, 0x00000000ac000000, 0x00000000ac100000|  0%| F|  |TAMS 0x00000000ac000000, 0x00000000ac000000| Untracked 
| 705|0x00000000ac100000, 0x00000000ac100000, 0x00000000ac200000|  0%| F|  |TAMS 0x00000000ac100000, 0x00000000ac100000| Untracked 
| 706|0x00000000ac200000, 0x00000000ac200000, 0x00000000ac300000|  0%| F|  |TAMS 0x00000000ac200000, 0x00000000ac200000| Untracked 
| 707|0x00000000ac300000, 0x00000000ac300000, 0x00000000ac400000|  0%| F|  |TAMS 0x00000000ac300000, 0x00000000ac300000| Untracked 
| 708|0x00000000ac400000, 0x00000000ac400000, 0x00000000ac500000|  0%| F|  |TAMS 0x00000000ac400000, 0x00000000ac400000| Untracked 
| 709|0x00000000ac500000, 0x00000000ac500000, 0x00000000ac600000|  0%| F|  |TAMS 0x00000000ac500000, 0x00000000ac500000| Untracked 
| 710|0x00000000ac600000, 0x00000000ac600000, 0x00000000ac700000|  0%| F|  |TAMS 0x00000000ac600000, 0x00000000ac600000| Untracked 
| 711|0x00000000ac700000, 0x00000000ac700000, 0x00000000ac800000|  0%| F|  |TAMS 0x00000000ac700000, 0x00000000ac700000| Untracked 
| 712|0x00000000ac800000, 0x00000000ac800000, 0x00000000ac900000|  0%| F|  |TAMS 0x00000000ac800000, 0x00000000ac800000| Untracked 
| 713|0x00000000ac900000, 0x00000000ac900000, 0x00000000aca00000|  0%| F|  |TAMS 0x00000000ac900000, 0x00000000ac900000| Untracked 
| 714|0x00000000aca00000, 0x00000000aca00000, 0x00000000acb00000|  0%| F|  |TAMS 0x00000000aca00000, 0x00000000aca00000| Untracked 
| 715|0x00000000acb00000, 0x00000000acb00000, 0x00000000acc00000|  0%| F|  |TAMS 0x00000000acb00000, 0x00000000acb00000| Untracked 
| 716|0x00000000acc00000, 0x00000000acc00000, 0x00000000acd00000|  0%| F|  |TAMS 0x00000000acc00000, 0x00000000acc00000| Untracked 
| 717|0x00000000acd00000, 0x00000000acd00000, 0x00000000ace00000|  0%| F|  |TAMS 0x00000000acd00000, 0x00000000acd00000| Untracked 
| 718|0x00000000ace00000, 0x00000000ace00000, 0x00000000acf00000|  0%| F|  |TAMS 0x00000000ace00000, 0x00000000ace00000| Untracked 
| 719|0x00000000acf00000, 0x00000000acf00000, 0x00000000ad000000|  0%| F|  |TAMS 0x00000000acf00000, 0x00000000acf00000| Untracked 
| 720|0x00000000ad000000, 0x00000000ad000000, 0x00000000ad100000|  0%| F|  |TAMS 0x00000000ad000000, 0x00000000ad000000| Untracked 
| 721|0x00000000ad100000, 0x00000000ad100000, 0x00000000ad200000|  0%| F|  |TAMS 0x00000000ad100000, 0x00000000ad100000| Untracked 
| 722|0x00000000ad200000, 0x00000000ad200000, 0x00000000ad300000|  0%| F|  |TAMS 0x00000000ad200000, 0x00000000ad200000| Untracked 
| 723|0x00000000ad300000, 0x00000000ad300000, 0x00000000ad400000|  0%| F|  |TAMS 0x00000000ad300000, 0x00000000ad300000| Untracked 
| 724|0x00000000ad400000, 0x00000000ad400000, 0x00000000ad500000|  0%| F|  |TAMS 0x00000000ad400000, 0x00000000ad400000| Untracked 
| 725|0x00000000ad500000, 0x00000000ad500000, 0x00000000ad600000|  0%| F|  |TAMS 0x00000000ad500000, 0x00000000ad500000| Untracked 
| 726|0x00000000ad600000, 0x00000000ad600000, 0x00000000ad700000|  0%| F|  |TAMS 0x00000000ad600000, 0x00000000ad600000| Untracked 
| 727|0x00000000ad700000, 0x00000000ad700000, 0x00000000ad800000|  0%| F|  |TAMS 0x00000000ad700000, 0x00000000ad700000| Untracked 
| 728|0x00000000ad800000, 0x00000000ad800000, 0x00000000ad900000|  0%| F|  |TAMS 0x00000000ad800000, 0x00000000ad800000| Untracked 
| 729|0x00000000ad900000, 0x00000000ad900000, 0x00000000ada00000|  0%| F|  |TAMS 0x00000000ad900000, 0x00000000ad900000| Untracked 
| 730|0x00000000ada00000, 0x00000000ada00000, 0x00000000adb00000|  0%| F|  |TAMS 0x00000000ada00000, 0x00000000ada00000| Untracked 
| 731|0x00000000adb00000, 0x00000000adc00000, 0x00000000adc00000|100%| O|  |TAMS 0x00000000adc00000, 0x00000000adc00000| Untracked 
| 732|0x00000000adc00000, 0x00000000adc00000, 0x00000000add00000|  0%| F|  |TAMS 0x00000000adc00000, 0x00000000adc00000| Untracked 
| 733|0x00000000add00000, 0x00000000add00000, 0x00000000ade00000|  0%| F|  |TAMS 0x00000000add00000, 0x00000000add00000| Untracked 
| 734|0x00000000ade00000, 0x00000000ade00000, 0x00000000adf00000|  0%| F|  |TAMS 0x00000000ade00000, 0x00000000ade00000| Untracked 
| 735|0x00000000adf00000, 0x00000000adf00000, 0x00000000ae000000|  0%| F|  |TAMS 0x00000000adf00000, 0x00000000adf00000| Untracked 
| 736|0x00000000ae000000, 0x00000000ae000000, 0x00000000ae100000|  0%| F|  |TAMS 0x00000000ae000000, 0x00000000ae000000| Untracked 
| 737|0x00000000ae100000, 0x00000000ae100000, 0x00000000ae200000|  0%| F|  |TAMS 0x00000000ae100000, 0x00000000ae100000| Untracked 
| 738|0x00000000ae200000, 0x00000000ae200000, 0x00000000ae300000|  0%| F|  |TAMS 0x00000000ae200000, 0x00000000ae200000| Untracked 
| 739|0x00000000ae300000, 0x00000000ae300000, 0x00000000ae400000|  0%| F|  |TAMS 0x00000000ae300000, 0x00000000ae300000| Untracked 
| 740|0x00000000ae400000, 0x00000000ae400000, 0x00000000ae500000|  0%| F|  |TAMS 0x00000000ae400000, 0x00000000ae400000| Untracked 
| 741|0x00000000ae500000, 0x00000000ae500000, 0x00000000ae600000|  0%| F|  |TAMS 0x00000000ae500000, 0x00000000ae500000| Untracked 
| 742|0x00000000ae600000, 0x00000000ae600000, 0x00000000ae700000|  0%| F|  |TAMS 0x00000000ae600000, 0x00000000ae600000| Untracked 
| 743|0x00000000ae700000, 0x00000000ae700000, 0x00000000ae800000|  0%| F|  |TAMS 0x00000000ae700000, 0x00000000ae700000| Untracked 
| 744|0x00000000ae800000, 0x00000000ae800000, 0x00000000ae900000|  0%| F|  |TAMS 0x00000000ae800000, 0x00000000ae800000| Untracked 
| 745|0x00000000ae900000, 0x00000000ae900000, 0x00000000aea00000|  0%| F|  |TAMS 0x00000000ae900000, 0x00000000ae900000| Untracked 
| 746|0x00000000aea00000, 0x00000000aea00000, 0x00000000aeb00000|  0%| F|  |TAMS 0x00000000aea00000, 0x00000000aea00000| Untracked 
| 747|0x00000000aeb00000, 0x00000000aeb00000, 0x00000000aec00000|  0%| F|  |TAMS 0x00000000aeb00000, 0x00000000aeb00000| Untracked 
| 748|0x00000000aec00000, 0x00000000aec00000, 0x00000000aed00000|  0%| F|  |TAMS 0x00000000aec00000, 0x00000000aec00000| Untracked 
| 749|0x00000000aed00000, 0x00000000aed00000, 0x00000000aee00000|  0%| F|  |TAMS 0x00000000aed00000, 0x00000000aed00000| Untracked 
| 750|0x00000000aee00000, 0x00000000aee00000, 0x00000000aef00000|  0%| F|  |TAMS 0x00000000aee00000, 0x00000000aee00000| Untracked 
| 751|0x00000000aef00000, 0x00000000aef00000, 0x00000000af000000|  0%| F|  |TAMS 0x00000000aef00000, 0x00000000aef00000| Untracked 
| 752|0x00000000af000000, 0x00000000af000000, 0x00000000af100000|  0%| F|  |TAMS 0x00000000af000000, 0x00000000af000000| Untracked 
| 753|0x00000000af100000, 0x00000000af100000, 0x00000000af200000|  0%| F|  |TAMS 0x00000000af100000, 0x00000000af100000| Untracked 
| 754|0x00000000af200000, 0x00000000af200000, 0x00000000af300000|  0%| F|  |TAMS 0x00000000af200000, 0x00000000af200000| Untracked 
| 755|0x00000000af300000, 0x00000000af300000, 0x00000000af400000|  0%| F|  |TAMS 0x00000000af300000, 0x00000000af300000| Untracked 
| 756|0x00000000af400000, 0x00000000af400000, 0x00000000af500000|  0%| F|  |TAMS 0x00000000af400000, 0x00000000af400000| Untracked 
| 757|0x00000000af500000, 0x00000000af500000, 0x00000000af600000|  0%| F|  |TAMS 0x00000000af500000, 0x00000000af500000| Untracked 
| 758|0x00000000af600000, 0x00000000af600000, 0x00000000af700000|  0%| F|  |TAMS 0x00000000af600000, 0x00000000af600000| Untracked 
| 759|0x00000000af700000, 0x00000000af700000, 0x00000000af800000|  0%| F|  |TAMS 0x00000000af700000, 0x00000000af700000| Untracked 
| 760|0x00000000af800000, 0x00000000af800000, 0x00000000af900000|  0%| F|  |TAMS 0x00000000af800000, 0x00000000af800000| Untracked 
| 761|0x00000000af900000, 0x00000000af900000, 0x00000000afa00000|  0%| F|  |TAMS 0x00000000af900000, 0x00000000af900000| Untracked 
| 762|0x00000000afa00000, 0x00000000afa00000, 0x00000000afb00000|  0%| F|  |TAMS 0x00000000afa00000, 0x00000000afa00000| Untracked 
| 763|0x00000000afb00000, 0x00000000afb00000, 0x00000000afc00000|  0%| F|  |TAMS 0x00000000afb00000, 0x00000000afb00000| Untracked 
| 764|0x00000000afc00000, 0x00000000afc00000, 0x00000000afd00000|  0%| F|  |TAMS 0x00000000afc00000, 0x00000000afc00000| Untracked 
| 765|0x00000000afd00000, 0x00000000afd00000, 0x00000000afe00000|  0%| F|  |TAMS 0x00000000afd00000, 0x00000000afd00000| Untracked 
| 766|0x00000000afe00000, 0x00000000afe00000, 0x00000000aff00000|  0%| F|  |TAMS 0x00000000afe00000, 0x00000000afe00000| Untracked 
| 767|0x00000000aff00000, 0x00000000aff00000, 0x00000000b0000000|  0%| F|  |TAMS 0x00000000aff00000, 0x00000000aff00000| Untracked 
| 768|0x00000000b0000000, 0x00000000b0000000, 0x00000000b0100000|  0%| F|  |TAMS 0x00000000b0000000, 0x00000000b0000000| Untracked 
| 769|0x00000000b0100000, 0x00000000b0100000, 0x00000000b0200000|  0%| F|  |TAMS 0x00000000b0100000, 0x00000000b0100000| Untracked 
| 770|0x00000000b0200000, 0x00000000b0200000, 0x00000000b0300000|  0%| F|  |TAMS 0x00000000b0200000, 0x00000000b0200000| Untracked 
| 771|0x00000000b0300000, 0x00000000b0300000, 0x00000000b0400000|  0%| F|  |TAMS 0x00000000b0300000, 0x00000000b0300000| Untracked 
| 772|0x00000000b0400000, 0x00000000b0400000, 0x00000000b0500000|  0%| F|  |TAMS 0x00000000b0400000, 0x00000000b0400000| Untracked 
| 773|0x00000000b0500000, 0x00000000b0500000, 0x00000000b0600000|  0%| F|  |TAMS 0x00000000b0500000, 0x00000000b0500000| Untracked 
| 774|0x00000000b0600000, 0x00000000b0600000, 0x00000000b0700000|  0%| F|  |TAMS 0x00000000b0600000, 0x00000000b0600000| Untracked 
| 775|0x00000000b0700000, 0x00000000b0700000, 0x00000000b0800000|  0%| F|  |TAMS 0x00000000b0700000, 0x00000000b0700000| Untracked 
| 776|0x00000000b0800000, 0x00000000b0800000, 0x00000000b0900000|  0%| F|  |TAMS 0x00000000b0800000, 0x00000000b0800000| Untracked 
| 777|0x00000000b0900000, 0x00000000b0900000, 0x00000000b0a00000|  0%| F|  |TAMS 0x00000000b0900000, 0x00000000b0900000| Untracked 
| 778|0x00000000b0a00000, 0x00000000b0a00000, 0x00000000b0b00000|  0%| F|  |TAMS 0x00000000b0a00000, 0x00000000b0a00000| Untracked 
| 779|0x00000000b0b00000, 0x00000000b0b00000, 0x00000000b0c00000|  0%| F|  |TAMS 0x00000000b0b00000, 0x00000000b0b00000| Untracked 
| 780|0x00000000b0c00000, 0x00000000b0c00000, 0x00000000b0d00000|  0%| F|  |TAMS 0x00000000b0c00000, 0x00000000b0c00000| Untracked 
| 781|0x00000000b0d00000, 0x00000000b0d00000, 0x00000000b0e00000|  0%| F|  |TAMS 0x00000000b0d00000, 0x00000000b0d00000| Untracked 
| 782|0x00000000b0e00000, 0x00000000b0e00000, 0x00000000b0f00000|  0%| F|  |TAMS 0x00000000b0e00000, 0x00000000b0e00000| Untracked 
| 783|0x00000000b0f00000, 0x00000000b0f00000, 0x00000000b1000000|  0%| F|  |TAMS 0x00000000b0f00000, 0x00000000b0f00000| Untracked 
| 784|0x00000000b1000000, 0x00000000b1000000, 0x00000000b1100000|  0%| F|  |TAMS 0x00000000b1000000, 0x00000000b1000000| Untracked 
| 785|0x00000000b1100000, 0x00000000b1100000, 0x00000000b1200000|  0%| F|  |TAMS 0x00000000b1100000, 0x00000000b1100000| Untracked 
| 786|0x00000000b1200000, 0x00000000b1200000, 0x00000000b1300000|  0%| F|  |TAMS 0x00000000b1200000, 0x00000000b1200000| Untracked 
| 787|0x00000000b1300000, 0x00000000b1300000, 0x00000000b1400000|  0%| F|  |TAMS 0x00000000b1300000, 0x00000000b1300000| Untracked 
| 788|0x00000000b1400000, 0x00000000b1400000, 0x00000000b1500000|  0%| F|  |TAMS 0x00000000b1400000, 0x00000000b1400000| Untracked 
| 789|0x00000000b1500000, 0x00000000b1500000, 0x00000000b1600000|  0%| F|  |TAMS 0x00000000b1500000, 0x00000000b1500000| Untracked 
| 790|0x00000000b1600000, 0x00000000b1600000, 0x00000000b1700000|  0%| F|  |TAMS 0x00000000b1600000, 0x00000000b1600000| Untracked 
| 791|0x00000000b1700000, 0x00000000b1700000, 0x00000000b1800000|  0%| F|  |TAMS 0x00000000b1700000, 0x00000000b1700000| Untracked 
| 792|0x00000000b1800000, 0x00000000b1800000, 0x00000000b1900000|  0%| F|  |TAMS 0x00000000b1800000, 0x00000000b1800000| Untracked 
| 793|0x00000000b1900000, 0x00000000b1900000, 0x00000000b1a00000|  0%| F|  |TAMS 0x00000000b1900000, 0x00000000b1900000| Untracked 
| 794|0x00000000b1a00000, 0x00000000b1a00000, 0x00000000b1b00000|  0%| F|  |TAMS 0x00000000b1a00000, 0x00000000b1a00000| Untracked 
| 795|0x00000000b1b00000, 0x00000000b1b00000, 0x00000000b1c00000|  0%| F|  |TAMS 0x00000000b1b00000, 0x00000000b1b00000| Untracked 
| 796|0x00000000b1c00000, 0x00000000b1c00000, 0x00000000b1d00000|  0%| F|  |TAMS 0x00000000b1c00000, 0x00000000b1c00000| Untracked 
| 797|0x00000000b1d00000, 0x00000000b1d00000, 0x00000000b1e00000|  0%| F|  |TAMS 0x00000000b1d00000, 0x00000000b1d00000| Untracked 
|2046|0x00000000ffe00000, 0x00000000ffe00000, 0x00000000fff00000|  0%| F|  |TAMS 0x00000000ffe00000, 0x00000000ffe00000| Untracked 
|2047|0x00000000fff00000, 0x0000000100000000, 0x0000000100000000|100%| O|  |TAMS 0x0000000100000000, 0x0000000100000000| Untracked 

Card table byte_map: [0x000001c3ed7e0000,0x000001c3edbe0000] _byte_map_base: 0x000001c3ed3e0000

Marking Bits (Prev, Next): (CMBitMap*) 0x000001c3d821c9d0, (CMBitMap*) 0x000001c3d821c990
 Prev Bits: [0x000001c3effe0000, 0x000001c3f1fe0000)
 Next Bits: [0x000001c3edfe0000, 0x000001c3effe0000)

Polling page: 0x000001c3d83f0000

Metaspace:

Usage:
  Non-class:    178.08 MB used.
      Class:     27.09 MB used.
       Both:    205.17 MB used.

Virtual space:
  Non-class space:      192.00 MB reserved,     179.50 MB ( 93%) committed,  3 nodes.
      Class space:        1.00 GB reserved,      28.38 MB (  3%) committed,  1 nodes.
             Both:        1.19 GB reserved,     207.88 MB ( 17%) committed. 

Chunk freelists:
   Non-Class:  12.25 MB
       Class:  3.51 MB
        Both:  15.76 MB

MaxMetaspaceSize: unlimited
CompressedClassSpaceSize: 1.00 GB
Initial GC threshold: 21.00 MB
Current GC threshold: 349.81 MB
CDS: off
MetaspaceReclaimPolicy: balanced
 - commit_granule_bytes: 65536.
 - commit_granule_words: 8192.
 - virtual_space_node_default_size: 8388608.
 - enlarge_chunks_in_place: 1.
 - new_chunks_are_fully_committed: 0.
 - uncommit_free_chunks: 1.
 - use_allocation_guard: 0.
 - handle_deallocations: 1.


Internal statistics:

num_allocs_failed_limit: 9.
num_arena_births: 6208.
num_arena_deaths: 630.
num_vsnodes_births: 4.
num_vsnodes_deaths: 0.
num_space_committed: 4847.
num_space_uncommitted: 1523.
num_chunks_returned_to_freelist: 4311.
num_chunks_taken_from_freelist: 19440.
num_chunk_merges: 1857.
num_chunk_splits: 12718.
num_chunks_enlarged: 8130.
num_inconsistent_stats: 0.

CodeHeap 'non-profiled nmethods': size=119168Kb used=43339Kb max_used=43339Kb free=75828Kb
 bounds [0x000001c3e54d0000, 0x000001c3e7f30000, 0x000001c3ec930000]
CodeHeap 'profiled nmethods': size=119104Kb used=69755Kb max_used=72991Kb free=49348Kb
 bounds [0x000001c3dd930000, 0x000001c3e20a0000, 0x000001c3e4d80000]
CodeHeap 'non-nmethods': size=7488Kb used=2515Kb max_used=4314Kb free=4973Kb
 bounds [0x000001c3e4d80000, 0x000001c3e51d0000, 0x000001c3e54d0000]
 total_blobs=37411 nmethods=36350 adapters=969
 compilation: enabled
              stopped_count=0, restarted_count=0
 full_count=0

Compilation events (20 events):
Event: 5041.693 Thread 0x000001c3f53caff0 58568       3       org.gradle.api.internal.file.AttributeBasedFileVisitDetails::getLastModified (13 bytes)
Event: 5041.693 Thread 0x000001c3f53caff0 nmethod 58568 0x000001c3e1982190 code [0x000001c3e1982340, 0x000001c3e1982538]
Event: 5041.693 Thread 0x000001c3f53caff0 58569       3       org.gradle.api.internal.tasks.compile.incremental.classpath.DefaultClassSetAnalyzer$DirectoryEntryVisitor::getHashCode (31 bytes)
Event: 5041.693 Thread 0x000001c3f53caff0 nmethod 58569 0x000001c3e1981a10 code [0x000001c3e1981be0, 0x000001c3e1982018]
Event: 5041.706 Thread 0x000001c3f53caff0 58571       3       org.gradle.api.internal.tasks.compile.incremental.compilerapi.constants.ConstantToDependentsMapping::getConstantDependentsForClass (17 bytes)
Event: 5041.706 Thread 0x000001c3f53caff0 nmethod 58571 0x000001c3e1981390 code [0x000001c3e1981540, 0x000001c3e19818c8]
Event: 5041.711 Thread 0x000001c3f53caff0 58572       3       java.nio.file.Files::move (31 bytes)
Event: 5041.711 Thread 0x000001c3f53caff0 nmethod 58572 0x000001c3e1980410 code [0x000001c3e1980680, 0x000001c3e1981038]
Event: 5041.787 Thread 0x000001c3f53caff0 58573       3       com.sun.tools.javac.util.BasicDiagnosticFormatter$BasicConfiguration::setIndentation (16 bytes)
Event: 5041.788 Thread 0x000001c3f53caff0 nmethod 58573 0x000001c3e197fc10 code [0x000001c3e197fde0, 0x000001c3e1980228]
Event: 5041.791 Thread 0x000001c3f53caff0 58574       3       java.security.PrivilegedActionException::getException (8 bytes)
Event: 5041.791 Thread 0x000001c3f53caff0 nmethod 58574 0x000001c3e197f610 code [0x000001c3e197f7c0, 0x000001c3e197fb38]
Event: 5041.793 Thread 0x000001c3f53caff0 58575       3       com.sun.tools.javac.comp.Operators$BinaryOperatorHelper::<init> (12 bytes)
Event: 5041.793 Thread 0x000001c3f53caff0 nmethod 58575 0x000001c3e197ec10 code [0x000001c3e197ee00, 0x000001c3e197f398]
Event: 5041.793 Thread 0x000001c3f53caff0 58576       3       com.sun.tools.javac.comp.Attr$MethodAttrInfo::<init> (13 bytes)
Event: 5041.793 Thread 0x000001c3f53caff0 nmethod 58576 0x000001c3e197e810 code [0x000001c3e197e9c0, 0x000001c3e197eb08]
Event: 5041.793 Thread 0x000001c3f53caff0 58578       3       sun.util.locale.LocaleObjectCache::cleanStaleEntries (34 bytes)
Event: 5041.793 Thread 0x000001c3f53caff0 nmethod 58578 0x000001c3e197de10 code [0x000001c3e197e000, 0x000001c3e197e5d8]
Event: 5041.793 Thread 0x000001c3f53caff0 58577       3       sun.util.locale.LocaleObjectCache::get (126 bytes)
Event: 5041.794 Thread 0x000001c3f53caff0 nmethod 58577 0x000001c3e197c310 code [0x000001c3e197c5e0, 0x000001c3e197d8c8]

GC Heap History (20 events):
Event: 4101.809 GC heap after
{Heap after GC invocations=156 (full 0):
 garbage-first heap   total 819200K, used 318464K [0x0000000080000000, 0x0000000100000000)
  region size 1024K, 7 young (7168K), 7 survivors (7168K)
 Metaspace       used 197090K, committed 199872K, reserved 1245184K
  class space    used 26238K, committed 27584K, reserved 1048576K
}
Event: 4104.937 GC heap before
{Heap before GC invocations=156 (full 0):
 garbage-first heap   total 819200K, used 533504K [0x0000000080000000, 0x0000000100000000)
  region size 1024K, 219 young (224256K), 7 survivors (7168K)
 Metaspace       used 197153K, committed 199936K, reserved 1245184K
  class space    used 26241K, committed 27584K, reserved 1048576K
}
Event: 4104.943 GC heap after
{Heap after GC invocations=157 (full 0):
 garbage-first heap   total 819200K, used 316465K [0x0000000080000000, 0x0000000100000000)
  region size 1024K, 7 young (7168K), 7 survivors (7168K)
 Metaspace       used 197153K, committed 199936K, reserved 1245184K
  class space    used 26241K, committed 27584K, reserved 1048576K
}
Event: 4106.057 GC heap before
{Heap before GC invocations=158 (full 0):
 garbage-first heap   total 819200K, used 542769K [0x0000000080000000, 0x0000000100000000)
  region size 1024K, 272 young (278528K), 7 survivors (7168K)
 Metaspace       used 203565K, committed 206336K, reserved 1245184K
  class space    used 26905K, committed 28224K, reserved 1048576K
}
Event: 4106.068 GC heap after
{Heap after GC invocations=159 (full 0):
 garbage-first heap   total 819200K, used 292062K [0x0000000080000000, 0x0000000100000000)
  region size 1024K, 28 young (28672K), 28 survivors (28672K)
 Metaspace       used 203565K, committed 206336K, reserved 1245184K
  class space    used 26905K, committed 28224K, reserved 1048576K
}
Event: 4106.162 GC heap before
{Heap before GC invocations=159 (full 0):
 garbage-first heap   total 819200K, used 304350K [0x0000000080000000, 0x0000000100000000)
  region size 1024K, 40 young (40960K), 28 survivors (28672K)
 Metaspace       used 204668K, committed 207424K, reserved 1245184K
  class space    used 27079K, committed 28416K, reserved 1048576K
}
Event: 4106.178 GC heap after
{Heap after GC invocations=160 (full 0):
 garbage-first heap   total 819200K, used 252781K [0x0000000080000000, 0x0000000100000000)
  region size 1024K, 3 young (3072K), 3 survivors (3072K)
 Metaspace       used 204668K, committed 207424K, reserved 1245184K
  class space    used 27079K, committed 28416K, reserved 1048576K
}
Event: 4107.362 GC heap before
{Heap before GC invocations=160 (full 0):
 garbage-first heap   total 819200K, used 469869K [0x0000000080000000, 0x0000000100000000)
  region size 1024K, 217 young (222208K), 3 survivors (3072K)
 Metaspace       used 212162K, committed 214912K, reserved 1245184K
  class space    used 28173K, committed 29504K, reserved 1048576K
}
Event: 4107.369 GC heap after
{Heap after GC invocations=161 (full 0):
 garbage-first heap   total 819200K, used 267926K [0x0000000080000000, 0x0000000100000000)
  region size 1024K, 18 young (18432K), 18 survivors (18432K)
 Metaspace       used 212162K, committed 214912K, reserved 1245184K
  class space    used 28173K, committed 29504K, reserved 1048576K
}
Event: 5036.450 GC heap before
{Heap before GC invocations=162 (full 0):
 garbage-first heap   total 819200K, used 688790K [0x0000000080000000, 0x0000000100000000)
  region size 1024K, 339 young (347136K), 18 survivors (18432K)
 Metaspace       used 212320K, committed 215168K, reserved 1245184K
  class space    used 28172K, committed 29504K, reserved 1048576K
}
Event: 5036.482 GC heap after
{Heap after GC invocations=163 (full 0):
 garbage-first heap   total 819200K, used 261835K [0x0000000080000000, 0x0000000100000000)
  region size 1024K, 12 young (12288K), 12 survivors (12288K)
 Metaspace       used 212320K, committed 215168K, reserved 1245184K
  class space    used 28172K, committed 29504K, reserved 1048576K
}
Event: 5036.581 GC heap before
{Heap before GC invocations=163 (full 0):
 garbage-first heap   total 819200K, used 289483K [0x0000000080000000, 0x0000000100000000)
  region size 1024K, 40 young (40960K), 12 survivors (12288K)
 Metaspace       used 212321K, committed 215168K, reserved 1245184K
  class space    used 28172K, committed 29504K, reserved 1048576K
}
Event: 5036.624 GC heap after
{Heap after GC invocations=164 (full 0):
 garbage-first heap   total 819200K, used 238378K [0x0000000080000000, 0x0000000100000000)
  region size 1024K, 5 young (5120K), 5 survivors (5120K)
 Metaspace       used 212321K, committed 215168K, reserved 1245184K
  class space    used 28172K, committed 29504K, reserved 1048576K
}
Event: 5038.392 GC heap before
{Heap before GC invocations=164 (full 0):
 garbage-first heap   total 819200K, used 426794K [0x0000000080000000, 0x0000000100000000)
  region size 1024K, 191 young (195584K), 5 survivors (5120K)
 Metaspace       used 212365K, committed 215168K, reserved 1245184K
  class space    used 28172K, committed 29504K, reserved 1048576K
}
Event: 5038.405 GC heap after
{Heap after GC invocations=165 (full 0):
 garbage-first heap   total 819200K, used 252693K [0x0000000080000000, 0x0000000100000000)
  region size 1024K, 19 young (19456K), 19 survivors (19456K)
 Metaspace       used 212365K, committed 215168K, reserved 1245184K
  class space    used 28172K, committed 29504K, reserved 1048576K
}
Event: 5039.924 GC heap before
{Heap before GC invocations=166 (full 0):
 garbage-first heap   total 819200K, used 623381K [0x0000000080000000, 0x0000000100000000)
  region size 1024K, 370 young (378880K), 19 survivors (19456K)
 Metaspace       used 210054K, committed 212864K, reserved 1245184K
  class space    used 27733K, committed 29056K, reserved 1048576K
}
Event: 5039.954 GC heap after
{Heap after GC invocations=167 (full 0):
 garbage-first heap   total 819200K, used 337043K [0x0000000080000000, 0x0000000100000000)
  region size 1024K, 47 young (48128K), 47 survivors (48128K)
 Metaspace       used 210054K, committed 212864K, reserved 1245184K
  class space    used 27733K, committed 29056K, reserved 1048576K
}
Event: 5039.956 GC heap before
{Heap before GC invocations=167 (full 0):
 garbage-first heap   total 819200K, used 338067K [0x0000000080000000, 0x0000000100000000)
  region size 1024K, 48 young (49152K), 47 survivors (48128K)
 Metaspace       used 210054K, committed 212864K, reserved 1245184K
  class space    used 27733K, committed 29056K, reserved 1048576K
}
Event: 5039.972 GC heap after
{Heap after GC invocations=168 (full 0):
 garbage-first heap   total 819200K, used 326632K [0x0000000080000000, 0x0000000100000000)
  region size 1024K, 4 young (4096K), 4 survivors (4096K)
 Metaspace       used 210054K, committed 212864K, reserved 1245184K
  class space    used 27733K, committed 29056K, reserved 1048576K
}
Event: 5041.799 GC heap before
{Heap before GC invocations=168 (full 0):
 garbage-first heap   total 819200K, used 455656K [0x0000000080000000, 0x0000000100000000)
  region size 1024K, 132 young (135168K), 4 survivors (4096K)
 Metaspace       used 210092K, committed 212864K, reserved 1245184K
  class space    used 27737K, committed 29056K, reserved 1048576K
}

Dll operation events (3 events):
Event: 0.004 Loaded shared library C:\Program Files\Android\Android Studio2\jbr\bin\java.dll
Event: 0.075 Loaded shared library C:\Program Files\Android\Android Studio2\jbr\bin\zip.dll
Event: 0.228 Loaded shared library C:\Program Files\Android\Android Studio2\jbr\bin\verify.dll

Deoptimization events (20 events):
Event: 5039.632 Thread 0x000001c388f60ca0 Uncommon trap: trap_request=0xffffff45 fr.pc=0x000001c3e79979ac relative=0x000000000000234c
Event: 5039.632 Thread 0x000001c388f60ca0 Uncommon trap: reason=unstable_if action=reinterpret pc=0x000001c3e79979ac method=kotlin.text.StringsKt__StringsKt.split$StringsKt__StringsKt(Ljava/lang/CharSequence;Ljava/lang/String;ZI)Ljava/util/List; @ 20 c2
Event: 5039.633 Thread 0x000001c388f60ca0 DEOPT PACKING pc=0x000001c3e79979ac sp=0x000000bdb8dfaf20
Event: 5039.633 Thread 0x000001c388f60ca0 DEOPT UNPACKING pc=0x000001c3e4dd69a3 sp=0x000000bdb8dfae30 mode 2
Event: 5039.637 Thread 0x000001c388f60ca0 Uncommon trap: trap_request=0xffffff5c fr.pc=0x000001c3e7d45078 relative=0x0000000000000538
Event: 5039.637 Thread 0x000001c388f60ca0 Uncommon trap: reason=speculate_null_check action=make_not_entrant pc=0x000001c3e7d45078 method=java.lang.StringConcatHelper.stringOf(Ljava/lang/Object;)Ljava/lang/String; @ 1 c2
Event: 5039.637 Thread 0x000001c388f60ca0 DEOPT PACKING pc=0x000001c3e7d45078 sp=0x000000bdb8dfb6a0
Event: 5039.637 Thread 0x000001c388f60ca0 DEOPT UNPACKING pc=0x000001c3e4dd69a3 sp=0x000000bdb8dfb448 mode 2
Event: 5039.842 Thread 0x000001c388f60ca0 DEOPT PACKING pc=0x000001c3ddfdf0c2 sp=0x000000bdb8dfc330
Event: 5039.842 Thread 0x000001c388f60ca0 DEOPT UNPACKING pc=0x000001c3e4dd7143 sp=0x000000bdb8dfb918 mode 0
Event: 5039.863 Thread 0x000001c388f60ca0 Uncommon trap: trap_request=0xffffff45 fr.pc=0x000001c3e7dc8d54 relative=0x0000000000003cf4
Event: 5039.863 Thread 0x000001c388f60ca0 Uncommon trap: reason=unstable_if action=reinterpret pc=0x000001c3e7dc8d54 method=android.databinding.tool.reflection.SdkUtil$ApiChecker.buildFullLookup()V @ 49 c2
Event: 5039.863 Thread 0x000001c388f60ca0 DEOPT PACKING pc=0x000001c3e7dc8d54 sp=0x000000bdb8dfc450
Event: 5039.863 Thread 0x000001c388f60ca0 DEOPT UNPACKING pc=0x000001c3e4dd69a3 sp=0x000000bdb8dfc418 mode 2
Event: 5040.020 Thread 0x000001c388f60ca0 DEOPT PACKING pc=0x000001c3e0c5f38c sp=0x000000bdb8dfc140
Event: 5040.020 Thread 0x000001c388f60ca0 DEOPT UNPACKING pc=0x000001c3e4dd7143 sp=0x000000bdb8dfb4e8 mode 0
Event: 5040.020 Thread 0x000001c388f60ca0 DEOPT PACKING pc=0x000001c3e0a79414 sp=0x000000bdb8dfc0e0
Event: 5040.020 Thread 0x000001c388f60ca0 DEOPT UNPACKING pc=0x000001c3e4dd7143 sp=0x000000bdb8dfb5b0 mode 0
Event: 5041.693 Thread 0x000001c38e135840 DEOPT PACKING pc=0x000001c3de272396 sp=0x000000bdc20fd350
Event: 5041.693 Thread 0x000001c38e135840 DEOPT UNPACKING pc=0x000001c3e4dd7143 sp=0x000000bdc20fca60 mode 0

Classes unloaded (20 events):
Event: 5038.483 Thread 0x000001c3f4d83210 Unloading class 0x00000001014c8db0 'kotlin/Function'
Event: 5038.483 Thread 0x000001c3f4d83210 Unloading class 0x00000001014c8b30 'kotlin/UninitializedPropertyAccessException'
Event: 5038.483 Thread 0x000001c3f4d83210 Unloading class 0x00000001014c88a8 'kotlin/KotlinNullPointerException'
Event: 5038.483 Thread 0x000001c3f4d83210 Unloading class 0x00000001014c8680 'kotlin/jvm/internal/Intrinsics'
Event: 5038.483 Thread 0x000001c3f4d83210 Unloading class 0x00000001014c8458 'dagger/spi/internal/shaded/androidx/room/compiler/processing/XProcessingEnvConfig$Companion'
Event: 5038.483 Thread 0x000001c3f4d83210 Unloading class 0x00000001014c8230 'dagger/spi/internal/shaded/androidx/room/compiler/processing/XProcessingEnvConfig'
Event: 5038.483 Thread 0x000001c3f4d83210 Unloading class 0x00000001014c8000 'dagger/spi/internal/shaded/androidx/room/compiler/processing/XProcessingEnvConfig$Builder'
Event: 5038.483 Thread 0x000001c3f4d83210 Unloading class 0x00000001014c7bf0 'dagger/hilt/processor/internal/HiltProcessingEnvConfigs'
Event: 5038.483 Thread 0x000001c3f4d83210 Unloading class 0x00000001014c7948 'dagger/hilt/processor/internal/uninstallmodules/UninstallModulesProcessingStep'
Event: 5038.483 Thread 0x000001c3f4d83210 Unloading class 0x00000001014c76a0 'dagger/hilt/processor/internal/BaseProcessingStep'
Event: 5038.483 Thread 0x000001c3f4d83210 Unloading class 0x00000001014c7480 'dagger/spi/internal/shaded/androidx/room/compiler/processing/XProcessingStep'
Event: 5038.483 Thread 0x000001c3f4d83210 Unloading class 0x00000001014c7170 'dagger/hilt/processor/internal/uninstallmodules/UninstallModulesProcessor'
Event: 5038.483 Thread 0x000001c3f4d83210 Unloading class 0x00000001014c6e60 'dagger/hilt/processor/internal/JavacBaseProcessingStepProcessor'
Event: 5038.483 Thread 0x000001c3f4d83210 Unloading class 0x00000001014c6b60 'dagger/spi/internal/shaded/androidx/room/compiler/processing/javac/JavacBasicAnnotationProcessor'
Event: 5038.483 Thread 0x000001c3f4d83210 Unloading class 0x00000001014c6940 'dagger/spi/internal/shaded/androidx/room/compiler/processing/XBasicAnnotationProcessor'
Event: 5038.483 Thread 0x000001c3f4d83210 Unloading class 0x00000001014c66a8 'javax/xml/bind/JAXBException'
Event: 5038.483 Thread 0x000001c3f4d83210 Unloading class 0x00000001014c6460 'android/databinding/tool/writer/AnnotationJavaFileWriter'
Event: 5038.483 Thread 0x000001c3f4d83210 Unloading class 0x00000001014c6220 'android/databinding/tool/writer/JavaFileWriter'
Event: 5038.483 Thread 0x000001c3f4d83210 Unloading class 0x00000001014c6000 'android/databinding/annotationprocessor/ProcessDataBinding$Callback'
Event: 5038.483 Thread 0x000001c3f4d83210 Unloading class 0x00000001014c5c00 'android/databinding/annotationprocessor/ProcessDataBinding'

Classes redefined (0 events):
No events

Internal exceptions (20 events):
Event: 5039.662 Thread 0x000001c388f60ca0 Exception <a 'sun/nio/fs/WindowsException'{0x00000000a072bb88}> (0x00000000a072bb88) 
thrown [s\src\hotspot\share\prims\jni.cpp, line 517]
Event: 5039.662 Thread 0x000001c388f60ca0 Exception <a 'sun/nio/fs/WindowsException'{0x00000000a072c600}> (0x00000000a072c600) 
thrown [s\src\hotspot\share\prims\jni.cpp, line 517]
Event: 5039.674 Thread 0x000001c388f60ca0 Exception <a 'sun/nio/fs/WindowsException'{0x00000000a04090a0}> (0x00000000a04090a0) 
thrown [s\src\hotspot\share\prims\jni.cpp, line 517]
Event: 5039.674 Thread 0x000001c388f60ca0 Exception <a 'sun/nio/fs/WindowsException'{0x00000000a0409b40}> (0x00000000a0409b40) 
thrown [s\src\hotspot\share\prims\jni.cpp, line 517]
Event: 5039.676 Thread 0x000001c388f60ca0 Exception <a 'sun/nio/fs/WindowsException'{0x00000000a0436150}> (0x00000000a0436150) 
thrown [s\src\hotspot\share\prims\jni.cpp, line 517]
Event: 5039.676 Thread 0x000001c388f60ca0 Exception <a 'sun/nio/fs/WindowsException'{0x00000000a0436be8}> (0x00000000a0436be8) 
thrown [s\src\hotspot\share\prims\jni.cpp, line 517]
Event: 5039.748 Thread 0x000001c388f60ca0 Exception <a 'java/lang/IncompatibleClassChangeError'{0x000000009fabe0c8}: Found class java.lang.Object, but interface was expected> (0x000000009fabe0c8) 
thrown [s\src\hotspot\share\interpreter\linkResolver.cpp, line 838]
Event: 5039.765 Thread 0x000001c388f60ca0 Exception <a 'sun/nio/fs/WindowsException'{0x000000009f5a3500}> (0x000000009f5a3500) 
thrown [s\src\hotspot\share\prims\jni.cpp, line 517]
Event: 5039.765 Thread 0x000001c388f60ca0 Exception <a 'sun/nio/fs/WindowsException'{0x000000009f5a3700}> (0x000000009f5a3700) 
thrown [s\src\hotspot\share\prims\jni.cpp, line 517]
Event: 5039.765 Thread 0x000001c388f60ca0 Exception <a 'sun/nio/fs/WindowsException'{0x000000009f5a5000}> (0x000000009f5a5000) 
thrown [s\src\hotspot\share\prims\jni.cpp, line 517]
Event: 5039.765 Thread 0x000001c388f60ca0 Exception <a 'sun/nio/fs/WindowsException'{0x000000009f5a5270}> (0x000000009f5a5270) 
thrown [s\src\hotspot\share\prims\jni.cpp, line 517]
Event: 5039.765 Thread 0x000001c388f60ca0 Exception <a 'sun/nio/fs/WindowsException'{0x000000009f5a6b00}> (0x000000009f5a6b00) 
thrown [s\src\hotspot\share\prims\jni.cpp, line 517]
Event: 5039.765 Thread 0x000001c388f60ca0 Exception <a 'sun/nio/fs/WindowsException'{0x000000009f5a6d00}> (0x000000009f5a6d00) 
thrown [s\src\hotspot\share\prims\jni.cpp, line 517]
Event: 5040.288 Thread 0x000001c3febe3320 Exception <a 'java/lang/InterruptedException'{0x00000000abb93c38}> (0x00000000abb93c38) 
thrown [s\src\hotspot\share\runtime\objectMonitor.cpp, line 1658]
Event: 5041.710 Thread 0x000001c38ed5d2b0 Exception <a 'sun/nio/fs/WindowsException'{0x00000000aa3109a8}> (0x00000000aa3109a8) 
thrown [s\src\hotspot\share\prims\jni.cpp, line 517]
Event: 5041.711 Thread 0x000001c38ed5d2b0 Exception <a 'sun/nio/fs/WindowsException'{0x00000000aa3119b8}> (0x00000000aa3119b8) 
thrown [s\src\hotspot\share\prims\jni.cpp, line 517]
Event: 5041.712 Thread 0x000001c38ed5d2b0 Exception <a 'sun/nio/fs/WindowsException'{0x00000000aa312a20}> (0x00000000aa312a20) 
thrown [s\src\hotspot\share\prims\jni.cpp, line 517]
Event: 5041.712 Thread 0x000001c38ed5d2b0 Exception <a 'sun/nio/fs/WindowsException'{0x00000000aa313918}> (0x00000000aa313918) 
thrown [s\src\hotspot\share\prims\jni.cpp, line 517]
Event: 5041.798 Thread 0x000001c38ed5d2b0 Exception <a 'sun/nio/fs/WindowsException'{0x00000000a9a49c68}> (0x00000000a9a49c68) 
thrown [s\src\hotspot\share\prims\jni.cpp, line 517]
Event: 5041.798 Thread 0x000001c38ed5d2b0 Exception <a 'sun/nio/fs/WindowsException'{0x00000000a9a49de8}> (0x00000000a9a49de8) 
thrown [s\src\hotspot\share\prims\jni.cpp, line 517]

VM Operations (20 events):
Event: 5038.586 Executing VM operation: HandshakeAllThreads done
Event: 5038.605 Executing VM operation: G1PauseCleanup
Event: 5038.606 Executing VM operation: G1PauseCleanup done
Event: 5038.634 Executing VM operation: HandshakeAllThreads
Event: 5038.634 Executing VM operation: HandshakeAllThreads done
Event: 5039.453 Executing VM operation: HandshakeAllThreads
Event: 5039.453 Executing VM operation: HandshakeAllThreads done
Event: 5039.560 Executing VM operation: ICBufferFull
Event: 5039.561 Executing VM operation: ICBufferFull done
Event: 5039.697 Executing VM operation: HandshakeAllThreads
Event: 5039.697 Executing VM operation: HandshakeAllThreads done
Event: 5039.700 Executing VM operation: HandshakeAllThreads
Event: 5039.700 Executing VM operation: HandshakeAllThreads done
Event: 5039.726 Executing VM operation: HandshakeAllThreads
Event: 5039.727 Executing VM operation: HandshakeAllThreads done
Event: 5039.924 Executing VM operation: G1CollectForAllocation
Event: 5039.955 Executing VM operation: G1CollectForAllocation done
Event: 5039.956 Executing VM operation: G1CollectForAllocation
Event: 5039.972 Executing VM operation: G1CollectForAllocation done
Event: 5041.799 Executing VM operation: G1TryInitiateConcMark

Events (20 events):
Event: 5041.669 Thread 0x000001c3fa8c2970 Thread added: 0x000001c3fa8c2970
Event: 5041.676 Thread 0x000001c3fa8c38a0 Thread added: 0x000001c3fa8c38a0
Event: 5041.676 Thread 0x000001c3febe3830 Thread added: 0x000001c3febe3830
Event: 5041.676 Thread 0x000001c38a005a80 Thread added: 0x000001c38a005a80
Event: 5041.676 Thread 0x000001c38e136c80 Thread added: 0x000001c38e136c80
Event: 5041.676 Thread 0x000001c38e135330 Thread added: 0x000001c38e135330
Event: 5041.676 Thread 0x000001c38e135840 Thread added: 0x000001c38e135840
Event: 5041.676 Thread 0x000001c38e136770 Thread added: 0x000001c38e136770
Event: 5041.676 Thread 0x000001c38e135d50 Thread added: 0x000001c38e135d50
Event: 5041.676 Thread 0x000001c38e136260 Thread added: 0x000001c38e136260
Event: 5041.676 Thread 0x000001c38aa648a0 Thread added: 0x000001c38aa648a0
Event: 5041.676 Thread 0x000001c38aa62f50 Thread added: 0x000001c38aa62f50
Event: 5041.676 Thread 0x000001c38aa63460 Thread added: 0x000001c38aa63460
Event: 5041.677 Thread 0x000001c38aa63970 Thread added: 0x000001c38aa63970
Event: 5041.677 Thread 0x000001c38aa63e80 Thread added: 0x000001c38aa63e80
Event: 5041.677 Thread 0x000001c38aa64390 Thread added: 0x000001c38aa64390
Event: 5041.677 Thread 0x000001c3fc364590 Thread added: 0x000001c3fc364590
Event: 5041.677 Thread 0x000001c3fc364aa0 Thread added: 0x000001c3fc364aa0
Event: 5041.677 Thread 0x000001c3fc364fb0 Thread added: 0x000001c3fc364fb0
Event: 5041.677 Thread 0x000001c3fc3654c0 Thread added: 0x000001c3fc3654c0


Dynamic libraries:
0x00007ff7ca950000 - 0x00007ff7ca95a000 	C:\Program Files\Android\Android Studio2\jbr\bin\java.exe
0x00007ffa77f70000 - 0x00007ffa78187000 	C:\WINDOWS\SYSTEM32\ntdll.dll
0x00007ffa76640000 - 0x00007ffa76704000 	C:\WINDOWS\System32\KERNEL32.DLL
0x00007ffa752b0000 - 0x00007ffa75667000 	C:\WINDOWS\System32\KERNELBASE.dll
0x00007ffa75b80000 - 0x00007ffa75c91000 	C:\WINDOWS\System32\ucrtbase.dll
0x00007ffa60e30000 - 0x00007ffa60e47000 	C:\Program Files\Android\Android Studio2\jbr\bin\jli.dll
0x00007ffa25ff0000 - 0x00007ffa2600b000 	C:\Program Files\Android\Android Studio2\jbr\bin\VCRUNTIME140.dll
0x00007ffa76290000 - 0x00007ffa7643f000 	C:\WINDOWS\System32\USER32.dll
0x00007ffa75a60000 - 0x00007ffa75a86000 	C:\WINDOWS\System32\win32u.dll
0x00007ffa61aa0000 - 0x00007ffa61d33000 	C:\WINDOWS\WinSxS\amd64_microsoft.windows.common-controls_6595b64144ccf1df_6.0.22621.3672_none_2713b9d173822955\COMCTL32.dll
0x00007ffa77a60000 - 0x00007ffa77a89000 	C:\WINDOWS\System32\GDI32.dll
0x00007ffa76870000 - 0x00007ffa76917000 	C:\WINDOWS\System32\msvcrt.dll
0x00007ffa75670000 - 0x00007ffa75788000 	C:\WINDOWS\System32\gdi32full.dll
0x00007ffa75790000 - 0x00007ffa7582a000 	C:\WINDOWS\System32\msvcp_win.dll
0x00007ffa76ad0000 - 0x00007ffa76b01000 	C:\WINDOWS\System32\IMM32.DLL
0x00007ffa57890000 - 0x00007ffa5789c000 	C:\Program Files\Android\Android Studio2\jbr\bin\vcruntime140_1.dll
0x00007ffa22aa0000 - 0x00007ffa22b2d000 	C:\Program Files\Android\Android Studio2\jbr\bin\msvcp140.dll
0x00007ffa1f180000 - 0x00007ffa1fe03000 	C:\Program Files\Android\Android Studio2\jbr\bin\server\jvm.dll
0x00007ffa77020000 - 0x00007ffa770d2000 	C:\WINDOWS\System32\ADVAPI32.dll
0x00007ffa77140000 - 0x00007ffa771e8000 	C:\WINDOWS\System32\sechost.dll
0x00007ffa75280000 - 0x00007ffa752a8000 	C:\WINDOWS\System32\bcrypt.dll
0x00007ffa75d50000 - 0x00007ffa75e64000 	C:\WINDOWS\System32\RPCRT4.dll
0x00007ffa6c480000 - 0x00007ffa6c489000 	C:\WINDOWS\SYSTEM32\WSOCK32.dll
0x00007ffa77e90000 - 0x00007ffa77f01000 	C:\WINDOWS\System32\WS2_32.dll
0x00007ffa740f0000 - 0x00007ffa7413d000 	C:\WINDOWS\SYSTEM32\POWRPROF.dll
0x00007ffa6b8b0000 - 0x00007ffa6b8ba000 	C:\WINDOWS\SYSTEM32\VERSION.dll
0x00007ffa6eda0000 - 0x00007ffa6edd4000 	C:\WINDOWS\SYSTEM32\WINMM.dll
0x00007ffa740d0000 - 0x00007ffa740e3000 	C:\WINDOWS\SYSTEM32\UMPDC.dll
0x00007ffa74320000 - 0x00007ffa74338000 	C:\WINDOWS\SYSTEM32\kernel.appcore.dll
0x00007ffa71ca0000 - 0x00007ffa71caa000 	C:\Program Files\Android\Android Studio2\jbr\bin\jimage.dll
0x00007ffa72aa0000 - 0x00007ffa72cd2000 	C:\WINDOWS\SYSTEM32\DBGHELP.DLL
0x00007ffa75ef0000 - 0x00007ffa7627e000 	C:\WINDOWS\System32\combase.dll
0x00007ffa76460000 - 0x00007ffa76537000 	C:\WINDOWS\System32\OLEAUT32.dll
0x00007ffa65ec0000 - 0x00007ffa65ef2000 	C:\WINDOWS\SYSTEM32\dbgcore.DLL
0x00007ffa75a90000 - 0x00007ffa75b0b000 	C:\WINDOWS\System32\bcryptPrimitives.dll
0x00007ffa68950000 - 0x00007ffa6895e000 	C:\Program Files\Android\Android Studio2\jbr\bin\instrument.dll
0x00007ffa6c150000 - 0x00007ffa6c175000 	C:\Program Files\Android\Android Studio2\jbr\bin\java.dll
0x00007ffa6fcf0000 - 0x00007ffa6fd08000 	C:\Program Files\Android\Android Studio2\jbr\bin\zip.dll
0x00007ffa771f0000 - 0x00007ffa77a59000 	C:\WINDOWS\System32\SHELL32.dll
0x00007ffa731b0000 - 0x00007ffa73aaf000 	C:\WINDOWS\SYSTEM32\windows.storage.dll
0x00007ffa73070000 - 0x00007ffa731af000 	C:\WINDOWS\SYSTEM32\wintypes.dll
0x00007ffa76540000 - 0x00007ffa76639000 	C:\WINDOWS\System32\SHCORE.dll
0x00007ffa77e30000 - 0x00007ffa77e8e000 	C:\WINDOWS\System32\shlwapi.dll
0x00007ffa751b0000 - 0x00007ffa751d7000 	C:\WINDOWS\SYSTEM32\profapi.dll
0x00007ffa6c490000 - 0x00007ffa6c4a9000 	C:\Program Files\Android\Android Studio2\jbr\bin\net.dll
0x00007ffa70cb0000 - 0x00007ffa70de6000 	C:\WINDOWS\SYSTEM32\WINHTTP.dll
0x00007ffa747e0000 - 0x00007ffa74849000 	C:\WINDOWS\system32\mswsock.dll
0x00007ffa68960000 - 0x00007ffa68976000 	C:\Program Files\Android\Android Studio2\jbr\bin\nio.dll
0x00007ffa6f1c0000 - 0x00007ffa6f1d0000 	C:\Program Files\Android\Android Studio2\jbr\bin\verify.dll
0x00007ffa239a0000 - 0x00007ffa239c7000 	C:\Users\Hashem Arenat\.gradle\native\c067742578af261105cb4f569cf0c3c89f3d7b1fecec35dd04571415982c5e48\windows-amd64\native-platform.dll
0x00007ffa14950000 - 0x00007ffa14a94000 	C:\Users\Hashem Arenat\.gradle\native\38dada09dfb8b06ba9b0570ebf7e218e3eb74d4ef43ca46872605cf95ebc2f47\windows-amd64\native-platform-file-events.dll
0x00007ffa6fbc0000 - 0x00007ffa6fbc9000 	C:\Program Files\Android\Android Studio2\jbr\bin\management.dll
0x00007ffa6f8d0000 - 0x00007ffa6f8db000 	C:\Program Files\Android\Android Studio2\jbr\bin\management_ext.dll
0x00007ffa76280000 - 0x00007ffa76288000 	C:\WINDOWS\System32\PSAPI.DLL
0x00007ffa74b30000 - 0x00007ffa74b4b000 	C:\WINDOWS\SYSTEM32\CRYPTSP.dll
0x00007ffa742e0000 - 0x00007ffa74315000 	C:\WINDOWS\system32\rsaenh.dll
0x00007ffa74880000 - 0x00007ffa748a8000 	C:\WINDOWS\SYSTEM32\USERENV.dll
0x00007ffa74b10000 - 0x00007ffa74b1c000 	C:\WINDOWS\SYSTEM32\CRYPTBASE.dll
0x00007ffa73d80000 - 0x00007ffa73dad000 	C:\WINDOWS\SYSTEM32\IPHLPAPI.DLL
0x00007ffa76440000 - 0x00007ffa76449000 	C:\WINDOWS\System32\NSI.dll
0x00007ffa70890000 - 0x00007ffa708a9000 	C:\WINDOWS\SYSTEM32\dhcpcsvc6.DLL
0x00007ffa70870000 - 0x00007ffa7088f000 	C:\WINDOWS\SYSTEM32\dhcpcsvc.DLL
0x00007ffa73df0000 - 0x00007ffa73ef2000 	C:\WINDOWS\SYSTEM32\DNSAPI.dll
0x00007ffa6fea0000 - 0x00007ffa6fea9000 	C:\Program Files\Android\Android Studio2\jbr\bin\extnet.dll
0x00007ffa65ff0000 - 0x00007ffa65ff8000 	C:\WINDOWS\system32\wshunix.dll
0x00007ffa1fe10000 - 0x00007ffa1fe27000 	C:\WINDOWS\system32\napinsp.dll
0x00007ffa1fe50000 - 0x00007ffa1fe6b000 	C:\WINDOWS\system32\pnrpnsp.dll
0x00007ffa1fe30000 - 0x00007ffa1fe41000 	C:\WINDOWS\System32\winrnr.dll
0x00007ffa6ec50000 - 0x00007ffa6ec65000 	C:\WINDOWS\system32\wshbth.dll
0x00007ffa1fe70000 - 0x00007ffa1fe97000 	C:\WINDOWS\system32\nlansp_c.dll
0x00007ffa700c0000 - 0x00007ffa700ca000 	C:\Windows\System32\rasadhlp.dll
0x00007ffa6f770000 - 0x00007ffa6f7f3000 	C:\WINDOWS\System32\fwpuclnt.dll
0x00007ffa70060000 - 0x00007ffa7007e000 	C:\Users\Hashem Arenat\AppData\Local\Temp\native-platform1721136099793170163dir\native-platform.dll
0x00007ffa6fda0000 - 0x00007ffa6fda7000 	C:\Program Files\Android\Android Studio2\jbr\bin\rmi.dll
0x00007ffa74490000 - 0x00007ffa744c4000 	C:\WINDOWS\SYSTEM32\ntmarta.dll

dbghelp: loaded successfully - version: 4.0.5 - missing functions: none
symbol engine: initialized successfully - sym options: 0x614 - pdb path: .;C:\Program Files\Android\Android Studio2\jbr\bin;C:\WINDOWS\SYSTEM32;C:\WINDOWS\WinSxS\amd64_microsoft.windows.common-controls_6595b64144ccf1df_6.0.22621.3672_none_2713b9d173822955;C:\Program Files\Android\Android Studio2\jbr\bin\server;C:\Users\Hashem Arenat\.gradle\native\c067742578af261105cb4f569cf0c3c89f3d7b1fecec35dd04571415982c5e48\windows-amd64;C:\Users\Hashem Arenat\.gradle\native\38dada09dfb8b06ba9b0570ebf7e218e3eb74d4ef43ca46872605cf95ebc2f47\windows-amd64;C:\Users\Hashem Arenat\AppData\Local\Temp\native-platform1721136099793170163dir

VM Arguments:
jvm_args: --add-opens=java.base/java.util=ALL-UNNAMED --add-opens=java.base/java.lang=ALL-UNNAMED --add-opens=java.base/java.lang.invoke=ALL-UNNAMED --add-opens=java.prefs/java.util.prefs=ALL-UNNAMED --add-opens=java.base/java.nio.charset=ALL-UNNAMED --add-opens=java.base/java.net=ALL-UNNAMED --add-opens=java.base/java.util.concurrent.atomic=ALL-UNNAMED -Xmx2048M -Dfile.encoding=UTF-8 -Duser.country=US -Duser.language=en -Duser.variant -javaagent:C:\Users\Hashem Arenat\.gradle\wrapper\dists\gradle-8.7-bin\bhs2wmbdwecv87pi65oeuq5iu\gradle-8.7\lib\agents\gradle-instrumentation-agent-8.7.jar 
java_command: org.gradle.launcher.daemon.bootstrap.GradleDaemon 8.7
java_class_path (initial): C:\Users\Hashem Arenat\.gradle\wrapper\dists\gradle-8.7-bin\bhs2wmbdwecv87pi65oeuq5iu\gradle-8.7\lib\gradle-launcher-8.7.jar
Launcher Type: SUN_STANDARD

[Global flags]
     intx CICompilerCount                          = 12                                        {product} {ergonomic}
     uint ConcGCThreads                            = 4                                         {product} {ergonomic}
     uint G1ConcRefinementThreads                  = 15                                        {product} {ergonomic}
   size_t G1HeapRegionSize                         = 1048576                                   {product} {ergonomic}
    uintx GCDrainStackTargetSize                   = 64                                        {product} {ergonomic}
   size_t InitialHeapSize                          = 264241152                                 {product} {ergonomic}
   size_t MarkStackSize                            = 4194304                                   {product} {ergonomic}
   size_t MaxHeapSize                              = 2147483648                                {product} {command line}
   size_t MaxNewSize                               = 1287651328                                {product} {ergonomic}
   size_t MinHeapDeltaBytes                        = 1048576                                   {product} {ergonomic}
   size_t MinHeapSize                              = 8388608                                   {product} {ergonomic}
    uintx NonNMethodCodeHeapSize                   = 7602480                                {pd product} {ergonomic}
    uintx NonProfiledCodeHeapSize                  = 122027880                              {pd product} {ergonomic}
    uintx ProfiledCodeHeapSize                     = 122027880                              {pd product} {ergonomic}
    uintx ReservedCodeCacheSize                    = 251658240                              {pd product} {ergonomic}
     bool SegmentedCodeCache                       = true                                      {product} {ergonomic}
   size_t SoftMaxHeapSize                          = 2147483648                             {manageable} {ergonomic}
     bool UseCompressedClassPointers               = true                           {product lp64_product} {ergonomic}
     bool UseCompressedOops                        = true                           {product lp64_product} {ergonomic}
     bool UseG1GC                                  = true                                      {product} {ergonomic}
     bool UseLargePagesIndividualAllocation        = false                                  {pd product} {ergonomic}

Logging:
Log output configuration:
 #0: stdout all=warning uptime,level,tags
 #1: stderr all=off uptime,level,tags

Environment Variables:
JAVA_HOME=C:\Program Files\Java\jdk-21
PATH=D:\DevSuiteHome_1\jdk\jre\bin\classic;D:\DevSuiteHome_1\jdk\jre\bin;D:\DevSuiteHome_1\jdk\jre\bin\client;D:\DevSuiteHome_1\jlib;D:\DevSuiteHome_1\bin;D:\DevSuiteHome_1\jre\1.4.2\bin\client;D:\DevSuiteHome_1\jre\1.4.2\bin;C:\Program Files\Common Files\Oracle\Java\javapath;C:\WINDOWS\system32;C:\WINDOWS;C:\WINDOWS\System32\Wbem;C:\WINDOWS\System32\WindowsPowerShell\v1.0\;C:\WINDOWS\System32\OpenSSH\;C:\MinGW\bin;C:\Program Files\Java\jdk-21\bin;C:\Program Files\nodejs;C:\Program Files\nodejs\node_modules\npm\bin;C:\Program Files\Git\cmd;C:\Program Files\dotnet\;C:\Users\Hashem Arenat\AppData\Local\Microsoft\WindowsApps;C:\AppServ\Apache24\bin;C:\AppServ\php7;C:\AppServ\MySQL\bin;C:\Program Files\Java\jdk-21\bin;C:\scrcpy-win64-v2.2;C:\dart-sdk\bin;C:\Users\Hashem Arenat\AppData\Local\Programs\Microsoft VS Code\bin;C:\flutter\bin;C:\Users\Hashem Arenat\Desktop\cmder\bin;C:\Users\Hashem Arenat\AppData\Roaming\npm;;C:\Program Files\JetBrains\IntelliJ IDEA Community Edition 2024.1.2\bin;;C:\Program Files\JetBrains\IntelliJ IDEA 2024.1.2\bin;
USERNAME=Hashem 1
OS=Windows_NT
PROCESSOR_IDENTIFIER=Intel64 Family 6 Model 154 Stepping 3, GenuineIntel
TMP=C:\Users\HASHEM~1\AppData\Local\Temp
TEMP=C:\Users\HASHEM~1\AppData\Local\Temp



Periodic native trim disabled

JNI global refs:
JNI global refs: 37, weak refs: 3

JNI global refs memory usage: 843, weak refs: 905

OOME stack traces (most recent first):
Classloader memory used:
Loader org.gradle.internal.classloader.VisitableURLClassLoader$InstrumentingVisitableURLClassLoader: 8730K
Loader org.gradle.internal.classloader.VisitableURLClassLoader                         : 5845K
Loader java.net.URLClassLoader                                                         : 4041K
Loader bootstrap                                                                       : 3726K
Loader org.gradle.initialization.MixInLegacyTypesClassLoader                           : 1613K
Loader jdk.internal.loader.ClassLoaders$AppClassLoader                                 : 1342K
Loader jdk.internal.reflect.DelegatingClassLoader                                      : 794K
Loader jdk.internal.loader.ClassLoaders$PlatformClassLoader                            : 116K
Loader org.codehaus.groovy.runtime.callsite.CallSiteClassLoader                        : 30061B
Loader org.gradle.internal.classloader.VisitableURLClassLoader                         : 21447B
Loader sun.reflect.misc.MethodUtil                                                     : 373B

Classes loaded by more than one classloader:
Class Program                                                                         : loaded 5 times (x 70B)
Class kotlin.io.FileTreeWalk$FileTreeWalkIterator                                     : loaded 4 times (x 81B)
Class com.google.common.collect.AbstractMapBasedMultimap                              : loaded 4 times (x 137B)
Class com.google.common.collect.ImmutableMapEntrySet$RegularEntrySet                  : loaded 4 times (x 150B)
Class com.google.common.collect.ImmutableList$1                                       : loaded 4 times (x 95B)
Class kotlin.Metadata                                                                 : loaded 4 times (x 68B)
Class com.google.common.collect.ImmutableMapEntry$NonTerminalImmutableMapEntry        : loaded 4 times (x 83B)
Class kotlin.collections.CollectionsKt__IteratorsJVMKt                                : loaded 4 times (x 69B)
Class com.google.common.collect.ImmutableSortedSet                                    : loaded 4 times (x 234B)
Class com.google.common.collect.Iterators$MergingIterator                             : loaded 4 times (x 79B)
Class kotlin.sequences.FilteringSequence                                              : loaded 4 times (x 73B)
Class kotlin.collections.AbstractList                                                 : loaded 4 times (x 157B)
Class kotlin.collections.AbstractCollection                                           : loaded 4 times (x 115B)
Class kotlin.annotation.Target                                                        : loaded 4 times (x 68B)
Class kotlin.collections.ArraysKt__ArraysJVMKt                                        : loaded 4 times (x 69B)
Class com.google.common.collect.UnmodifiableListIterator                              : loaded 4 times (x 93B)
Class org.apache.commons.io.output.AppendableWriter                                   : loaded 4 times (x 98B)
Class org.apache.commons.io.StandardLineSeparator                                     : loaded 4 times (x 77B)
Class [Lorg.apache.commons.io.StandardLineSeparator;                                  : loaded 4 times (x 67B)
Class kotlin.collections.EmptyMap                                                     : loaded 4 times (x 107B)
Class kotlin.sequences.SequencesKt__SequencesKt                                       : loaded 4 times (x 69B)
Class kotlin.sequences.SequencesKt__SequencesJVMKt                                    : loaded 4 times (x 69B)
Class kotlin.comparisons.ComparisonsKt__ComparisonsKt                                 : loaded 4 times (x 69B)
Class kotlin.LazyKt                                                                   : loaded 4 times (x 69B)
Class com.google.common.collect.ImmutableSet$JdkBackedSetBuilderImpl                  : loaded 4 times (x 74B)
Class kotlin.comparisons.ComparisonsKt___ComparisonsJvmKt                             : loaded 4 times (x 69B)
Class com.google.common.collect.AbstractIndexedListIterator                           : loaded 4 times (x 94B)
Class com.google.common.collect.ImmutableSet$RegularSetBuilderImpl                    : loaded 4 times (x 75B)
Class kotlin.NoWhenBranchMatchedException                                             : loaded 4 times (x 80B)
Class [Lcom.google.common.collect.ImmutableEntry;                                     : loaded 4 times (x 67B)
Class com.google.common.collect.ImmutableSet$CachingAsList                            : loaded 4 times (x 146B)
Class com.google.common.collect.RegularImmutableMap                                   : loaded 4 times (x 119B)
Class kotlin.text.StringsKt__StringBuilderKt                                          : loaded 4 times (x 69B)
Class kotlin.collections.CollectionsKt__IterablesKt                                   : loaded 4 times (x 69B)
Class com.google.common.collect.Multiset                                              : loaded 4 times (x 68B)
Class com.google.common.collect.Maps                                                  : loaded 4 times (x 69B)
Class kotlin.collections.EmptyIterator                                                : loaded 4 times (x 87B)
Class kotlin.sequences.FilteringSequence$iterator$1                                   : loaded 4 times (x 77B)
Class [Lcom.google.common.collect.AbstractMapEntry;                                   : loaded 4 times (x 67B)
Class kotlin.io.TextStreamsKt                                                         : loaded 4 times (x 69B)
Class com.google.common.collect.SingletonImmutableList                                : loaded 4 times (x 167B)
Class com.google.common.collect.Sets$ImprovedAbstractSet                              : loaded 4 times (x 133B)
Class kotlin.sequences.SequencesKt                                                    : loaded 4 times (x 69B)
Class com.google.common.primitives.IntsMethodsForWeb                                  : loaded 4 times (x 69B)
Class com.google.common.collect.CollectPreconditions                                  : loaded 4 times (x 69B)
Class com.google.common.collect.RegularImmutableList                                  : loaded 4 times (x 173B)
Class kotlin.ranges.IntRange$Companion                                                : loaded 4 times (x 69B)
Class com.google.common.collect.RegularImmutableMap$KeySet                            : loaded 4 times (x 150B)
Class kotlin.annotation.Retention                                                     : loaded 4 times (x 68B)
Class kotlin.collections.CollectionsKt__CollectionsJVMKt                              : loaded 4 times (x 69B)
Class kotlin.sequences.SequencesKt___SequencesKt                                      : loaded 4 times (x 69B)
Class kotlin.collections.SetsKt__SetsJVMKt                                            : loaded 4 times (x 69B)
Class com.google.common.collect.TransformedIterator                                   : loaded 4 times (x 78B)
Class com.google.common.collect.AbstractIterator$1                                    : loaded 4 times (x 69B)
Class kotlin.collections.SetsKt__SetsKt                                               : loaded 4 times (x 69B)
Class kotlin.collections.MapsKt___MapsJvmKt                                           : loaded 4 times (x 69B)
Class kotlin.ranges.IntRange                                                          : loaded 4 times (x 91B)
Class com.google.common.base.CharMatcher$IsEither                                     : loaded 4 times (x 109B)
Class com.google.common.base.CharMatcher$AnyOf                                        : loaded 4 times (x 110B)
Class kotlin.enums.EnumEntriesList                                                    : loaded 4 times (x 183B)
Class kotlin.jvm.functions.Function0                                                  : loaded 4 times (x 68B)
Class kotlin.jvm.functions.Function1                                                  : loaded 4 times (x 68B)
Class kotlin.collections.AbstractIterator                                             : loaded 4 times (x 81B)
Class kotlin.jvm.functions.Function2                                                  : loaded 4 times (x 68B)
Class kotlin.SynchronizedLazyImpl                                                     : loaded 4 times (x 74B)
Class [Lcom.google.common.collect.AbstractIterator$State;                             : loaded 4 times (x 67B)
Class com.google.common.collect.Iterators$9                                           : loaded 4 times (x 79B)
Class com.google.common.collect.ImmutableAsList                                       : loaded 4 times (x 169B)
Class com.google.common.base.Function                                                 : loaded 4 times (x 68B)
Class com.google.common.collect.Platform                                              : loaded 4 times (x 69B)
Class com.google.common.base.Preconditions                                            : loaded 4 times (x 69B)
Class com.google.common.base.Joiner                                                   : loaded 4 times (x 77B)
Class kotlin.sequences.ConstrainedOnceSequence                                        : loaded 4 times (x 73B)
Class kotlin.ranges.OpenEndRange                                                      : loaded 4 times (x 68B)
Class com.google.common.collect.Iterators$5                                           : loaded 4 times (x 80B)
Class com.google.common.base.CharMatcher$Is                                           : loaded 4 times (x 109B)
Class com.google.common.base.Platform                                                 : loaded 4 times (x 69B)
Class com.google.common.collect.ImmutableEnumSet                                      : loaded 4 times (x 144B)
Class com.google.common.collect.Iterators$4                                           : loaded 4 times (x 80B)
Class kotlin.collections.AbstractList$Companion                                       : loaded 4 times (x 69B)
Class com.google.common.collect.ListMultimap                                          : loaded 4 times (x 68B)
Class com.google.common.collect.RegularImmutableMap$BucketOverflowException           : loaded 4 times (x 80B)
Class com.google.common.collect.Maps$AbstractFilteredMap                              : loaded 4 times (x 125B)
Class com.google.common.collect.BaseImmutableMultimap                                 : loaded 4 times (x 121B)
Class com.google.common.collect.RegularImmutableAsList                                : loaded 4 times (x 177B)
Class com.google.common.base.Suppliers$NonSerializableMemoizingSupplier               : loaded 4 times (x 77B)
Class kotlin.io.FileTreeWalk$WalkState                                                : loaded 4 times (x 71B)
Class com.google.common.collect.PeekingIterator                                       : loaded 4 times (x 68B)
Class com.google.common.collect.Iterators$1                                           : loaded 4 times (x 79B)
Class kotlin.text.DelimitedRangesSequence$iterator$1                                  : loaded 4 times (x 77B)
Class kotlin.text.StringsKt___StringsJvmKt                                            : loaded 4 times (x 69B)
Class com.google.common.collect.ImmutableSetMultimap                                  : loaded 4 times (x 178B)
Class com.google.common.collect.AbstractMultimap                                      : loaded 4 times (x 121B)
Class kotlin._Assertions                                                              : loaded 4 times (x 69B)
Class kotlin.ranges.ClosedRange                                                       : loaded 4 times (x 68B)
Class kotlin.jvm.internal.Intrinsics                                                  : loaded 4 times (x 69B)
Class kotlin.io.FilesKt__FilePathComponentsKt                                         : loaded 4 times (x 69B)
Class kotlin.Pair                                                                     : loaded 4 times (x 70B)
Class kotlin.KotlinNullPointerException                                               : loaded 4 times (x 81B)
Class kotlin.enums.EnumEntries                                                        : loaded 4 times (x 68B)
Class kotlin.text.StringsKt__RegexExtensionsJVMKt                                     : loaded 4 times (x 69B)
Class kotlin.text.StringsKt___StringsKt                                               : loaded 4 times (x 69B)
Class com.google.common.collect.ImmutableMapEntrySet                                  : loaded 4 times (x 150B)
Class com.google.common.collect.ImmutableList                                         : loaded 4 times (x 166B)
Class kotlin.io.NoSuchFileException                                                   : loaded 4 times (x 80B)
Class kotlin.reflect.KAnnotatedElement                                                : loaded 4 times (x 68B)
Class kotlin.jvm.internal.FunctionReference                                           : loaded 4 times (x 120B)
Class com.google.common.collect.ImmutableBiMap$Builder                                : loaded 4 times (x 80B)
Class com.google.common.collect.Sets$4                                                : loaded 4 times (x 137B)
Class kotlin.text.CharsKt                                                             : loaded 4 times (x 69B)
Class com.google.common.graph.SuccessorsFunction                                      : loaded 4 times (x 68B)
Class com.google.common.collect.Sets$3                                                : loaded 4 times (x 137B)
Class kotlin.io.LinesSequence$iterator$1                                              : loaded 4 times (x 77B)
Class com.google.common.collect.Sets$2                                                : loaded 4 times (x 137B)
Class kotlin.ranges.RangesKt                                                          : loaded 4 times (x 69B)
Class kotlin.ranges.RangesKt___RangesKt                                               : loaded 4 times (x 69B)
Class kotlin.collections.CollectionsKt___CollectionsKt                                : loaded 4 times (x 69B)
Class com.google.common.collect.Sets$1                                                : loaded 4 times (x 137B)
Class com.google.common.collect.ObjectArrays                                          : loaded 4 times (x 69B)
Class kotlin.UNINITIALIZED_VALUE                                                      : loaded 4 times (x 69B)
Class com.google.common.collect.SingletonImmutableSet                                 : loaded 4 times (x 144B)
Class com.google.common.collect.ImmutableEntry                                        : loaded 4 times (x 80B)
Class com.google.common.collect.Lists$StringAsImmutableList                           : loaded 4 times (x 167B)
Class kotlin.enums.EnumEntriesKt                                                      : loaded 4 times (x 69B)
Class kotlin.io.FileTreeWalk$FileTreeWalkIterator$TopDownDirectoryState               : loaded 4 times (x 72B)
Class com.google.common.collect.ImmutableMap$Builder                                  : loaded 4 times (x 80B)
Class com.google.common.collect.MapDifference                                         : loaded 4 times (x 68B)
Class kotlin.io.FileAlreadyExistsException                                            : loaded 4 times (x 80B)
Class kotlin.text.Charsets                                                            : loaded 4 times (x 69B)
Class org.apache.commons.io.IOUtils                                                   : loaded 4 times (x 69B)
Class kotlin.collections.EmptyList                                                    : loaded 4 times (x 134B)
Class kotlin.collections.SetsKt                                                       : loaded 4 times (x 69B)
Class kotlin.jvm.internal.FunctionBase                                                : loaded 4 times (x 68B)
Class kotlin.collections.CollectionsKt__MutableCollectionsJVMKt                       : loaded 4 times (x 69B)
Class kotlin.io.LinesSequence                                                         : loaded 4 times (x 73B)
Class com.google.common.collect.ImmutableList$ReverseImmutableList                    : loaded 4 times (x 169B)
Class kotlin.sequences.TransformingSequence                                           : loaded 4 times (x 73B)
Class kotlin.Function                                                                 : loaded 4 times (x 68B)
Class kotlin.io.FileTreeWalk                                                          : loaded 4 times (x 73B)
Class com.google.common.collect.Iterators                                             : loaded 4 times (x 69B)
Class com.google.common.base.CharMatcher$1                                            : loaded 4 times (x 111B)
Class com.google.common.collect.ImmutableEnumMap                                      : loaded 4 times (x 124B)
Class kotlin.text.StringsKt__AppendableKt                                             : loaded 4 times (x 69B)
Class com.google.common.base.CharMatcher$And                                          : loaded 4 times (x 110B)
Class kotlin.io.FilesKt__FileReadWriteKt                                              : loaded 4 times (x 69B)
Class com.google.common.collect.IndexedImmutableSet                                   : loaded 4 times (x 150B)
Class com.google.common.collect.IndexedImmutableSet$1                                 : loaded 4 times (x 173B)
Class com.google.common.collect.AbstractListMultimap                                  : loaded 4 times (x 170B)
Class kotlin.jvm.internal.CallableReference$NoReceiver                                : loaded 4 times (x 69B)
Class com.google.common.base.CharMatcher                                              : loaded 4 times (x 109B)
Class com.google.common.base.Ascii                                                    : loaded 4 times (x 69B)
Class com.google.common.collect.RegularImmutableMap$Values                            : loaded 4 times (x 167B)
Class org.apache.commons.io.output.UnsynchronizedByteArrayOutputStream                : loaded 4 times (x 100B)
Class kotlin.io.CloseableKt                                                           : loaded 4 times (x 69B)
Class kotlin.jvm.internal.markers.KMappedMarker                                       : loaded 4 times (x 68B)
Class com.google.common.collect.SortedIterable                                        : loaded 4 times (x 68B)
Class com.google.common.collect.ArrayListMultimapGwtSerializationDependencies         : loaded 4 times (x 170B)
Class kotlin.Unit                                                                     : loaded 4 times (x 69B)
Class com.google.common.base.CharMatcher$IsNot                                        : loaded 4 times (x 109B)
Class [Lkotlin.collections.State;                                                     : loaded 4 times (x 67B)
Class com.google.common.collect.RegularImmutableSortedSet                             : loaded 4 times (x 234B)
Class kotlin.collections.CollectionsKt                                                : loaded 4 times (x 69B)
Class com.google.common.collect.ImmutableCollection                                   : loaded 4 times (x 123B)
Class kotlin.collections.ArraysKt___ArraysJvmKt                                       : loaded 4 times (x 69B)
Class com.google.common.collect.ImmutableList$SubList                                 : loaded 4 times (x 169B)
Class kotlin.collections.CollectionsKt___CollectionsJvmKt                             : loaded 4 times (x 69B)
Class com.google.common.collect.CollectSpliterators                                   : loaded 4 times (x 69B)
Class com.google.common.base.CharMatcher$FastMatcher                                  : loaded 4 times (x 109B)
Class com.google.common.collect.ForwardingObject                                      : loaded 4 times (x 70B)
Class android.databinding.tool.writer.JavaFileWriter                                  : loaded 4 times (x 72B)
Class com.google.common.collect.SetMultimap                                           : loaded 4 times (x 68B)
Class kotlin.ranges.RangesKt__RangesKt                                                : loaded 4 times (x 69B)
Class kotlin.io.TerminateException                                                    : loaded 4 times (x 80B)
Class kotlin.io.FileTreeWalk$DirectoryState                                           : loaded 4 times (x 71B)
Class kotlin.NotImplementedError                                                      : loaded 4 times (x 80B)
Class kotlin.LazyKt__LazyKt                                                           : loaded 4 times (x 69B)
Class com.google.common.base.Joiner$2                                                 : loaded 4 times (x 77B)
Class kotlin.jvm.KotlinReflectionNotSupportedError                                    : loaded 4 times (x 80B)
Class com.google.common.base.Joiner$1                                                 : loaded 4 times (x 78B)
Class kotlin.text.StringsKt__StringNumberConversionsKt                                : loaded 4 times (x 69B)
Class kotlin.sequences.SequencesKt__SequenceBuilderKt                                 : loaded 4 times (x 69B)
Class com.google.common.collect.Iterators$ArrayItr                                    : loaded 4 times (x 95B)
Class kotlin.reflect.KFunction                                                        : loaded 4 times (x 68B)
Class com.google.common.collect.RegularImmutableBiMap                                 : loaded 4 times (x 147B)
Class kotlin.internal.ProgressionUtilKt                                               : loaded 4 times (x 69B)
Class kotlin.collections.AbstractIterator$WhenMappings                                : loaded 4 times (x 69B)
Class kotlin.collections.CollectionsKt__IteratorsKt                                   : loaded 4 times (x 69B)
Class com.google.common.collect.Maps$BiMapConverter                                   : loaded 4 times (x 88B)
Class com.google.common.collect.AbstractIterator$State                                : loaded 4 times (x 77B)
Class com.google.common.collect.Multimap                                              : loaded 4 times (x 68B)
Class com.google.common.base.JdkPattern                                               : loaded 4 times (x 73B)
Class com.google.common.collect.ImmutableSet$SetBuilderImpl                           : loaded 4 times (x 74B)
Class kotlin.collections.CollectionsKt__ReversedViewsKt                               : loaded 4 times (x 69B)
Class com.google.common.collect.ImmutableMap$1                                        : loaded 4 times (x 79B)
Class com.google.common.base.CharMatcher$Or                                           : loaded 4 times (x 110B)
Class kotlin.text.StringsKt__StringsKt                                                : loaded 4 times (x 69B)
Class kotlin.comparisons.ComparisonsKt___ComparisonsKt                                : loaded 4 times (x 69B)
Class com.google.common.collect.ImmutableMapEntry                                     : loaded 4 times (x 83B)
Class com.google.common.collect.Hashing                                               : loaded 4 times (x 69B)
Class org.apache.commons.io.output.ByteArrayOutputStream                              : loaded 4 times (x 100B)
Class kotlin.collections.CollectionsKt__MutableCollectionsKt                          : loaded 4 times (x 69B)
Class com.google.common.base.CharMatcher$BitSetMatcher                                : loaded 4 times (x 110B)
Class com.google.common.base.Platform$JdkPatternCompiler                              : loaded 4 times (x 73B)
Class kotlin.collections.MapsKt__MapsJVMKt                                            : loaded 4 times (x 69B)
Class kotlin.io.FileTreeWalk$FileTreeWalkIterator$WhenMappings                        : loaded 4 times (x 69B)
Class org.apache.commons.io.output.AbstractByteArrayOutputStream                      : loaded 4 times (x 100B)
Class com.google.common.collect.UnmodifiableIterator                                  : loaded 4 times (x 78B)
Class com.google.common.collect.Maps$EntryTransformer                                 : loaded 4 times (x 68B)
Class com.google.common.collect.ImmutableMap$IteratorBasedImmutableMap                : loaded 4 times (x 124B)
Class com.google.common.collect.ImmutableCollection$Builder                           : loaded 4 times (x 74B)
Class kotlin.collections.ArraysKt___ArraysKt                                          : loaded 4 times (x 69B)
Class kotlin.text.StringsKt__StringNumberConversionsJVMKt                             : loaded 4 times (x 69B)
Class com.google.common.base.Strings                                                  : loaded 4 times (x 69B)
Class kotlin.sequences.Sequence                                                       : loaded 4 times (x 68B)
Class org.apache.commons.io.output.NullOutputStream                                   : loaded 4 times (x 83B)
Class com.google.common.collect.SingletonImmutableBiMap                               : loaded 4 times (x 141B)
Class kotlin.ranges.IntProgression                                                    : loaded 4 times (x 79B)
Class kotlin.ranges.IntProgression$Companion                                          : loaded 4 times (x 69B)
Class com.google.common.base.CharMatcher$NamedFastMatcher                             : loaded 4 times (x 110B)
Class kotlin.text.StringsKt__StringsJVMKt                                             : loaded 4 times (x 69B)
Class com.google.common.collect.ImmutableMap                                          : loaded 4 times (x 118B)
Class kotlin.TuplesKt                                                                 : loaded 4 times (x 69B)
Class kotlin.text.CharsKt__CharJVMKt                                                  : loaded 4 times (x 69B)
Class com.google.common.base.CommonPattern                                            : loaded 4 times (x 72B)
Class org.apache.commons.io.file.PathFilter                                           : loaded 4 times (x 68B)
Class com.google.common.collect.Collections2$FilteredCollection                       : loaded 4 times (x 117B)
Class com.google.common.collect.CollectSpliterators$1WithCharacteristics              : loaded 4 times (x 88B)
Class kotlin.jvm.internal.CallableReference                                           : loaded 4 times (x 104B)
Class com.google.common.base.Suppliers$MemoizingSupplier                              : loaded 4 times (x 77B)
Class kotlin.sequences.TransformingSequence$iterator$1                                : loaded 4 times (x 77B)
Class kotlin.io.FileWalkDirection                                                     : loaded 4 times (x 77B)
Class com.google.common.base.Suppliers                                                : loaded 4 times (x 69B)
Class com.google.common.collect.ArrayListMultimap                                     : loaded 4 times (x 170B)
Class kotlin.collections.MapsKt___MapsKt                                              : loaded 4 times (x 69B)
Class com.google.common.base.Converter                                                : loaded 4 times (x 88B)
Class kotlin.text.StringsKt__IndentKt                                                 : loaded 4 times (x 69B)
Class kotlin.collections.SetsKt___SetsKt                                              : loaded 4 times (x 69B)
Class kotlin.LazyKt__LazyJVMKt                                                        : loaded 4 times (x 69B)
Class kotlin.text.StringsKt__StringBuilderJVMKt                                       : loaded 4 times (x 69B)
Class kotlin.text.CharsKt__CharKt                                                     : loaded 4 times (x 69B)
Class kotlin.collections.MapsKt__MapWithDefaultKt                                     : loaded 4 times (x 69B)
Class kotlin.collections.EmptySet                                                     : loaded 4 times (x 120B)
Class com.google.common.collect.ImmutableSet$EmptySetBuilderImpl                      : loaded 4 times (x 74B)
Class kotlin.Lazy                                                                     : loaded 4 times (x 68B)
Class kotlin.text.DelimitedRangesSequence                                             : loaded 4 times (x 73B)
Class kotlin.comparisons.ComparisonsKt                                                : loaded 4 times (x 69B)
Class kotlin.text.StringsKt__RegexExtensionsKt                                        : loaded 4 times (x 69B)
Class com.google.common.base.CharMatcher$NegatedFastMatcher                           : loaded 4 times (x 111B)
Class kotlin.io.FilesKt                                                               : loaded 4 times (x 69B)
Class kotlin.collections.MapsKt                                                       : loaded 4 times (x 69B)
Class com.google.common.math.MathPreconditions                                        : loaded 4 times (x 69B)
Class org.apache.commons.io.filefilter.IOFileFilter                                   : loaded 4 times (x 68B)
Class com.google.common.math.IntMath                                                  : loaded 4 times (x 69B)
Class kotlin.collections.CollectionsKt__CollectionsKt                                 : loaded 4 times (x 69B)
Class com.google.common.collect.ImmutableMultimap                                     : loaded 4 times (x 145B)
Class com.google.common.collect.AbstractIterator                                      : loaded 4 times (x 80B)
Class com.google.common.collect.AbstractMapEntry                                      : loaded 4 times (x 79B)
Class com.google.common.base.CharMatcher$Negated                                      : loaded 4 times (x 111B)
Class com.google.common.collect.ImmutableList$Builder                                 : loaded 4 times (x 75B)
Class [Lkotlin.Pair;                                                                  : loaded 4 times (x 67B)
Class com.google.common.math.IntMath$1                                                : loaded 4 times (x 69B)
Class org.apache.commons.io.output.ThresholdingOutputStream                           : loaded 4 times (x 92B)
Class kotlin.collections.State                                                        : loaded 4 times (x 77B)
Class kotlin.io.FileSystemException                                                   : loaded 4 times (x 80B)
Class com.google.common.collect.Maps$ViewCachingAbstractMap                           : loaded 4 times (x 123B)
Class com.google.common.collect.BiMap                                                 : loaded 4 times (x 68B)
Class com.google.common.base.Equivalence                                              : loaded 4 times (x 80B)
Class com.google.common.collect.Lists                                                 : loaded 4 times (x 69B)
Class kotlin.collections.ArraysKt                                                     : loaded 4 times (x 69B)
Class com.google.common.collect.Sets                                                  : loaded 4 times (x 69B)
Class com.google.common.primitives.Ints                                               : loaded 4 times (x 69B)
Class com.google.common.collect.Sets$SetView                                          : loaded 4 times (x 136B)
Class com.google.common.collect.Maps$KeySet                                           : loaded 4 times (x 135B)
Class kotlin.io.FilesKt__UtilsKt                                                      : loaded 4 times (x 69B)
Class com.google.common.collect.ImmutableSet$Builder                                  : loaded 4 times (x 83B)
Class com.google.common.collect.Sets$FilteredSet                                      : loaded 4 times (x 135B)
Class com.google.common.base.CharMatcher$ForPredicate                                 : loaded 4 times (x 110B)
Class kotlin.collections.ArraysKt__ArraysKt                                           : loaded 4 times (x 69B)
Class kotlin.collections.MapsKt__MapsKt                                               : loaded 4 times (x 69B)
Class [Lkotlin.io.FileWalkDirection;                                                  : loaded 4 times (x 67B)
Class kotlin.sequences.SequencesKt___SequencesJvmKt                                   : loaded 4 times (x 69B)
Class com.google.common.collect.ImmutableMap$MapViewOfValuesAsSingletonSets           : loaded 4 times (x 124B)
Class org.apache.commons.io.output.StringBuilderWriter                                : loaded 4 times (x 98B)
Class com.google.common.base.CharMatcher$InRange                                      : loaded 4 times (x 109B)
Class com.google.common.base.PatternCompiler                                          : loaded 4 times (x 68B)
Class com.google.common.collect.SortedMapDifference                                   : loaded 4 times (x 68B)
Class kotlin.collections.ArraysUtilJVM                                                : loaded 4 times (x 69B)
Class javax.xml.bind.JAXBException                                                    : loaded 4 times (x 83B)
Class com.google.common.collect.Maps$8                                                : loaded 4 times (x 80B)
Class com.google.common.collect.ImmutableSet                                          : loaded 4 times (x 143B)
Class kotlin.UninitializedPropertyAccessException                                     : loaded 4 times (x 80B)
Class com.google.common.base.Supplier                                                 : loaded 4 times (x 68B)
Class kotlin.reflect.KCallable                                                        : loaded 4 times (x 68B)
Class kotlin.io.FilesKt__FileTreeWalkKt                                               : loaded 4 times (x 69B)
Class com.google.common.collect.ImmutableBiMap                                        : loaded 4 times (x 141B)
Class kotlin.reflect.KDeclarationContainer                                            : loaded 4 times (x 68B)
Class kotlin.jvm.internal.Lambda                                                      : loaded 4 times (x 73B)
Class com.google.common.collect.RegularImmutableSet                                   : loaded 4 times (x 147B)
Class com.google.common.base.Predicate                                                : loaded 4 times (x 68B)
Class com.google.common.collect.NullnessCasts                                         : loaded 4 times (x 69B)
Class kotlin.text.StringsKt                                                           : loaded 4 times (x 69B)
Class [Lcom.google.common.collect.ImmutableMapEntry;                                  : loaded 4 times (x 67B)
Class com.sun.xml.bind.v2.model.impl.RuntimeBuiltinLeafInfoImpl                       : loaded 3 times (x 131B)
Class javax.xml.bind.PropertyException                                                : loaded 3 times (x 83B)
Class com.sun.xml.bind.v2.model.runtime.RuntimePropertyInfo                           : loaded 3 times (x 68B)
Class kotlin.reflect.jvm.internal.ReflectionFactoryImpl                               : loaded 3 times (x 89B)
Class com.google.gson.LongSerializationPolicy$1                                       : loaded 3 times (x 78B)
Class com.google.gson.internal.bind.ReflectiveTypeAdapterFactory$1                    : loaded 3 times (x 77B)
Class com.sun.xml.bind.AccessorFactoryImpl                                            : loaded 3 times (x 79B)
Class com.sun.xml.bind.v2.runtime.reflect.PrimitiveArrayListerDouble                  : loaded 3 times (x 74B)
Class com.sun.xml.bind.v2.runtime.property.ArrayReferenceNodeProperty$MixedTextLoader : loaded 3 times (x 76B)
Class com.squareup.javapoet.Util                                                      : loaded 3 times (x 69B)
Class com.squareup.javapoet.AnnotationSpec$Builder                                    : loaded 3 times (x 70B)
Class com.squareup.javapoet.TypeVariableName                                          : loaded 3 times (x 79B)
Class com.google.gson.internal.bind.TypeAdapterRuntimeTypeWrapper                     : loaded 3 times (x 72B)
Class android.databinding.tool.util.Preconditions                                     : loaded 3 times (x 69B)
Class com.sun.xml.bind.v2.model.impl.RuntimeBuiltinLeafInfoImpl$19                    : loaded 3 times (x 134B)
Class com.sun.xml.bind.v2.runtime.JAXBContextImpl$1                                   : loaded 3 times (x 76B)
Class com.google.gson.internal.Excluder$1                                             : loaded 3 times (x 72B)
Class com.sun.xml.bind.v2.runtime.unmarshaller.XmlVisitor$TextPredictor               : loaded 3 times (x 68B)
Class com.sun.xml.bind.v2.runtime.JAXBContextImpl$2                                   : loaded 3 times (x 76B)
Class com.google.common.collect.ImmutableMultimap$Keys                                : loaded 3 times (x 164B)
Class com.sun.xml.bind.v2.model.annotation.SecureLoader                               : loaded 3 times (x 69B)
Class com.sun.xml.bind.v2.model.impl.RuntimeBuiltinLeafInfoImpl$18                    : loaded 3 times (x 134B)
Class javax.xml.bind.annotation.XmlRootElement                                        : loaded 3 times (x 68B)
Class com.sun.xml.bind.v2.runtime.JAXBContextImpl$3                                   : loaded 3 times (x 72B)
Class com.sun.xml.bind.v2.runtime.reflect.PrimitiveArrayListerByte                    : loaded 3 times (x 74B)
Class com.sun.xml.bind.v2.runtime.JAXBContextImpl$5                                   : loaded 3 times (x 72B)
Class com.sun.xml.bind.v2.model.impl.RuntimeBuiltinLeafInfoImpl$17                    : loaded 3 times (x 134B)
Class com.sun.xml.bind.v2.model.runtime.RuntimeEnumLeafInfo                           : loaded 3 times (x 68B)
Class com.sun.xml.bind.v2.runtime.JAXBContextImpl$6                                   : loaded 3 times (x 89B)
Class com.sun.xml.bind.v2.model.impl.RuntimeBuiltinLeafInfoImpl$16                    : loaded 3 times (x 134B)
Class kotlin.reflect.jvm.internal.KPropertyImpl$_javaField$1                          : loaded 3 times (x 77B)
Class com.sun.xml.bind.v2.model.impl.RuntimeBuiltinLeafInfoImpl$15                    : loaded 3 times (x 134B)
Class kotlin.reflect.jvm.internal.KCallableImpl$_returnType$1                         : loaded 3 times (x 77B)
Class com.google.gson.stream.JsonReader                                               : loaded 3 times (x 95B)
Class com.sun.xml.bind.v2.runtime.LifecycleMethods                                    : loaded 3 times (x 70B)
Class com.sun.xml.bind.v2.model.impl.PropertyInfoImpl                                 : loaded 3 times (x 106B)
Class com.google.gson.stream.MalformedJsonException                                   : loaded 3 times (x 80B)
Class com.sun.xml.bind.v2.model.impl.RuntimeBuiltinLeafInfoImpl$14                    : loaded 3 times (x 134B)
Class com.sun.xml.bind.v2.model.impl.RuntimeBuiltinLeafInfoImpl$13                    : loaded 3 times (x 135B)
Class com.sun.xml.bind.v2.model.impl.RuntimeBuiltinLeafInfoImpl$12                    : loaded 3 times (x 134B)
Class com.sun.xml.bind.v2.model.impl.RuntimeBuiltinLeafInfoImpl$11                    : loaded 3 times (x 134B)
Class com.sun.xml.bind.v2.model.impl.RuntimeBuiltinLeafInfoImpl$10                    : loaded 3 times (x 134B)
Class javax.xml.bind.annotation.adapters.XmlJavaTypeAdapter                           : loaded 3 times (x 68B)
Class com.sun.xml.bind.v2.runtime.unmarshaller.TagName                                : loaded 3 times (x 73B)
Class com.google.gson.ToNumberStrategy                                                : loaded 3 times (x 68B)
Class [Lcom.sun.xml.bind.v2.model.impl.ClassInfoImpl$SecondaryAnnotation;             : loaded 3 times (x 67B)
Class com.sun.xml.bind.v2.runtime.reflect.Lister$2                                    : loaded 3 times (x 75B)
Class com.sun.xml.bind.v2.model.impl.RuntimeMapPropertyInfoImpl                       : loaded 3 times (x 135B)
Class com.google.gson.JsonSyntaxException                                             : loaded 3 times (x 80B)
Class com.sun.xml.bind.annotation.OverrideAnnotationOf                                : loaded 3 times (x 68B)
Class com.sun.xml.bind.v2.runtime.reflect.Lister$1                                    : loaded 3 times (x 74B)
Class kotlin.reflect.KMutableProperty2                                                : loaded 3 times (x 68B)
Class com.sun.xml.bind.WhiteSpaceProcessor                                            : loaded 3 times (x 69B)
Class com.squareup.javapoet.JavaFile$1                                                : loaded 3 times (x 77B)
Class kotlin.reflect.KMutableProperty1                                                : loaded 3 times (x 68B)
Class kotlin.reflect.KMutableProperty0                                                : loaded 3 times (x 68B)
Class com.sun.xml.bind.v2.runtime.unmarshaller.SAXConnector                           : loaded 3 times (x 99B)
Class com.google.gson.internal.reflect.ReflectionHelper                               : loaded 3 times (x 69B)
Class com.google.gson.internal.bind.MapTypeAdapterFactory$Adapter                     : loaded 3 times (x 72B)
Class com.sun.xml.bind.v2.model.core.PropertyKind                                     : loaded 3 times (x 77B)
Class com.sun.xml.bind.v2.model.runtime.RuntimeLeafInfo                               : loaded 3 times (x 68B)
Class com.google.gson.internal.Primitives                                             : loaded 3 times (x 69B)
Class javax.xml.bind.annotation.XmlAccessorOrder                                      : loaded 3 times (x 68B)
Class kotlin.reflect.jvm.internal.KCallableImpl                                       : loaded 3 times (x 103B)
Class com.sun.xml.bind.v2.runtime.unmarshaller.LeafPropertyLoader                     : loaded 3 times (x 76B)
Class com.google.common.collect.Maps$FilteredEntryMap$EntrySet                        : loaded 3 times (x 150B)
Class com.sun.xml.bind.v2.model.core.MapPropertyInfo                                  : loaded 3 times (x 68B)
Class com.google.common.collect.ImmutableMapKeySet                                    : loaded 3 times (x 150B)
Class com.google.gson.internal.bind.CollectionTypeAdapterFactory                      : loaded 3 times (x 73B)
Class com.google.gson.internal.sql.SqlDateTypeAdapter                                 : loaded 3 times (x 72B)
Class com.sun.xml.bind.v2.model.annotation.Locatable                                  : loaded 3 times (x 68B)
Class com.google.gson.internal.bind.DateTypeAdapter$1                                 : loaded 3 times (x 73B)
Class com.sun.xml.bind.v2.ClassFactory                                                : loaded 3 times (x 69B)
Class com.google.gson.FieldNamingPolicy$7                                             : loaded 3 times (x 81B)
Class kotlin.jvm.internal.MutablePropertyReference                                    : loaded 3 times (x 117B)
Class android.databinding.tool.processing.ScopedException                             : loaded 3 times (x 84B)
Class com.sun.xml.bind.v2.model.impl.RuntimeBuiltinLeafInfoImpl$20                    : loaded 3 times (x 134B)
Class com.sun.xml.bind.v2.runtime.property.StructureLoaderBuilder                     : loaded 3 times (x 68B)
Class com.sun.xml.bind.v2.model.core.ValuePropertyInfo                                : loaded 3 times (x 68B)
Class com.google.gson.FieldNamingPolicy$6                                             : loaded 3 times (x 81B)
Class android.databinding.tool.util.LoggedErrorException                              : loaded 3 times (x 80B)
Class com.google.gson.Gson$FutureTypeAdapter                                          : loaded 3 times (x 74B)
Class kotlin.text.Regex                                                               : loaded 3 times (x 70B)
Class com.sun.xml.bind.v2.runtime.property.ArrayProperty                              : loaded 3 times (x 100B)
Class com.google.common.collect.ImmutableMultimap$EntryCollection                     : loaded 3 times (x 126B)
Class javax.xml.bind.annotation.W3CDomHandler                                         : loaded 3 times (x 83B)
Class com.google.gson.stream.JsonReader$1                                             : loaded 3 times (x 70B)
Class com.google.common.collect.ForwardingMapEntry                                    : loaded 3 times (x 84B)
Class org.apache.commons.io.output.QueueOutputStream                                  : loaded 3 times (x 85B)
Class com.google.gson.internal.bind.JsonTreeWriter                                    : loaded 3 times (x 96B)
Class com.sun.xml.bind.v2.model.runtime.RuntimeArrayInfo                              : loaded 3 times (x 68B)
Class com.squareup.javapoet.CodeBlock                                                 : loaded 3 times (x 70B)
Class [Lcom.sun.xml.bind.v2.runtime.property.AttributeProperty;                       : loaded 3 times (x 67B)
Class com.google.gson.FieldNamingPolicy$5                                             : loaded 3 times (x 81B)
Class com.google.gson.FieldNamingPolicy$4                                             : loaded 3 times (x 81B)
Class com.sun.xml.bind.v2.model.impl.RuntimeClassInfoImpl                             : loaded 3 times (x 160B)
Class kotlin.collections.IntIterator                                                  : loaded 3 times (x 80B)
Class [Lcom.sun.xml.bind.v2.model.annotation.Quick;                                   : loaded 3 times (x 67B)
Class com.sun.xml.bind.v2.model.runtime.RuntimeReferencePropertyInfo                  : loaded 3 times (x 68B)
Class com.sun.xml.bind.api.JAXBRIContext                                              : loaded 3 times (x 87B)
Class com.squareup.javapoet.JavaFile$Builder                                          : loaded 3 times (x 70B)
Class com.google.gson.FieldNamingPolicy$3                                             : loaded 3 times (x 81B)
Class com.sun.xml.bind.api.Bridge                                                     : loaded 3 times (x 83B)
Class com.sun.xml.bind.v2.model.annotation.XmlSchemaQuick                             : loaded 3 times (x 93B)
Class org.apache.commons.io.FileExistsException                                       : loaded 3 times (x 80B)
Class com.sun.xml.bind.v2.runtime.unmarshaller.WildcardLoader                         : loaded 3 times (x 77B)
Class com.google.gson.internal.bind.TypeAdapters$EnumTypeAdapter                      : loaded 3 times (x 72B)
Class kotlin.reflect.KProperty$Accessor                                               : loaded 3 times (x 68B)
Class com.sun.xml.bind.v2.model.impl.ElementInfoImpl                                  : loaded 3 times (x 107B)
Class com.google.gson.internal.sql.SqlTimeTypeAdapter$1                               : loaded 3 times (x 73B)
Class kotlin.SafePublicationLazyImpl                                                  : loaded 3 times (x 74B)
Class com.sun.xml.bind.v2.model.impl.FieldPropertySeed                                : loaded 3 times (x 88B)
Class kotlin.collections.IndexedValue                                                 : loaded 3 times (x 70B)
Class com.sun.xml.bind.v2.model.impl.ElementPropertyInfoImpl$1                        : loaded 3 times (x 160B)
Class com.squareup.javapoet.AnnotationSpec                                            : loaded 3 times (x 70B)
Class com.sun.xml.bind.v2.model.impl.ClassInfoImpl$DuplicateException                 : loaded 3 times (x 80B)
Class com.sun.xml.bind.v2.model.impl.RuntimeEnumLeafInfoImpl                          : loaded 3 times (x 147B)
Class com.android.tools.build.jetifier.core.type.TypesMap$JsonData                    : loaded 3 times (x 70B)
Class com.sun.xml.bind.v2.runtime.unmarshaller.XsiTypeLoader                          : loaded 3 times (x 76B)
Class com.sun.xml.bind.v2.model.impl.Utils$1                                          : loaded 3 times (x 75B)
Class com.android.tools.build.jetifier.core.TypeRewriter                              : loaded 3 times (x 70B)
Class [Lkotlin.reflect.KAnnotatedElement;                                             : loaded 3 times (x 67B)
Class com.sun.xml.bind.v2.model.impl.RuntimeBuiltinLeafInfoImpl$21                    : loaded 3 times (x 134B)
Class com.sun.xml.bind.v2.model.nav.Navigator                                         : loaded 3 times (x 68B)
Class com.google.gson.FieldNamingPolicy$2                                             : loaded 3 times (x 81B)
Class com.sun.xml.bind.v2.model.annotation.XmlTransientQuick                          : loaded 3 times (x 88B)
Class com.sun.xml.bind.v2.model.impl.RuntimeArrayInfoImpl                             : loaded 3 times (x 105B)
Class com.sun.xml.bind.v2.model.impl.RuntimeBuiltinLeafInfoImpl$22                    : loaded 3 times (x 134B)
Class kotlin.reflect.jvm.internal.KPropertyImpl$Companion                             : loaded 3 times (x 69B)
Class com.sun.xml.bind.v2.runtime.unmarshaller.ProxyLoader                            : loaded 3 times (x 76B)
Class com.sun.xml.bind.v2.model.impl.RuntimeTypeInfoSetImpl                           : loaded 3 times (x 121B)
Class com.google.gson.stream.JsonWriter                                               : loaded 3 times (x 96B)
Class [Lcom.android.tools.build.jetifier.core.utils.LogLevel;                         : loaded 3 times (x 67B)
Class com.sun.xml.bind.v2.model.impl.RuntimeBuiltinLeafInfoImpl$23                    : loaded 3 times (x 134B)
Class com.google.gson.FieldNamingPolicy$1                                             : loaded 3 times (x 81B)
Class com.google.gson.TypeAdapter$1                                                   : loaded 3 times (x 72B)
Class [Lkotlin.reflect.KProperty;                                                     : loaded 3 times (x 67B)
Class com.sun.istack.SAXException2                                                    : loaded 3 times (x 81B)
Class com.sun.xml.bind.v2.model.impl.RuntimeBuiltinLeafInfoImpl$24                    : loaded 3 times (x 135B)
Class kotlin.reflect.jvm.internal.ReflectProperties                                   : loaded 3 times (x 69B)
Class kotlin.reflect.jvm.internal.KTypeParameterOwnerImpl                             : loaded 3 times (x 68B)
Class com.sun.xml.bind.v2.model.runtime.RuntimeMapPropertyInfo                        : loaded 3 times (x 68B)
Class kotlin.jvm.internal.CollectionToArray                                           : loaded 3 times (x 69B)
Class com.sun.xml.bind.v2.runtime.output.Pcdata                                       : loaded 3 times (x 86B)
Class javax.activation.DataSource                                                     : loaded 3 times (x 68B)
Class com.google.common.collect.ImmutableMultimap$Values                              : loaded 3 times (x 124B)
Class com.sun.xml.bind.v2.runtime.JAXBContextImpl$JAXBContextBuilder                  : loaded 3 times (x 84B)
Class com.google.gson.internal.ConstructorConstructor$9                               : loaded 3 times (x 74B)
Class [Lcom.sun.xml.bind.v2.model.core.PropertyKind;                                  : loaded 3 times (x 67B)
Class com.sun.xml.bind.v2.model.impl.RuntimeBuiltinLeafInfoImpl$26                    : loaded 3 times (x 134B)
Class com.sun.xml.bind.IDResolver                                                     : loaded 3 times (x 73B)
Class com.sun.xml.bind.v2.model.impl.RuntimeBuiltinLeafInfoImpl$27                    : loaded 3 times (x 134B)
Class javax.xml.bind.annotation.XmlElementWrapper                                     : loaded 3 times (x 68B)
Class kotlin.reflect.jvm.internal.KCallableImpl$_parameters$1                         : loaded 3 times (x 77B)
Class com.sun.xml.bind.v2.model.impl.EnumLeafInfoImpl                                 : loaded 3 times (x 126B)
Class kotlin.reflect.jvm.internal.EmptyContainerForLocal                              : loaded 3 times (x 82B)
Class javax.xml.bind.annotation.XmlEnum                                               : loaded 3 times (x 68B)
Class com.sun.xml.bind.v2.model.impl.ClassInfoImpl$1                                  : loaded 3 times (x 69B)
Class com.sun.xml.bind.v2.model.impl.RuntimeBuiltinLeafInfoImpl$28                    : loaded 3 times (x 74B)
Class com.google.common.base.Present                                                  : loaded 3 times (x 79B)
Class [Lcom.google.gson.ToNumberPolicy;                                               : loaded 3 times (x 67B)
Class com.google.gson.internal.bind.TypeAdapters                                      : loaded 3 times (x 69B)
Class com.sun.xml.bind.v2.model.core.MaybeElement                                     : loaded 3 times (x 68B)
Class com.google.gson.internal.bind.ReflectiveTypeAdapterFactory$BoundField           : loaded 3 times (x 73B)
Class javax.xml.bind.annotation.XmlSchemaType                                         : loaded 3 times (x 68B)
Class com.sun.xml.bind.v2.model.annotation.RuntimeInlineAnnotationReader              : loaded 3 times (x 104B)
Class com.sun.xml.bind.v2.model.impl.ModelBuilder$1                                   : loaded 3 times (x 74B)
Class com.sun.xml.bind.v2.runtime.unmarshaller.StructureLoader$1                      : loaded 3 times (x 69B)
Class com.sun.xml.bind.v2.runtime.unmarshaller.Base64Data                             : loaded 3 times (x 87B)
Class kotlin.SafePublicationLazyImpl$Companion                                        : loaded 3 times (x 69B)
Class com.sun.xml.bind.v2.runtime.unmarshaller.XmlVisitor                             : loaded 3 times (x 68B)
Class com.google.gson.JsonArray                                                       : loaded 3 times (x 98B)
Class com.google.gson.internal.bind.DefaultDateTypeAdapter$DateType$1                 : loaded 3 times (x 71B)
Class com.android.tools.build.jetifier.core.proguard.ProGuardTypesMap$Companion       : loaded 3 times (x 69B)
Class com.android.tools.build.jetifier.core.rule.RewriteRule$JsonData                 : loaded 3 times (x 70B)
Class com.sun.xml.bind.v2.model.runtime.RuntimeBuiltinLeafInfo                        : loaded 3 times (x 68B)
Class com.google.gson.internal.bind.DefaultDateTypeAdapter$DateType                   : loaded 3 times (x 71B)
Class com.sun.xml.bind.v2.runtime.ArrayBeanInfoImpl                                   : loaded 3 times (x 87B)
Class com.squareup.javapoet.TypeSpec                                                  : loaded 3 times (x 70B)
Class com.google.gson.internal.reflect.ReflectionHelper$RecordSupportedHelper         : loaded 3 times (x 76B)
Class com.google.gson.internal.sql.SqlTypesSupport$1                                  : loaded 3 times (x 72B)
Class com.sun.xml.bind.v2.util.TypeCast                                               : loaded 3 times (x 69B)
Class com.sun.xml.bind.v2.model.impl.MapPropertyInfoImpl                              : loaded 3 times (x 117B)
Class com.google.gson.internal.sql.SqlTypesSupport$2                                  : loaded 3 times (x 72B)
Class com.sun.xml.bind.v2.model.impl.RuntimeBuiltinLeafInfoImpl$StringImplImpl        : loaded 3 times (x 134B)
Class com.sun.xml.bind.v2.runtime.InternalBridge                                      : loaded 3 times (x 85B)
Class kotlin.collections.IndexingIterator                                             : loaded 3 times (x 77B)
Class com.sun.xml.bind.v2.model.annotation.Quick                                      : loaded 3 times (x 86B)
Class com.google.gson.JsonPrimitive                                                   : loaded 3 times (x 91B)
Class javax.xml.bind.annotation.DomHandler                                            : loaded 3 times (x 68B)
Class com.google.gson.internal.ObjectConstructor                                      : loaded 3 times (x 68B)
Class com.sun.xml.bind.v2.runtime.reflect.TransducedAccessor$CompositeContextDependentTransducedAccessorImpl: loaded 3 times (x 77B)
Class com.google.gson.Gson                                                            : loaded 3 times (x 70B)
Class kotlin.collections.IndexingIterable                                             : loaded 3 times (x 77B)
Class com.sun.xml.bind.api.AccessorException                                          : loaded 3 times (x 80B)
Class com.sun.xml.bind.v2.runtime.reflect.Utils$1                                     : loaded 3 times (x 75B)
Class com.sun.xml.bind.v2.model.annotation.AbstractInlineAnnotationReaderImpl         : loaded 3 times (x 102B)
Class com.google.gson.internal.bind.JsonAdapterAnnotationTypeAdapterFactory           : loaded 3 times (x 73B)
Class com.google.gson.internal.LinkedTreeMap$LinkedTreeMapIterator                    : loaded 3 times (x 78B)
Class com.android.tools.build.jetifier.core.pom.PomRewriteRule$Companion              : loaded 3 times (x 69B)
Class com.android.tools.build.jetifier.core.PackageMap$PackageRule$JsonData           : loaded 3 times (x 70B)
Class org.apache.commons.io.FilenameUtils                                             : loaded 3 times (x 69B)
Class com.sun.xml.bind.v2.model.nav.ReflectionNavigator$1                             : loaded 3 times (x 79B)
Class com.sun.xml.bind.v2.model.nav.ReflectionNavigator$2                             : loaded 3 times (x 79B)
Class javax.xml.bind.annotation.XmlIDREF                                              : loaded 3 times (x 68B)
Class com.sun.xml.bind.v2.model.nav.ReflectionNavigator$3                             : loaded 3 times (x 75B)
Class com.squareup.javapoet.CodeWriter                                                : loaded 3 times (x 70B)
Class kotlin.jvm.internal.ArrayIteratorKt                                             : loaded 3 times (x 69B)
Class com.squareup.javapoet.JavaFile                                                  : loaded 3 times (x 70B)
Class android.databinding.tool.writer.AnnotationJavaFileWriter                        : loaded 3 times (x 73B)
Class com.sun.xml.bind.v2.model.nav.ReflectionNavigator$5                             : loaded 3 times (x 75B)
Class com.google.gson.internal.bind.MapTypeAdapterFactory                             : loaded 3 times (x 73B)
Class [Ljavax.xml.bind.annotation.XmlAccessType;                                      : loaded 3 times (x 67B)
Class kotlin.collections.CollectionsKt___CollectionsKt$asSequence$$inlined$Sequence$1 : loaded 3 times (x 73B)
Class com.sun.xml.bind.v2.model.nav.ReflectionNavigator$6                             : loaded 3 times (x 79B)
Class com.sun.xml.bind.v2.util.QNameMap$Entry                                         : loaded 3 times (x 70B)
Class dagger.hilt.processor.internal.root.ir.InvalidRootsException                    : loaded 3 times (x 80B)
Class com.sun.xml.bind.v2.model.core.EnumLeafInfo                                     : loaded 3 times (x 68B)
Class com.sun.xml.bind.v2.model.runtime.RuntimeClassInfo                              : loaded 3 times (x 68B)
Class kotlin.reflect.KProperty2                                                       : loaded 3 times (x 68B)
Class com.google.gson.JsonNull                                                        : loaded 3 times (x 90B)
Class com.sun.xml.bind.v2.runtime.property.ArrayERProperty$ReceiverImpl               : loaded 3 times (x 73B)
Class kotlin.reflect.KClass                                                           : loaded 3 times (x 68B)
Class com.sun.xml.bind.v2.runtime.property.ArrayElementProperty                       : loaded 3 times (x 103B)
Class com.sun.xml.bind.v2.runtime.property.SingleReferenceNodeProperty$1              : loaded 3 times (x 83B)
Class kotlin.reflect.KProperty1                                                       : loaded 3 times (x 68B)
Class kotlin.reflect.KProperty0                                                       : loaded 3 times (x 68B)
Class [Lcom.google.gson.FieldNamingPolicy;                                            : loaded 3 times (x 67B)
Class com.sun.xml.bind.v2.model.annotation.XmlAttributeQuick                          : loaded 3 times (x 91B)
Class com.sun.xml.bind.v2.model.core.TypeRef                                          : loaded 3 times (x 68B)
Class com.sun.xml.bind.Util                                                           : loaded 3 times (x 69B)
Class [Lcom.google.gson.stream.JsonToken;                                             : loaded 3 times (x 67B)
Class com.android.tools.build.jetifier.core.config.Config                             : loaded 3 times (x 70B)
Class [Lcom.sun.xml.bind.v2.model.core.ID;                                            : loaded 3 times (x 67B)
Class android.databinding.annotationprocessor.ProcessDataBinding                      : loaded 3 times (x 85B)
Class com.android.tools.build.jetifier.core.proguard.ProGuardType                     : loaded 3 times (x 70B)
Class com.android.tools.build.jetifier.core.rule.RewriteRulesMap$Companion            : loaded 3 times (x 69B)
Class com.sun.xml.bind.v2.runtime.reflect.Accessor$SetterOnlyReflection               : loaded 3 times (x 83B)
Class javax.xml.bind.annotation.XmlTransient                                          : loaded 3 times (x 68B)
Class [Lcom.sun.xml.bind.v2.model.annotation.Locatable;                               : loaded 3 times (x 67B)
Class com.google.common.collect.Iterables                                             : loaded 3 times (x 69B)
Class com.sun.xml.bind.v2.model.core.Element                                          : loaded 3 times (x 68B)
Class javax.xml.bind.annotation.XmlElement                                            : loaded 3 times (x 68B)
Class kotlin.reflect.jvm.internal.KPropertyImpl$_descriptor$1                         : loaded 3 times (x 77B)
Class com.google.common.collect.Maps$FilteredEntryMap$EntrySet$1$1                    : loaded 3 times (x 85B)
Class com.sun.xml.bind.v2.runtime.Location                                            : loaded 3 times (x 68B)
Class com.sun.xml.bind.v2.runtime.unmarshaller.ChildLoader                            : loaded 3 times (x 70B)
Class com.sun.xml.bind.v2.model.runtime.RuntimeValuePropertyInfo                      : loaded 3 times (x 68B)
Class com.sun.xml.bind.v2.runtime.unmarshaller.TextLoader                             : loaded 3 times (x 76B)
Class com.sun.xml.bind.v2.runtime.NameBuilder                                         : loaded 3 times (x 70B)
Class com.sun.xml.bind.v2.model.impl.ModelBuilder                                     : loaded 3 times (x 90B)
Class com.android.tools.build.jetifier.core.utils.LogConsumer                         : loaded 3 times (x 68B)
Class com.sun.xml.bind.v2.model.core.AttributePropertyInfo                            : loaded 3 times (x 68B)
Class kotlin.text.Regex$Companion                                                     : loaded 3 times (x 69B)
Class javax.xml.bind.annotation.XmlValue                                              : loaded 3 times (x 68B)
Class com.sun.xml.bind.unmarshaller.InfosetScanner                                    : loaded 3 times (x 68B)
Class [Lcom.sun.xml.bind.v2.runtime.property.PropertyImpl;                            : loaded 3 times (x 67B)
Class com.sun.xml.bind.InternalAccessorFactory                                        : loaded 3 times (x 68B)
Class com.android.tools.build.jetifier.core.PackageMap$PackageRule                    : loaded 3 times (x 70B)
Class com.google.common.collect.Maps$FilteredEntryMap$EntrySet$1                      : loaded 3 times (x 80B)
Class com.sun.xml.bind.v2.model.impl.ERPropertyInfoImpl                               : loaded 3 times (x 106B)
Class [Lcom.google.gson.ToNumberStrategy;                                             : loaded 3 times (x 67B)
Class com.sun.xml.bind.v2.runtime.reflect.TransducedAccessor$CompositeTransducedAccessorImpl: loaded 3 times (x 77B)
Class com.sun.xml.bind.v2.runtime.unmarshaller.UnmarshallerImpl                       : loaded 3 times (x 137B)
Class com.android.tools.build.jetifier.core.proguard.ProGuardTypesMap                 : loaded 3 times (x 70B)
Class com.sun.xml.bind.v2.model.impl.RuntimeAnyTypeImpl                               : loaded 3 times (x 92B)
Class kotlin.reflect.KClassifier                                                      : loaded 3 times (x 68B)
Class kotlin.reflect.KMutableProperty                                                 : loaded 3 times (x 68B)
Class com.android.tools.build.jetifier.core.proguard.ProGuardTypesMap$expandedRules$2 : loaded 3 times (x 77B)
Class kotlin.reflect.jvm.internal.KotlinReflectionInternalError                       : loaded 3 times (x 80B)
Class com.sun.xml.bind.v2.runtime.reflect.PrimitiveArrayListerFloat                   : loaded 3 times (x 74B)
Class com.google.gson.JsonElement                                                     : loaded 3 times (x 90B)
Class javax.xml.bind.ValidationEventHandler                                           : loaded 3 times (x 68B)
Class javax.activation.MimeTypeParseException                                         : loaded 3 times (x 80B)
Class com.squareup.javapoet.ArrayTypeName                                             : loaded 3 times (x 79B)
Class com.sun.xml.bind.v2.runtime.AnyTypeBeanInfo                                     : loaded 3 times (x 90B)
Class com.sun.xml.bind.v2.runtime.CompositeStructureBeanInfo                          : loaded 3 times (x 96B)
Class com.sun.xml.bind.api.impl.NameConverter$Standard                                : loaded 3 times (x 91B)
Class com.sun.xml.bind.v2.runtime.BridgeImpl                                          : loaded 3 times (x 85B)
Class com.sun.xml.bind.v2.model.impl.Util                                             : loaded 3 times (x 69B)
Class javax.xml.bind.helpers.AbstractUnmarshallerImpl                                 : loaded 3 times (x 128B)
Class com.sun.xml.bind.v2.runtime.reflect.PrimitiveArrayListerBoolean                 : loaded 3 times (x 74B)
Class kotlin.reflect.jvm.internal.KPackageImpl                                        : loaded 3 times (x 83B)
Class android.databinding.tool.CompilerArguments$Companion                            : loaded 3 times (x 69B)
Class com.google.gson.internal.UnsafeAllocator$4                                      : loaded 3 times (x 70B)
Class com.sun.xml.bind.v2.model.annotation.AnnotationSource                           : loaded 3 times (x 68B)
Class [Lcom.squareup.javapoet.TypeSpec$Kind;                                          : loaded 3 times (x 67B)
Class com.google.gson.internal.bind.SerializationDelegatingTypeAdapter                : loaded 3 times (x 72B)
Class com.google.gson.internal.UnsafeAllocator$3                                      : loaded 3 times (x 71B)
Class javax.xml.bind.annotation.XmlAttribute                                          : loaded 3 times (x 68B)
Class javax.xml.bind.ValidationEvent                                                  : loaded 3 times (x 68B)
Class com.google.common.base.Optional                                                 : loaded 3 times (x 78B)
Class com.sun.xml.bind.v2.runtime.reflect.PrimitiveArrayListerCharacter               : loaded 3 times (x 74B)
Class com.sun.xml.bind.v2.model.impl.RuntimeTypeRefImpl                               : loaded 3 times (x 94B)
Class com.sun.xml.bind.v2.runtime.reflect.Accessor$GetterSetterReflection             : loaded 3 times (x 83B)
Class com.google.gson.internal.bind.JsonTreeReader                                    : loaded 3 times (x 96B)
Class com.google.common.base.FunctionalEquivalence                                    : loaded 3 times (x 81B)
Class com.google.gson.internal.UnsafeAllocator$2                                      : loaded 3 times (x 71B)
Class com.google.gson.internal.UnsafeAllocator$1                                      : loaded 3 times (x 71B)
Class com.google.gson.internal.LinkedTreeMap$1                                        : loaded 3 times (x 89B)
Class com.google.common.collect.Maps$FilteredEntryMap                                 : loaded 3 times (x 126B)
Class com.google.gson.FieldNamingStrategy                                             : loaded 3 times (x 68B)
Class com.google.gson.TypeAdapter                                                     : loaded 3 times (x 71B)
Class com.google.common.base.CaseFormat$5                                             : loaded 3 times (x 81B)
Class com.sun.xml.bind.v2.util.ByteArrayOutputStreamEx                                : loaded 3 times (x 92B)
Class com.google.common.base.CaseFormat$4                                             : loaded 3 times (x 81B)
Class com.sun.xml.bind.v2.model.core.ReferencePropertyInfo                            : loaded 3 times (x 68B)
Class javax.xml.bind.annotation.XmlList                                               : loaded 3 times (x 68B)
Class com.google.common.base.CaseFormat$3                                             : loaded 3 times (x 81B)
Class com.sun.xml.bind.v2.model.impl.ReferencePropertyInfoImpl                        : loaded 3 times (x 125B)
Class com.google.gson.Gson$5                                                          : loaded 3 times (x 74B)
Class com.google.common.base.CaseFormat$2                                             : loaded 3 times (x 81B)
Class com.sun.istack.FinalArrayList                                                   : loaded 3 times (x 169B)
Class com.google.gson.Gson$4                                                          : loaded 3 times (x 74B)
Class com.google.gson.internal.JsonReaderInternalAccess                               : loaded 3 times (x 70B)
Class com.android.tools.build.jetifier.core.config.Config$Companion                   : loaded 3 times (x 69B)
Class com.google.common.base.CaseFormat$1                                             : loaded 3 times (x 81B)
Class com.google.gson.Gson$3                                                          : loaded 3 times (x 73B)
Class com.sun.xml.bind.v2.runtime.property.SingleElementNodeProperty                  : loaded 3 times (x 100B)
Class com.sun.xml.bind.v2.model.core.ClassInfo                                        : loaded 3 times (x 68B)
Class com.google.gson.Gson$2                                                          : loaded 3 times (x 74B)
Class com.sun.xml.bind.DatatypeConverterImpl                                          : loaded 3 times (x 109B)
Class [Lkotlin.LazyThreadSafetyMode;                                                  : loaded 3 times (x 67B)
Class javax.xml.bind.UnmarshallerHandler                                              : loaded 3 times (x 68B)
Class com.google.gson.Gson$1                                                          : loaded 3 times (x 74B)
Class [Lcom.sun.xml.bind.v2.runtime.unmarshaller.Scope;                               : loaded 3 times (x 67B)
Class com.android.tools.build.jetifier.core.config.ConfigParser                       : loaded 3 times (x 69B)
Class com.sun.xml.bind.v2.runtime.unmarshaller.Receiver                               : loaded 3 times (x 68B)
Class com.google.common.base.CaseFormat                                               : loaded 3 times (x 81B)
Class javax.xml.bind.annotation.XmlElementDecl                                        : loaded 3 times (x 68B)
Class com.sun.xml.bind.v2.runtime.BinderImpl                                          : loaded 3 times (x 84B)
Class com.google.gson.internal.bind.TypeAdapters$10                                   : loaded 3 times (x 73B)
Class org.apache.commons.io.FileUtils                                                 : loaded 3 times (x 69B)
Class com.sun.xml.bind.v2.model.impl.PropertySeed                                     : loaded 3 times (x 68B)
Class com.sun.xml.bind.v2.model.impl.RuntimeReferencePropertyInfoImpl                 : loaded 3 times (x 139B)
Class javax.xml.bind.annotation.XmlMimeType                                           : loaded 3 times (x 68B)
Class com.sun.xml.bind.v2.runtime.unmarshaller.XsiNilLoader$Array                     : loaded 3 times (x 78B)
Class kotlin.reflect.jvm.internal.KCallableImpl$_annotations$1                        : loaded 3 times (x 77B)
Class com.sun.xml.bind.v2.runtime.reflect.Lister                                      : loaded 3 times (x 74B)
Class com.google.gson.internal.bind.CollectionTypeAdapterFactory$Adapter              : loaded 3 times (x 72B)
Class [Ljavax.xml.bind.annotation.XmlAccessOrder;                                     : loaded 3 times (x 67B)
Class com.google.gson.internal.bind.TypeAdapters$11                                   : loaded 3 times (x 73B)
Class com.sun.xml.bind.v2.runtime.ElementBeanInfoImpl$IntercepterLoader               : loaded 3 times (x 79B)
Class com.sun.xml.bind.v2.model.annotation.AnnotationReader                           : loaded 3 times (x 68B)
Class com.google.gson.internal.bind.ArrayTypeAdapter$1                                : loaded 3 times (x 73B)
Class com.sun.xml.bind.v2.model.impl.ClassInfoImpl$ConflictException                  : loaded 3 times (x 80B)
Class javax.xml.bind.Marshaller                                                       : loaded 3 times (x 68B)
Class com.google.gson.internal.bind.DefaultDateTypeAdapter                            : loaded 3 times (x 72B)
Class kotlin.reflect.jvm.internal.KDeclarationContainerImpl                           : loaded 3 times (x 82B)
Class javax.xml.bind.annotation.XmlSeeAlso                                            : loaded 3 times (x 68B)
Class com.sun.xml.bind.v2.runtime.property.ArrayERProperty                            : loaded 3 times (x 102B)
Class com.google.common.collect.ImmutableMultiset                                     : loaded 3 times (x 161B)
Class com.sun.xml.bind.v2.runtime.reflect.ListTransducedAccessorImpl                  : loaded 3 times (x 78B)
Class com.google.gson.internal.bind.TypeAdapters$12                                   : loaded 3 times (x 73B)
Class com.google.gson.internal.bind.TypeAdapters$13                                   : loaded 3 times (x 73B)
Class com.squareup.javapoet.CodeBlock$Builder                                         : loaded 3 times (x 70B)
Class javax.xml.bind.JAXBElement                                                      : loaded 3 times (x 79B)
Class com.google.common.collect.ImmutableSortedSet$Builder                            : loaded 3 times (x 84B)
Class com.sun.xml.bind.v2.runtime.property.ArrayERProperty$ItemsLoader                : loaded 3 times (x 76B)
Class com.sun.xml.bind.annotation.XmlLocation                                         : loaded 3 times (x 68B)
Class com.sun.xml.bind.v2.model.annotation.Init                                       : loaded 3 times (x 69B)
Class com.google.gson.ReflectionAccessFilter$FilterResult                             : loaded 3 times (x 77B)
Class com.sun.xml.bind.v2.runtime.reflect.Lister$CollectionLister                     : loaded 3 times (x 75B)
Class javax.xml.bind.JAXBIntrospector                                                 : loaded 3 times (x 71B)
Class com.sun.xml.bind.v2.model.impl.ArrayInfoImpl                                    : loaded 3 times (x 96B)
Class com.sun.xml.bind.v2.model.nav.ReflectionNavigator$10                            : loaded 3 times (x 75B)
Class javax.xml.bind.annotation.XmlElementRef                                         : loaded 3 times (x 68B)
Class com.sun.xml.bind.v2.runtime.reflect.PrimitiveArrayListerShort                   : loaded 3 times (x 74B)
Class com.sun.xml.bind.v2.runtime.AttributeAccessor                                   : loaded 3 times (x 68B)
Class com.google.gson.internal.bind.TypeAdapters$14                                   : loaded 3 times (x 73B)
Class [Ljavax.xml.bind.annotation.XmlElement;                                         : loaded 3 times (x 67B)
Class com.google.gson.internal.sql.SqlTypesSupport                                    : loaded 3 times (x 69B)
Class kotlin.reflect.KProperty$Getter                                                 : loaded 3 times (x 68B)
Class kotlin.reflect.jvm.internal.KCallableImpl$_typeParameters$1                     : loaded 3 times (x 77B)
Class com.sun.xml.bind.v2.runtime.BridgeAdapter                                       : loaded 3 times (x 85B)
Class android.databinding.tool.util.L$Client                                          : loaded 3 times (x 68B)
Class com.google.common.collect.Sets$1$1                                              : loaded 3 times (x 80B)
Class com.sun.xml.bind.v2.model.runtime.RuntimeAttributePropertyInfo                  : loaded 3 times (x 68B)
Class com.sun.xml.bind.v2.runtime.unmarshaller.StructureLoader                        : loaded 3 times (x 76B)
Class com.squareup.javapoet.LineWrapper                                               : loaded 3 times (x 70B)
Class kotlin.reflect.jvm.internal.ReflectProperties$Val                               : loaded 3 times (x 72B)
Class com.sun.xml.bind.api.CompositeStructure                                         : loaded 3 times (x 70B)
Class com.sun.xml.bind.v2.runtime.NameList                                            : loaded 3 times (x 70B)
Class kotlin.properties.ReadOnlyProperty                                              : loaded 3 times (x 68B)
Class com.android.tools.build.jetifier.core.pom.PomRewriteRule$JsonData               : loaded 3 times (x 70B)
Class com.google.common.base.PairwiseEquivalence                                      : loaded 3 times (x 81B)
Class com.google.gson.internal.bind.TypeAdapters$15                                   : loaded 3 times (x 73B)
Class com.google.gson.internal.bind.ObjectTypeAdapter                                 : loaded 3 times (x 72B)
Class com.sun.xml.bind.v2.runtime.IllegalAnnotationsException                         : loaded 3 times (x 84B)
Class com.sun.xml.bind.v2.model.core.Ref                                              : loaded 3 times (x 70B)
Class com.google.gson.internal.reflect.ReflectionHelper$RecordHelper                  : loaded 3 times (x 73B)
Class com.google.gson.internal.bind.TypeAdapters$16                                   : loaded 3 times (x 73B)
Class javax.xml.bind.annotation.XmlAccessOrder                                        : loaded 3 times (x 77B)
Class com.sun.xml.bind.api.RawAccessor                                                : loaded 3 times (x 71B)
Class com.google.gson.TypeAdapterFactory                                              : loaded 3 times (x 68B)
Class com.sun.xml.bind.v2.runtime.unmarshaller.UnmarshallingContext$DefaultRootLoader : loaded 3 times (x 78B)
Class com.sun.xml.bind.v2.runtime.unmarshaller.UnmarshallingContext                   : loaded 3 times (x 101B)
Class [Lcom.google.gson.LongSerializationPolicy;                                      : loaded 3 times (x 67B)
Class com.google.gson.JsonParseException                                              : loaded 3 times (x 80B)
Class com.sun.xml.bind.v2.model.annotation.XmlRootElementQuick                        : loaded 3 times (x 90B)
Class kotlin.reflect.full.IllegalCallableAccessException                              : loaded 3 times (x 80B)
Class com.sun.xml.bind.v2.model.core.ElementPropertyInfo                              : loaded 3 times (x 68B)
Class com.google.common.collect.ForwardingCollection                                  : loaded 3 times (x 128B)
Class com.google.gson.reflect.TypeToken                                               : loaded 3 times (x 73B)
Class com.google.gson.internal.sql.SqlTimestampTypeAdapter                            : loaded 3 times (x 74B)
Class com.sun.xml.bind.v2.model.core.TypeInfoSet                                      : loaded 3 times (x 68B)
Class com.sun.xml.bind.v2.runtime.property.ArrayElementNodeProperty                   : loaded 3 times (x 103B)
Class com.google.gson.internal.bind.TypeAdapters$17                                   : loaded 3 times (x 73B)
Class com.google.gson.internal.bind.ReflectiveTypeAdapterFactory$Adapter              : loaded 3 times (x 75B)
Class com.sun.xml.bind.v2.runtime.reflect.Accessor$GetterOnlyReflection               : loaded 3 times (x 83B)
Class com.sun.xml.bind.v2.model.impl.Utils                                            : loaded 3 times (x 69B)
Class com.google.gson.internal.Excluder                                               : loaded 3 times (x 73B)
Class com.sun.xml.bind.v2.model.impl.BuiltinLeafInfoImpl                              : loaded 3 times (x 103B)
Class com.sun.xml.bind.v2.runtime.unmarshaller.Scope                                  : loaded 3 times (x 70B)
Class com.sun.xml.bind.v2.model.annotation.XmlElementQuick                            : loaded 3 times (x 94B)
Class com.sun.xml.bind.AccessorFactory                                                : loaded 3 times (x 68B)
Class com.sun.xml.bind.v2.runtime.reflect.Accessor$ReadOnlyFieldReflection            : loaded 3 times (x 83B)
Class com.sun.xml.bind.v2.runtime.property.SingleElementLeafProperty                  : loaded 3 times (x 100B)
Class kotlin.reflect.jvm.internal.KPackageImpl$data$1                                 : loaded 3 times (x 77B)
Class com.sun.xml.bind.v2.model.impl.RuntimeClassInfoImpl$RuntimePropertySeed         : loaded 3 times (x 82B)
Class javax.xml.bind.annotation.XmlSchema                                             : loaded 3 times (x 68B)
Class javax.xml.bind.annotation.adapters.XmlJavaTypeAdapters                          : loaded 3 times (x 68B)
Class com.sun.xml.bind.v2.model.impl.RuntimeAttributePropertyInfoImpl                 : loaded 3 times (x 142B)
Class com.google.gson.internal.bind.TypeAdapters$18                                   : loaded 3 times (x 73B)
Class [Lcom.google.gson.FieldNamingStrategy;                                          : loaded 3 times (x 67B)
Class com.sun.xml.bind.v2.model.nav.ParameterizedTypeImpl                             : loaded 3 times (x 83B)
Class kotlin.collections.MapWithDefault                                               : loaded 3 times (x 68B)
Class com.sun.xml.bind.api.ErrorListener                                              : loaded 3 times (x 68B)
Class com.android.tools.build.jetifier.core.rule.RewriteRule$Companion                : loaded 3 times (x 69B)
Class com.sun.xml.bind.v2.runtime.unmarshaller.XsiNilLoader                           : loaded 3 times (x 78B)
Class kotlin.jvm.internal.PropertyReference2                                          : loaded 3 times (x 125B)
Class com.google.common.collect.ImmutableMultimap$1                                   : loaded 3 times (x 80B)
Class com.google.gson.internal.bind.ReflectiveTypeAdapterFactory$RecordAdapter        : loaded 3 times (x 75B)
Class kotlin.jvm.internal.PropertyReference1                                          : loaded 3 times (x 125B)
Class com.google.gson.internal.bind.TypeAdapters$19                                   : loaded 3 times (x 73B)
Class com.sun.xml.bind.v2.model.runtime.RuntimeTypeInfoSet                            : loaded 3 times (x 68B)
Class com.google.gson.ToNumberPolicy$4                                                : loaded 3 times (x 81B)
Class com.google.common.collect.ImmutableMultimap$2                                   : loaded 3 times (x 79B)
Class com.google.gson.internal.LazilyParsedNumber                                     : loaded 3 times (x 76B)
Class com.sun.xml.bind.v2.runtime.JAXBContextImpl                                     : loaded 3 times (x 88B)
Class com.sun.xml.bind.v2.model.impl.ClassInfoImpl                                    : loaded 3 times (x 135B)
Class com.google.gson.internal.sql.SqlTimestampTypeAdapter$1                          : loaded 3 times (x 73B)
Class kotlin.jvm.internal.PropertyReference0                                          : loaded 3 times (x 125B)
Class com.google.gson.ToNumberPolicy$3                                                : loaded 3 times (x 81B)
Class com.google.gson.annotations.SerializedName                                      : loaded 3 times (x 68B)
Class com.google.gson.ToNumberPolicy$2                                                : loaded 3 times (x 81B)
Class javax.xml.bind.annotation.XmlAttachmentRef                                      : loaded 3 times (x 68B)
Class com.sun.xml.bind.v2.model.impl.RuntimeElementPropertyInfoImpl                   : loaded 3 times (x 137B)
Class com.sun.xml.bind.v2.runtime.BridgeContextImpl                                   : loaded 3 times (x 75B)
Class dagger.hilt.processor.internal.optionvalues.GradleProjectType                   : loaded 3 times (x 77B)
Class javax.xml.bind.annotation.XmlElement$DEFAULT                                    : loaded 3 times (x 69B)
Class com.android.tools.build.jetifier.core.rule.RewriteRulesMap                      : loaded 3 times (x 70B)
Class com.android.tools.build.jetifier.core.type.TypesMap$Companion                   : loaded 3 times (x 69B)
Class com.google.gson.ToNumberPolicy$1                                                : loaded 3 times (x 81B)
Class com.google.gson.internal.bind.NumberTypeAdapter$1                               : loaded 3 times (x 74B)
Class com.sun.xml.bind.v2.model.core.ID                                               : loaded 3 times (x 77B)
Class com.sun.xml.bind.v2.runtime.RuntimeUtil                                         : loaded 3 times (x 69B)
Class com.sun.xml.bind.v2.runtime.unmarshaller.LocatorEx                              : loaded 3 times (x 68B)
Class javax.xml.bind.JAXBContext                                                      : loaded 3 times (x 76B)
Class com.sun.xml.bind.v2.model.impl.AttributePropertyInfoImpl                        : loaded 3 times (x 122B)
Class com.android.tools.build.jetifier.core.type.TypesMap                             : loaded 3 times (x 70B)
Class com.squareup.javapoet.TypeSpec$Kind                                             : loaded 3 times (x 77B)
Class com.google.gson.internal.Streams$AppendableWriter                               : loaded 3 times (x 97B)
Class com.sun.xml.bind.v2.runtime.reflect.Lister$ArrayLister                          : loaded 3 times (x 75B)
Class com.sun.xml.bind.v2.model.impl.RuntimeElementInfoImpl                           : loaded 3 times (x 117B)
Class com.google.gson.internal.bind.ArrayTypeAdapter                                  : loaded 3 times (x 72B)
Class com.sun.xml.bind.api.impl.NameUtil                                              : loaded 3 times (x 78B)
Class com.sun.xml.bind.v2.runtime.unmarshaller.LeafPropertyXsiLoader                  : loaded 3 times (x 76B)
Class com.google.gson.internal.bind.TreeTypeAdapter                                   : loaded 3 times (x 73B)
Class com.sun.xml.bind.v2.model.runtime.RuntimeNonElementRef                          : loaded 3 times (x 68B)
Class com.sun.xml.bind.v2.model.core.LeafInfo                                         : loaded 3 times (x 68B)
Class com.google.gson.internal.LinkedTreeMap$EntrySet$1                               : loaded 3 times (x 79B)
Class kotlin.collections.CollectionsKt___CollectionsKt$withIndex$1                    : loaded 3 times (x 77B)
Class com.sun.xml.bind.v2.model.impl.RuntimeBuiltinLeafInfoImpl$PcdataImpl            : loaded 3 times (x 132B)
Class com.sun.xml.bind.api.impl.NameConverter                                         : loaded 3 times (x 68B)
Class com.sun.xml.bind.api.impl.NameConverter$1                                       : loaded 3 times (x 91B)
Class [Lkotlin.reflect.KCallable;                                                     : loaded 3 times (x 67B)
Class android.databinding.tool.util.L                                                 : loaded 3 times (x 69B)
Class com.google.gson.internal.bind.ReflectiveTypeAdapterFactory$FieldReflectionAdapter: loaded 3 times (x 75B)
Class com.sun.xml.bind.v2.model.nav.ReflectionNavigator$BinderArg                     : loaded 3 times (x 71B)
Class kotlin.reflect.jvm.internal.ReflectProperties$Val$1                             : loaded 3 times (x 69B)
Class com.sun.xml.bind.v2.model.impl.ElementPropertyInfoImpl                          : loaded 3 times (x 121B)
Class com.sun.xml.bind.api.impl.NameConverter$2                                       : loaded 3 times (x 91B)
Class javax.xml.bind.annotation.XmlType                                               : loaded 3 times (x 68B)
Class com.sun.xml.bind.v2.runtime.property.SingleMapNodeProperty$2                    : loaded 3 times (x 76B)
Class com.android.tools.build.jetifier.core.utils.LogLevel                            : loaded 3 times (x 77B)
Class com.google.common.collect.EmptyImmutableListMultimap                            : loaded 3 times (x 174B)
Class com.google.gson.GsonBuilder                                                     : loaded 3 times (x 70B)
Class com.sun.xml.bind.v2.runtime.property.SingleMapNodeProperty$1                    : loaded 3 times (x 76B)
Class org.apache.commons.io.output.NullWriter                                         : loaded 3 times (x 97B)
Class javax.xml.bind.annotation.XmlAccessorType                                       : loaded 3 times (x 68B)
Class com.sun.xml.bind.v2.runtime.unmarshaller.DefaultValueLoaderDecorator            : loaded 3 times (x 76B)
Class com.google.gson.FieldNamingPolicy                                               : loaded 3 times (x 81B)
Class javax.xml.bind.annotation.XmlRegistry                                           : loaded 3 times (x 68B)
Class com.sun.xml.bind.v2.runtime.unmarshaller.DomLoader                              : loaded 3 times (x 76B)
Class javax.xml.bind.annotation.XmlAccessType                                         : loaded 3 times (x 77B)
Class com.sun.xml.bind.v2.util.FlattenIterator                                        : loaded 3 times (x 77B)
Class [Lcom.sun.xml.bind.v2.util.QNameMap$Entry;                                      : loaded 3 times (x 67B)
Class com.sun.xml.bind.v2.runtime.property.SingleReferenceNodeProperty                : loaded 3 times (x 100B)
Class com.android.tools.build.jetifier.core.PackageMap                                : loaded 3 times (x 70B)
Class javax.xml.bind.UnmarshalException                                               : loaded 3 times (x 83B)
Class com.sun.xml.bind.v2.runtime.reflect.AdaptedAccessor                             : loaded 3 times (x 83B)
Class javax.xml.bind.DatatypeConverterInterface                                       : loaded 3 times (x 68B)
Class com.sun.xml.bind.v2.runtime.IllegalAnnotationsException$Builder                 : loaded 3 times (x 75B)
Class com.google.common.base.Absent                                                   : loaded 3 times (x 78B)
Class com.google.common.base.CaseFormat$StringConverter                               : loaded 3 times (x 88B)
Class kotlin.LazyThreadSafetyMode                                                     : loaded 3 times (x 77B)
Class com.squareup.javapoet.TypeSpec$Builder                                          : loaded 3 times (x 70B)
Class com.sun.xml.bind.v2.model.impl.ValuePropertyInfoImpl                            : loaded 3 times (x 118B)
Class com.sun.xml.bind.v2.model.impl.GetterSetterPropertySeed                         : loaded 3 times (x 88B)
Class com.sun.xml.bind.v2.runtime.property.Property                                   : loaded 3 times (x 68B)
Class com.sun.xml.bind.v2.model.runtime.RuntimeTypeInfo                               : loaded 3 times (x 68B)
Class com.sun.xml.bind.v2.runtime.reflect.Utils                                       : loaded 3 times (x 69B)
Class kotlin.UnsafeLazyImpl                                                           : loaded 3 times (x 74B)
Class javax.xml.bind.annotation.XmlMixed                                              : loaded 3 times (x 68B)
Class com.sun.xml.bind.api.BridgeContext                                              : loaded 3 times (x 74B)
Class com.android.tools.build.jetifier.core.type.JavaType                             : loaded 3 times (x 70B)
Class com.sun.xml.bind.v2.model.impl.LeafInfoImpl                                     : loaded 3 times (x 100B)
Class com.sun.xml.bind.v2.model.core.BuiltinLeafInfo                                  : loaded 3 times (x 68B)
Class com.sun.xml.bind.v2.runtime.property.Utils$1                                    : loaded 3 times (x 75B)
Class com.sun.xml.bind.v2.runtime.reflect.Accessor$1                                  : loaded 3 times (x 83B)
Class com.sun.xml.bind.v2.model.core.TypeInfo                                         : loaded 3 times (x 68B)
Class kotlin.Triple                                                                   : loaded 3 times (x 70B)
Class com.sun.xml.bind.v2.runtime.reflect.Accessor$2                                  : loaded 3 times (x 85B)
Class javax.xml.bind.annotation.XmlAnyAttribute                                       : loaded 3 times (x 68B)
Class com.sun.xml.bind.v2.model.impl.ClassInfoImpl$PropertyGroup                      : loaded 3 times (x 77B)
Class com.squareup.javapoet.ParameterizedTypeName                                     : loaded 3 times (x 79B)
Class [Ldagger.hilt.processor.internal.optionvalues.GradleProjectType;                : loaded 3 times (x 67B)
Class com.sun.xml.bind.v2.runtime.property.ArrayReferenceNodeProperty                 : loaded 3 times (x 102B)
Class com.sun.xml.bind.v2.model.annotation.LocatableAnnotation                        : loaded 3 times (x 83B)
Class com.google.gson.internal.bind.ObjectTypeAdapter$1                               : loaded 3 times (x 74B)
Class com.google.common.collect.ForwardingSet                                         : loaded 3 times (x 149B)
Class com.sun.xml.bind.v2.model.runtime.RuntimeNonElement                             : loaded 3 times (x 68B)
Class org.apache.commons.io.CloseableURLConnection                                    : loaded 3 times (x 115B)
Class com.sun.xml.bind.v2.model.impl.TypeInfoSetImpl$1                                : loaded 3 times (x 78B)
Class com.google.gson.internal.bind.TypeAdapters$1                                    : loaded 3 times (x 73B)
Class com.google.gson.JsonIOException                                                 : loaded 3 times (x 80B)
Class com.google.gson.internal.bind.TypeAdapters$2                                    : loaded 3 times (x 73B)
Class com.sun.xml.bind.v2.model.runtime.RuntimeElement                                : loaded 3 times (x 68B)
Class kotlin.jvm.internal.ReflectionFactory                                           : loaded 3 times (x 89B)
Class com.sun.xml.bind.v2.model.impl.RuntimeModelBuilder                              : loaded 3 times (x 98B)
Class com.google.gson.internal.bind.TypeAdapters$3                                    : loaded 3 times (x 73B)
Class com.google.gson.internal.bind.TypeAdapters$20                                   : loaded 3 times (x 73B)
Class com.sun.xml.bind.v2.model.runtime.RuntimeElementPropertyInfo                    : loaded 3 times (x 68B)
Class com.google.gson.internal.bind.TypeAdapters$4                                    : loaded 3 times (x 73B)
Class com.sun.xml.bind.v2.model.runtime.RuntimeTypeRef                                : loaded 3 times (x 68B)
Class com.google.gson.internal.bind.TypeAdapters$5                                    : loaded 3 times (x 73B)
Class com.google.gson.internal.bind.TypeAdapters$21                                   : loaded 3 times (x 73B)
Class com.sun.istack.Pool                                                             : loaded 3 times (x 68B)
Class com.google.gson.internal.bind.TypeAdapters$6                                    : loaded 3 times (x 73B)
Class kotlin.reflect.jvm.internal.KProperty1Impl$delegateSource$1                     : loaded 3 times (x 77B)
Class android.databinding.tool.CompilerArguments$Type                                 : loaded 3 times (x 77B)
Class com.google.gson.internal.bind.TypeAdapters$7                                    : loaded 3 times (x 73B)
Class com.android.tools.build.jetifier.core.pom.PomRewriteRule                        : loaded 3 times (x 70B)
Class com.google.gson.internal.bind.TypeAdapters$8                                    : loaded 3 times (x 73B)
Class com.sun.xml.bind.v2.runtime.unmarshaller.XsiNilLoader$Single                    : loaded 3 times (x 78B)
Class com.google.gson.internal.bind.TypeAdapters$9                                    : loaded 3 times (x 73B)
Class com.sun.xml.bind.v2.runtime.property.SingleMapNodeProperty                      : loaded 3 times (x 100B)
Class com.google.gson.stream.JsonToken                                                : loaded 3 times (x 77B)
Class kotlin.jvm.internal.ArrayIterator                                               : loaded 3 times (x 77B)
Class com.google.gson.internal.bind.TypeAdapters$22                                   : loaded 3 times (x 73B)
Class com.sun.xml.bind.v2.model.annotation.RuntimeAnnotationReader                    : loaded 3 times (x 68B)
Class com.sun.xml.bind.v2.runtime.property.UnmarshallerChain                          : loaded 3 times (x 70B)
Class com.android.tools.build.jetifier.core.utils.StdOutLogConsumer                   : loaded 3 times (x 75B)
Class com.sun.xml.bind.v2.model.impl.ClassInfoImpl$SecondaryAnnotation                : loaded 3 times (x 78B)
Class [Lcom.google.common.base.CaseFormat;                                            : loaded 3 times (x 67B)
Class com.google.gson.internal.bind.TypeAdapters$23                                   : loaded 3 times (x 73B)
Class com.android.tools.build.jetifier.core.pom.DependencyVersionsMap                 : loaded 3 times (x 70B)
Class javax.xml.bind.annotation.XmlElementRefs                                        : loaded 3 times (x 68B)
Class com.google.gson.internal.bind.TypeAdapters$24                                   : loaded 3 times (x 73B)
Class com.sun.xml.bind.v2.model.annotation.XmlSchemaTypeQuick                         : loaded 3 times (x 91B)
Class com.sun.xml.bind.v2.model.impl.ModelBuilderI                                    : loaded 3 times (x 68B)
Class com.sun.xml.bind.v2.runtime.reflect.Accessor                                    : loaded 3 times (x 83B)
Class com.sun.xml.bind.v2.runtime.property.Utils                                      : loaded 3 times (x 69B)
Class com.android.tools.build.jetifier.core.rule.RewriteRule                          : loaded 3 times (x 70B)
Class com.google.gson.internal.bind.TypeAdapters$25                                   : loaded 3 times (x 73B)
Class com.google.gson.internal.bind.TypeAdapters$26                                   : loaded 3 times (x 73B)
Class com.sun.xml.bind.v2.model.impl.RuntimeValuePropertyInfoImpl                     : loaded 3 times (x 133B)
Class com.sun.xml.bind.v2.model.impl.RuntimeBuiltinLeafInfoImpl$10$1                  : loaded 3 times (x 354B)
Class javax.xml.bind.annotation.XmlSchemaTypes                                        : loaded 3 times (x 68B)
Class com.google.gson.internal.bind.TypeAdapters$27                                   : loaded 3 times (x 73B)
Class com.sun.xml.bind.v2.runtime.property.PropertyImpl                               : loaded 3 times (x 100B)
Class com.android.tools.build.jetifier.core.type.JavaType$Companion                   : loaded 3 times (x 69B)
Class com.sun.xml.bind.v2.runtime.property.TagAndType                                 : loaded 3 times (x 70B)
Class com.sun.xml.bind.v2.runtime.reflect.PrimitiveArrayListerInteger                 : loaded 3 times (x 74B)
Class com.google.gson.ToNumberPolicy                                                  : loaded 3 times (x 81B)
Class com.google.gson.internal.bind.NumberTypeAdapter                                 : loaded 3 times (x 72B)
Class javax.xml.bind.annotation.XmlElements                                           : loaded 3 times (x 68B)
Class com.google.gson.internal.bind.TypeAdapters$28                                   : loaded 3 times (x 73B)
Class com.sun.xml.bind.v2.runtime.ClassBeanInfoImpl                                   : loaded 3 times (x 90B)
Class com.sun.xml.bind.v2.runtime.ElementBeanInfoImpl                                 : loaded 3 times (x 87B)
Class com.google.gson.internal.bind.TypeAdapters$29                                   : loaded 3 times (x 73B)
Class com.google.common.base.Equivalence$Equals                                       : loaded 3 times (x 80B)
Class com.squareup.javapoet.ClassName                                                 : loaded 3 times (x 82B)
Class com.sun.xml.bind.v2.model.impl.RuntimeBuiltinLeafInfoImpl$StringImpl            : loaded 3 times (x 132B)
Class com.sun.xml.bind.v2.model.runtime.RuntimeElementInfo                            : loaded 3 times (x 68B)
Class com.sun.xml.bind.v2.runtime.property.AttributeProperty                          : loaded 3 times (x 103B)
Class kotlin.reflect.full.IllegalPropertyDelegateAccessException                      : loaded 3 times (x 80B)
Class [Lkotlin.reflect.KClassifier;                                                   : loaded 3 times (x 67B)
Class com.google.gson.internal.sql.SqlDateTypeAdapter$1                               : loaded 3 times (x 73B)
Class javax.xml.bind.Unmarshaller                                                     : loaded 3 times (x 68B)
Class com.sun.xml.bind.v2.TODO                                                        : loaded 3 times (x 69B)
Class com.sun.xml.bind.v2.model.impl.TypeRefImpl                                      : loaded 3 times (x 85B)
Class javax.xml.bind.Binder                                                           : loaded 3 times (x 83B)
Class com.google.gson.internal.LinkedTreeMap$Node                                     : loaded 3 times (x 77B)
Class com.sun.xml.bind.v2.model.impl.TypeInfoImpl                                     : loaded 3 times (x 83B)
Class [Lkotlin.reflect.KClass;                                                        : loaded 3 times (x 67B)
Class javax.xml.bind.annotation.XmlAnyElement                                         : loaded 3 times (x 68B)
Class com.sun.xml.bind.v2.runtime.reflect.PrimitiveArrayListerLong                    : loaded 3 times (x 74B)
Class kotlin.jvm.internal.Reflection                                                  : loaded 3 times (x 69B)
Class com.sun.xml.bind.v2.ContextFactory                                              : loaded 3 times (x 69B)
Class com.google.gson.internal.LinkedTreeMap$EntrySet                                 : loaded 3 times (x 134B)
Class kotlin.ranges.IntProgressionIterator                                            : loaded 3 times (x 80B)
Class com.google.common.base.Equivalence$Identity                                     : loaded 3 times (x 80B)
Class com.google.common.collect.ImmutableListMultimap                                 : loaded 3 times (x 174B)
Class com.google.gson.annotations.JsonAdapter                                         : loaded 3 times (x 68B)
Class kotlin.reflect.KTypeParameter                                                   : loaded 3 times (x 68B)
Class com.google.common.collect.ImmutableMultisetGwtSerializationDependencies         : loaded 3 times (x 123B)
Class com.google.gson.internal.reflect.ReflectionHelper$RecordNotSupportedHelper      : loaded 3 times (x 76B)
Class com.android.tools.build.jetifier.core.PackageMap$Companion                      : loaded 3 times (x 69B)
Class [Lcom.sun.xml.bind.v2.runtime.property.Property;                                : loaded 3 times (x 67B)
Class com.sun.xml.bind.v2.runtime.reflect.ListIterator                                : loaded 3 times (x 68B)
Class com.android.tools.build.jetifier.core.proguard.ProGuardTypesMap$JsonData        : loaded 3 times (x 70B)
Class com.sun.xml.bind.v2.model.nav.TypeVisitor                                       : loaded 3 times (x 74B)
Class kotlin.reflect.jvm.internal.KPropertyImpl                                       : loaded 3 times (x 113B)
Class com.squareup.javapoet.CodeWriter$Multiset                                       : loaded 3 times (x 70B)
Class com.sun.xml.bind.v2.runtime.LeafBeanInfoImpl                                    : loaded 3 times (x 87B)
Class com.sun.xml.bind.v2.model.impl.RuntimeBuiltinLeafInfoImpl$UUIDImpl              : loaded 3 times (x 134B)
Class com.sun.xml.bind.v2.model.annotation.XmlElementRefsQuick                        : loaded 3 times (x 89B)
Class com.sun.xml.bind.v2.runtime.Transducer                                          : loaded 3 times (x 68B)
Class com.sun.xml.bind.v2.model.annotation.XmlElementRefQuick                         : loaded 3 times (x 92B)
Class com.google.gson.internal.UnsafeAllocator                                        : loaded 3 times (x 70B)
Class kotlin.reflect.jvm.internal.KProperty1Impl$_getter$1                            : loaded 3 times (x 77B)
Class com.sun.xml.bind.v2.runtime.ElementBeanInfoImpl$1                               : loaded 3 times (x 104B)
Class com.sun.istack.SAXParseException2                                               : loaded 3 times (x 86B)
Class com.google.gson.internal.LinkedTreeMap                                          : loaded 3 times (x 121B)
Class kotlin.jvm.internal.PropertyReference                                           : loaded 3 times (x 113B)
Class javax.xml.bind.helpers.DefaultValidationEventHandler                            : loaded 3 times (x 73B)
Class com.google.gson.internal.$Gson$Types                                            : loaded 3 times (x 69B)
Class android.databinding.annotationprocessor.ProcessDataBinding$Callback             : loaded 3 times (x 68B)
Class com.google.gson.internal.ReflectionAccessFilterHelper                           : loaded 3 times (x 69B)
Class com.sun.xml.bind.v2.model.annotation.XmlTypeQuick                               : loaded 3 times (x 93B)
Class com.sun.xml.bind.v2.runtime.reflect.NullSafeAccessor                            : loaded 3 times (x 83B)
Class kotlin.reflect.jvm.internal.ReflectProperties$LazySoftVal                       : loaded 3 times (x 76B)
Class com.sun.xml.bind.v2.model.impl.SingleTypePropertyInfoImpl                       : loaded 3 times (x 111B)
Class com.sun.xml.bind.v2.model.annotation.XmlValueQuick                              : loaded 3 times (x 88B)
Class com.sun.xml.bind.v2.util.QNameMap                                               : loaded 3 times (x 70B)
Class com.sun.xml.bind.v2.runtime.unmarshaller.LocatorExWrapper                       : loaded 3 times (x 84B)
Class kotlin.jvm.internal.PropertyReference1Impl                                      : loaded 3 times (x 125B)
Class com.sun.xml.bind.v2.runtime.unmarshaller.Intercepter                            : loaded 3 times (x 68B)
Class com.sun.xml.bind.v2.runtime.reflect.Lister$IDREFS                               : loaded 3 times (x 75B)
Class com.sun.xml.bind.v2.model.core.ElementInfo                                      : loaded 3 times (x 68B)
Class com.google.gson.JsonObject                                                      : loaded 3 times (x 91B)
Class com.android.tools.build.jetifier.core.TypeRewriter$Companion                    : loaded 3 times (x 69B)
Class com.sun.xml.bind.v2.runtime.Coordinator                                         : loaded 3 times (x 81B)
Class javax.xml.bind.annotation.XmlInlineBinaryData                                   : loaded 3 times (x 68B)
Class com.sun.xml.bind.v2.runtime.unmarshaller.UnmarshallingContext$State             : loaded 3 times (x 70B)
Class android.databinding.tool.CompilerArguments                                      : loaded 3 times (x 70B)
Class com.android.tools.build.jetifier.core.pom.DependencyVersionsMap$Companion       : loaded 3 times (x 69B)
Class javax.xml.bind.MarshalException                                                 : loaded 3 times (x 83B)
Class javax.xml.bind.annotation.XmlID                                                 : loaded 3 times (x 68B)
Class com.sun.xml.bind.v2.model.nav.ReflectionNavigator                               : loaded 3 times (x 121B)
Class com.android.tools.build.jetifier.core.config.Config$JsonData                    : loaded 3 times (x 70B)
Class [Lcom.google.gson.ReflectionAccessFilter$FilterResult;                          : loaded 3 times (x 67B)
Class com.google.gson.internal.Streams                                                : loaded 3 times (x 69B)
Class com.sun.istack.Pool$Impl                                                        : loaded 3 times (x 75B)
Class com.google.gson.internal.bind.TypeAdapters$31                                   : loaded 3 times (x 74B)
Class com.google.gson.internal.bind.TypeAdapters$32                                   : loaded 3 times (x 74B)
Class com.google.gson.internal.sql.SqlTimeTypeAdapter                                 : loaded 3 times (x 72B)
Class [Lcom.sun.xml.bind.v2.runtime.Location;                                         : loaded 3 times (x 67B)
Class com.squareup.javapoet.TypeName                                                  : loaded 3 times (x 79B)
Class com.sun.xml.bind.v2.runtime.unmarshaller.UnmarshallingContext$ExpectedTypeRootLoader: loaded 3 times (x 78B)
Class com.google.gson.internal.bind.TypeAdapters$34$1                                 : loaded 3 times (x 72B)
Class com.sun.xml.bind.v2.runtime.property.PropertyFactory                            : loaded 3 times (x 69B)
Class com.android.tools.build.jetifier.core.pom.PomDependency                         : loaded 3 times (x 70B)
Class com.android.tools.build.jetifier.core.proguard.ProGuardType$Companion           : loaded 3 times (x 69B)
Class com.sun.xml.bind.v2.model.core.NonElement                                       : loaded 3 times (x 68B)
Class com.sun.xml.bind.v2.runtime.JaxBeanInfo$1                                       : loaded 3 times (x 75B)
Class com.sun.xml.bind.v2.runtime.unmarshaller.Loader                                 : loaded 3 times (x 75B)
Class kotlin.jvm.internal.FunctionReferenceImpl                                       : loaded 3 times (x 120B)
Class com.sun.xml.bind.v2.model.impl.RuntimeBuiltinLeafInfoImpl$9                     : loaded 3 times (x 134B)
Class com.sun.xml.bind.v2.model.core.RegistryInfo                                     : loaded 3 times (x 68B)
Class com.google.gson.internal.bind.TypeAdapters$33                                   : loaded 3 times (x 74B)
Class com.google.common.collect.ImmutableMultimap$Builder                             : loaded 3 times (x 81B)
Class com.google.gson.internal.$Gson$Types$ParameterizedTypeImpl                      : loaded 3 times (x 79B)
Class com.sun.xml.bind.v2.model.impl.RuntimeBuiltinLeafInfoImpl$8                     : loaded 3 times (x 134B)
Class com.google.gson.internal.bind.DateTypeAdapter                                   : loaded 3 times (x 72B)
Class com.sun.xml.bind.v2.runtime.reflect.AdaptedLister                               : loaded 3 times (x 75B)
Class com.sun.xml.bind.v2.model.impl.RuntimeBuiltinLeafInfoImpl$7                     : loaded 3 times (x 134B)
Class com.google.gson.internal.bind.TypeAdapters$34                                   : loaded 3 times (x 74B)
Class com.sun.xml.bind.v2.model.impl.RuntimeBuiltinLeafInfoImpl$6                     : loaded 3 times (x 134B)
Class com.sun.xml.bind.v2.model.annotation.XmlElementDeclQuick                        : loaded 3 times (x 94B)
Class kotlin.jvm.internal.MutablePropertyReference2                                   : loaded 3 times (x 135B)
Class com.google.gson.internal.ConstructorConstructor$13                              : loaded 3 times (x 73B)
Class [Lcom.sun.xml.bind.v2.model.impl.ClassInfoImpl$PropertyGroup;                   : loaded 3 times (x 67B)
Class com.sun.xml.bind.v2.model.core.NonElementRef                                    : loaded 3 times (x 68B)
Class com.google.gson.internal.ConstructorConstructor$16                              : loaded 3 times (x 73B)
Class com.sun.xml.bind.v2.model.impl.RuntimeBuiltinLeafInfoImpl$5                     : loaded 3 times (x 134B)
Class kotlin.jvm.internal.MutablePropertyReference1                                   : loaded 3 times (x 135B)
Class kotlin.reflect.jvm.internal.KDeclarationContainerImpl$Companion                 : loaded 3 times (x 69B)
Class com.google.gson.internal.ConstructorConstructor$18                              : loaded 3 times (x 73B)
Class com.sun.xml.bind.v2.model.impl.RuntimeBuiltinLeafInfoImpl$4                     : loaded 3 times (x 134B)
Class com.sun.xml.bind.v2.runtime.unmarshaller.DefaultIDResolver                      : loaded 3 times (x 74B)
Class kotlin.jvm.internal.MutablePropertyReference0                                   : loaded 3 times (x 135B)
Class com.sun.xml.bind.v2.ClassFactory$1                                              : loaded 3 times (x 78B)
Class com.sun.xml.bind.v2.model.impl.RuntimeBuiltinLeafInfoImpl$3                     : loaded 3 times (x 134B)
Class com.sun.xml.bind.v2.runtime.Name                                                : loaded 3 times (x 73B)
Class com.sun.xml.bind.v2.model.impl.RuntimeBuiltinLeafInfoImpl$2                     : loaded 3 times (x 134B)
Class kotlin.reflect.KType                                                            : loaded 3 times (x 68B)
Class com.android.tools.build.jetifier.core.utils.Log                                 : loaded 3 times (x 69B)
Class com.sun.xml.bind.v2.model.impl.RuntimeBuiltinLeafInfoImpl$1                     : loaded 3 times (x 74B)
Class org.apache.commons.io.function.IOFunction                                       : loaded 3 times (x 68B)
Class com.sun.xml.bind.v2.model.annotation.XmlEnumQuick                               : loaded 3 times (x 89B)
Class com.sun.xml.bind.v2.runtime.reflect.Accessor$FieldReflection                    : loaded 3 times (x 83B)
Class com.sun.xml.bind.v2.model.core.PropertyInfo                                     : loaded 3 times (x 68B)
Class com.sun.xml.bind.v2.model.impl.DummyPropertyInfo                                : loaded 3 times (x 68B)
Class com.sun.xml.bind.v2.model.core.ErrorHandler                                     : loaded 3 times (x 68B)
Class kotlin.jvm.internal.DefaultConstructorMarker                                    : loaded 3 times (x 69B)
Class com.sun.xml.bind.v2.model.impl.AnyTypeImpl                                      : loaded 3 times (x 87B)
Class com.google.gson.internal.ConstructorConstructor$19                              : loaded 3 times (x 74B)
Class com.sun.xml.bind.v2.runtime.property.PropertyFactory$1                          : loaded 3 times (x 69B)
Class com.google.gson.internal.bind.ReflectiveTypeAdapterFactory                      : loaded 3 times (x 73B)
Class com.google.gson.LongSerializationPolicy                                         : loaded 3 times (x 78B)
Class com.squareup.javapoet.LineWrapper$RecordingAppendable                           : loaded 3 times (x 75B)
Class kotlin.reflect.KProperty                                                        : loaded 3 times (x 68B)
Class com.sun.xml.bind.v2.model.core.ArrayInfo                                        : loaded 3 times (x 68B)
Class [Landroid.databinding.tool.CompilerArguments$Type;                              : loaded 3 times (x 67B)
Class com.sun.xml.bind.v2.runtime.unmarshaller.SAXConnector$TagNameImpl               : loaded 3 times (x 73B)
Class javax.activation.DataHandler                                                    : loaded 3 times (x 90B)
Class javax.xml.bind.ValidationEventLocator                                           : loaded 3 times (x 68B)
Class com.sun.xml.bind.v2.runtime.reflect.DefaultTransducedAccessor                   : loaded 3 times (x 77B)
Class com.sun.xml.bind.v2.runtime.JaxBeanInfo                                         : loaded 3 times (x 87B)
Class [Lcom.sun.xml.bind.v2.runtime.property.StructureLoaderBuilder;                  : loaded 3 times (x 67B)
Class kotlin.sequences.SequencesKt___SequencesKt$filterNotNull$1                      : loaded 3 times (x 76B)
Class com.sun.xml.bind.v2.model.annotation.MethodLocatable                            : loaded 3 times (x 76B)
Class com.sun.xml.bind.v2.runtime.ValueListBeanInfoImpl                               : loaded 3 times (x 87B)
Class com.google.gson.internal.$Gson$Preconditions                                    : loaded 3 times (x 69B)
Class kotlin.jvm.internal.ClassBasedDeclarationContainer                              : loaded 3 times (x 68B)
Class com.sun.xml.bind.v2.model.impl.TypeInfoSetImpl                                  : loaded 3 times (x 109B)
Class kotlin.LazyKt__LazyJVMKt$WhenMappings                                           : loaded 3 times (x 69B)
Class com.sun.xml.bind.v2.runtime.reflect.TransducedAccessor$IDREFTransducedAccessorImpl: loaded 3 times (x 78B)
Class com.sun.xml.bind.v2.runtime.property.ArrayElementLeafProperty                   : loaded 3 times (x 103B)
Class com.sun.xml.bind.v2.runtime.reflect.TransducedAccessor                          : loaded 3 times (x 76B)
Class kotlin.reflect.jvm.internal.KProperty1Impl                                      : loaded 3 times (x 126B)
Class com.google.gson.LongSerializationPolicy$2                                       : loaded 3 times (x 78B)
Class com.google.gson.internal.ConstructorConstructor                                 : loaded 3 times (x 70B)
Class [Lkotlin.reflect.KDeclarationContainer;                                         : loaded 3 times (x 67B)
Class [Lcom.google.common.cache.RemovalListener;                                      : loaded 2 times (x 67B)
Class kotlin.reflect.jvm.internal.KClassImpl$Data$nestedClasses$2                     : loaded 2 times (x 77B)
Class net.rubygrapefruit.platform.internal.Platform$Unsupported                       : loaded 2 times (x 77B)
Class dagger.internal.codegen.binding.$AutoValue_DelegateDeclaration                  : loaded 2 times (x 81B)
Class android.databinding.tool.util.GenerationalClassUtil$IgnoreSerialIdObjectInputStream: loaded 2 times (x 143B)
Class android.databinding.internal.org.antlr.v4.runtime.DefaultErrorStrategy          : loaded 2 times (x 103B)
Class com.google.common.base.Predicates$CompositionPredicate                          : loaded 2 times (x 86B)
Class kotlin.reflect.jvm.internal.KClassImpl                                          : loaded 2 times (x 113B)
Class android.databinding.tool.writer.KCode$block$1                                   : loaded 2 times (x 77B)
Class dagger.internal.codegen.binding.AutoValue_OptionalBindingDeclaration            : loaded 2 times (x 73B)
Class dagger.internal.codegen.DelegateComponentProcessor                              : loaded 2 times (x 70B)
Class android.databinding.internal.org.antlr.v4.runtime.tree.ParseTreeVisitor         : loaded 2 times (x 68B)
Class kotlin.reflect.jvm.internal.KClassImpl$Data$constructors$2                      : loaded 2 times (x 77B)
Class dagger.internal.codegen.compileroption.ProcessingEnvironmentCompilerOptions$EnumOption: loaded 2 times (x 68B)
Class dagger.hilt.processor.internal.definecomponent.DefineComponentProcessor         : loaded 2 times (x 98B)
Class android.databinding.tool.store.GenClassInfoLog$GenClassImpl                     : loaded 2 times (x 70B)
Class com.google.common.base.Splitter$Strategy                                        : loaded 2 times (x 68B)
Class [Ldagger.internal.codegen.validation.ValidationBindingGraphPlugin;              : loaded 2 times (x 67B)
Class org.gradle.internal.installation.CurrentGradleInstallation                      : loaded 2 times (x 71B)
Class com.google.common.cache.CacheBuilder$2                                          : loaded 2 times (x 70B)
Class dagger.hilt.android.processor.internal.customtestapplication.CustomTestApplicationProcessor: loaded 2 times (x 98B)
Class kotlin.reflect.jvm.internal.KClassImpl$Data$typeParameters$2                    : loaded 2 times (x 77B)
Class android.databinding.tool.writer.LayoutBinderWriter$declareInvalidateAll$1$1     : loaded 2 times (x 77B)
Class com.sun.xml.bind.v2.runtime.output.NamespaceContextImpl$Element                 : loaded 2 times (x 70B)
Class dagger.internal.codegen.binding.$AutoValue_MultibindingDeclaration              : loaded 2 times (x 77B)
Class org.gradle.internal.agents.InstrumentingClassLoader                             : loaded 2 times (x 68B)
Class org.gradle.internal.installation.CurrentGradleInstallationLocator               : loaded 2 times (x 69B)
Class android.databinding.parser.BindingExpressionParser$QuestionQuestionOpContext    : loaded 2 times (x 132B)
Class com.google.common.cache.CacheBuilder$1                                          : loaded 2 times (x 83B)
Class kotlin.reflect.jvm.internal.KClassImpl$Data$inheritedNonStaticMembers$2         : loaded 2 times (x 77B)
Class [Lcom.google.common.cache.LocalCache$Segment;                                   : loaded 2 times (x 67B)
Class org.gradle.api.internal.classpath.Module                                        : loaded 2 times (x 68B)
Class com.squareup.javapoet.FieldSpec                                                 : loaded 2 times (x 70B)
Class android.databinding.tool.writer.LayoutBinderWriter$declareVariables$1           : loaded 2 times (x 77B)
Class android.databinding.internal.org.antlr.v4.runtime.atn.ATNConfigSet$AbstractConfigHashSet: loaded 2 times (x 138B)
Class android.databinding.internal.org.antlr.v4.runtime.TokenFactory                  : loaded 2 times (x 68B)
Class com.google.common.io.ByteSource$ByteArrayByteSource                             : loaded 2 times (x 83B)
Class dagger.internal.codegen.binding.MethodSignatureFormatter$1                      : loaded 2 times (x 85B)
Class dagger.internal.codegen.binding.ComponentDescriptor_Factory_Factory             : loaded 2 times (x 77B)
Class dagger.internal.codegen.DaggerDelegateComponentProcessor_Injector$InjectorImpl  : loaded 2 times (x 73B)
Class android.databinding.internal.org.antlr.v4.runtime.atn.SemanticContext$AND       : loaded 2 times (x 73B)
Class dagger.spi.model.BindingGraph$Edge                                              : loaded 2 times (x 68B)
Class com.google.common.collect.Multimaps$CustomSetMultimap                           : loaded 2 times (x 176B)
Class dagger.internal.codegen.validation.BindsInstanceParameterValidator_Factory      : loaded 2 times (x 77B)
Class com.google.common.cache.CacheLoader$FunctionToCacheLoader                       : loaded 2 times (x 73B)
Class [Lkotlin.reflect.jvm.internal.impl.builtins.jvm.JavaToKotlinClassMap$PlatformMutabilityMapping;: loaded 2 times (x 67B)
Class android.databinding.tool.store.ResourceBundle$LayoutFileBundle                  : loaded 2 times (x 101B)
Class com.google.common.io.Files                                                      : loaded 2 times (x 69B)
Class android.databinding.tool.LibTypes$inverseBindingListener$2                      : loaded 2 times (x 77B)
Class com.google.common.base.Splitter$1$1                                             : loaded 2 times (x 84B)
Class android.databinding.tool.writer.LayoutBinderWriter$declareIncludeViews$1$1      : loaded 2 times (x 77B)
Class dagger.spi.internal.shaded.androidx.room.compiler.processing.XElement           : loaded 2 times (x 68B)
Class dagger.internal.codegen.model.DiagnosticReporter                                : loaded 2 times (x 73B)
Class android.databinding.tool.reflection.ModelClass$isMap$2                          : loaded 2 times (x 77B)
Class [Ldagger.internal.codegen.model.RequestKind;                                    : loaded 2 times (x 67B)
Class org.apache.http.client.methods.Configurable                                     : loaded 2 times (x 68B)
Class android.databinding.internal.org.antlr.v4.runtime.atn.LL1Analyzer               : loaded 2 times (x 74B)
Class dagger.internal.codegen.validation.DiagnosticReporterFactory$DiagnosticReporterImpl: loaded 2 times (x 74B)
Class org.gradle.api.internal.classpath.EffectiveClassPath                            : loaded 2 times (x 88B)
Class android.databinding.tool.writer.LayoutBinderWriter$declareInverseBindingImpls$1 : loaded 2 times (x 77B)
Class net.rubygrapefruit.platform.internal.NativeLibraryLoader                        : loaded 2 times (x 71B)
Class com.squareup.javapoet.MethodSpec$Builder                                        : loaded 2 times (x 70B)
Class [Lorg.objectweb.asm.Attribute;                                                  : loaded 2 times (x 67B)
Class dagger.spi.internal.shaded.androidx.room.compiler.processing.javac.JavacProcessingEnv$typeElementStore$3: loaded 2 times (x 77B)
Class dagger.internal.codegen.validation.ModuleValidator                              : loaded 2 times (x 70B)
Class dagger.internal.codegen.processingstep.AssistedProcessingStep_Factory           : loaded 2 times (x 77B)
Class dagger.spi.internal.shaded.androidx.room.compiler.processing.javac.JavacProcessingEnv$typeElementStore$2: loaded 2 times (x 76B)
Class dagger.spi.internal.shaded.androidx.room.compiler.processing.javac.JavacProcessingEnv$typeElementStore$1: loaded 2 times (x 77B)
Class [Ldagger.internal.codegen.compileroption.FeatureStatus;                         : loaded 2 times (x 67B)
Class kotlin.reflect.jvm.internal.impl.descriptors.runtime.structure.ReflectClassUtilKt: loaded 2 times (x 69B)
Class dagger.internal.codegen.base.AutoValue_ComponentAnnotation                      : loaded 2 times (x 74B)
Class com.google.common.base.CharMatcher$None                                         : loaded 2 times (x 110B)
Class net.rubygrapefruit.platform.internal.NativeLibraryLocator                       : loaded 2 times (x 71B)
Class dagger.internal.codegen.validation.MembersInjectionValidator_Factory            : loaded 2 times (x 77B)
Class dagger.internal.codegen.processingstep.MultibindingAnnotationsProcessingStep    : loaded 2 times (x 84B)
Class dagger.internal.codegen.binding.BindingGraphFactory_Factory                     : loaded 2 times (x 77B)
Class dagger.spi.internal.shaded.androidx.room.compiler.processing.javac.JavacBasicAnnotationProcessor$commonDelegate$2: loaded 2 times (x 77B)
Class android.databinding.internal.org.antlr.v4.runtime.atn.ATNDeserializer           : loaded 2 times (x 79B)
Class [Ldagger.hilt.processor.internal.optionvalues.BooleanValue;                     : loaded 2 times (x 67B)
Class com.bumptech.glide.repackaged.com.google.common.collect.ImmutableSet            : loaded 2 times (x 140B)
Class dagger.internal.codegen.binding.OptionalBindingDeclaration_Factory_Factory      : loaded 2 times (x 77B)
Class com.bumptech.glide.repackaged.com.google.common.collect.RegularImmutableSet     : loaded 2 times (x 141B)
Class dagger.internal.codegen.base.ElementFormatter_Factory                           : loaded 2 times (x 76B)
Class kotlin.reflect.jvm.internal.KClassImpl$Data$qualifiedName$2                     : loaded 2 times (x 77B)
Class dagger.internal.codegen.writing.FactoryGenerator_Factory                        : loaded 2 times (x 77B)
Class com.google.common.reflect.Types$TypeVariableInvocationHandler                   : loaded 2 times (x 73B)
Class dagger.internal.codegen.binding.AutoValue_ComponentDescriptor                   : loaded 2 times (x 88B)
Class android.databinding.tool.CompilerArguments$Companion$stringToFileList$1         : loaded 2 times (x 76B)
Class com.google.common.reflect.Types$ClassOwnership                                  : loaded 2 times (x 78B)
Class org.apache.http.HttpEntity                                                      : loaded 2 times (x 68B)
Class com.bumptech.glide.annotation.GlideModule                                       : loaded 2 times (x 68B)
Class android.databinding.tool.writer.CallbackWrapperWriter$write$1$1$1$3             : loaded 2 times (x 77B)
Class android.databinding.internal.org.antlr.v4.runtime.atn.PredictionContextCache    : loaded 2 times (x 73B)
Class dagger.internal.codegen.model.BindingGraph$MaybeBinding                         : loaded 2 times (x 68B)
Class [Landroid.databinding.annotationprocessor.ProcessDataBinding$ProcessingStep;    : loaded 2 times (x 67B)
Class [Lorg.objectweb.asm.AnnotationWriter;                                           : loaded 2 times (x 67B)
Class dagger.internal.codegen.processingstep.BindsInstanceProcessingStep              : loaded 2 times (x 84B)
Class org.gradle.internal.service.CachingServiceLocator                               : loaded 2 times (x 80B)
Class dagger.internal.codegen.binding.DelegateDeclaration                             : loaded 2 times (x 78B)
Class android.databinding.annotationprocessor.ProcessExpressions$Intermediate         : loaded 2 times (x 68B)
Class dagger.internal.codegen.processingstep.MonitoringModuleProcessingStep_Factory   : loaded 2 times (x 77B)
Class android.databinding.tool.writer.CallbackWrapperWriter$write$1$1$1$2             : loaded 2 times (x 77B)
Class dagger.internal.codegen.processingstep.ComponentHjarProcessingStep              : loaded 2 times (x 84B)
Class dagger.internal.codegen.bindinggraphvalidation.DuplicateBindingsValidator_Factory: loaded 2 times (x 77B)
Class [Landroid.databinding.tool.expr.VersionProvider;                                : loaded 2 times (x 67B)
Class android.databinding.annotationprocessor.ProcessExpressionsFromV1Compat$Companion: loaded 2 times (x 69B)
Class org.apache.http.client.methods.HttpPut                                          : loaded 2 times (x 151B)
Class kotlin.reflect.jvm.internal.KClassImpl$Data$sealedSubclasses$2                  : loaded 2 times (x 77B)
Class com.bumptech.glide.annotation.compiler.LibraryModuleProcessor                   : loaded 2 times (x 70B)
Class android.databinding.tool.writer.CallbackWrapperWriter$write$1$1$1$1             : loaded 2 times (x 76B)
Class dagger.hilt.processor.internal.HiltCompilerOptions$EnumOption                   : loaded 2 times (x 70B)
Class android.databinding.internal.org.antlr.v4.runtime.misc.AbstractEqualityComparator: loaded 2 times (x 75B)
Class dagger.internal.codegen.DaggerDelegateComponentProcessor_Injector               : loaded 2 times (x 69B)
Class net.rubygrapefruit.platform.internal.Platform$Linux64Bit                        : loaded 2 times (x 81B)
Class com.bumptech.glide.repackaged.com.squareup.javapoet.TypeVariableName            : loaded 2 times (x 77B)
Class android.databinding.parser.BindingExpressionParser$ClassExtractionContext       : loaded 2 times (x 130B)
Class dagger.internal.codegen.processingstep.AssistedFactoryProcessingStep_Factory    : loaded 2 times (x 77B)
Class android.databinding.tool.expr.FieldAccessExpr                                   : loaded 2 times (x 157B)
Class dagger.internal.codegen.validation.InjectBindingRegistryImpl                    : loaded 2 times (x 79B)
Class com.google.common.collect.RangeGwtSerializationDependencies                     : loaded 2 times (x 69B)
Class android.databinding.tool.store.SetterStore$InverseMethodDescription             : loaded 2 times (x 75B)
Class org.objectweb.asm.Handle                                                        : loaded 2 times (x 70B)
Class dagger.internal.codegen.binding.MethodSignatureFormatter_Factory                : loaded 2 times (x 77B)
Class android.databinding.tool.reflection.ModelClass$isString$2                       : loaded 2 times (x 77B)
Class android.databinding.tool.writer.LayoutBinderWriterKt$listenerClassName$2        : loaded 2 times (x 76B)
Class dagger.internal.codegen.binding.MultibindingDeclaration$Factory                 : loaded 2 times (x 70B)
Class org.gradle.internal.classpath.DefaultClassPath                                  : loaded 2 times (x 88B)
Class android.databinding.tool.writer.LayoutBinderWriter$readWithDependants$1$2$1     : loaded 2 times (x 77B)
Class [Lcom.google.common.base.Function;                                              : loaded 2 times (x 67B)
Class kotlin.reflect.jvm.internal.KDeclarationContainerImpl$Data                      : loaded 2 times (x 70B)
Class android.databinding.tool.store.BindingAdapterStore$merge$$inlined$merge$5$1     : loaded 2 times (x 75B)
Class android.databinding.tool.reflection.ImportBag                                   : loaded 2 times (x 70B)
Class com.google.common.collect.AbstractSetMultimap                                   : loaded 2 times (x 172B)
Class android.databinding.annotationprocessor.BindableBag$Property                    : loaded 2 times (x 70B)
Class android.databinding.tool.writer.Scope$Companion                                 : loaded 2 times (x 69B)
Class androidx.databinding.InverseBindingMethods                                      : loaded 2 times (x 68B)
Class dagger.internal.codegen.binding.SourceFiles_Factory                             : loaded 2 times (x 76B)
Class android.databinding.tool.writer.BindingMapperWriterV2$Companion                 : loaded 2 times (x 69B)
Class kotlin.reflect.jvm.internal.impl.name.FqName                                    : loaded 2 times (x 70B)
Class dagger.internal.codegen.bindinggraphvalidation.ProvisionDependencyOnProducerBindingValidator_Factory$InstanceHolder: loaded 2 times (x 69B)
Class dagger.internal.codegen.base.ComponentCreatorKind                               : loaded 2 times (x 77B)
Class com.sun.xml.bind.marshaller.CharacterEscapeHandler                              : loaded 2 times (x 68B)
Class org.apache.http.HttpMessage                                                     : loaded 2 times (x 68B)
Class org.apache.commons.io.function.IOBiFunction                                     : loaded 2 times (x 68B)
Class dagger.internal.DoubleCheck                                                     : loaded 2 times (x 78B)
Class dagger.internal.codegen.validation.SpiModelBindingGraphConverter$DiagnosticReporterImpl: loaded 2 times (x 74B)
Class kotlin.reflect.jvm.internal.KClassImpl$Data$objectInstance$2                    : loaded 2 times (x 77B)
Class android.databinding.tool.writer.KCode$Appendix                                  : loaded 2 times (x 70B)
Class com.google.common.cache.ReferenceEntry                                          : loaded 2 times (x 68B)
Class com.google.common.util.concurrent.AbstractFuture$SetFuture                      : loaded 2 times (x 73B)
Class dagger.spi.internal.shaded.androidx.room.compiler.processing.XVariableElement   : loaded 2 times (x 68B)
Class android.databinding.tool.store.BindingAdapterStore$Companion                    : loaded 2 times (x 69B)
Class android.databinding.tool.reflection.ModelClass$isObject$2                       : loaded 2 times (x 77B)
Class dagger.internal.codegen.writing.InaccessibleMapKeyProxyGenerator                : loaded 2 times (x 75B)
Class android.databinding.tool.store.ResourceBundle$IncludedLayout                    : loaded 2 times (x 70B)
Class android.databinding.tool.reflection.ModelAnalyzer$viewStubProxyType$2           : loaded 2 times (x 77B)
Class android.databinding.internal.org.antlr.v4.runtime.Lexer                         : loaded 2 times (x 139B)
Class [Ldagger.internal.codegen.model.BindingGraphPlugin;                             : loaded 2 times (x 67B)
Class org.apache.commons.io.file.SimplePathVisitor                                    : loaded 2 times (x 83B)
Class com.google.common.collect.CollectCollectors                                     : loaded 2 times (x 69B)
Class dagger.spi.model.BindingGraph$Node                                              : loaded 2 times (x 68B)
Class [Landroid.databinding.internal.org.antlr.v4.runtime.atn.PredictionMode;         : loaded 2 times (x 67B)
Class android.databinding.internal.org.antlr.v4.runtime.tree.AbstractParseTreeVisitor : loaded 2 times (x 82B)
Class dagger.internal.codegen.validation.BindingMethodValidator                       : loaded 2 times (x 76B)
Class com.bumptech.glide.repackaged.com.google.common.base.Predicate                  : loaded 2 times (x 68B)
Class dagger.internal.codegen.bindinggraphvalidation.ProvisionDependencyOnProducerBindingValidator_Factory: loaded 2 times (x 76B)
Class [Lcom.squareup.javapoet.LineWrapper$FlushType;                                  : loaded 2 times (x 67B)
Class android.databinding.internal.org.antlr.v4.runtime.misc.IntervalSet              : loaded 2 times (x 121B)
Class android.databinding.tool.LibTypes$viewDataBinding$2                             : loaded 2 times (x 77B)
Class dagger.hilt.processor.internal.aggregateddeps.AggregatedDepsProcessor           : loaded 2 times (x 98B)
Class dagger.hilt.processor.internal.uninstallmodules.UninstallModulesProcessor       : loaded 2 times (x 98B)
Class kotlin.annotation.MustBeDocumented                                              : loaded 2 times (x 68B)
Class dagger.internal.codegen.validation.DiagnosticMessageGenerator_Factory_Factory   : loaded 2 times (x 77B)
Class dagger.internal.codegen.model.RequestKind                                       : loaded 2 times (x 77B)
Class kotlin.reflect.jvm.internal.impl.utils.CollectionsKt                            : loaded 2 times (x 69B)
Class androidx.databinding.BindingMethods                                             : loaded 2 times (x 68B)
Class android.databinding.internal.org.antlr.v4.runtime.atn.ATNState                  : loaded 2 times (x 80B)
Class android.databinding.tool.BindableCompat$Companion                               : loaded 2 times (x 69B)
Class android.databinding.internal.org.antlr.v4.runtime.Parser                        : loaded 2 times (x 148B)
Class android.databinding.tool.LibTypes$bindingAdapter$2                              : loaded 2 times (x 77B)
Class com.google.common.base.Splitter$SplittingIterator                               : loaded 2 times (x 82B)
Class kotlin.annotation.AnnotationRetention                                           : loaded 2 times (x 77B)
Class android.databinding.parser.BindingExpressionParser$UnaryOpContext               : loaded 2 times (x 131B)
Class android.databinding.internal.org.antlr.v4.runtime.LexerNoViableAltException     : loaded 2 times (x 91B)
Class android.databinding.tool.writer.LayoutBinderWriter$variables$2                  : loaded 2 times (x 77B)
Class android.databinding.tool.expr.TwoWayListenerExpr                                : loaded 2 times (x 146B)
Class android.databinding.tool.writer.LayoutBinderWriter$variableSettersAndGetters$1$1$1$1$1: loaded 2 times (x 77B)
Class android.databinding.internal.org.antlr.v4.runtime.VocabularyImpl                : loaded 2 times (x 80B)
Class org.gradle.internal.IoActions                                                   : loaded 2 times (x 69B)
Class dagger.internal.codegen.ServiceLoaders                                          : loaded 2 times (x 69B)
Class android.databinding.tool.LibTypes$viewBinding$2                                 : loaded 2 times (x 77B)
Class dagger.internal.codegen.validation.ComponentDescriptorValidator                 : loaded 2 times (x 70B)
Class net.ltgt.gradle.incap.IncrementalAnnotationProcessorType                        : loaded 2 times (x 77B)
Class com.google.common.reflect.TypeParameter                                         : loaded 2 times (x 70B)
Class dagger.internal.codegen.processingstep.ComponentHjarProcessingStep_Factory      : loaded 2 times (x 77B)
Class net.rubygrapefruit.platform.internal.Platform$Windows                           : loaded 2 times (x 77B)
Class kotlin.reflect.jvm.internal.KClassImpl$Data$allNonStaticMembers$2               : loaded 2 times (x 77B)
Class com.google.common.cache.LocalCache$LocalManualCache$1                           : loaded 2 times (x 73B)
Class dagger.spi.model.DaggerProcessingEnv                                            : loaded 2 times (x 73B)
Class dagger.internal.codegen.validation.DiagnosticReporterFactory                    : loaded 2 times (x 70B)
Class dagger.internal.codegen.validation.MultibindsMethodValidator$Validator          : loaded 2 times (x 78B)
Class android.databinding.tool.writer.LayoutBinderWriter$declareCallbackImplementations$1: loaded 2 times (x 77B)
Class dagger.hilt.processor.internal.HiltCompilerOptions                              : loaded 2 times (x 69B)
Class android.databinding.tool.LayoutBinder$1                                         : loaded 2 times (x 89B)
Class androidx.databinding.InverseBindingAdapter                                      : loaded 2 times (x 68B)
Class kotlin.reflect.jvm.internal.impl.builtins.jvm.JavaToKotlinClassMap              : loaded 2 times (x 69B)
Class Build_gradle$1                                                                  : loaded 2 times (x 72B)
Class kotlin.jvm.JvmClassMappingKt                                                    : loaded 2 times (x 69B)
Class Build_gradle$2                                                                  : loaded 2 times (x 76B)
Class [Lnet.rubygrapefruit.platform.internal.FunctionResult$Failure;                  : loaded 2 times (x 67B)
Class kotlin.reflect.jvm.internal.KClassImpl$data$1                                   : loaded 2 times (x 77B)
Class com.google.common.reflect.Types$ClassOwnership$1LocalClass                      : loaded 2 times (x 69B)
Class dagger.internal.codegen.processingstep.TypeCheckingProcessingStep               : loaded 2 times (x 84B)
Class android.databinding.parser.BindingExpressionParser$IdentifierContext            : loaded 2 times (x 130B)
Class android.databinding.tool.ext.Replacement                                        : loaded 2 times (x 70B)
Class android.databinding.internal.org.antlr.v4.runtime.ANTLRErrorListener            : loaded 2 times (x 68B)
Class android.databinding.tool.writer.KCode                                           : loaded 2 times (x 70B)
Class com.google.common.collect.Lists$RandomAccessReverseList                         : loaded 2 times (x 160B)
Class kotlin.jvm.internal.ArrayIteratorsKt                                            : loaded 2 times (x 69B)
Class [Landroid.databinding.tool.expr.Expr;                                           : loaded 2 times (x 67B)
Class android.databinding.internal.org.antlr.v4.runtime.Recognizer                    : loaded 2 times (x 96B)
Class android.databinding.internal.org.antlr.v4.runtime.Recognizer$1                  : loaded 2 times (x 166B)
Class android.databinding.tool.LibTypes$observable$2                                  : loaded 2 times (x 77B)
Class android.databinding.internal.org.antlr.v4.runtime.dfa.DFAState                  : loaded 2 times (x 71B)
Class dagger.internal.codegen.validation.ModuleValidator$ModuleMethodKind             : loaded 2 times (x 77B)
Class dagger.internal.codegen.processingstep.AssistedInjectProcessingStep_Factory     : loaded 2 times (x 77B)
Class kotlin.jvm.functions.Function3                                                  : loaded 2 times (x 68B)
Class org.objectweb.asm.SymbolTable$Entry                                             : loaded 2 times (x 72B)
Class [Lcom.google.common.cache.LocalCache$EntryFactory;                              : loaded 2 times (x 67B)
Class dagger.internal.codegen.processingstep.BindingMethodProcessingStep_Factory      : loaded 2 times (x 77B)
Class kotlin.jvm.functions.Function4                                                  : loaded 2 times (x 68B)
Class kotlin.reflect.jvm.internal.KClassImpl$Data$declaredNonStaticMembers$2          : loaded 2 times (x 77B)
Class dagger.spi.internal.shaded.androidx.room.compiler.processing.XTypeElement       : loaded 2 times (x 68B)
Class dagger.internal.codegen.kotlin.KotlinMetadataFactory_Factory                    : loaded 2 times (x 76B)
Class android.databinding.parser.BindingExpressionParser$TypeContext                  : loaded 2 times (x 131B)
Class [Landroid.databinding.internal.org.antlr.v4.runtime.atn.RuleStartState;         : loaded 2 times (x 67B)
Class org.apache.commons.io.file.CountingPathVisitor                                  : loaded 2 times (x 89B)
Class android.databinding.tool.util.SymbolTableUtil                                   : loaded 2 times (x 69B)
Class kotlin.jvm.functions.Function5                                                  : loaded 2 times (x 68B)
Class net.rubygrapefruit.platform.internal.jni.NativeLibraryFunctions                 : loaded 2 times (x 69B)
Class com.google.common.util.concurrent.AbstractFuture$UnsafeAtomicHelper             : loaded 2 times (x 76B)
Class com.google.common.collect.Iterators$6                                           : loaded 2 times (x 79B)
Class android.databinding.tool.reflection.ModelAnalyzer$Companion                     : loaded 2 times (x 69B)
Class dagger.spi.internal.shaded.androidx.room.compiler.processing.javac.JavacBasicAnnotationProcessor$2: loaded 2 times (x 77B)
Class kotlin.jvm.functions.Function6                                                  : loaded 2 times (x 68B)
Class kotlin.jvm.functions.Function7                                                  : loaded 2 times (x 68B)
Class android.databinding.tool.util.RelativizableFile                                 : loaded 2 times (x 70B)
Class com.sun.xml.bind.v2.runtime.MarshallerImpl                                      : loaded 2 times (x 126B)
Class kotlin.jvm.functions.Function8                                                  : loaded 2 times (x 68B)
Class dagger.hilt.android.processor.internal.bindvalue.AutoValue_BindValueMetadata    : loaded 2 times (x 72B)
Class dagger.hilt.processor.internal.root.RootType                                    : loaded 2 times (x 77B)
Class kotlin.jvm.functions.Function9                                                  : loaded 2 times (x 68B)
Class android.databinding.internal.org.antlr.v4.runtime.atn.ParserATNSimulator        : loaded 2 times (x 114B)
Class [Ldagger.internal.codegen.validation.BindingMethodValidator$Abstractness;       : loaded 2 times (x 67B)
Class dagger.internal.codegen.binding.OptionalBindingDeclaration                      : loaded 2 times (x 72B)
Class dagger.internal.codegen.validation.DiagnosticMessageGenerator$Factory           : loaded 2 times (x 70B)
Class com.bumptech.glide.annotation.compiler.RequestManagerFactoryGenerator           : loaded 2 times (x 70B)
Class [Ldagger.spi.internal.shaded.androidx.room.compiler.processing.XProcessingEnv$Backend;: loaded 2 times (x 67B)
Class com.bumptech.glide.repackaged.com.google.common.collect.ImmutableAsList         : loaded 2 times (x 167B)
Class android.databinding.parser.BindingExpressionParser$StringLiteralContext         : loaded 2 times (x 131B)
Class com.bumptech.glide.repackaged.com.google.common.collect.RegularImmutableAsList  : loaded 2 times (x 169B)
Class android.databinding.tool.expr.ArgListExpr                                       : loaded 2 times (x 147B)
Class dagger.internal.codegen.binding.ProvisionBinding                                : loaded 2 times (x 93B)
Class android.databinding.tool.writer.BindingMapperWriterV2$createLocalizedLayoutIds$1$2: loaded 2 times (x 77B)
Class android.databinding.internal.org.antlr.v4.runtime.atn.LexerATNSimulator$SimState: loaded 2 times (x 71B)
Class [[Landroid.databinding.internal.org.antlr.v4.runtime.atn.ATNConfig;             : loaded 2 times (x 67B)
Class android.databinding.tool.ext.ExtKt                                              : loaded 2 times (x 69B)
Class dagger.internal.codegen.bindinggraphvalidation.BindingGraphValidationModule_ProvidePluginsFactory: loaded 2 times (x 77B)
Class dagger.internal.codegen.binding.DelegateDeclaration$Factory                     : loaded 2 times (x 70B)
Class org.apache.http.client.methods.AbortableHttpRequest                             : loaded 2 times (x 68B)
Class android.databinding.tool.Context                                                : loaded 2 times (x 69B)
Class com.google.common.util.concurrent.ListenableFuture                              : loaded 2 times (x 68B)
Class org.apache.commons.io.function.IOSupplier                                       : loaded 2 times (x 68B)
Class [Lcom.google.common.base.Supplier;                                              : loaded 2 times (x 67B)
Class android.databinding.tool.writer.LayoutBinderWriter$readWithDependants$1$2$readCode$1: loaded 2 times (x 77B)
Class dagger.internal.codegen.binding.BindingGraphFactory                             : loaded 2 times (x 73B)
Class kotlin.reflect.jvm.internal.impl.name.SpecialNames                              : loaded 2 times (x 69B)
Class android.databinding.tool.store.BindingAdapterStore$merge$$inlined$merge$4$1     : loaded 2 times (x 75B)
Class com.bumptech.glide.repackaged.com.google.common.collect.ImmutableCollection     : loaded 2 times (x 121B)
Class dagger.internal.codegen.componentgenerator.ComponentHjarGenerator               : loaded 2 times (x 75B)
Class android.databinding.tool.writer.LayoutBinderWriter$mDirtyFlags$2                : loaded 2 times (x 77B)
Class [Ldagger.internal.codegen.validation.BindingElementValidator$AllowsScoping;     : loaded 2 times (x 67B)
Class android.databinding.tool.LibTypes$lifecycleOwner$2                              : loaded 2 times (x 77B)
Class [Landroid.databinding.internal.org.antlr.v4.runtime.atn.ATNState;               : loaded 2 times (x 67B)
Class com.google.common.base.CharMatcher$Whitespace                                   : loaded 2 times (x 110B)
Class android.databinding.tool.store.BindingAdapterStore                              : loaded 2 times (x 73B)
Class android.databinding.internal.org.antlr.v4.runtime.atn.LexerActionExecutor       : loaded 2 times (x 73B)
Class kotlin.reflect.jvm.internal.KClassImpl$Data$descriptor$2                        : loaded 2 times (x 77B)
Class com.google.common.collect.AbstractMapBasedMultimap$WrappedSet                   : loaded 2 times (x 140B)
Class com.google.common.cache.CacheLoader$UnsupportedLoadingOperationException        : loaded 2 times (x 80B)
Class org.apache.commons.io.function.Uncheck                                          : loaded 2 times (x 69B)
Class dagger.internal.codegen.validation.ComponentHierarchyValidator_Factory          : loaded 2 times (x 77B)
Class android.databinding.internal.org.antlr.v4.runtime.atn.SetTransition             : loaded 2 times (x 74B)
Class org.apache.commons.io.filefilter.OrFileFilter                                   : loaded 2 times (x 125B)
Class org.apache.commons.io.file.Counters$NoopPathCounters                            : loaded 2 times (x 80B)
Class org.apache.commons.io.file.AccumulatorPathVisitor                               : loaded 2 times (x 93B)
Class com.google.common.collect.RangeSet                                              : loaded 2 times (x 68B)
Class kotlin.reflect.jvm.internal.impl.name.FqNameUnsafe$1                            : loaded 2 times (x 72B)
Class kotlin.reflect.jvm.internal.KClassImpl$Data$annotations$2                       : loaded 2 times (x 77B)
Class com.google.common.reflect.TypeResolver$TypeTable$1                              : loaded 2 times (x 71B)
Class dagger.internal.codegen.binding.DelegateDeclaration_Factory_Factory             : loaded 2 times (x 77B)
Class dagger.hilt.processor.internal.ClassNames                                       : loaded 2 times (x 69B)
Class android.databinding.tool.reflection.ModelClass$isViewDataBinding$2              : loaded 2 times (x 77B)
Class org.gradle.api.specs.Spec                                                       : loaded 2 times (x 68B)
Class org.gradle.api.internal.classpath.ManifestUtil                                  : loaded 2 times (x 69B)
Class android.databinding.tool.writer.LayoutBinderWriterKt$callbackLocalName$2        : loaded 2 times (x 76B)
Class dagger.hilt.processor.internal.optionvalues.BooleanValue                        : loaded 2 times (x 77B)
Class dagger.internal.codegen.processingstep.ModuleProcessingStep_Factory             : loaded 2 times (x 77B)
Class dagger.internal.codegen.bindinggraphvalidation.SubcomponentFactoryMethodValidator_Factory$InstanceHolder: loaded 2 times (x 69B)
Class com.google.common.cache.CacheLoader                                             : loaded 2 times (x 72B)
Class dagger.internal.codegen.validation.ProducesMethodValidator$Validator            : loaded 2 times (x 78B)
Class org.objectweb.asm.Opcodes                                                       : loaded 2 times (x 68B)
Class android.databinding.tool.writer.LayoutBinderWriter$executePendingBindings$1$1   : loaded 2 times (x 77B)
Class dagger.internal.codegen.bindinggraphvalidation.NullableBindingValidator         : loaded 2 times (x 83B)
Class android.databinding.tool.reflection.ModelClass$simpleName$2                     : loaded 2 times (x 77B)
Class android.databinding.tool.reflection.ModelAnalyzer                               : loaded 2 times (x 75B)
Class com.google.common.collect.ImmutableBiMapFauxverideShim                          : loaded 2 times (x 118B)
Class dagger.internal.codegen.binding.BindingFactory_Factory                          : loaded 2 times (x 77B)
Class kotlin.reflect.jvm.internal.impl.builtins.PrimitiveType$arrayTypeFqName$2       : loaded 2 times (x 77B)
Class android.databinding.tool.writer.LayoutBinderWriter                              : loaded 2 times (x 70B)
Class kotlin.jvm.internal.SpreadBuilder                                               : loaded 2 times (x 74B)
Class org.objectweb.asm.MethodTooLargeException                                       : loaded 2 times (x 81B)
Class com.google.common.collect.Iterators$10                                          : loaded 2 times (x 79B)
Class com.google.common.util.concurrent.Uninterruptibles                              : loaded 2 times (x 69B)
Class dagger.internal.codegen.compileroption.ProcessingEnvironmentCompilerOptions$Validation: loaded 2 times (x 91B)
Class dagger.internal.codegen.binding.MethodSignatureFormatter                        : loaded 2 times (x 84B)
Class com.google.common.util.concurrent.AbstractFuture$Waiter                         : loaded 2 times (x 70B)
Class [Lkotlin.reflect.jvm.internal.impl.name.FqName;                                 : loaded 2 times (x 67B)
Class com.google.common.collect.HashBiMap$Inverse                                     : loaded 2 times (x 140B)
Class dagger.internal.codegen.validation.BindingMethodValidator$MethodValidator       : loaded 2 times (x 78B)
Class androidx.databinding.InverseMethod                                              : loaded 2 times (x 68B)
Class android.databinding.tool.reflection.ModelClass$Companion                        : loaded 2 times (x 69B)
Class android.databinding.tool.reflection.ModelClass$canonicalName$2                  : loaded 2 times (x 77B)
Class android.databinding.tool.store.GenClassInfoLog$GenClassImpl$Companion           : loaded 2 times (x 69B)
Class android.databinding.internal.org.antlr.v4.runtime.misc.IntSet                   : loaded 2 times (x 68B)
Class android.databinding.internal.org.antlr.v4.runtime.CommonTokenFactory            : loaded 2 times (x 77B)
Class dagger.hilt.processor.internal.root.RootProcessor                               : loaded 2 times (x 98B)
Class android.databinding.tool.InverseBinding                                         : loaded 2 times (x 90B)
Class dagger.internal.codegen.base.DaggerSuperficialValidation                        : loaded 2 times (x 70B)
Class org.gradle.internal.classloader.ClassLoaderFactory                              : loaded 2 times (x 68B)
Class com.google.common.cache.LocalCache$Strength$3                                   : loaded 2 times (x 79B)
Class android.databinding.internal.org.antlr.v4.runtime.atn.ArrayPredictionContext    : loaded 2 times (x 78B)
Class [[Ldagger.internal.codegen.compileroption.ProcessingEnvironmentCompilerOptions$CommandLineOption;: loaded 2 times (x 67B)
Class com.google.common.cache.Cache                                                   : loaded 2 times (x 68B)
Class com.google.common.cache.LocalCache$Strength$2                                   : loaded 2 times (x 79B)
Class dagger.internal.codegen.bindinggraphvalidation.InjectBindingValidator_Factory   : loaded 2 times (x 77B)
Class com.google.common.cache.LocalCache$Strength$1                                   : loaded 2 times (x 79B)
Class dagger.spi.internal.shaded.androidx.room.compiler.processing.XHasModifiers      : loaded 2 times (x 68B)
Class android.databinding.parser.BindingExpressionParser$BitShiftOpContext            : loaded 2 times (x 132B)
Class android.databinding.tool.store.GenClassInfoLog                                  : loaded 2 times (x 70B)
Class org.apache.commons.io.filefilter.FileFileFilter                                 : loaded 2 times (x 114B)
Class com.google.common.collect.Maps$EntrySet                                         : loaded 2 times (x 134B)
Class android.databinding.tool.writer.BindingMapperWriterV2$generateInnerBrLookup$1$1 : loaded 2 times (x 77B)
Class android.databinding.parser.BindingExpressionParser                              : loaded 2 times (x 148B)
Class android.databinding.tool.expr.ExprModel                                         : loaded 2 times (x 127B)
Class android.databinding.tool.writer.LayoutBinderWriter$declareDirtyFlags$1$1$1      : loaded 2 times (x 77B)
Class android.databinding.tool.LibTypes$Companion                                     : loaded 2 times (x 69B)
Class android.databinding.internal.org.antlr.v4.runtime.misc.MurmurHash               : loaded 2 times (x 69B)
Class org.gradle.internal.classloader.SystemClassLoaderSpec                           : loaded 2 times (x 69B)
Class android.databinding.tool.Binding                                                : loaded 2 times (x 86B)
Class dagger.internal.codegen.binding.ProductionBinding$Builder                       : loaded 2 times (x 88B)
Class dagger.internal.codegen.bindinggraphvalidation.SetMultibindingValidator_Factory$InstanceHolder: loaded 2 times (x 69B)
Class android.databinding.tool.writer.LayoutBinderWriter$declareHasPendingBindings$1$1$1$1: loaded 2 times (x 76B)
Class android.databinding.tool.writer.LayoutBinderWriter$executePendingBindings$1$1$7$1$2$setterValues$1: loaded 2 times (x 77B)
Class dagger.spi.internal.shaded.androidx.room.compiler.processing.javac.JavacBasicAnnotationProcessor: loaded 2 times (x 96B)
Class com.google.common.util.concurrent.internal.InternalFutureFailureAccess          : loaded 2 times (x 70B)
Class android.databinding.tool.writer.BindingMapperWriterV2$generateInnerLayoutIdLookup$1$1: loaded 2 times (x 77B)
Class com.google.common.reflect.TypeToken                                             : loaded 2 times (x 71B)
Class dagger.internal.codegen.DelegateComponentProcessor$Injector                     : loaded 2 times (x 68B)
Class android.databinding.tool.expr.IdentifierExpr                                    : loaded 2 times (x 151B)
Class android.databinding.tool.writer.LayoutBinderWriter$declareListenerImpls$1       : loaded 2 times (x 77B)
Class android.databinding.internal.org.antlr.v4.runtime.InputMismatchException        : loaded 2 times (x 87B)
Class dagger.spi.internal.shaded.androidx.room.compiler.processing.javac.JavacFiler   : loaded 2 times (x 76B)
Class net.rubygrapefruit.platform.internal.Platform$FreeBSD64Bit                      : loaded 2 times (x 80B)
Class com.google.common.base.Charsets                                                 : loaded 2 times (x 69B)
Class android.databinding.parser.BindingExpressionParser$CastOpContext                : loaded 2 times (x 132B)
Class [Landroid.databinding.tool.util.GenerationalClassUtil$ExtensionFilter;          : loaded 2 times (x 67B)
Class com.google.common.primitives.Ints$IntConverter                                  : loaded 2 times (x 88B)
Class dagger.internal.codegen.binding.ContributionBinding$Builder                     : loaded 2 times (x 81B)
Class Build_gradle$1$1                                                                : loaded 2 times (x 76B)
Class android.databinding.internal.org.antlr.v4.runtime.tree.TerminalNodeImpl         : loaded 2 times (x 103B)
Class dagger.internal.codegen.binding.MultibindingDeclaration                         : loaded 2 times (x 76B)
Class com.google.common.reflect.Types$TypeVariableImpl                                : loaded 2 times (x 70B)
Class [Lcom.google.common.base.AbstractIterator$State;                                : loaded 2 times (x 67B)
Class dagger.internal.codegen.binding.DependencyRequestFormatter_Factory              : loaded 2 times (x 77B)
Class android.databinding.tool.LibTypes$bindable$2                                    : loaded 2 times (x 77B)
Class org.apache.http.client.methods.HttpEntityEnclosingRequestBase                   : loaded 2 times (x 151B)
Class dagger.internal.codegen.base.$AutoValue_ComponentAnnotation                     : loaded 2 times (x 74B)
Class dagger.internal.codegen.ServiceLoaders$1                                        : loaded 2 times (x 69B)
Class dagger.spi.internal.shaded.androidx.room.compiler.processing.XProcessingEnv$Companion: loaded 2 times (x 69B)
Class dagger.hilt.android.processor.internal.viewmodel.ViewModelValidationPlugin      : loaded 2 times (x 81B)
Class android.databinding.tool.reflection.annotation.AnnotationClass$minApi$2         : loaded 2 times (x 77B)
Class android.databinding.internal.org.antlr.v4.runtime.FailedPredicateException      : loaded 2 times (x 91B)
Class dagger.spi.internal.shaded.androidx.room.compiler.processing.XProcessingStep    : loaded 2 times (x 68B)
Class android.databinding.internal.org.antlr.v4.runtime.CharStream                    : loaded 2 times (x 68B)
Class dagger.internal.codegen.writing.ProducerFactoryGenerator_Factory                : loaded 2 times (x 77B)
Class net.rubygrapefruit.platform.internal.Platform$MacOs                             : loaded 2 times (x 80B)
Class com.google.common.base.AbstractIterator                                         : loaded 2 times (x 78B)
Class org.apache.commons.io.filefilter.SuffixFileFilter                               : loaded 2 times (x 114B)
Class android.databinding.tool.reflection.ModelAnalyzer$viewStubType$2                : loaded 2 times (x 77B)
Class org.objectweb.asm.ClassWriter                                                   : loaded 2 times (x 104B)
Class com.sun.xml.bind.v2.runtime.output.UTF8XmlOutput                                : loaded 2 times (x 98B)
Class android.databinding.internal.org.antlr.v4.runtime.atn.TokensStartState          : loaded 2 times (x 80B)
Class android.databinding.internal.org.antlr.v4.runtime.ParserRuleContext             : loaded 2 times (x 129B)
Class org.objectweb.asm.Symbol                                                        : loaded 2 times (x 71B)
Class android.databinding.tool.writer.LayoutBinderWriter$onFieldChange$1$2$1$1        : loaded 2 times (x 77B)
Class android.databinding.internal.org.antlr.v4.runtime.atn.LexerActionType           : loaded 2 times (x 77B)
Class dagger.internal.codegen.binding.MonitoringModules_Factory$InstanceHolder        : loaded 2 times (x 69B)
Class [Landroid.databinding.tool.reflection.ModelClass;                               : loaded 2 times (x 67B)
Class com.sun.xml.bind.v2.runtime.unmarshaller.IntData                                : loaded 2 times (x 87B)
Class dagger.internal.codegen.validation.ComponentValidator_Factory                   : loaded 2 times (x 77B)
Class dagger.internal.codegen.validation.ProvidesMethodValidator_Factory              : loaded 2 times (x 77B)
Class android.databinding.tool.writer.LayoutBinderWriter$onFieldChange$1$1$1          : loaded 2 times (x 77B)
Class dagger.internal.codegen.validation.ValidationBindingGraphPlugins_Factory        : loaded 2 times (x 77B)
Class android.databinding.tool.reflection.annotation.AnnotationTypeUtil               : loaded 2 times (x 75B)
Class dagger.internal.codegen.processingstep.MultibindingAnnotationsProcessingStep_Factory: loaded 2 times (x 77B)
Class com.google.common.collect.Range                                                 : loaded 2 times (x 85B)
Class dagger.internal.codegen.binding.BindingDeclarationFormatter_Factory             : loaded 2 times (x 77B)
Class org.objectweb.asm.FieldVisitor                                                  : loaded 2 times (x 75B)
Class com.google.common.collect.Maps$EntryFunction$2                                  : loaded 2 times (x 89B)
Class com.google.common.collect.Maps$EntryFunction$1                                  : loaded 2 times (x 89B)
Class com.google.common.cache.AbstractCache$StatsCounter                              : loaded 2 times (x 68B)
Class android.databinding.internal.org.antlr.v4.runtime.atn.OrderedATNConfigSet$LexerConfigHashSet: loaded 2 times (x 138B)
Class com.google.common.base.AbstractIterator$1                                       : loaded 2 times (x 69B)
Class android.databinding.tool.store.GenClassInfoLog$Companion                        : loaded 2 times (x 69B)
Class dagger.internal.codegen.processingstep.ComponentProcessingStep                  : loaded 2 times (x 84B)
Class com.squareup.javapoet.LineWrapper$FlushType                                     : loaded 2 times (x 77B)
Class android.databinding.internal.org.antlr.v4.runtime.atn.PredictionMode            : loaded 2 times (x 77B)
Class android.databinding.parser.BindingExpressionParser$ExplicitGenericInvocationContext: loaded 2 times (x 131B)
Class android.databinding.tool.store.BindingAdapterStore$merge$$inlined$merge$3$1     : loaded 2 times (x 75B)
Class dagger.internal.codegen.base.SourceFileHjarGenerator                            : loaded 2 times (x 75B)
Class net.rubygrapefruit.platform.internal.Platform$Posix                             : loaded 2 times (x 79B)
Class com.bumptech.glide.annotation.compiler.ExtensionProcessor                       : loaded 2 times (x 70B)
Class dagger.hilt.processor.internal.definecomponent.DefineComponentProcessingStep    : loaded 2 times (x 85B)
Class dagger.internal.codegen.binding.SubcomponentDeclaration$Factory                 : loaded 2 times (x 71B)
Class android.databinding.tool.ext.VersionedResult                                    : loaded 2 times (x 70B)
Class android.databinding.tool.writer.LayoutBinderWriter$executePendingBindings$1     : loaded 2 times (x 77B)
Class android.databinding.internal.org.antlr.v4.runtime.atn.SingletonPredictionContext: loaded 2 times (x 78B)
Class android.databinding.tool.util.GenerationalClassUtil$ExtensionFilter             : loaded 2 times (x 78B)
Class org.apache.commons.io.filefilter.AbstractFileFilter                             : loaded 2 times (x 114B)
Class dagger.hilt.android.processor.internal.bindvalue.BindValueProcessingStep        : loaded 2 times (x 85B)
Class dagger.spi.internal.shaded.androidx.room.compiler.processing.javac.JavacBasicAnnotationProcessor$xEnv$2: loaded 2 times (x 77B)
Class dagger.hilt.processor.internal.BaseProcessingStep                               : loaded 2 times (x 85B)
Class android.databinding.tool.processing.Scope$ScopeEntry                            : loaded 2 times (x 70B)
Class android.databinding.tool.expr.SymbolExpr                                        : loaded 2 times (x 147B)
Class android.databinding.tool.store.SetterStore$1BestSetter                          : loaded 2 times (x 70B)
Class dagger.internal.codegen.validation.InjectBindingRegistryImpl_Factory            : loaded 2 times (x 77B)
Class android.databinding.tool.LibTypes$dataBindingComponent$2                        : loaded 2 times (x 77B)
Class [Lcom.google.common.cache.CacheBuilder$OneWeigher;                              : loaded 2 times (x 67B)
Class android.databinding.parser.BindingExpressionParser$ResourceContext              : loaded 2 times (x 131B)
Class net.rubygrapefruit.platform.NativeIntegrationLinkageException                   : loaded 2 times (x 80B)
Class dagger.internal.codegen.base.ComponentAnnotation                                : loaded 2 times (x 74B)
Class android.databinding.tool.writer.LayoutBinderWriterKt$WhenMappings               : loaded 2 times (x 69B)
Class android.databinding.parser.BindingExpressionParser$ConstantValueContext         : loaded 2 times (x 132B)
Class dagger.spi.internal.shaded.androidx.room.compiler.processing.XBasicAnnotationProcessor: loaded 2 times (x 68B)
Class com.google.common.base.CharMatcher$Ascii                                        : loaded 2 times (x 110B)
Class com.google.common.cache.LocalCache$ComputingValueReference                      : loaded 2 times (x 94B)
Class android.databinding.Bindable                                                    : loaded 2 times (x 68B)
Class android.databinding.annotationprocessor.BindableBag$Companion                   : loaded 2 times (x 69B)
Class dagger.internal.codegen.validation.InjectBindingRegistryImpl$BindingsCollection : loaded 2 times (x 70B)
Class dagger.internal.codegen.binding.SourceFiles                                     : loaded 2 times (x 69B)
Class dagger.spi.internal.shaded.androidx.room.compiler.processing.XProcessingEnvConfig: loaded 2 times (x 69B)
Class dagger.internal.codegen.binding.ProductionBinding                               : loaded 2 times (x 93B)
Class android.databinding.tool.writer.LayoutBinderWriterKt$shouldReadWithConditionalsFlagSet$2: loaded 2 times (x 76B)
Class dagger.internal.codegen.processingstep.MapKeyProcessingStep                     : loaded 2 times (x 84B)
Class kotlin.reflect.jvm.internal.impl.builtins.PrimitiveType                         : loaded 2 times (x 77B)
Class com.google.common.collect.ImmutableList$SerializedForm                          : loaded 2 times (x 71B)
Class android.databinding.internal.org.antlr.v4.runtime.atn.ATNDeserializer$1         : loaded 2 times (x 69B)
Class org.gradle.api.UncheckedIOException                                             : loaded 2 times (x 80B)
Class com.google.common.io.ByteSource$AsCharSource                                    : loaded 2 times (x 84B)
Class android.databinding.tool.reflection.annotation.AnnotationClass$computedJniDescription$2: loaded 2 times (x 77B)
Class android.databinding.tool.ext.XmlResourceReference                               : loaded 2 times (x 70B)
Class dagger.hilt.android.processor.internal.customtestapplication.CustomTestApplicationProcessingStep: loaded 2 times (x 85B)
Class android.databinding.tool.reflection.annotation.AnnotationClass$computedErasure$2: loaded 2 times (x 77B)
Class [Ldagger.hilt.processor.internal.root.RootType;                                 : loaded 2 times (x 67B)
Class android.databinding.annotationprocessor.ProcessDataBinding$1                    : loaded 2 times (x 76B)
Class android.databinding.parser.BindingExpressionParser$GlobalMethodInvocationContext: loaded 2 times (x 132B)
Class [Lcom.google.common.io.FileWriteMode;                                           : loaded 2 times (x 67B)
Class com.google.common.io.Files$FileByteSink                                         : loaded 2 times (x 75B)
Class dagger.internal.codegen.binding.SubcomponentDeclaration_Factory_Factory         : loaded 2 times (x 77B)
Class dagger.internal.codegen.binding.BindingGraphConverter                           : loaded 2 times (x 70B)
Class android.databinding.tool.writer.LayoutBinderWriter$write$1$1                    : loaded 2 times (x 77B)
Class com.bumptech.glide.annotation.compiler.AppModuleProcessor                       : loaded 2 times (x 70B)
Class dagger.internal.codegen.ProcessingEnvironmentModule_MessagerFactory             : loaded 2 times (x 77B)
Class dagger.internal.codegen.binding.$AutoValue_OptionalBindingDeclaration           : loaded 2 times (x 73B)
Class org.gradle.internal.classloader.ClasspathUtil$1                                 : loaded 2 times (x 74B)
Class org.objectweb.asm.ModuleWriter                                                  : loaded 2 times (x 80B)
Class com.google.common.base.ExtraObjectsMethodsForWeb                                : loaded 2 times (x 69B)
Class android.databinding.parser.BindingExpressionParser$DefaultsContext              : loaded 2 times (x 130B)
Class android.databinding.tool.BindingAdapterCompat$Companion                         : loaded 2 times (x 69B)
Class dagger.hilt.processor.internal.generatesrootinput.GeneratesRootInputProcessor   : loaded 2 times (x 98B)
Class [Lkotlin.annotation.AnnotationTarget;                                           : loaded 2 times (x 67B)
Class dagger.internal.codegen.model.BindingGraphPlugin                                : loaded 2 times (x 68B)
Class [Ldagger.internal.codegen.compileroption.ProcessingEnvironmentCompilerOptions$Feature;: loaded 2 times (x 67B)
Class [Landroid.databinding.internal.org.antlr.v4.runtime.atn.LexerAction;            : loaded 2 times (x 67B)
Class android.databinding.parser.BindingExpressionParser$FunctionRefContext           : loaded 2 times (x 132B)
Class android.databinding.internal.org.antlr.v4.runtime.IntStream                     : loaded 2 times (x 68B)
Class android.databinding.tool.expr.ExprWritersKt$localizeGlobalVariables$1           : loaded 2 times (x 77B)
Class android.databinding.tool.BindableCompat                                         : loaded 2 times (x 70B)
Class android.databinding.parser.BindingExpressionBaseVisitor                         : loaded 2 times (x 166B)
Class org.apache.commons.io.file.Counters                                             : loaded 2 times (x 69B)
Class dagger.internal.codegen.processingstep.BindsInstanceProcessingStep_Factory      : loaded 2 times (x 77B)
Class dagger.internal.codegen.compileroption.ProcessingEnvironmentCompilerOptions$Feature: loaded 2 times (x 88B)
Class dagger.internal.codegen.model.DaggerProcessingEnv                               : loaded 2 times (x 72B)
Class android.databinding.tool.reflection.ModelAnalyzer$mutableStateFlowDataType$2    : loaded 2 times (x 77B)
Class dagger.spi.internal.shaded.androidx.room.compiler.processing.XProcessingEnvConfig$Companion: loaded 2 times (x 69B)
Class [Landroid.databinding.internal.org.antlr.v4.runtime.misc.Interval;              : loaded 2 times (x 67B)
Class android.databinding.tool.expr.CallbackArgExpr                                   : loaded 2 times (x 153B)
Class dagger.internal.codegen.compileroption.ProcessingEnvironmentCompilerOptions$CommandLineOption: loaded 2 times (x 68B)
Class com.google.common.base.CharMatcher$Any                                          : loaded 2 times (x 110B)
Class dagger.internal.codegen.base.ComponentCreatorAnnotation                         : loaded 2 times (x 77B)
Class android.databinding.tool.LibTypes$liveData$2                                    : loaded 2 times (x 77B)
Class org.apache.commons.io.file.PathVisitor                                          : loaded 2 times (x 68B)
Class androidx.databinding.Bindable                                                   : loaded 2 times (x 68B)
Class org.gradle.api.internal.ClassPathProvider                                       : loaded 2 times (x 68B)
Class [Landroid.databinding.internal.org.antlr.v4.runtime.dfa.DFAState;               : loaded 2 times (x 67B)
Class android.databinding.tool.reflection.ModelAnalyzer$observableFieldTypes$2        : loaded 2 times (x 77B)
Class com.google.common.base.Ticker                                                   : loaded 2 times (x 70B)
Class android.databinding.parser.BindingExpressionLexer                               : loaded 2 times (x 139B)
Class android.databinding.tool.solver.ExecutionPath                                   : loaded 2 times (x 79B)
Class dagger.hilt.processor.internal.aliasof.AliasOfProcessingStep                    : loaded 2 times (x 85B)
Class android.databinding.internal.org.antlr.v4.runtime.RuntimeMetaData               : loaded 2 times (x 69B)
Class com.google.common.cache.LocalCache$Strength                                     : loaded 2 times (x 79B)
Class android.databinding.internal.org.antlr.v4.runtime.atn.LoopEndState              : loaded 2 times (x 80B)
Class android.databinding.tool.writer.CallbackWrapperWriter                           : loaded 2 times (x 70B)
Class dagger.internal.codegen.ProcessingEnvironmentModule_ProcessingOptionsFactory    : loaded 2 times (x 77B)
Class android.databinding.tool.reflection.annotation.AnnotationClass                  : loaded 2 times (x 103B)
Class dagger.internal.codegen.validation.ProducesMethodValidator_Factory              : loaded 2 times (x 77B)
Class com.google.common.collect.AbstractMapBasedMultimap$KeySet                       : loaded 2 times (x 135B)
Class com.google.common.collect.ImmutableRangeSet                                     : loaded 2 times (x 113B)
Class android.databinding.tool.store.SetterStore$MethodDescription                    : loaded 2 times (x 75B)
Class android.databinding.parser.BindingExpressionVisitor                             : loaded 2 times (x 68B)
Class dagger.internal.codegen.validation.BindsOptionalOfMethodValidator$Validator     : loaded 2 times (x 78B)
Class android.databinding.tool.writer.LayoutBinderWriter$executePendingBindings$1$1$7$1: loaded 2 times (x 77B)
Class android.databinding.annotationprocessor.ProcessExpressionsFromV1Compat          : loaded 2 times (x 70B)
Class com.google.common.collect.ImmutableMap$MapViewOfValuesAsSingletonSets$1         : loaded 2 times (x 80B)
Class android.databinding.tool.writer.LayoutBinderWriter$onFieldChange$1$1$1$1$1      : loaded 2 times (x 77B)
Class android.databinding.tool.reflection.ModelAnalyzer$classFinderCache$1            : loaded 2 times (x 77B)
Class android.databinding.tool.store.SetterStore$AccessorKey                          : loaded 2 times (x 75B)
Class android.databinding.internal.org.antlr.v4.runtime.tree.RuleNode                 : loaded 2 times (x 68B)
Class kotlin.io.FilePathComponents                                                    : loaded 2 times (x 70B)
Class com.google.common.base.CharMatcher$RangesMatcher                                : loaded 2 times (x 110B)
Class com.sun.xml.bind.v2.util.XmlFactory$1                                           : loaded 2 times (x 74B)
Class android.databinding.tool.LibTypes$mutableStateFlow$2                            : loaded 2 times (x 76B)
Class android.databinding.tool.reflection.annotation.AnnotationClass$computedCanonicalName$2: loaded 2 times (x 77B)
Class kotlin.reflect.jvm.internal.KClassImpl$Data$simpleName$2                        : loaded 2 times (x 77B)
Class org.objectweb.asm.Handler                                                       : loaded 2 times (x 70B)
Class dagger.internal.codegen.model.AutoValue_DaggerProcessingEnv                     : loaded 2 times (x 73B)
Class javax.inject.Provider                                                           : loaded 2 times (x 68B)
Class kotlin.collections.ArrayAsCollection                                            : loaded 2 times (x 103B)
Class kotlin.reflect.jvm.internal.impl.name.FqNameUnsafe                              : loaded 2 times (x 70B)
Class com.sun.xml.bind.v2.util.XmlFactory                                             : loaded 2 times (x 69B)
Class androidx.databinding.BindingAdapter                                             : loaded 2 times (x 68B)
Class dagger.internal.codegen.componentgenerator.ComponentGeneratorModule             : loaded 2 times (x 68B)
Class org.objectweb.asm.ByteVector                                                    : loaded 2 times (x 77B)
Class com.google.common.reflect.TypeToken$2                                           : loaded 2 times (x 106B)
Class dagger.hilt.processor.internal.generatesrootinput.GeneratesRootInputProcessingStep: loaded 2 times (x 85B)
Class android.databinding.tool.writer.LayoutBinderWriter$declareCallbackImplementations$1$2$2: loaded 2 times (x 77B)
Class com.bumptech.glide.annotation.GlideExtension                                    : loaded 2 times (x 68B)
Class com.google.common.cache.CacheBuilder                                            : loaded 2 times (x 70B)
Class net.rubygrapefruit.platform.internal.Platform$Linux32Bit                        : loaded 2 times (x 81B)
Class com.google.common.reflect.TypeToken$1                                           : loaded 2 times (x 106B)
Class dagger.internal.codegen.validation.BindingMethodValidator$ExceptionSuperclass$3 : loaded 2 times (x 79B)
Class com.google.common.graph.PredecessorsFunction                                    : loaded 2 times (x 68B)
Class android.databinding.parser.BindingExpressionParser$InstanceOfOpContext          : loaded 2 times (x 132B)
Class net.rubygrapefruit.platform.internal.Platform$MacOs64Bit                        : loaded 2 times (x 80B)
Class dagger.spi.internal.shaded.androidx.room.compiler.processing.javac.JavacProcessingEnvMessager$Companion: loaded 2 times (x 69B)
Class dagger.internal.codegen.validation.BindingMethodValidator$ExceptionSuperclass$2 : loaded 2 times (x 79B)
Class android.databinding.tool.store.BindingAdapterStore$merge$$inlined$merge$2$1     : loaded 2 times (x 75B)
Class com.google.common.cache.LocalCache$ValueReference                               : loaded 2 times (x 68B)
Class android.databinding.tool.expr.ListenerExpr                                      : loaded 2 times (x 149B)
Class dagger.internal.codegen.validation.ValidationBindingGraphPlugins                : loaded 2 times (x 70B)
Class dagger.internal.codegen.validation.BindingMethodValidator$ExceptionSuperclass$1 : loaded 2 times (x 79B)
Class [Landroid.databinding.tool.store.SetterStore$MethodDescription;                 : loaded 2 times (x 67B)
Class android.databinding.internal.org.antlr.v4.runtime.atn.ATNConfigSet$ConfigEqualityComparator: loaded 2 times (x 75B)
Class dagger.internal.codegen.extension.DaggerStreams                                 : loaded 2 times (x 69B)
Class android.databinding.internal.org.antlr.v4.runtime.atn.SemanticContext$PrecedencePredicate: loaded 2 times (x 76B)
Class androidx.databinding.BindingConversion                                          : loaded 2 times (x 68B)
Class dagger.internal.codegen.validation.BindsInstanceElementValidator                : loaded 2 times (x 76B)
Class android.databinding.internal.org.antlr.v4.runtime.WritableToken                 : loaded 2 times (x 68B)
Class dagger.internal.codegen.writing.ProducerFactoryGenerator                        : loaded 2 times (x 75B)
Class dagger.internal.codegen.processingstep.SuperficialValidator_Factory             : loaded 2 times (x 77B)
Class org.apache.commons.io.file.Counters$AbstractPathCounters                        : loaded 2 times (x 80B)
Class org.objectweb.asm.ClassReader                                                   : loaded 2 times (x 91B)
Class android.databinding.parser.BindingExpressionParser$GroupingContext              : loaded 2 times (x 131B)
Class org.gradle.api.internal.classpath.ModuleRegistry                                : loaded 2 times (x 68B)
Class android.databinding.tool.ExpressionParser$1                                     : loaded 2 times (x 80B)
Class android.databinding.tool.writer.ComponentWriter                                 : loaded 2 times (x 71B)
Class com.google.common.base.CharMatcher$JavaLetterOrDigit                            : loaded 2 times (x 109B)
Class android.databinding.tool.store.ResourceBundle$BindingTargetBundle$BindingBundle : loaded 2 times (x 80B)
Class org.gradle.internal.classloader.ClasspathUtil                                   : loaded 2 times (x 69B)
Class [Ldagger.internal.codegen.base.ComponentCreatorAnnotation;                      : loaded 2 times (x 67B)
Class dagger.internal.codegen.binding.MonitoringModules_Factory                       : loaded 2 times (x 76B)
Class android.databinding.tool.ExpressionParser$2                                     : loaded 2 times (x 80B)
Class org.gradle.api.GradleException                                                  : loaded 2 times (x 80B)
Class android.databinding.annotationprocessor.ProcessBindable                         : loaded 2 times (x 77B)
Class android.databinding.annotationprocessor.ProcessMethodAdapters                   : loaded 2 times (x 73B)
Class android.databinding.tool.reflection.Callable                                    : loaded 2 times (x 76B)
Class org.objectweb.asm.CurrentFrame                                                  : loaded 2 times (x 71B)
Class android.databinding.internal.org.antlr.v4.runtime.misc.Interval                 : loaded 2 times (x 81B)
Class com.google.common.util.concurrent.AbstractFuture                                : loaded 2 times (x 93B)
Class [Ldagger.internal.codegen.base.ClearableCache;                                  : loaded 2 times (x 67B)
Class dagger.internal.codegen.compileroption.ProcessingEnvironmentCompilerOptions_Factory: loaded 2 times (x 77B)
Class android.databinding.internal.org.antlr.v4.runtime.atn.ATN                       : loaded 2 times (x 78B)
Class com.sun.xml.bind.v2.runtime.XMLSerializer                                       : loaded 2 times (x 82B)
Class dagger.internal.codegen.validation.BindsInstanceParameterValidator              : loaded 2 times (x 76B)
Class org.gradle.internal.classloader.VisitableURLClassLoader$Spec                    : loaded 2 times (x 72B)
Class dagger.spi.internal.shaded.androidx.room.compiler.processing.javac.JavacProcessingEnv: loaded 2 times (x 114B)
Class com.google.common.reflect.TypeResolver                                          : loaded 2 times (x 70B)
Class android.databinding.internal.org.antlr.v4.runtime.atn.AtomTransition            : loaded 2 times (x 74B)
Class dagger.internal.codegen.validation.ComponentDescriptorValidator_Factory         : loaded 2 times (x 77B)
Class android.databinding.internal.org.antlr.v4.runtime.atn.EpsilonTransition         : loaded 2 times (x 74B)
Class dagger.internal.codegen.validation.MapKeyValidator                              : loaded 2 times (x 70B)
Class [Landroid.databinding.internal.org.antlr.v4.runtime.atn.SemanticContext;        : loaded 2 times (x 67B)
Class android.databinding.internal.org.antlr.v4.runtime.CommonToken                   : loaded 2 times (x 108B)
Class android.databinding.parser.BindingExpressionParser$PrimaryContext               : loaded 2 times (x 134B)
Class dagger.spi.model.DiagnosticReporter                                             : loaded 2 times (x 73B)
Class dagger.internal.codegen.validation.BindingMethodValidator$Abstractness          : loaded 2 times (x 77B)
Class [Lorg.apache.commons.io.FileSystem;                                             : loaded 2 times (x 67B)
Class android.databinding.tool.reflection.ModelAnalyzer$stateFlowType$2               : loaded 2 times (x 77B)
Class dagger.internal.codegen.binding.BindingDeclarationFormatter                     : loaded 2 times (x 84B)
Class android.databinding.internal.org.antlr.v4.runtime.tree.Tree                     : loaded 2 times (x 68B)
Class android.databinding.tool.expr.VersionProvider                                   : loaded 2 times (x 68B)
Class dagger.internal.codegen.validation.ComponentCreatorValidator_Factory            : loaded 2 times (x 77B)
Class org.apache.commons.io.file.Counters$Counter                                     : loaded 2 times (x 68B)
Class android.databinding.annotationprocessor.ProcessBindable$IntermediateV1          : loaded 2 times (x 80B)
Class dagger.internal.codegen.base.ContributionType$HasContributionType               : loaded 2 times (x 68B)
Class android.databinding.tool.writer.LayoutBinderWriter$onFieldChange$1$2$1$1$3$1    : loaded 2 times (x 77B)
Class android.databinding.internal.org.antlr.v4.runtime.atn.ATNConfig                 : loaded 2 times (x 72B)
Class android.databinding.tool.processing.scopes.ScopeProvider                        : loaded 2 times (x 68B)
Class android.databinding.internal.org.antlr.v4.runtime.atn.SemanticContext$Predicate : loaded 2 times (x 71B)
Class com.google.common.base.Splitter$1                                               : loaded 2 times (x 75B)
Class dagger.internal.codegen.base.SourceFileGenerator                                : loaded 2 times (x 75B)
Class [Ldagger.internal.codegen.compileroption.ValidationType;                        : loaded 2 times (x 67B)
Class android.databinding.tool.writer.LayoutBinderWriter$onFieldChange$1$2$1          : loaded 2 times (x 77B)
Class android.databinding.tool.writer.LayoutBinderWriter$variableSettersAndGetters$1$1$1$1: loaded 2 times (x 77B)
Class com.google.common.cache.LocalCache$2                                            : loaded 2 times (x 140B)
Class kotlin.reflect.jvm.internal.impl.resolve.jvm.JvmPrimitiveType                   : loaded 2 times (x 77B)
Class com.google.common.cache.LocalCache$1                                            : loaded 2 times (x 87B)
Class dagger.hilt.processor.internal.root.ComponentTreeDepsProcessor                  : loaded 2 times (x 98B)
Class com.bumptech.glide.repackaged.com.squareup.javapoet.ArrayTypeName               : loaded 2 times (x 77B)
Class android.databinding.tool.reflection.ModelAnalyzer$viewDataBindingType$2         : loaded 2 times (x 77B)
Class kotlin.reflect.jvm.internal.impl.builtins.CompanionObjectMapping                : loaded 2 times (x 69B)
Class com.google.common.base.Ticker$1                                                 : loaded 2 times (x 70B)
Class org.gradle.api.internal.DefaultClassPathRegistry                                : loaded 2 times (x 74B)
Class org.objectweb.asm.RecordComponentWriter                                         : loaded 2 times (x 76B)
Class android.databinding.tool.reflection.annotation.AnnotationClass$WhenMappings     : loaded 2 times (x 69B)
Class android.databinding.parser.BindingExpressionParser$SingleLambdaParameterContext : loaded 2 times (x 131B)
Class org.objectweb.asm.AnnotationVisitor                                             : loaded 2 times (x 76B)
Class android.databinding.tool.reflection.RecursiveResolutionStack                    : loaded 2 times (x 70B)
Class android.databinding.internal.org.antlr.v4.runtime.atn.LexerIndexedCustomAction  : loaded 2 times (x 75B)
Class android.databinding.tool.reflection.annotation.AnnotationClass$computedTypeName$2: loaded 2 times (x 77B)
Class android.databinding.tool.store.SetterStore$MultiValueAdapterKey                 : loaded 2 times (x 75B)
Class android.databinding.tool.reflection.TypeUtil                                    : loaded 2 times (x 72B)
Class com.google.common.collect.Iterators$SingletonIterator                           : loaded 2 times (x 79B)
Class dagger.hilt.android.processor.internal.androidentrypoint.AndroidEntryPointProcessor: loaded 2 times (x 98B)
Class android.databinding.tool.writer.LayoutBinderWriterKt$constructorParamName$2     : loaded 2 times (x 76B)
Class dagger.MembersInjector                                                          : loaded 2 times (x 68B)
Class dagger.spi.internal.shaded.androidx.room.compiler.processing.XProcessingEnv     : loaded 2 times (x 68B)
Class [Lorg.objectweb.asm.Symbol;                                                     : loaded 2 times (x 67B)
Class com.google.common.util.concurrent.AbstractFuture$Cancellation                   : loaded 2 times (x 70B)
Class android.databinding.tool.writer.LayoutBinderWriter$executePendingBindings$1$1$1 : loaded 2 times (x 77B)
Class android.databinding.internal.org.antlr.v4.runtime.misc.FlexibleHashMap          : loaded 2 times (x 123B)
Class android.databinding.internal.org.antlr.v4.runtime.TokenStream                   : loaded 2 times (x 68B)
Class android.databinding.parser.BindingExpressionParser$BinaryOpContext              : loaded 2 times (x 132B)
Class android.databinding.internal.org.antlr.v4.runtime.atn.RangeTransition           : loaded 2 times (x 74B)
Class dagger.spi.BindingGraphPlugin                                                   : loaded 2 times (x 68B)
Class dagger.internal.codegen.componentgenerator.TopLevelImplementationComponent$Factory: loaded 2 times (x 68B)
Class android.databinding.internal.org.antlr.v4.runtime.atn.RuleTransition            : loaded 2 times (x 75B)
Class com.google.common.base.Predicates                                               : loaded 2 times (x 69B)
Class dagger.internal.codegen.binding.MonitoringModules                               : loaded 2 times (x 73B)
Class android.databinding.tool.LibTypes$dataBindingUtil$2                             : loaded 2 times (x 77B)
Class dagger.internal.codegen.DelegateComponentProcessor_MembersInjector              : loaded 2 times (x 73B)
Class android.databinding.tool.store.ResourceBundle$NameTypeLocation                  : loaded 2 times (x 70B)
Class [Lcom.google.common.reflect.Types$ClassOwnership;                               : loaded 2 times (x 67B)
Class android.databinding.internal.org.antlr.v4.runtime.atn.ATNConfigSet$ConfigHashSet: loaded 2 times (x 138B)
Class org.gradle.api.internal.classpath.DefaultModuleRegistry$DefaultModule           : loaded 2 times (x 84B)
Class net.rubygrapefruit.platform.internal.Platform                                   : loaded 2 times (x 77B)
Class android.databinding.tool.ext.LazyExt                                            : loaded 2 times (x 73B)
Class com.google.common.base.CharMatcher$JavaIsoControl                               : loaded 2 times (x 110B)
Class android.databinding.tool.reflection.annotation.AnnotationClass$javaCodeRepresentation$2: loaded 2 times (x 77B)
Class android.databinding.tool.writer.LayoutBinderWriterKt$onChangeName$2             : loaded 2 times (x 76B)
Class dagger.internal.codegen.base.SourceFileGenerationException                      : loaded 2 times (x 80B)
Class android.databinding.tool.store.ResourceBundle$ValidateAndFilterCallback         : loaded 2 times (x 68B)
Class dagger.internal.codegen.base.ElementFormatter_Factory$InstanceHolder            : loaded 2 times (x 69B)
Class android.databinding.tool.store.ResourceBundle$VariableDeclaration               : loaded 2 times (x 70B)
Class [Ldagger.internal.codegen.compileroption.ProcessingEnvironmentCompilerOptions$CommandLineOption;: loaded 2 times (x 67B)
Class dagger.internal.codegen.model.Binding                                           : loaded 2 times (x 68B)
Class dagger.internal.codegen.javapoet.TypeNames                                      : loaded 2 times (x 69B)
Class com.sun.xml.bind.v2.runtime.output.XmlOutput                                    : loaded 2 times (x 68B)
Class kotlin.reflect.jvm.internal.KClassImpl$Data$inheritedStaticMembers$2            : loaded 2 times (x 77B)
Class android.databinding.internal.org.antlr.v4.runtime.atn.RuleStartState            : loaded 2 times (x 80B)
Class android.databinding.tool.writer.KCodeKt                                         : loaded 2 times (x 69B)
Class android.databinding.tool.expr.MethodReferenceExpr                               : loaded 2 times (x 149B)
Class dagger.internal.codegen.processingstep.SuperficialValidator                     : loaded 2 times (x 73B)
Class com.bumptech.glide.annotation.compiler.RequestOptionsOverrideGenerator          : loaded 2 times (x 70B)
Class dagger.internal.codegen.bindinggraphvalidation.DependencyCycleValidator         : loaded 2 times (x 83B)
Class org.objectweb.asm.Context                                                       : loaded 2 times (x 70B)
Class android.databinding.parser.BindingExpressionParser$AndOrOpContext               : loaded 2 times (x 132B)
Class android.databinding.tool.reflection.annotation.AnnotationClass$allFields$2      : loaded 2 times (x 77B)
Class dagger.internal.codegen.componentgenerator.ComponentHjarGenerator_Factory       : loaded 2 times (x 77B)
Class dagger.internal.codegen.binding.InjectionAnnotations                            : loaded 2 times (x 70B)
Class android.databinding.internal.org.antlr.v4.runtime.atn.SemanticContext$Operator  : loaded 2 times (x 72B)
Class android.databinding.tool.writer.BindingMapperWriterV2$LocalizedMapping          : loaded 2 times (x 70B)
Class dagger.internal.codegen.writing.UnwrappedMapKeyGenerator_Factory                : loaded 2 times (x 77B)
Class dagger.internal.codegen.validation.ExternalBindingGraphPlugins                  : loaded 2 times (x 70B)
Class android.databinding.tool.writer.LayoutBinderWriter$executePendingBindings$1$1$6$1: loaded 2 times (x 77B)
Class android.databinding.tool.writer.LayoutBinderWriter$variableSettersAndGetters$1  : loaded 2 times (x 77B)
Class android.databinding.internal.org.antlr.v4.runtime.misc.IntegerStack             : loaded 2 times (x 70B)
Class dagger.internal.codegen.binding.AutoValue_ModuleDescriptor                      : loaded 2 times (x 84B)
Class dagger.internal.codegen.validation.BindsInstanceMethodValidator$Validator       : loaded 2 times (x 75B)
Class com.google.common.collect.ImmutableRangeSet$ComplementRanges                    : loaded 2 times (x 167B)
Class dagger.hilt.processor.internal.originatingelement.OriginatingElementProcessor   : loaded 2 times (x 98B)
Class android.databinding.tool.LibTypes                                               : loaded 2 times (x 70B)
Class android.databinding.tool.store.SetterStore                                      : loaded 2 times (x 87B)
Class android.databinding.tool.DataBinder                                             : loaded 2 times (x 78B)
Class dagger.internal.codegen.validation.MembersInjectionValidator                    : loaded 2 times (x 70B)
Class android.databinding.tool.store.BindingAdapterStore$merge$$inlined$merge$1       : loaded 2 times (x 75B)
Class android.databinding.internal.org.antlr.v4.runtime.atn.PlusBlockStartState       : loaded 2 times (x 81B)
Class android.databinding.tool.store.BindingAdapterStore$merge$$inlined$merge$2       : loaded 2 times (x 75B)
Class com.google.common.io.ByteStreams$LimitedInputStream                             : loaded 2 times (x 90B)
Class android.databinding.tool.store.BindingAdapterStore$merge$$inlined$merge$3       : loaded 2 times (x 75B)
Class android.databinding.tool.reflection.InjectedClass$isObservable$2                : loaded 2 times (x 77B)
Class dagger.internal.codegen.writing.ModuleProxies_ModuleConstructorProxyGenerator_Factory: loaded 2 times (x 77B)
Class android.databinding.tool.reflection.RecursionTracker                            : loaded 2 times (x 70B)
Class android.databinding.tool.store.BindingAdapterStore$merge$$inlined$merge$4       : loaded 2 times (x 75B)
Class kotlin.jvm.internal.markers.KMutableMap                                         : loaded 2 times (x 68B)
Class android.databinding.tool.store.BindingAdapterStore$merge$$inlined$merge$5       : loaded 2 times (x 75B)
Class android.databinding.tool.LibTypes$observableFields$2                            : loaded 2 times (x 77B)
Class android.databinding.internal.org.antlr.v4.runtime.misc.ObjectEqualityComparator : loaded 2 times (x 75B)
Class com.google.common.base.Suppliers$SupplierOfInstance                             : loaded 2 times (x 77B)
Class dagger.spi.internal.shaded.androidx.room.compiler.processing.XProcessingEnv$Backend: loaded 2 times (x 77B)
Class org.objectweb.asm.RecordComponentVisitor                                        : loaded 2 times (x 75B)
Class android.databinding.internal.org.antlr.v4.runtime.ANTLRInputStream              : loaded 2 times (x 95B)
Class dagger.hilt.processor.internal.root.RootProcessingStep                          : loaded 2 times (x 85B)
Class [Landroid.databinding.internal.org.antlr.v4.runtime.dfa.DFAState$PredPrediction;: loaded 2 times (x 67B)
Class com.google.common.reflect.Types$ClassOwnership$1                                : loaded 2 times (x 78B)
Class com.google.common.reflect.Invokable                                             : loaded 2 times (x 99B)
Class dagger.internal.codegen.compileroption.ValidationType                           : loaded 2 times (x 77B)
Class android.databinding.BindingAdapter                                              : loaded 2 times (x 68B)
Class com.google.common.reflect.Types$ClassOwnership$2                                : loaded 2 times (x 78B)
Class dagger.internal.codegen.DaggerDelegateComponentProcessor_Injector$Factory       : loaded 2 times (x 72B)
Class com.google.common.base.CharMatcher$SingleWidth                                  : loaded 2 times (x 110B)
Class [Landroid.databinding.tool.processing.scopes.ScopeProvider;                     : loaded 2 times (x 67B)
Class android.databinding.tool.writer.Scope                                           : loaded 2 times (x 77B)
Class dagger.internal.codegen.writing.FactoryGenerator                                : loaded 2 times (x 75B)
Class com.google.common.reflect.Types$ClassOwnership$3                                : loaded 2 times (x 69B)
Class android.databinding.internal.org.antlr.v4.runtime.atn.WildcardTransition        : loaded 2 times (x 74B)
Class dagger.internal.codegen.base.ElementFormatter                                   : loaded 2 times (x 83B)
Class android.databinding.tool.processing.scopes.FileScopeProvider                    : loaded 2 times (x 68B)
Class android.databinding.tool.store.BindingAdapterStore$merge$$inlined$merge$1$1     : loaded 2 times (x 75B)
Class dagger.internal.codegen.binding.BindingGraphConverter_Factory                   : loaded 2 times (x 77B)
Class android.databinding.parser.BindingExpressionParser$RootLambdaContext            : loaded 2 times (x 131B)
Class com.sun.xml.bind.v2.runtime.output.IndentingUTF8XmlOutput                       : loaded 2 times (x 99B)
Class android.databinding.tool.writer.LayoutBinderWriter$declareSetVariable$1$1$2     : loaded 2 times (x 76B)
Class com.google.common.cache.LocalCache$LoadingValueReference                        : loaded 2 times (x 94B)
Class android.databinding.tool.reflection.ModelAnalyzer$mutableLiveDataType$2         : loaded 2 times (x 77B)
Class com.google.common.cache.LocalCache$HashIterator                                 : loaded 2 times (x 84B)
Class android.databinding.tool.writer.ExprModelExt                                    : loaded 2 times (x 70B)
Class android.databinding.internal.org.antlr.v4.runtime.atn.StarLoopbackState         : loaded 2 times (x 80B)
Class android.databinding.tool.writer.LayoutBinderWriterKt$executePendingLocalName$2  : loaded 2 times (x 76B)
Class android.databinding.internal.org.antlr.v4.runtime.misc.Array2DHashSet           : loaded 2 times (x 138B)
Class com.google.common.base.CharMatcher$JavaLowerCase                                : loaded 2 times (x 109B)
Class dagger.internal.codegen.binding.BindsTypeChecker                                : loaded 2 times (x 70B)
Class com.google.common.cache.LocalCache$WriteThroughEntry                            : loaded 2 times (x 77B)
Class org.objectweb.asm.ClassTooLargeException                                        : loaded 2 times (x 81B)
Class dagger.internal.codegen.processingstep.InjectProcessingStep                     : loaded 2 times (x 84B)
Class android.databinding.tool.writer.LayoutBinderWriter$declareInvalidateAll$1       : loaded 2 times (x 77B)
Class android.databinding.tool.expr.ExprWritersKt$toCode$1$2                          : loaded 2 times (x 77B)
Class net.rubygrapefruit.platform.ProcessLauncher                                     : loaded 2 times (x 68B)
Class [Landroid.databinding.internal.org.antlr.v4.runtime.atn.RuleStopState;          : loaded 2 times (x 67B)
Class android.databinding.tool.util.SymbolTable                                       : loaded 2 times (x 70B)
Class dagger.internal.codegen.compileroption.ProcessingEnvironmentCompilerOptions$Validation$1: loaded 2 times (x 91B)
Class org.gradle.api.internal.classpath.UnknownModuleException                        : loaded 2 times (x 80B)
Class dagger.internal.codegen.validation.BindsOptionalOfMethodValidator_Factory       : loaded 2 times (x 77B)
Class com.google.common.reflect.Types                                                 : loaded 2 times (x 69B)
Class kotlin.reflect.jvm.internal.impl.name.FqNamesUtilKt                             : loaded 2 times (x 69B)
Class android.databinding.tool.reflection.ModelAnalyzer$stringType$2                  : loaded 2 times (x 77B)
Class android.databinding.tool.reflection.ModelClass$isStateFlow$2                    : loaded 2 times (x 77B)
Class com.google.common.collect.FluentIterable                                        : loaded 2 times (x 79B)
Class com.google.common.util.concurrent.AbstractFuture$Listener                       : loaded 2 times (x 70B)
Class com.google.common.base.Stopwatch                                                : loaded 2 times (x 70B)
Class android.databinding.tool.reflection.ModelMethod                                 : loaded 2 times (x 87B)
Class android.databinding.tool.store.GenClassInfoLog$GenClass                         : loaded 2 times (x 70B)
Class android.databinding.parser.BindingExpressionParser$BracketOpContext             : loaded 2 times (x 132B)
Class org.gradle.internal.classloader.DefaultClassLoaderFactory                       : loaded 2 times (x 80B)
Class android.databinding.tool.writer.LayoutBinderWriter$declareHasPendingBindings$1$1: loaded 2 times (x 77B)
Class com.google.common.cache.CacheLoader$InvalidCacheLoadException                   : loaded 2 times (x 80B)
Class [Landroid.databinding.tool.processing.scopes.LocationScopeProvider;             : loaded 2 times (x 67B)
Class android.databinding.tool.reflection.ModelClass$isKotlinUnit$2                   : loaded 2 times (x 77B)
Class com.google.common.io.Closer                                                     : loaded 2 times (x 76B)
Class com.google.common.collect.Iterables$5                                           : loaded 2 times (x 79B)
Class org.objectweb.asm.Edge                                                          : loaded 2 times (x 70B)
Class android.databinding.annotationprocessor.BindableBag                             : loaded 2 times (x 70B)
Class android.databinding.internal.org.antlr.v4.runtime.atn.BlockEndState             : loaded 2 times (x 80B)
Class dagger.spi.internal.shaded.androidx.room.compiler.processing.javac.JavacProcessingEnv$Companion: loaded 2 times (x 69B)
Class kotlin.reflect.jvm.internal.impl.name.Name                                      : loaded 2 times (x 73B)
Class dagger.internal.codegen.binding.BindingDeclaration                              : loaded 2 times (x 72B)
Class android.databinding.tool.reflection.ModelAnalyzer$hasGeneratedAnnotation$2      : loaded 2 times (x 77B)
Class android.databinding.internal.org.antlr.v4.runtime.atn.DecisionState             : loaded 2 times (x 80B)
Class android.databinding.tool.writer.LayoutBinderWriter$declareViews$1               : loaded 2 times (x 77B)
Class android.databinding.tool.writer.LayoutBinderWriter$declareIncludeViews$1        : loaded 2 times (x 77B)
Class android.databinding.internal.org.antlr.v4.runtime.RuleContext                   : loaded 2 times (x 112B)
Class android.databinding.internal.org.antlr.v4.runtime.atn.ATNSimulator              : loaded 2 times (x 74B)
Class android.databinding.tool.util.StringUtils                                       : loaded 2 times (x 69B)
Class dagger.internal.codegen.compileroption.FeatureStatus                            : loaded 2 times (x 77B)
Class com.google.common.collect.ImmutableSetMultimap$Builder                          : loaded 2 times (x 81B)
Class dagger.internal.codegen.validation.BindsMethodValidator$Validator               : loaded 2 times (x 78B)
Class com.bumptech.glide.repackaged.com.squareup.javapoet.TypeName                    : loaded 2 times (x 77B)
Class dagger.internal.codegen.base.Formatter                                          : loaded 2 times (x 83B)
Class android.databinding.tool.reflection.annotation.AnnotationClass$allMethods$2     : loaded 2 times (x 77B)
Class dagger.internal.codegen.validation.AnyBindingMethodValidator                    : loaded 2 times (x 73B)
Class com.google.common.collect.ImmutableMapValues                                    : loaded 2 times (x 124B)
Class android.databinding.tool.reflection.MutableImportBag                            : loaded 2 times (x 70B)
Class com.bumptech.glide.annotation.compiler.GlideGenerator                           : loaded 2 times (x 70B)
Class com.google.common.io.ByteArrayDataInput                                         : loaded 2 times (x 68B)
Class android.databinding.internal.org.antlr.v4.runtime.atn.RuleStopState             : loaded 2 times (x 80B)
Class android.databinding.internal.org.antlr.v4.runtime.atn.EmptyPredictionContext    : loaded 2 times (x 78B)
Class android.databinding.tool.store.ResourceBundle                                   : loaded 2 times (x 82B)
Class android.databinding.tool.CompilerChef$BindableHolder                            : loaded 2 times (x 68B)
Class dagger.hilt.processor.internal.ProcessorErrorHandler                            : loaded 2 times (x 70B)
Class net.rubygrapefruit.platform.internal.Platform$Window64Bit                       : loaded 2 times (x 77B)
Class [Lorg.objectweb.asm.SymbolTable$Entry;                                          : loaded 2 times (x 67B)
Class android.databinding.tool.expr.Dependency                                        : loaded 2 times (x 79B)
Class dagger.internal.codegen.writing.AnnotationCreatorGenerator                      : loaded 2 times (x 78B)
Class com.google.common.reflect.Types$JavaVersion                                     : loaded 2 times (x 81B)
Class dagger.internal.codegen.validation.BindingElementValidator$AllowsScoping        : loaded 2 times (x 77B)
Class com.sun.xml.bind.v2.runtime.NamespaceContext2                                   : loaded 2 times (x 68B)
Class dagger.internal.codegen.ProcessingEnvironmentModule_FilerFactory                : loaded 2 times (x 77B)
Class kotlin.reflect.jvm.internal.impl.builtins.jvm.JavaToKotlinClassMap$PlatformMutabilityMapping: loaded 2 times (x 70B)
Class android.databinding.tool.LibTypes$mutableLiveData$2                             : loaded 2 times (x 77B)
Class dagger.internal.codegen.validation.BindsInstanceMethodValidator                 : loaded 2 times (x 76B)
Class dagger.internal.codegen.validation.BindsMethodValidator_Factory                 : loaded 2 times (x 77B)
Class dagger.internal.Provider                                                        : loaded 2 times (x 68B)
Class dagger.internal.codegen.validation.BindingElementValidator                      : loaded 2 times (x 76B)
Class android.databinding.internal.org.antlr.v4.runtime.Token                         : loaded 2 times (x 68B)
Class dagger.hilt.android.processor.internal.viewmodel.ViewModelProcessingStep        : loaded 2 times (x 85B)
Class android.databinding.tool.LibTypes$appCompatResources$2                          : loaded 2 times (x 77B)
Class android.databinding.tool.reflection.ModelClass$isObservableField$2              : loaded 2 times (x 77B)
Class com.google.common.util.concurrent.AbstractFuture$SynchronizedHelper             : loaded 2 times (x 76B)
Class android.databinding.tool.util.FileUtil                                          : loaded 2 times (x 69B)
Class kotlin.reflect.jvm.internal.KDeclarationContainerImpl$Data$moduleData$2         : loaded 2 times (x 77B)
Class kotlin.reflect.jvm.internal.KClassifierImpl                                     : loaded 2 times (x 68B)
Class android.databinding.tool.reflection.Callable$Type                               : loaded 2 times (x 77B)
Class android.databinding.tool.ExpressionParser                                       : loaded 2 times (x 72B)
Class android.databinding.tool.reflection.ModelClass$abstractMethods$2                : loaded 2 times (x 77B)
Class [Lorg.apache.commons.io.IOCase;                                                 : loaded 2 times (x 67B)
Class android.databinding.tool.util.GenerationalClassUtil$load$1                      : loaded 2 times (x 77B)
Class net.rubygrapefruit.platform.internal.Platform$FreeBSD32Bit                      : loaded 2 times (x 80B)
Class android.databinding.tool.writer.LayoutBinderWriter$flagMapping$1                : loaded 2 times (x 77B)
Class [Lcom.google.common.base.StandardSystemProperty;                                : loaded 2 times (x 67B)
Class android.databinding.tool.CompilerChef                                           : loaded 2 times (x 83B)
Class android.databinding.tool.util.GenerationalClassUtil$load$2                      : loaded 2 times (x 77B)
Class org.apache.http.client.methods.HttpUriRequest                                   : loaded 2 times (x 68B)
Class kotlin.jvm.internal.MutablePropertyReference1Impl                               : loaded 2 times (x 135B)
Class android.databinding.tool.expr.ExprWritersKt$toCode$1                            : loaded 2 times (x 77B)
Class kotlin.jvm.internal.ArrayLongIterator                                           : loaded 2 times (x 81B)
Class android.databinding.annotationprocessor.BindableBag$PackageProps                : loaded 2 times (x 70B)
Class com.bumptech.glide.annotation.compiler.GlideAnnotationProcessor                 : loaded 2 times (x 85B)
Class org.gradle.internal.service.UnknownServiceException                             : loaded 2 times (x 81B)
Class org.objectweb.asm.ClassVisitor                                                  : loaded 2 times (x 86B)
Class dagger.internal.codegen.bindinggraphvalidation.NullableBindingValidator_Factory : loaded 2 times (x 77B)
Class com.bumptech.glide.repackaged.com.google.common.collect.SingletonImmutableSet   : loaded 2 times (x 141B)
Class com.google.common.cache.LoadingCache                                            : loaded 2 times (x 68B)
Class org.gradle.internal.service.ServiceLookupException                              : loaded 2 times (x 80B)
Class dagger.internal.Preconditions                                                   : loaded 2 times (x 69B)
Class android.databinding.tool.LibTypes$nonNull$2                                     : loaded 2 times (x 77B)
Class org.gradle.internal.service.DefaultServiceLocator                               : loaded 2 times (x 81B)
Class kotlin.reflect.jvm.internal.KClassImpl$Data$supertypes$2                        : loaded 2 times (x 77B)
Class com.sun.xml.bind.v2.runtime.output.NamespaceContextImpl$1                       : loaded 2 times (x 73B)
Class android.databinding.tool.store.SetterStore$ViewBindingRootViewSetterCall        : loaded 2 times (x 88B)
Class com.google.gson.internal.$Gson$Types$GenericArrayTypeImpl                       : loaded 2 times (x 77B)
Class android.databinding.internal.org.antlr.v4.runtime.atn.NotSetTransition          : loaded 2 times (x 74B)
Class dagger.hilt.processor.internal.HiltProcessingEnvConfigs                         : loaded 2 times (x 69B)
Class dagger.hilt.android.processor.internal.bindvalue.BindValueMetadata              : loaded 2 times (x 71B)
Class dagger.internal.codegen.componentgenerator.ComponentGenerator                   : loaded 2 times (x 75B)
Class org.gradle.cache.GlobalCache                                                    : loaded 2 times (x 68B)
Class android.databinding.internal.org.antlr.v4.runtime.atn.PrecedencePredicateTransition: loaded 2 times (x 74B)
Class dagger.internal.codegen.processingstep.TypeCheckingProcessingStep_MembersInjector: loaded 2 times (x 73B)
Class android.databinding.tool.reflection.annotation.AnnotationTypeUtil$1             : loaded 2 times (x 69B)
Class android.databinding.tool.reflection.ModelAnalyzer$liveDataType$2                : loaded 2 times (x 77B)
Class android.databinding.internal.org.antlr.v4.runtime.CommonTokenStream             : loaded 2 times (x 125B)
Class dagger.hilt.processor.internal.aggregateddeps.AggregatedDepsProcessingStep      : loaded 2 times (x 85B)
Class dagger.hilt.processor.internal.uninstallmodules.UninstallModulesProcessingStep  : loaded 2 times (x 85B)
Class dagger.internal.codegen.binding.DependencyRequestFactory_Factory                : loaded 2 times (x 77B)
Class com.squareup.javapoet.ClassName$1                                               : loaded 2 times (x 95B)
Class dagger.internal.codegen.binding.ModuleDescriptor_Factory_Factory                : loaded 2 times (x 77B)
Class android.databinding.internal.org.antlr.v4.runtime.atn.StarBlockStartState       : loaded 2 times (x 81B)
Class dagger.internal.codegen.validation.BindingMethodValidator$ExceptionSuperclass   : loaded 2 times (x 79B)
Class android.databinding.tool.LibTypes$nullable$2                                    : loaded 2 times (x 77B)
Class kotlin.reflect.jvm.internal.KMutableProperty1Impl                               : loaded 2 times (x 133B)
Class dagger.internal.codegen.validation.BindingElementValidator$ElementValidator     : loaded 2 times (x 75B)
Class com.bumptech.glide.repackaged.com.squareup.javapoet.ClassName                   : loaded 2 times (x 80B)
Class dagger.internal.codegen.processingstep.AssistedInjectProcessingStep             : loaded 2 times (x 84B)
Class android.databinding.annotationprocessor.BindableBag$IdBag                       : loaded 2 times (x 70B)
Class dagger.internal.codegen.bindinggraphvalidation.MapMultibindingValidator         : loaded 2 times (x 83B)
Class dagger.internal.codegen.validation.BindingGraphValidator                        : loaded 2 times (x 70B)
Class android.databinding.tool.store.SetterStore$1                                    : loaded 2 times (x 90B)
Class [Lorg.gradle.api.internal.ClassPathProvider;                                    : loaded 2 times (x 67B)
Class android.databinding.parser.BindingExpressionParser$InferredFormalParameterListContext: loaded 2 times (x 131B)
Class com.google.common.util.concurrent.AbstractFuture$SafeAtomicHelper               : loaded 2 times (x 77B)
Class dagger.internal.codegen.validation.BindingMethodValidatorsModule_IndexValidatorsFactory: loaded 2 times (x 77B)
Class com.google.common.io.ByteStreams$1                                              : loaded 2 times (x 83B)
Class dagger.internal.codegen.compileroption.ProcessingEnvironmentCompilerOptions$KeyOnlyOption$2: loaded 2 times (x 84B)
Class android.databinding.tool.processing.Scope$1                                     : loaded 2 times (x 74B)
Class com.bumptech.glide.repackaged.com.google.common.collect.ImmutableList           : loaded 2 times (x 165B)
Class android.databinding.internal.org.antlr.v4.runtime.ANTLRErrorStrategy            : loaded 2 times (x 68B)
Class android.databinding.internal.org.antlr.v4.runtime.atn.LexerATNSimulator         : loaded 2 times (x 100B)
Class android.databinding.tool.store.Location                                         : loaded 2 times (x 76B)
Class dagger.internal.codegen.compileroption.ProcessingEnvironmentCompilerOptions$KeyOnlyOption$1: loaded 2 times (x 84B)
Class net.rubygrapefruit.platform.internal.Platform$FreeBSD                           : loaded 2 times (x 80B)
Class org.gradle.util.internal.GUtil                                                  : loaded 2 times (x 69B)
Class javax.xml.bind.helpers.AbstractMarshallerImpl                                   : loaded 2 times (x 123B)
Class dagger.internal.codegen.validation.SpiModelBindingGraphConverter$DaggerProcessingEnvImpl: loaded 2 times (x 74B)
Class dagger.internal.codegen.writing.ProducerFactoryGenerator$FutureTransform        : loaded 2 times (x 76B)
Class net.rubygrapefruit.platform.internal.Platform$Unix                              : loaded 2 times (x 80B)
Class android.databinding.tool.reflection.annotation.AnnotationClass$componentType$2  : loaded 2 times (x 77B)
Class dagger.internal.codegen.bindinggraphvalidation.MapMultibindingValidator_Factory : loaded 2 times (x 77B)
Class android.databinding.tool.reflection.ModelClass$isList$2                         : loaded 2 times (x 77B)
Class android.databinding.tool.ext.VersionedLazyExt                                   : loaded 2 times (x 73B)
Class dagger.internal.codegen.bindinggraphvalidation.DuplicateBindingsValidator       : loaded 2 times (x 83B)
Class [Landroid.databinding.internal.org.antlr.v4.runtime.atn.ATNType;                : loaded 2 times (x 67B)
Class dagger.hilt.android.processor.internal.viewmodel.ViewModelProcessor             : loaded 2 times (x 98B)
Class [Lcom.google.common.reflect.Types$JavaVersion;                                  : loaded 2 times (x 67B)
Class android.databinding.tool.writer.LayoutBinderWriter$declareSetVariable$1$1$1$1   : loaded 2 times (x 77B)
Class dagger.internal.codegen.writing.ModuleProxies$ModuleConstructorProxyGenerator   : loaded 2 times (x 75B)
Class net.rubygrapefruit.platform.Process                                             : loaded 2 times (x 68B)
Class android.databinding.internal.org.antlr.v4.runtime.Vocabulary                    : loaded 2 times (x 68B)
Class org.gradle.internal.classloader.ClassLoaderSpec                                 : loaded 2 times (x 69B)
Class dagger.internal.codegen.binding.AutoValue_MultibindingDeclaration               : loaded 2 times (x 77B)
Class android.databinding.tool.BindingAdapterCompat                                   : loaded 2 times (x 70B)
Class dagger.internal.codegen.binding.ModuleDescriptor$Factory                        : loaded 2 times (x 73B)
Class com.google.common.io.LineProcessor                                              : loaded 2 times (x 68B)
Class com.google.common.collect.ImmutableSetMultimap$EntrySet                         : loaded 2 times (x 144B)
Class android.databinding.tool.writer.CallbackWrapperWriter$write$1                   : loaded 2 times (x 77B)
Class android.databinding.parser.BindingExpressionParser$ClassOrInterfaceTypeContext  : loaded 2 times (x 134B)
Class android.databinding.tool.BindingTarget                                          : loaded 2 times (x 97B)
Class android.databinding.parser.BindingExpressionParser$RootExprContext              : loaded 2 times (x 132B)
Class android.databinding.internal.org.antlr.v4.runtime.RecognitionException          : loaded 2 times (x 87B)
Class com.google.common.base.NullnessCasts                                            : loaded 2 times (x 69B)
Class android.databinding.tool.writer.LayoutBinderWriter$includedBinders$2            : loaded 2 times (x 77B)
Class dagger.hilt.processor.internal.JavacBaseProcessingStepProcessor                 : loaded 2 times (x 98B)
Class android.databinding.tool.writer.LayoutBinderWriter$declareHasPendingBindings$1$1$1: loaded 2 times (x 77B)
Class com.google.common.io.CharSink                                                   : loaded 2 times (x 77B)
Class dagger.internal.codegen.validation.MultibindsMethodValidator                    : loaded 2 times (x 77B)
Class com.squareup.javapoet.LineWrapper$1                                             : loaded 2 times (x 69B)
Class android.databinding.annotationprocessor.BindableBag$IdBag$buildMapping$$inlined$sortedBy$1: loaded 2 times (x 87B)
Class org.objectweb.asm.Frame                                                         : loaded 2 times (x 71B)
Class com.google.common.cache.LocalCache$LocalManualCache                             : loaded 2 times (x 97B)
Class dagger.internal.codegen.componentgenerator.ComponentGenerator_Factory           : loaded 2 times (x 77B)
Class android.databinding.tool.reflection.InjectedClass$jniDescription$2              : loaded 2 times (x 77B)
Class android.databinding.internal.org.antlr.v4.runtime.atn.ProfilingATNSimulator     : loaded 2 times (x 117B)
Class android.databinding.tool.store.SetterStore$BindingGetterCall                    : loaded 2 times (x 68B)
Class android.databinding.tool.LibTypes$observableList$2                              : loaded 2 times (x 77B)
Class net.rubygrapefruit.platform.NativeIntegrationUnavailableException               : loaded 2 times (x 80B)
Class com.google.common.cache.CacheLoader$1                                           : loaded 2 times (x 73B)
Class android.databinding.tool.store.GenClassInfoLog$createPackageInfoLog$1           : loaded 2 times (x 77B)
Class net.rubygrapefruit.platform.NativeIntegration                                   : loaded 2 times (x 68B)
Class dagger.internal.codegen.validation.SpiModelBindingGraphConverter                : loaded 2 times (x 69B)
Class com.google.common.cache.CacheBuilder$NullListener                               : loaded 2 times (x 80B)
Class android.databinding.tool.reflection.ModelAnalyzer$dataBindingKtxClass$2         : loaded 2 times (x 77B)
Class kotlin.jvm.internal.TypeIntrinsics                                              : loaded 2 times (x 69B)
Class dagger.spi.internal.shaded.androidx.room.compiler.processing.XProcessingEnvConfig$Builder: loaded 2 times (x 70B)
Class com.google.common.util.concurrent.AbstractFuture$TrustedFuture                  : loaded 2 times (x 95B)
Class dagger.hilt.processor.internal.earlyentrypoint.EarlyEntryPointProcessingStep    : loaded 2 times (x 85B)
Class android.databinding.tool.reflection.ModelClass$isLiveData$2                     : loaded 2 times (x 77B)
Class android.databinding.tool.expr.BuiltInVariableExpr                               : loaded 2 times (x 151B)
Class dagger.spi.internal.shaded.androidx.room.compiler.processing.javac.XTypeElementStore: loaded 2 times (x 70B)
Class org.objectweb.asm.Label                                                         : loaded 2 times (x 71B)
Class com.squareup.javapoet.ParameterSpec$Builder                                     : loaded 2 times (x 70B)
Class org.apache.http.HttpEntityEnclosingRequest                                      : loaded 2 times (x 68B)
Class [Lcom.google.common.collect.HashBiMap$BiEntry;                                  : loaded 2 times (x 67B)
Class dagger.internal.codegen.binding.ProvisionBinding$Builder                        : loaded 2 times (x 86B)
Class dagger.internal.Factory                                                         : loaded 2 times (x 68B)
Class android.databinding.tool.writer.LayoutBinderWriter$declareInvalidateAll$1$1$1   : loaded 2 times (x 77B)
Class android.databinding.tool.writer.LayoutBinderWriter$declareBoundValues$1         : loaded 2 times (x 77B)
Class dagger.internal.codegen.componentgenerator.TopLevelImplementationComponent      : loaded 2 times (x 68B)
Class android.databinding.tool.expr.TernaryExpr                                       : loaded 2 times (x 149B)
Class org.gradle.internal.classloader.ClassLoaderVisitor                              : loaded 2 times (x 74B)
Class android.databinding.tool.expr.Expr                                              : loaded 2 times (x 146B)
Class android.databinding.tool.ext.Collection_extKt                                   : loaded 2 times (x 69B)
Class org.objectweb.asm.AnnotationWriter                                              : loaded 2 times (x 77B)
Class dagger.internal.codegen.binding.$AutoValue_ComponentDescriptor                  : loaded 2 times (x 87B)
Class android.databinding.tool.reflection.ModelAnalyzer$observableMapType$2           : loaded 2 times (x 77B)
Class dagger.internal.codegen.ComponentProcessor                                      : loaded 2 times (x 96B)
Class dagger.internal.codegen.writing.UnwrappedMapKeyGenerator                        : loaded 2 times (x 78B)
Class android.databinding.tool.reflection.InjectedClass$typeName$2                    : loaded 2 times (x 77B)
Class kotlin.reflect.jvm.internal.impl.name.ClassId                                   : loaded 2 times (x 70B)
Class android.databinding.tool.reflection.annotation.AnnotationClass$typeArguments$2  : loaded 2 times (x 77B)
Class kotlin.collections.LongIterator                                                 : loaded 2 times (x 80B)
Class dagger.internal.codegen.bindinggraphvalidation.SubcomponentFactoryMethodValidator: loaded 2 times (x 83B)
Class kotlin.collections.builders.ListBuilderKt                                       : loaded 2 times (x 69B)
Class dagger.internal.codegen.bindinggraphvalidation.CompositeBindingGraphPlugin$Factory: loaded 2 times (x 68B)
Class com.bumptech.glide.annotation.compiler.AppModuleGenerator                       : loaded 2 times (x 70B)
Class android.databinding.internal.org.antlr.v4.runtime.atn.ATNConfigSet              : loaded 2 times (x 146B)
Class android.databinding.internal.org.antlr.v4.runtime.atn.LexerSkipAction           : loaded 2 times (x 74B)
Class android.databinding.parser.BindingExpressionParser$ExpressionListContext        : loaded 2 times (x 131B)
Class android.databinding.tool.expr.ComparisonExpr                                    : loaded 2 times (x 151B)
Class kotlin.annotation.AnnotationTarget                                              : loaded 2 times (x 77B)
Class dagger.internal.codegen.bindinggraphvalidation.IncompatiblyScopedBindingsValidator: loaded 2 times (x 83B)
Class android.databinding.parser.BindingExpressionParser$PrimitiveTypeContext         : loaded 2 times (x 129B)
Class android.databinding.parser.BindingExpressionParser$ExpressionContext            : loaded 2 times (x 130B)
Class kotlin.text.StringsKt__StringsKt$splitToSequence$1                              : loaded 2 times (x 77B)
Class android.databinding.tool.writer.LayoutBinderWriter$declareSetVariable$1$1       : loaded 2 times (x 77B)
Class dagger.internal.codegen.validation.ComponentValidator                           : loaded 2 times (x 73B)
Class kotlin.text.StringsKt__StringsKt$splitToSequence$2                              : loaded 2 times (x 77B)
Class android.databinding.tool.writer.LayoutBinderWriter$readWithDependants$1$2$readCode$1$2$assignment$1: loaded 2 times (x 77B)
Class dagger.internal.codegen.validation.BindingMethodValidatorsModule                : loaded 2 times (x 68B)
Class android.databinding.tool.store.SetterStore$ModelMethodSetter                    : loaded 2 times (x 88B)
Class com.google.common.collect.EmptyImmutableSetMultimap                             : loaded 2 times (x 178B)
Class dagger.internal.codegen.binding.ComponentDescriptor$Factory                     : loaded 2 times (x 73B)
Class dagger.internal.codegen.validation.BindsMethodValidator                         : loaded 2 times (x 76B)
Class dagger.internal.codegen.validation.DiagnosticReporterFactory_Factory            : loaded 2 times (x 77B)
Class android.databinding.tool.reflection.annotation.AnnotationClass$computedUnbox$2  : loaded 2 times (x 77B)
Class [Landroid.databinding.internal.org.antlr.v4.runtime.dfa.DFA;                    : loaded 2 times (x 67B)
Class android.databinding.internal.org.antlr.v4.runtime.TokenSource                   : loaded 2 times (x 68B)
Class android.databinding.tool.processing.scopes.LocationScopeProvider                : loaded 2 times (x 68B)
Class dagger.internal.codegen.validation.ProvidesMethodValidator$Validator            : loaded 2 times (x 78B)
Class kotlin.reflect.jvm.internal.KClassImpl$Data$allMembers$2                        : loaded 2 times (x 77B)
Class [Lkotlin.annotation.AnnotationRetention;                                        : loaded 2 times (x 67B)
Class [Ldagger.internal.codegen.validation.BindingMethodValidator$ExceptionSuperclass;: loaded 2 times (x 67B)
Class android.databinding.tool.store.SetterStore$BindingSetterCall                    : loaded 2 times (x 68B)
Class [Ldagger.internal.codegen.compileroption.ProcessingEnvironmentCompilerOptions$KeyOnlyOption;: loaded 2 times (x 67B)
Class android.databinding.tool.writer.LayoutBinderWriter$declareHasPendingBindings$1  : loaded 2 times (x 77B)
Class android.databinding.tool.LibTypes$dataBindingKtx$2                              : loaded 2 times (x 76B)
Class android.databinding.annotationprocessor.BindableBag$BRMapping                   : loaded 2 times (x 70B)
Class net.rubygrapefruit.platform.internal.Platform$MacOs32Bit                        : loaded 2 times (x 80B)
Class [Lcom.google.common.cache.CacheBuilder$NullListener;                            : loaded 2 times (x 67B)
Class android.databinding.tool.reflection.SdkUtil                                     : loaded 2 times (x 75B)
Class android.databinding.tool.reflection.ModelAnalyzer$observableListType$2          : loaded 2 times (x 77B)
Class android.databinding.tool.LibTypes$viewStubProxy$2                               : loaded 2 times (x 77B)
Class com.google.common.collect.Sets$3$1                                              : loaded 2 times (x 80B)
Class com.google.common.base.MoreObjects                                              : loaded 2 times (x 69B)
Class [Landroid.databinding.internal.org.antlr.v4.runtime.atn.LexerActionType;        : loaded 2 times (x 67B)
Class android.databinding.tool.expr.BitShiftExpr                                      : loaded 2 times (x 149B)
Class android.databinding.tool.reflection.ModelClass$minApi$2                         : loaded 2 times (x 77B)
Class android.databinding.tool.store.ResourceBundle$IncludedLayout$Builder            : loaded 2 times (x 74B)
Class android.databinding.tool.writer.LayoutBinderWriterKt$invalidateFlagSet$2        : loaded 2 times (x 76B)
Class org.objectweb.asm.SymbolTable                                                   : loaded 2 times (x 70B)
Class android.databinding.tool.reflection.annotation.AnnotationField                  : loaded 2 times (x 76B)
Class com.bumptech.glide.annotation.compiler.IndexerGenerator                         : loaded 2 times (x 70B)
Class dagger.hilt.android.processor.internal.AndroidClassNames                        : loaded 2 times (x 69B)
Class com.google.common.base.StandardSystemProperty                                   : loaded 2 times (x 77B)
Class [Lorg.objectweb.asm.AnnotationVisitor;                                          : loaded 2 times (x 67B)
Class android.databinding.tool.writer.LayoutBinderWriter$variableSettersAndGetters$1$1$1: loaded 2 times (x 77B)
Class com.google.common.cache.CacheStats                                              : loaded 2 times (x 69B)
Class dagger.internal.codegen.kotlin.KotlinMetadataFactory                            : loaded 2 times (x 73B)
Class [Landroid.databinding.tool.reflection.Callable$Type;                            : loaded 2 times (x 67B)
Class android.databinding.parser.BindingExpressionParser$LiteralContext               : loaded 2 times (x 131B)
Class dagger.internal.codegen.validation.ComponentCreatorValidator                    : loaded 2 times (x 73B)
Class android.databinding.tool.writer.LayoutBinderWriter$declareDirtyFlags$1          : loaded 2 times (x 77B)
Class android.databinding.tool.writer.LayoutBinderWriter$write$1                      : loaded 2 times (x 77B)
Class dagger.internal.codegen.bindinggraphvalidation.MissingBindingValidator_Factory  : loaded 2 times (x 77B)
Class com.google.common.collect.SortedSetMultimap                                     : loaded 2 times (x 68B)
Class org.objectweb.asm.Attribute                                                     : loaded 2 times (x 75B)
Class dagger.spi.model.BindingGraphPlugin                                             : loaded 2 times (x 68B)
Class android.databinding.tool.writer.LayoutBinderWriterKt                            : loaded 2 times (x 69B)
Class android.databinding.tool.reflection.InjectedClass                               : loaded 2 times (x 103B)
Class android.databinding.tool.expr.CastExpr                                          : loaded 2 times (x 148B)
Class dagger.internal.InstanceFactory                                                 : loaded 2 times (x 80B)
Class [Lnet.ltgt.gradle.incap.IncrementalAnnotationProcessorType;                     : loaded 2 times (x 67B)
Class android.databinding.tool.LibTypes$listClassNames$2                              : loaded 2 times (x 77B)
Class android.databinding.tool.reflection.ModelClass$isMutableStateFlow$2             : loaded 2 times (x 77B)
Class dagger.internal.codegen.binding.DependencyRequestFormatter                      : loaded 2 times (x 84B)
Class com.bumptech.glide.repackaged.com.squareup.javapoet.ParameterizedTypeName       : loaded 2 times (x 77B)
Class org.gradle.internal.classloader.VisitableURLClassLoader                         : loaded 2 times (x 115B)
Class dagger.internal.codegen.binding.ComponentDescriptor                             : loaded 2 times (x 85B)
Class android.databinding.parser.BindingExpressionParser$LambdaExpressionContext      : loaded 2 times (x 131B)
Class com.google.common.collect.AbstractRangeSet                                      : loaded 2 times (x 112B)
Class com.google.common.cache.LocalCache$LocalLoadingCache                            : loaded 2 times (x 132B)
Class android.databinding.parser.BindingExpressionParser$BindingSyntaxContext         : loaded 2 times (x 130B)
Class dagger.hilt.processor.internal.aliasof.AliasOfProcessor                         : loaded 2 times (x 98B)
Class dagger.internal.codegen.binding.InjectionSiteFactory                            : loaded 2 times (x 70B)
Class android.databinding.internal.org.antlr.v4.runtime.atn.SemanticContext$OR        : loaded 2 times (x 73B)
Class com.sun.xml.bind.v2.util.CollisionCheckStack                                    : loaded 2 times (x 159B)
Class com.sun.xml.bind.marshaller.NamespacePrefixMapper                               : loaded 2 times (x 73B)
Class kotlin.reflect.jvm.internal.RuntimeTypeMapper                                   : loaded 2 times (x 69B)
Class android.databinding.tool.reflection.ModelClass$isViewBinding$2                  : loaded 2 times (x 77B)
Class org.gradle.internal.classpath.DefaultClassPath$ImmutableUniqueList$Builder      : loaded 2 times (x 73B)
Class [Lcom.google.common.cache.LocalCache$Strength;                                  : loaded 2 times (x 67B)
Class com.squareup.javapoet.ParameterSpec                                             : loaded 2 times (x 70B)
Class dagger.internal.codegen.base.DaggerSuperficialValidation$ValidationException$UnexpectedException: loaded 2 times (x 81B)
Class dagger.spi.internal.shaded.androidx.room.compiler.processing.XFiler             : loaded 2 times (x 68B)
Class android.databinding.annotationprocessor.ProcessExpressions$IntermediateV1       : loaded 2 times (x 79B)
Class android.databinding.tool.util.GenerationalClassUtil                             : loaded 2 times (x 70B)
Class com.google.common.collect.HashBiMap$BiEntry                                     : loaded 2 times (x 81B)
Class dagger.internal.codegen.binding.InjectBindingRegistry                           : loaded 2 times (x 68B)
Class android.databinding.internal.org.antlr.v4.runtime.dfa.LexerDFASerializer        : loaded 2 times (x 72B)
Class [Ldagger.internal.codegen.base.ComponentCreatorKind;                            : loaded 2 times (x 67B)
Class com.google.common.collect.Maps$1                                                : loaded 2 times (x 80B)
Class android.databinding.annotationprocessor.ProcessExpressions$IntermediateV2       : loaded 2 times (x 80B)
Class com.google.common.collect.ImmutableMap$IteratorBasedImmutableMap$1EntrySetImpl  : loaded 2 times (x 152B)
Class [Ldagger.internal.codegen.compileroption.ProcessingEnvironmentCompilerOptions$EnumOption;: loaded 2 times (x 67B)
Class dagger.internal.codegen.binding.MultibindingDeclaration_Factory_Factory         : loaded 2 times (x 77B)
Class android.databinding.parser.BindingExpressionParser$MathOpContext                : loaded 2 times (x 132B)
Class android.databinding.tool.ExpressionVisitor                                      : loaded 2 times (x 193B)
Class dagger.internal.codegen.model.BindingGraph$Node                                 : loaded 2 times (x 68B)
Class android.databinding.tool.LibTypes$propertyChangedInverseListener$2              : loaded 2 times (x 77B)
Class android.databinding.tool.reflection.ModelAnalyzer$observableType$2              : loaded 2 times (x 77B)
Class com.google.common.base.Objects                                                  : loaded 2 times (x 69B)
Class com.google.common.util.concurrent.AbstractFuture$AtomicHelper                   : loaded 2 times (x 76B)
Class android.databinding.internal.org.antlr.v4.runtime.atn.LexerAction               : loaded 2 times (x 68B)
Class kotlin.reflect.jvm.internal.ReflectProperties$LazyVal                           : loaded 2 times (x 73B)
Class android.databinding.tool.writer.LayoutBinderWriter$declareConstructor$1$2$1     : loaded 2 times (x 77B)
Class com.google.common.reflect.Invokable$MethodInvokable                             : loaded 2 times (x 103B)
Class org.gradle.internal.Cast                                                        : loaded 2 times (x 69B)
Class dagger.internal.codegen.binding.ContributionBinding                             : loaded 2 times (x 88B)
Class android.databinding.annotationprocessor.ProcessBindable$Intermediate            : loaded 2 times (x 68B)
Class dagger.internal.codegen.DelegateComponentProcessor$SourceFileGeneratorsModule   : loaded 2 times (x 68B)
Class android.databinding.tool.expr.ViewFieldExpr                                     : loaded 2 times (x 152B)
Class kotlin.reflect.KMutableProperty$Setter                                          : loaded 2 times (x 68B)
Class com.google.common.hash.PrimitiveSink                                            : loaded 2 times (x 68B)
Class dagger.internal.codegen.bindinggraphvalidation.DependencyCycleValidator_Factory : loaded 2 times (x 77B)
Class android.databinding.internal.org.antlr.v4.runtime.tree.ErrorNode                : loaded 2 times (x 68B)
Class com.bumptech.glide.repackaged.com.google.common.collect.Hashing                 : loaded 2 times (x 69B)
Class dagger.spi.internal.shaded.androidx.room.compiler.processing.XMessager          : loaded 2 times (x 71B)
Class android.databinding.internal.org.antlr.v4.runtime.atn.PlusLoopbackState         : loaded 2 times (x 80B)
Class org.apache.commons.io.FileSystem                                                : loaded 2 times (x 78B)
Class com.bumptech.glide.repackaged.com.google.common.collect.ObjectArrays            : loaded 2 times (x 69B)
Class com.google.common.reflect.TypeResolver$TypeTable                                : loaded 2 times (x 71B)
Class android.databinding.tool.LayoutBinder                                           : loaded 2 times (x 95B)
Class android.databinding.tool.writer.LayoutBinderWriter$declareInverseBindingImpls$1$2$1$1$1: loaded 2 times (x 77B)
Class android.databinding.tool.expr.ResourceExpr                                      : loaded 2 times (x 147B)
Class com.google.common.collect.AbstractMapBasedMultimap$WrappedCollection            : loaded 2 times (x 122B)
Class android.databinding.parser.BindingExpressionParser$MethodInvocationContext      : loaded 2 times (x 133B)
Class Build_gradle                                                                    : loaded 2 times (x 128B)
Class org.gradle.internal.classloader.FilteringClassLoader                            : loaded 2 times (x 103B)
Class androidx.databinding.Untaggable                                                 : loaded 2 times (x 68B)
Class com.google.common.cache.LocalCache$StrongValueReference                         : loaded 2 times (x 88B)
Class com.squareup.javapoet.FieldSpec$Builder                                         : loaded 2 times (x 70B)
Class dagger.internal.codegen.validation.ExternalBindingGraphPlugins_Factory          : loaded 2 times (x 77B)
Class org.gradle.api.internal.ClassPathRegistry                                       : loaded 2 times (x 68B)
Class android.databinding.internal.org.antlr.v4.runtime.tree.SyntaxTree               : loaded 2 times (x 68B)
Class dagger.spi.internal.shaded.androidx.room.compiler.processing.javac.JavacBasicAnnotationProcessor$steps$2: loaded 2 times (x 77B)
Class android.databinding.tool.expr.MethodBaseExpr                                    : loaded 2 times (x 149B)
Class dagger.internal.codegen.validation.ComponentHierarchyValidator                  : loaded 2 times (x 70B)
Class dagger.internal.codegen.compileroption.ProcessingEnvironmentCompilerOptions$KeyOnlyOption: loaded 2 times (x 84B)
Class android.databinding.tool.processing.Scope                                       : loaded 2 times (x 69B)
Class android.databinding.internal.org.antlr.v4.runtime.misc.DoubleKeyMap             : loaded 2 times (x 76B)
Class android.databinding.tool.store.SetterStore$InverseMethod                        : loaded 2 times (x 70B)
Class android.databinding.internal.org.antlr.v4.runtime.atn.PredictionMode$AltAndContextMap: loaded 2 times (x 123B)
Class com.google.common.cache.LocalCache$EntryFactory$8                               : loaded 2 times (x 81B)
Class com.google.common.cache.LocalCache$EntryFactory                                 : loaded 2 times (x 81B)
Class dagger.hilt.processor.internal.earlyentrypoint.EarlyEntryPointProcessor         : loaded 2 times (x 98B)
Class dagger.internal.codegen.bindinggraphvalidation.InjectBindingValidator           : loaded 2 times (x 83B)
Class com.google.common.util.concurrent.UncheckedExecutionException                   : loaded 2 times (x 80B)
Class dagger.internal.codegen.DelegateComponentProcessor_SourceFileGeneratorsModule_ProducerFactoryGeneratorFactory: loaded 2 times (x 77B)
Class com.google.common.cache.LocalCache$EntryFactory$7                               : loaded 2 times (x 81B)
Class com.google.common.reflect.TypeResolver$TypeVariableKey                          : loaded 2 times (x 70B)
Class org.gradle.internal.classloader.VisitableURLClassLoader$InstrumentingVisitableURLClassLoader: loaded 2 times (x 121B)
Class dagger.internal.codegen.binding.BindsTypeChecker_Factory                        : loaded 2 times (x 77B)
Class org.gradle.internal.classloader.ClassLoaderHierarchy                            : loaded 2 times (x 68B)
Class android.databinding.tool.writer.LayoutBinderWriter$declareCallbackInstances$1   : loaded 2 times (x 77B)
Class com.google.common.cache.LocalCache$EntryFactory$6                               : loaded 2 times (x 81B)
Class com.google.common.cache.LocalCache$EntryFactory$5                               : loaded 2 times (x 81B)
Class dagger.internal.codegen.bindinggraphvalidation.SetMultibindingValidator_Factory : loaded 2 times (x 76B)
Class com.google.common.cache.LocalCache$EntryFactory$4                               : loaded 2 times (x 81B)
Class android.databinding.tool.reflection.ModelClass$extendsViewStub$2                : loaded 2 times (x 77B)
Class com.sun.xml.bind.v2.runtime.output.NamespaceContextImpl                         : loaded 2 times (x 79B)
Class dagger.internal.codegen.bindinggraphvalidation.CompositeBindingGraphPlugin_Factory_Impl: loaded 2 times (x 73B)
Class dagger.spi.internal.shaded.androidx.room.compiler.processing.compat.XConverters : loaded 2 times (x 69B)
Class [Lcom.google.common.collect.Maps$EntryFunction;                                 : loaded 2 times (x 67B)
Class com.google.common.cache.LocalCache$EntryFactory$3                               : loaded 2 times (x 81B)
Class dagger.internal.codegen.DelegateComponentProcessor_SourceFileGeneratorsModule_ModuleConstructorProxyGeneratorFactory: loaded 2 times (x 77B)
Class android.databinding.tool.writer.LayoutBinderWriterKt$readableName$2             : loaded 2 times (x 76B)
Class org.apache.commons.io.file.DeleteOption                                         : loaded 2 times (x 68B)
Class com.google.common.cache.LocalCache$EntryFactory$2                               : loaded 2 times (x 81B)
Class android.databinding.tool.writer.LayoutBinderWriterKt$conditionalFlags$2         : loaded 2 times (x 76B)
Class dagger.internal.codegen.DelegateComponentProcessor$Injector$Factory             : loaded 2 times (x 68B)
Class android.databinding.tool.writer.KCode$Companion                                 : loaded 2 times (x 69B)
Class android.databinding.tool.writer.LayoutBinderWriterKt$readableName$5             : loaded 2 times (x 76B)
Class com.google.common.cache.LocalCache$EntryFactory$1                               : loaded 2 times (x 81B)
Class dagger.internal.codegen.writing.AnnotationCreatorGenerator_Factory              : loaded 2 times (x 77B)
Class android.databinding.tool.expr.MethodCallExpr                                    : loaded 2 times (x 151B)
Class android.databinding.tool.writer.LayoutBinderWriter$declareListeners$1           : loaded 2 times (x 77B)
Class dagger.internal.codegen.processingstep.MonitoringModuleGenerator                : loaded 2 times (x 75B)
Class android.databinding.tool.store.SetterStore$AdapterGetter                        : loaded 2 times (x 86B)
Class dagger.spi.internal.shaded.androidx.room.compiler.processing.XType              : loaded 2 times (x 68B)
Class android.databinding.tool.writer.LayoutBinderWriter$declareSetVariable$1         : loaded 2 times (x 77B)
Class android.databinding.tool.reflection.InjectedClass$superclass$2                  : loaded 2 times (x 77B)
Class dagger.internal.codegen.binding.BindingFactory                                  : loaded 2 times (x 70B)
Class dagger.internal.codegen.binding.MembersInjectionBinding                         : loaded 2 times (x 83B)
Class android.databinding.internal.org.antlr.v4.runtime.atn.OrderedATNConfigSet       : loaded 2 times (x 146B)
Class kotlin.collections.builders.MapBuilder                                          : loaded 2 times (x 110B)
Class android.databinding.tool.reflection.annotation.AnnotationMethod                 : loaded 2 times (x 88B)
Class android.databinding.tool.writer.LayoutBinderWriter$declareConstructor$1         : loaded 2 times (x 77B)
Class android.databinding.tool.store.SetterStore$SetterCall                           : loaded 2 times (x 88B)
Class dagger.internal.codegen.processingstep.ModuleProcessingStep                     : loaded 2 times (x 84B)
Class android.databinding.tool.LibTypes$stateFlow$2                                   : loaded 2 times (x 76B)
Class com.google.common.collect.ImmutableSortedSetFauxverideShim                      : loaded 2 times (x 145B)
Class dagger.internal.codegen.binding.BindingGraph$TopLevelBindingGraph               : loaded 2 times (x 97B)
Class dagger.internal.codegen.processingstep.InjectProcessingStep_Factory             : loaded 2 times (x 77B)
Class com.google.common.collect.Lists$ReverseList                                     : loaded 2 times (x 160B)
Class dagger.internal.codegen.ProcessingEnvironmentModule                             : loaded 2 times (x 68B)
Class dagger.spi.internal.shaded.androidx.room.compiler.processing.XExecutableElement : loaded 2 times (x 68B)
Class android.databinding.tool.reflection.annotation.AnnotationAnalyzer               : loaded 2 times (x 79B)
Class com.google.common.io.Closer$Suppressor                                          : loaded 2 times (x 68B)
Class android.databinding.tool.writer.LayoutBinderWriter$callbacks$2                  : loaded 2 times (x 77B)
Class android.databinding.internal.org.antlr.v4.runtime.misc.IntegerList              : loaded 2 times (x 70B)
Class android.databinding.parser.BindingExpressionParser$ComparisonOpContext          : loaded 2 times (x 132B)
Class dagger.internal.codegen.binding.KeyFactory_Factory                              : loaded 2 times (x 77B)
Class dagger.internal.codegen.base.DaggerSuperficialValidation$ValidationException$KnownErrorType: loaded 2 times (x 81B)
Class dagger.Lazy                                                                     : loaded 2 times (x 68B)
Class com.google.auto.common.MoreTypes                                                : loaded 2 times (x 69B)
Class android.databinding.tool.util.FileUtil$listAndSortFiles$$inlined$sortedBy$1     : loaded 2 times (x 87B)
Class android.databinding.tool.writer.LayoutBinderWriter$onFieldChange$1$1            : loaded 2 times (x 77B)
Class android.databinding.tool.util.FileUtil$listAndSortFiles$$inlined$sortedBy$2     : loaded 2 times (x 87B)
Class android.databinding.tool.reflection.ModelAnalyzer$appCompatResourcesType$2      : loaded 2 times (x 77B)
Class dagger.internal.codegen.writing.ProducerFactoryGenerator$SingleArgFutureTransform: loaded 2 times (x 76B)
Class android.databinding.internal.org.antlr.v4.runtime.atn.SemanticContext           : loaded 2 times (x 71B)
Class net.rubygrapefruit.platform.internal.LibraryDef                                 : loaded 2 times (x 70B)
Class [Lorg.objectweb.asm.Type;                                                       : loaded 2 times (x 67B)
Class dagger.internal.codegen.writing.MembersInjectorGenerator_Factory                : loaded 2 times (x 77B)
Class android.databinding.tool.reflection.ModelAnalyzer$objectType$2                  : loaded 2 times (x 77B)
Class [Landroid.databinding.internal.org.antlr.v4.runtime.atn.ATNConfig;              : loaded 2 times (x 67B)
Class android.databinding.tool.reflection.ClassFinderCache$CacheKey                   : loaded 2 times (x 70B)
Class android.databinding.parser.BindingExpressionParser$ArgumentsContext             : loaded 2 times (x 130B)
Class dagger.internal.codegen.bindinggraphvalidation.DependsOnProductionExecutorValidator_Factory: loaded 2 times (x 77B)
Class android.databinding.tool.writer.FlagSet                                         : loaded 2 times (x 80B)
Class android.databinding.internal.org.antlr.v4.runtime.atn.PredicateTransition       : loaded 2 times (x 74B)
Class com.google.auto.common.MoreTypes$CastingTypeVisitor                             : loaded 2 times (x 100B)
Class com.google.common.collect.Lists$ReverseList$1                                   : loaded 2 times (x 97B)
Class com.google.common.base.AbstractIterator$State                                   : loaded 2 times (x 77B)
Class dagger.internal.codegen.base.ClearableCache                                     : loaded 2 times (x 68B)
Class android.databinding.tool.writer.LayoutBinderWriter$declareSetLifecycleOwnerOverride$1: loaded 2 times (x 77B)
Class android.databinding.tool.reflection.annotation.AnnotationClass$isGeneric$2      : loaded 2 times (x 77B)
Class android.databinding.internal.org.antlr.v4.runtime.atn.LexerATNConfig            : loaded 2 times (x 73B)
Class android.databinding.tool.writer.LayoutBinderWriterKt$oldValueName$2             : loaded 2 times (x 76B)
Class android.databinding.internal.org.antlr.v4.runtime.ConsoleErrorListener          : loaded 2 times (x 79B)
Class android.databinding.tool.writer.LayoutBinderWriterKt$getterName$2               : loaded 2 times (x 76B)
Class android.databinding.tool.expr.StaticIdentifierExpr                              : loaded 2 times (x 151B)
Class dagger.internal.codegen.validation.ProvidesMethodValidator                      : loaded 2 times (x 76B)
Class com.sun.xml.bind.marshaller.XMLWriter                                           : loaded 2 times (x 165B)
Class dagger.spi.internal.shaded.androidx.room.compiler.processing.XParameterizable   : loaded 2 times (x 68B)
Class com.google.common.cache.Weigher                                                 : loaded 2 times (x 68B)
Class dagger.internal.codegen.binding.ModuleDescriptor                                : loaded 2 times (x 79B)
Class [Landroid.databinding.internal.org.antlr.v4.runtime.atn.PredictionContext;      : loaded 2 times (x 67B)
Class android.databinding.tool.expr.CallbackExprModel                                 : loaded 2 times (x 130B)
Class com.google.common.io.Files$FileByteSource                                       : loaded 2 times (x 83B)
Class dagger.hilt.processor.internal.generatesrootinput.GeneratesRootInputs           : loaded 2 times (x 70B)
Class dagger.internal.codegen.model.BindingGraph                                      : loaded 2 times (x 91B)
Class dagger.internal.codegen.validation.AnyBindingMethodValidator_Factory            : loaded 2 times (x 77B)
Class dagger.internal.codegen.binding.InjectionAnnotations_Factory                    : loaded 2 times (x 77B)
Class org.apache.http.message.AbstractHttpMessage                                     : loaded 2 times (x 106B)
Class android.databinding.parser.BindingExpressionParser$TypeArgumentsContext         : loaded 2 times (x 131B)
Class android.databinding.parser.BindingExpressionParser$JavaLiteralContext           : loaded 2 times (x 134B)
Class com.google.common.reflect.Reflection                                            : loaded 2 times (x 69B)
Class org.gradle.internal.InternalTransformer                                         : loaded 2 times (x 68B)
Class dagger.internal.codegen.validation.BindingGraphValidator_Factory                : loaded 2 times (x 77B)
Class android.databinding.tool.expr.InstanceOfExpr                                    : loaded 2 times (x 148B)
Class dagger.internal.codegen.componentgenerator.ComponentGeneratorModule_ComponentHjarGeneratorFactory: loaded 2 times (x 77B)
Class android.databinding.tool.writer.MergedBindingMapperWriter                       : loaded 2 times (x 70B)
Class android.databinding.internal.org.antlr.v4.runtime.misc.FlexibleHashMap$Entry    : loaded 2 times (x 70B)
Class dagger.internal.codegen.writing.ProducerFactoryGenerator$MultiArgFutureTransform: loaded 2 times (x 76B)
Class dagger.internal.codegen.validation.BindsInstanceMethodValidator_Factory         : loaded 2 times (x 77B)
Class android.databinding.annotationprocessor.AnnotationUtil                          : loaded 2 times (x 69B)
Class kotlin.reflect.jvm.internal.impl.builtins.StandardNames$FqNames                 : loaded 2 times (x 69B)
Class org.gradle.internal.service.ServiceLocator                                      : loaded 2 times (x 68B)
Class com.google.common.collect.CompactHashing                                        : loaded 2 times (x 69B)
Class android.databinding.internal.org.antlr.v4.runtime.atn.PredictionMode$AltAndContextConfigEqualityComparator: loaded 2 times (x 75B)
Class dagger.internal.codegen.validation.DependencyRequestValidator_Factory           : loaded 2 times (x 77B)
Class dagger.spi.internal.shaded.androidx.room.compiler.processing.XExecutableType    : loaded 2 times (x 68B)
Class Settings_gradle$1                                                               : loaded 2 times (x 72B)
Class android.databinding.parser.BindingExpressionParser$ResourceParametersContext    : loaded 2 times (x 130B)
Class android.databinding.tool.reflection.RecursiveResolutionStack$items$1            : loaded 2 times (x 72B)
Class android.databinding.tool.MergedBinding                                          : loaded 2 times (x 88B)
Class net.rubygrapefruit.platform.internal.Platform$Linux                             : loaded 2 times (x 81B)
Class android.databinding.internal.org.antlr.v4.runtime.dfa.DFA                       : loaded 2 times (x 74B)
Class dagger.internal.codegen.validation.ModuleValidator_Factory                      : loaded 2 times (x 77B)
Class dagger.spi.internal.shaded.androidx.room.compiler.processing.XMemberContainer   : loaded 2 times (x 68B)
Class com.google.common.collect.ImmutableMap$MapViewOfValuesAsSingletonSets$1$1       : loaded 2 times (x 81B)
Class org.apache.commons.io.file.Counters$NoopCounter                                 : loaded 2 times (x 78B)
Class com.google.common.collect.ImmutableRangeSet$1                                   : loaded 2 times (x 169B)
Class com.google.common.util.concurrent.SettableFuture                                : loaded 2 times (x 95B)
Class android.databinding.tool.Binding$ViewStubSetterCall                             : loaded 2 times (x 88B)
Class kotlin.reflect.jvm.internal.KClassImpl$Data$declaredStaticMembers$2             : loaded 2 times (x 77B)
Class dagger.internal.codegen.validation.BindingElementValidator$AllowsMultibindings  : loaded 2 times (x 77B)
Class kotlin.text.StringsKt__StringsKt$rangesDelimitedBy$1                            : loaded 2 times (x 77B)
Class net.rubygrapefruit.platform.NativeException                                     : loaded 2 times (x 80B)
Class com.google.common.collect.Maps$FilteredEntryMap$KeySet                          : loaded 2 times (x 135B)
Class kotlin.text.StringsKt__StringsKt$rangesDelimitedBy$2                            : loaded 2 times (x 77B)
Class com.google.common.io.Files$2                                                    : loaded 2 times (x 74B)
Class net.rubygrapefruit.platform.Native                                              : loaded 2 times (x 69B)
Class com.google.common.graph.Network                                                 : loaded 2 times (x 68B)
Class android.databinding.tool.writer.LayoutBinderWriter$onFieldChange$1              : loaded 2 times (x 77B)
Class dagger.internal.codegen.kotlin.KotlinMetadataUtil_Factory                       : loaded 2 times (x 77B)
Class android.databinding.tool.LibTypes$typeRewriter$2                                : loaded 2 times (x 76B)
Class dagger.internal.codegen.DelegateComponentProcessor_SourceFileGeneratorsModule_FactoryGeneratorFactory: loaded 2 times (x 77B)
Class com.google.common.util.concurrent.AbstractFuture$Failure                        : loaded 2 times (x 70B)
Class android.databinding.internal.org.antlr.v4.runtime.atn.PredictionContext         : loaded 2 times (x 77B)
Class android.databinding.tool.LibTypes$observableMap$2                               : loaded 2 times (x 77B)
Class org.objectweb.asm.Type                                                          : loaded 2 times (x 70B)
Class dagger.internal.codegen.binding.OptionalBindingDeclaration$Factory              : loaded 2 times (x 71B)
Class com.google.common.collect.Maps$EntryFunction                                    : loaded 2 times (x 89B)
Class com.google.common.reflect.Types$ParameterizedTypeImpl                           : loaded 2 times (x 79B)
Class [Lcom.squareup.javapoet.TypeName;                                               : loaded 2 times (x 67B)
Class net.rubygrapefruit.platform.internal.Platform$Window32Bit                       : loaded 2 times (x 77B)
Class com.google.common.cache.LocalCache$AbstractReferenceEntry                       : loaded 2 times (x 105B)
Class android.databinding.tool.writer.LayoutBinderWriterKt$shouldReadFlagSet$2        : loaded 2 times (x 76B)
Class com.google.common.io.ByteStreams                                                : loaded 2 times (x 69B)
Class [Lkotlin.DeprecationLevel;                                                      : loaded 2 times (x 67B)
Class android.databinding.tool.reflection.RecursiveResolutionStack$items$1$1          : loaded 2 times (x 76B)
Class android.databinding.tool.store.SetterStore$InverseDescription                   : loaded 2 times (x 75B)
Class android.databinding.internal.org.antlr.v4.runtime.misc.Pair                     : loaded 2 times (x 70B)
Class android.databinding.tool.writer.LayoutBinderWriterKt$requiredComponent$2        : loaded 2 times (x 76B)
Class android.databinding.internal.org.antlr.v4.runtime.BaseErrorListener             : loaded 2 times (x 79B)
Class [Lkotlin.reflect.jvm.internal.impl.builtins.PrimitiveType;                      : loaded 2 times (x 67B)
Class dagger.internal.codegen.bindinggraphvalidation.BindingGraphValidationModule     : loaded 2 times (x 68B)
Class android.databinding.tool.reflection.annotation.AnnotationClass$isInterface$2    : loaded 2 times (x 77B)
Class org.gradle.internal.installation.GradleInstallation$1                           : loaded 2 times (x 73B)
Class android.databinding.tool.reflection.ModelClass                                  : loaded 2 times (x 102B)
Class android.databinding.tool.solver.ExecutionBranch                                 : loaded 2 times (x 73B)
Class org.gradle.api.internal.DefaultClassPathProvider                                : loaded 2 times (x 74B)
Class android.databinding.tool.reflection.ClassFinderCache                            : loaded 2 times (x 70B)
Class com.google.common.base.CharMatcher$Invisible                                    : loaded 2 times (x 110B)
Class com.google.common.cache.LocalCache$Segment                                      : loaded 2 times (x 152B)
Class com.sun.xml.bind.marshaller.DataWriter                                          : loaded 2 times (x 169B)
Class [Lcom.google.common.cache.Weigher;                                              : loaded 2 times (x 67B)
Class dagger.spi.internal.shaded.androidx.room.compiler.processing.XAnnotated         : loaded 2 times (x 68B)
Class dagger.internal.codegen.kotlin.KotlinMetadataUtil                               : loaded 2 times (x 70B)
Class android.databinding.tool.writer.LayoutBinderWriter$readWithDependants$1         : loaded 2 times (x 77B)
Class android.databinding.tool.writer.LayoutBinderWriterKt$interfaceClass$2           : loaded 2 times (x 76B)
Class com.google.common.base.Splitter                                                 : loaded 2 times (x 70B)
Class android.databinding.tool.writer.LayoutBinderWriter$onFieldChange$1$2$1$1$3      : loaded 2 times (x 77B)
Class com.google.common.collect.HashBiMap                                             : loaded 2 times (x 141B)
Class android.databinding.internal.org.antlr.v4.runtime.dfa.DFASerializer             : loaded 2 times (x 72B)
Class org.apache.http.client.methods.HttpRequestBase                                  : loaded 2 times (x 143B)
Class com.google.auto.common.MoreTypes$TypeEquivalence                                : loaded 2 times (x 80B)
Class dagger.internal.codegen.validation.DependencyRequestValidator                   : loaded 2 times (x 70B)
Class net.rubygrapefruit.platform.internal.FunctionResult                             : loaded 2 times (x 75B)
Class android.databinding.internal.org.antlr.v4.runtime.atn.Transition                : loaded 2 times (x 74B)
Class android.databinding.annotationprocessor.BindableBag$ModuleBR                    : loaded 2 times (x 70B)
Class com.google.common.collect.Maps$IteratorBasedAbstractMap                         : loaded 2 times (x 123B)
Class org.apache.commons.io.file.Counters$PathCounters                                : loaded 2 times (x 68B)
Class dagger.internal.codegen.bindinggraphvalidation.SubcomponentFactoryMethodValidator_Factory: loaded 2 times (x 76B)
Class com.google.common.reflect.Types$JavaVersion$1                                   : loaded 2 times (x 81B)
Class kotlin.reflect.jvm.internal.KMutableProperty1Impl$_setter$1                     : loaded 2 times (x 77B)
Class dagger.hilt.android.processor.internal.bindvalue.BindValueProcessor             : loaded 2 times (x 98B)
Class com.google.common.reflect.Types$JavaVersion$2                                   : loaded 2 times (x 81B)
Class dagger.internal.codegen.processingstep.BindingMethodProcessingStep              : loaded 2 times (x 84B)
Class android.databinding.tool.reflection.ImmutableImportBag                          : loaded 2 times (x 70B)
Class android.databinding.internal.org.antlr.v4.runtime.BufferedTokenStream           : loaded 2 times (x 124B)
Class android.databinding.tool.writer.LayoutBinderWriterKt$needsLocalField$2          : loaded 2 times (x 76B)
Class dagger.internal.codegen.validation.MapKeyValidator_Factory                      : loaded 2 times (x 77B)
Class [Lorg.objectweb.asm.Label;                                                      : loaded 2 times (x 67B)
Class com.google.common.reflect.Types$JavaVersion$3                                   : loaded 2 times (x 81B)
Class org.gradle.internal.classpath.DefaultClassPath$ImmutableUniqueList              : loaded 2 times (x 159B)
Class android.databinding.tool.writer.LayoutBinderWriter$declareInverseBindingImpls$1$2$1$1: loaded 2 times (x 77B)
Class android.databinding.tool.writer.LayoutBinderWriterKt$dirtyFlagSet$2             : loaded 2 times (x 76B)
Class [Landroid.databinding.tool.writer.Scope;                                        : loaded 2 times (x 67B)
Class android.databinding.tool.expr.UnaryExpr                                         : loaded 2 times (x 148B)
Class kotlin.reflect.jvm.internal.KClassImpl$Data                                     : loaded 2 times (x 70B)
Class com.google.common.reflect.Types$JavaVersion$4                                   : loaded 2 times (x 81B)
Class android.databinding.internal.org.antlr.v4.runtime.atn.ATNDeserializationOptions : loaded 2 times (x 70B)
Class org.apache.commons.io.filefilter.TrueFileFilter                                 : loaded 2 times (x 92B)
Class dagger.internal.codegen.model.BindingGraph$Edge                                 : loaded 2 times (x 68B)
Class com.google.common.reflect.Types$JavaVersion$5                                   : loaded 2 times (x 69B)
Class org.objectweb.asm.FieldWriter                                                   : loaded 2 times (x 76B)
Class com.google.common.cache.LocalCache$StrongEntry                                  : loaded 2 times (x 106B)
Class com.google.common.collect.ImmutableMap$SerializedForm                           : loaded 2 times (x 71B)
Class org.apache.commons.io.Charsets                                                  : loaded 2 times (x 69B)
Class com.google.common.base.CharMatcher$JavaLetter                                   : loaded 2 times (x 109B)
Class dagger.internal.SingleCheck                                                     : loaded 2 times (x 75B)
Class dagger.internal.codegen.writing.ProducerFactoryGenerator$NoArgFutureTransform   : loaded 2 times (x 76B)
Class dagger.internal.codegen.validation.ValidationBindingGraphPlugin                 : loaded 2 times (x 83B)
Class dagger.spi.internal.shaded.androidx.room.compiler.processing.javac.JavacProcessingEnv$messager$2: loaded 2 times (x 77B)
Class android.databinding.tool.reflection.annotation.AnnotationClass$computedBox$2    : loaded 2 times (x 77B)
Class dagger.internal.codegen.DelegateComponentProcessor_SourceFileGeneratorsModule_MembersInjectorGeneratorFactory: loaded 2 times (x 77B)
Class android.databinding.tool.reflection.ModelAnalyzer$listTypes$2                   : loaded 2 times (x 77B)
Class android.databinding.internal.org.antlr.v4.runtime.misc.EqualityComparator       : loaded 2 times (x 68B)
Class android.databinding.tool.writer.LayoutBinderWriter$declareConstructor$1$2       : loaded 2 times (x 77B)
Class android.databinding.tool.reflection.ModelAnalyzer$mapType$2                     : loaded 2 times (x 77B)
Class android.databinding.internal.org.antlr.v4.runtime.NoViableAltException          : loaded 2 times (x 89B)
Class org.gradle.internal.classpath.TransformedClassPath                              : loaded 2 times (x 94B)
Class dagger.internal.codegen.bindinggraphvalidation.SetMultibindingValidator         : loaded 2 times (x 83B)
Class android.databinding.parser.BindingExpressionParser$LambdaParametersContext      : loaded 2 times (x 130B)
Class com.bumptech.glide.annotation.compiler.RequestBuilderGenerator                  : loaded 2 times (x 70B)
Class android.databinding.tool.writer.BRWriter                                        : loaded 2 times (x 69B)
Class android.databinding.parser.BindingExpressionParser$ExplicitGenericInvocationSuffixContext: loaded 2 times (x 131B)
Class android.databinding.tool.writer.LayoutBinderWriter$declareConstructor$1$1       : loaded 2 times (x 76B)
Class com.google.common.io.ByteArrayDataOutput                                        : loaded 2 times (x 68B)
Class com.google.common.io.ByteSource$EmptyByteSource                                 : loaded 2 times (x 83B)
Class com.google.common.reflect.TypeToken$SimpleTypeToken                             : loaded 2 times (x 71B)
Class dagger.internal.codegen.compileroption.CompilerOptions                          : loaded 2 times (x 92B)
Class com.sun.xml.bind.CycleRecoverable$Context                                       : loaded 2 times (x 68B)
Class org.apache.commons.io.filefilter.FileEqualsFileFilter                           : loaded 2 times (x 114B)
Class android.databinding.internal.org.antlr.v4.runtime.atn.BlockStartState           : loaded 2 times (x 81B)
Class android.databinding.tool.store.SetterStore$Intermediate                         : loaded 2 times (x 68B)
Class com.sun.xml.bind.v2.runtime.output.XmlOutputAbstractImpl                        : loaded 2 times (x 94B)
Class com.google.common.util.concurrent.AbstractFuture$Trusted                        : loaded 2 times (x 68B)
Class android.databinding.tool.reflection.ModelClass$isMutableLiveData$2              : loaded 2 times (x 77B)
Class android.databinding.tool.CallbackWrapper                                        : loaded 2 times (x 79B)
Class dagger.internal.codegen.bindinggraphvalidation.ProvisionDependencyOnProducerBindingValidator: loaded 2 times (x 83B)
Class com.google.common.io.ByteSource$SlicedByteSource                                : loaded 2 times (x 83B)
Class android.databinding.annotationprocessor.ProcessExpressions                      : loaded 2 times (x 73B)
Class dagger.internal.codegen.validation.ProducesMethodValidator                      : loaded 2 times (x 76B)
Class org.gradle.api.Action                                                           : loaded 2 times (x 68B)
Class kotlin.reflect.jvm.internal.KClassImpl$Data$allStaticMembers$2                  : loaded 2 times (x 77B)
Class dagger.internal.codegen.validation.MultibindsMethodValidator_Factory            : loaded 2 times (x 77B)
Class com.google.common.cache.CacheBuilder$OneWeigher                                 : loaded 2 times (x 80B)
Class android.databinding.tool.expr.FieldAssignmentExpr                               : loaded 2 times (x 148B)
Class com.google.common.io.ByteSource$ConcatenatedByteSource                          : loaded 2 times (x 83B)
Class com.google.common.reflect.Types$NativeTypeVariableEquals                        : loaded 2 times (x 69B)
Class Settings_gradle                                                                 : loaded 2 times (x 126B)
Class dagger.internal.codegen.processingstep.MapKeyProcessingStep_Factory             : loaded 2 times (x 77B)
Class kotlin.jvm.functions.Function10                                                 : loaded 2 times (x 68B)
Class dagger.internal.codegen.validation.BindsInstanceParameterValidator$Validator    : loaded 2 times (x 75B)
Class kotlin.jvm.functions.Function11                                                 : loaded 2 times (x 68B)
Class com.bumptech.glide.annotation.compiler.ProcessorUtil                            : loaded 2 times (x 70B)
Class dagger.hilt.processor.internal.root.ComponentTreeDepsProcessingStep             : loaded 2 times (x 85B)
Class kotlin.jvm.functions.Function12                                                 : loaded 2 times (x 68B)
Class com.squareup.javapoet.TypeName$1                                                : loaded 2 times (x 107B)
Class android.databinding.tool.store.SetterStore$IntermediateV1                       : loaded 2 times (x 74B)
Class [Landroid.databinding.tool.solver.ExecutionPath;                                : loaded 2 times (x 67B)
Class kotlin.jvm.functions.Function13                                                 : loaded 2 times (x 68B)
Class com.squareup.javapoet.TypeName$2                                                : loaded 2 times (x 69B)
Class android.databinding.tool.store.SetterStore$IntermediateV2                       : loaded 2 times (x 74B)
Class kotlin.jvm.functions.Function14                                                 : loaded 2 times (x 68B)
Class com.google.common.io.ByteSink                                                   : loaded 2 times (x 74B)
Class android.databinding.tool.store.SetterStore$IntermediateV3                       : loaded 2 times (x 74B)
Class kotlin.reflect.jvm.internal.KClassImpl$Data$declaredMembers$2                   : loaded 2 times (x 77B)
Class kotlin.jvm.functions.Function15                                                 : loaded 2 times (x 68B)
Class com.google.common.collect.AbstractMapBasedMultimap$WrappedCollection$WrappedIterator: loaded 2 times (x 82B)
Class dagger.internal.codegen.processingstep.AssistedFactoryProcessingStep            : loaded 2 times (x 84B)
Class android.databinding.parser.BindingExpressionParser$DotOpContext                 : loaded 2 times (x 132B)
Class dagger.internal.codegen.validation.InjectValidator                              : loaded 2 times (x 73B)
Class kotlin.jvm.functions.Function16                                                 : loaded 2 times (x 68B)
Class org.objectweb.asm.MethodWriter                                                  : loaded 2 times (x 104B)
Class dagger.internal.codegen.base.DaggerSuperficialValidation$ValidationException    : loaded 2 times (x 81B)
Class com.google.common.base.CharMatcher$Digit                                        : loaded 2 times (x 110B)
Class kotlin.jvm.functions.Function17                                                 : loaded 2 times (x 68B)
Class dagger.internal.codegen.processingstep.ProcessingStepsModule_ProcessingStepsFactory: loaded 2 times (x 77B)
Class dagger.internal.codegen.binding.KeyFactory                                      : loaded 2 times (x 70B)
Class android.databinding.tool.reflection.SdkUtil$ApiChecker                          : loaded 2 times (x 72B)
Class kotlin.jvm.functions.Function18                                                 : loaded 2 times (x 68B)
Class com.google.common.base.CharMatcher$JavaDigit                                    : loaded 2 times (x 109B)
Class kotlin.jvm.functions.Function19                                                 : loaded 2 times (x 68B)
Class com.google.gson.internal.bind.JsonTreeWriter$1                                  : loaded 2 times (x 97B)
Class dagger.internal.codegen.validation.BindsOptionalOfMethodValidator               : loaded 2 times (x 76B)
Class com.sun.xml.bind.v2.runtime.output.C14nXmlOutput                                : loaded 2 times (x 99B)
Class dagger.internal.codegen.validation.InjectValidator_Factory                      : loaded 2 times (x 77B)
Class android.databinding.parser.BindingExpressionParser$ResourcesContext             : loaded 2 times (x 131B)
Class android.databinding.tool.reflection.annotation.AnnotationLogger                 : loaded 2 times (x 75B)
Class dagger.internal.codegen.processingstep.ComponentProcessingStep_Factory          : loaded 2 times (x 77B)
Class dagger.internal.codegen.writing.MembersInjectorGenerator                        : loaded 2 times (x 75B)
Class android.databinding.tool.reflection.ModelField                                  : loaded 2 times (x 75B)
Class android.databinding.tool.writer.MergedBindingMapperWriter$Companion             : loaded 2 times (x 69B)
Class com.squareup.javapoet.MethodSpec                                                : loaded 2 times (x 70B)
Class android.databinding.internal.org.antlr.v4.runtime.atn.Transition$1              : loaded 2 times (x 132B)
Class android.databinding.tool.expr.LambdaExpr                                        : loaded 2 times (x 153B)
Class Settings_gradle$1$1                                                             : loaded 2 times (x 72B)
Class org.apache.commons.io.filefilter.AndFileFilter                                  : loaded 2 times (x 125B)
Class com.google.common.collect.Multimaps                                             : loaded 2 times (x 69B)
Class android.databinding.tool.expr.MathExpr                                          : loaded 2 times (x 148B)
Class android.databinding.internal.org.antlr.v4.runtime.tree.ParseTree                : loaded 2 times (x 68B)
Class com.google.common.collect.FluentIterable$3                                      : loaded 2 times (x 79B)
Class android.databinding.tool.writer.LayoutBinderWriterKt$fieldName$8                : loaded 2 times (x 76B)
Class kotlin.reflect.jvm.internal.impl.builtins.PrimitiveType$Companion               : loaded 2 times (x 69B)
Class dagger.internal.codegen.bindinggraphvalidation.DependsOnProductionExecutorValidator: loaded 2 times (x 83B)
Class com.google.common.collect.FluentIterable$2                                      : loaded 2 times (x 79B)
Class com.bumptech.glide.repackaged.com.google.common.base.Function                   : loaded 2 times (x 68B)
Class android.databinding.tool.writer.LayoutBinderWriterKt$androidId$2                : loaded 2 times (x 76B)
Class dagger.internal.codegen.binding.$AutoValue_ModuleDescriptor                     : loaded 2 times (x 84B)
Class dagger.internal.codegen.DaggerDelegateComponentProcessor_Injector$TopLevelImplementationComponentFactory: loaded 2 times (x 73B)
Class com.google.common.util.concurrent.ExecutionError                                : loaded 2 times (x 80B)
Class android.databinding.internal.org.antlr.v4.runtime.dfa.DFAState$PredPrediction   : loaded 2 times (x 70B)
Class com.google.common.collect.ImmutableBiMap$SerializedForm                         : loaded 2 times (x 73B)
Class com.google.common.collect.FluentIterable$1                                      : loaded 2 times (x 79B)
Class android.databinding.tool.util.GenerationalClassUtil$Companion                   : loaded 2 times (x 69B)
Class com.google.common.io.ByteSink$AsCharSink                                        : loaded 2 times (x 78B)
Class android.databinding.tool.writer.LayoutBinderWriter$readWithDependants$1$2$readCode$1$2$1: loaded 2 times (x 77B)
Class org.gradle.api.internal.classpath.DefaultModuleRegistry                         : loaded 2 times (x 84B)
Class com.google.common.cache.RemovalListener                                         : loaded 2 times (x 68B)
Class com.google.common.io.FileWriteMode                                              : loaded 2 times (x 77B)
Class android.databinding.internal.org.antlr.v4.runtime.atn.ActionTransition          : loaded 2 times (x 74B)
Class android.databinding.tool.writer.LayoutBinderWriterKt$fieldName$5                : loaded 2 times (x 76B)
Class android.databinding.annotationprocessor.ProcessDataBinding$ProcessingStep       : loaded 2 times (x 73B)
Class org.gradle.internal.classpath.ClassPath                                         : loaded 2 times (x 68B)
Class android.databinding.internal.org.antlr.v4.runtime.atn.AbstractPredicateTransition: loaded 2 times (x 74B)
Class android.databinding.tool.store.SetterStore$AdapterSetter                        : loaded 2 times (x 88B)
Class com.google.common.cache.CacheLoader$SupplierToCacheLoader                       : loaded 2 times (x 73B)
Class android.databinding.internal.org.antlr.v4.runtime.atn.BasicBlockStartState      : loaded 2 times (x 81B)
Class org.apache.http.client.methods.AbstractExecutionAwareRequest                    : loaded 2 times (x 126B)
Class android.databinding.tool.util.Resources                                         : loaded 2 times (x 70B)
Class kotlin.DeprecationLevel                                                         : loaded 2 times (x 77B)
Class org.apache.http.client.methods.HttpExecutionAware                               : loaded 2 times (x 68B)
Class dagger.internal.codegen.bindinggraphvalidation.IncompatiblyScopedBindingsValidator_Factory: loaded 2 times (x 77B)
Class com.google.common.io.CharSource                                                 : loaded 2 times (x 83B)
Class com.google.common.cache.LocalCache                                              : loaded 2 times (x 185B)
Class dagger.internal.codegen.bindinggraphvalidation.MissingBindingValidator          : loaded 2 times (x 83B)
Class android.databinding.tool.expr.ExprWritersKt                                     : loaded 2 times (x 69B)
Class dagger.internal.codegen.writing.InaccessibleMapKeyProxyGenerator_Factory        : loaded 2 times (x 77B)
Class kotlin.reflect.jvm.internal.impl.builtins.PrimitiveType$typeFqName$2            : loaded 2 times (x 77B)
Class com.google.common.collect.ImmutableRangeSet$Builder                             : loaded 2 times (x 75B)
Class dagger.internal.codegen.binding.AutoValue_DelegateDeclaration                   : loaded 2 times (x 81B)
Class dagger.hilt.android.processor.internal.androidentrypoint.AndroidEntryPointProcessingStep: loaded 2 times (x 85B)
Class kotlin.io.FileTreeWalk$FileTreeWalkIterator$SingleFileState                     : loaded 2 times (x 72B)
Class dagger.internal.codegen.compileroption.ProcessingEnvironmentCompilerOptions     : loaded 2 times (x 93B)
Class kotlin.collections.SlidingWindowKt                                              : loaded 2 times (x 69B)
Class com.bumptech.glide.annotation.compiler.RequestOptionsGenerator                  : loaded 2 times (x 70B)
Class android.databinding.tool.store.SetterStore$2BestSetter                          : loaded 2 times (x 70B)
Class org.apache.commons.io.IOCase                                                    : loaded 2 times (x 78B)
Class android.databinding.tool.writer.LayoutBinderWriterKt$fieldName$2                : loaded 2 times (x 76B)
Class kotlin.jvm.functions.Function20                                                 : loaded 2 times (x 68B)
Class dagger.internal.codegen.base.DaggerSuperficialValidation_Factory                : loaded 2 times (x 77B)
Class android.databinding.internal.org.antlr.v4.runtime.atn.StarLoopEntryState        : loaded 2 times (x 81B)
Class kotlin.jvm.functions.Function21                                                 : loaded 2 times (x 68B)
Class com.sun.xml.bind.v2.runtime.MarshallerImpl$1                                    : loaded 2 times (x 150B)
Class [Lkotlin.reflect.jvm.internal.impl.resolve.jvm.JvmPrimitiveType;                : loaded 2 times (x 67B)
Class kotlin.jvm.functions.Function22                                                 : loaded 2 times (x 68B)
Class com.google.common.util.concurrent.AbstractFuture$UnsafeAtomicHelper$1           : loaded 2 times (x 74B)
Class android.databinding.tool.reflection.annotation.AnnotationClass$superclass$2     : loaded 2 times (x 77B)
Class android.databinding.internal.org.antlr.v4.runtime.atn.ATNType                   : loaded 2 times (x 77B)
Class kotlin.reflect.jvm.internal.impl.builtins.StandardNames                         : loaded 2 times (x 69B)
Class [Lorg.apache.commons.io.file.DeleteOption;                                      : loaded 2 times (x 67B)
Class org.apache.commons.io.file.PathUtils                                            : loaded 2 times (x 69B)
Class com.google.common.base.CharMatcher$JavaUpperCase                                : loaded 2 times (x 109B)
Class android.databinding.tool.store.ResourceBundle$BindingTargetBundle               : loaded 2 times (x 93B)
Class com.bumptech.glide.annotation.compiler.RequestManagerGenerator                  : loaded 2 times (x 70B)
Class com.google.common.collect.ImmutableRangeSet$AsSet                               : loaded 2 times (x 233B)
Class android.databinding.tool.writer.CallbackWrapperWriterKt                         : loaded 2 times (x 69B)
Class android.databinding.tool.expr.BracketExpr                                       : loaded 2 times (x 150B)
Class dagger.internal.codegen.processingstep.MonitoringModuleGenerator_Factory        : loaded 2 times (x 77B)
Class [Ldagger.internal.codegen.validation.BindingElementValidator$AllowsMultibindings;: loaded 2 times (x 67B)
Class dagger.internal.codegen.processingstep.ProcessingStepsModule                    : loaded 2 times (x 68B)
Class dagger.internal.codegen.base.DaggerSuperficialValidation$ValidationException$UnknownErrorType: loaded 2 times (x 81B)
Class com.google.common.io.ByteSource                                                 : loaded 2 times (x 82B)
Class com.bumptech.glide.annotation.compiler.GlideExtensionValidator                  : loaded 2 times (x 70B)
Class com.google.common.collect.Maps$IteratorBasedAbstractMap$1                       : loaded 2 times (x 136B)
Class [Ldagger.internal.codegen.compileroption.ProcessingEnvironmentCompilerOptions$Validation;: loaded 2 times (x 67B)
Class android.databinding.tool.writer.CallbackWrapperWriter$write$1$1$1               : loaded 2 times (x 77B)
Class org.objectweb.asm.ModuleVisitor                                                 : loaded 2 times (x 79B)
Class android.databinding.tool.writer.BindingMapperWriterV2$special$$inlined$sortedBy$1: loaded 2 times (x 87B)
Class android.databinding.tool.writer.BindingMapperWriterV2$special$$inlined$sortedBy$2: loaded 2 times (x 87B)
Class kotlin.collections.ArraysKt___ArraysKt$withIndex$1                              : loaded 2 times (x 77B)
Class com.google.auto.common.MoreTypes$DeclaredTypeVisitor                            : loaded 2 times (x 100B)
Class com.google.gson.internal.ConstructorConstructor$11                              : loaded 2 times (x 73B)
Class android.databinding.tool.LibTypes$dataBinderMapper$2                            : loaded 2 times (x 77B)
Class com.google.common.collect.CompactHashSet                                        : loaded 2 times (x 148B)
Class org.apache.commons.io.filefilter.ConditionalFileFilter                          : loaded 2 times (x 68B)
Class android.databinding.tool.reflection.InjectedMethod                              : loaded 2 times (x 88B)
Class android.databinding.internal.org.antlr.v4.runtime.tree.ParseTreeListener        : loaded 2 times (x 68B)
Class android.databinding.tool.reflection.ImportBag$Companion                         : loaded 2 times (x 69B)
Class kotlin.collections.ArraysKt___ArraysKt$withIndex$5                              : loaded 2 times (x 77B)
Class android.databinding.internal.org.antlr.v4.runtime.tree.TerminalNode             : loaded 2 times (x 68B)
Class android.databinding.internal.org.antlr.v4.runtime.atn.BasicState                : loaded 2 times (x 80B)
Class net.rubygrapefruit.platform.internal.FunctionResult$Failure                     : loaded 2 times (x 77B)
Class android.databinding.tool.reflection.InjectedField                               : loaded 2 times (x 76B)
Class android.databinding.parser.BindingExpressionParser$LambdaParameterListContext   : loaded 2 times (x 131B)
Class android.databinding.tool.reflection.ModelAnalyzer$viewBindingType$2             : loaded 2 times (x 77B)
Class dagger.internal.codegen.kotlin.KotlinMetadataFactory_Factory$InstanceHolder     : loaded 2 times (x 69B)
Class android.databinding.tool.store.SetterStore$MultiAttributeSetter                 : loaded 2 times (x 83B)
Class dagger.internal.codegen.processingstep.MonitoringModuleProcessingStep           : loaded 2 times (x 84B)
Class android.databinding.tool.writer.LayoutBinderWriterKt$setterName$2               : loaded 2 times (x 76B)
Class android.databinding.tool.util.ParserHelper                                      : loaded 2 times (x 69B)
Class com.google.common.io.Closer$SuppressingSuppressor                               : loaded 2 times (x 73B)
Class android.databinding.tool.writer.LayoutBinderWriter$readWithDependants$1$2$ifClause$1: loaded 2 times (x 77B)
Class dagger.internal.codegen.binding.DependencyRequestFactory                        : loaded 2 times (x 70B)
Class com.bumptech.glide.repackaged.com.squareup.javapoet.Util                        : loaded 2 times (x 69B)
Class dagger.hilt.processor.internal.BadInputException                                : loaded 2 times (x 80B)
Class com.google.common.reflect.Invokable$ConstructorInvokable                        : loaded 2 times (x 103B)
Class android.databinding.tool.ext.Collection_extKt$joinToCamelCase$1                 : loaded 2 times (x 123B)
Class dagger.spi.internal.shaded.androidx.room.compiler.processing.javac.JavacProcessingEnvMessager: loaded 2 times (x 71B)
Class kotlin.collections.builders.MapBuilder$Companion                                : loaded 2 times (x 69B)
Class org.apache.http.HttpRequest                                                     : loaded 2 times (x 68B)
Class org.objectweb.asm.MethodVisitor                                                 : loaded 2 times (x 103B)
Class android.databinding.parser.BindingExpressionParser$TernaryOpContext             : loaded 2 times (x 132B)
Class dagger.hilt.processor.internal.originatingelement.OriginatingElementProcessingStep: loaded 2 times (x 85B)
Class com.google.common.collect.AbstractMapBasedMultimap$KeySet$1                     : loaded 2 times (x 80B)
Class dagger.internal.codegen.bindinggraphvalidation.CompositeBindingGraphPlugin_Factory: loaded 2 times (x 70B)
Class dagger.internal.codegen.binding.Binding                                         : loaded 2 times (x 81B)
Class org.gradle.internal.installation.GradleInstallation                             : loaded 2 times (x 73B)
Class dagger.internal.codegen.processingstep.AssistedProcessingStep                   : loaded 2 times (x 84B)
Class android.databinding.tool.writer.BindingMapperWriterV2                           : loaded 2 times (x 70B)
Class com.google.common.reflect.TypeCapture                                           : loaded 2 times (x 69B)
Class dagger.internal.codegen.binding.InjectionSiteFactory_Factory                    : loaded 2 times (x 77B)


---------------  S Y S T E M  ---------------

OS:
 Windows 11 , 64 bit Build 22621 (10.0.22621.3958)
OS uptime: 4 days 9:47 hours
Hyper-V role detected

CPU: total 20 (initial active 20) (10 cores per cpu, 2 threads per core) family 6 model 154 stepping 3 microcode 0x429, cx8, cmov, fxsr, ht, mmx, 3dnowpref, sse, sse2, sse3, ssse3, sse4.1, sse4.2, popcnt, lzcnt, tsc, tscinvbit, avx, avx2, aes, erms, clmul, bmi1, bmi2, adx, sha, fma, vzeroupper, clflush, clflushopt, clwb, hv
Processor Information for all 20 processors :
  Max Mhz: 2300, Current Mhz: 2300, Mhz Limit: 2300

Memory: 4k page, system-wide physical 16004M (4824M free)
TotalPageFile size 18006M (AvailPageFile size 311M)
current process WorkingSet (physical memory assigned to process): 1242M, peak: 1449M
current process commit charge ("private bytes"): 1526M, peak: 2027M

vm_info: OpenJDK 64-Bit Server VM (17.0.10+0--11609105) for windows-amd64 JRE (17.0.10+0--11609105), built on Mar 21 2024 19:10:56 by "androidbuild" with MS VC++ 16.10 / 16.11 (VS2019)

END.
