#
# There is insufficient memory for the Java Runtime Environment to continue.
# Native memory allocation (mmap) failed to map 1048576 bytes for G1 virtual space
# Possible reasons:
#   The system is out of physical RAM or swap space
#   The process is running with CompressedOops enabled, and the Java Heap may be blocking the growth of the native heap
# Possible solutions:
#   Reduce memory load on the system
#   Increase physical memory or swap space
#   Check if swap backing store is full
#   Decrease Java heap size (-Xmx/-Xms)
#   Decrease number of Java threads
#   Decrease Java thread stack sizes (-Xss)
#   Set larger code cache with -XX:ReservedCodeCacheSize=
#   JVM is running with Unscaled Compressed Oops mode in which the Java heap is
#     placed in the first 4GB address space. The Java Heap base address is the
#     maximum limit for the native heap growth. Please use -XX:HeapBaseMinAddress
#     to set the Java Heap base and to place the Java Heap above 4GB virtual address.
# This output file may be truncated or incomplete.
#
#  Out of Memory Error (os_windows.cpp:3825), pid=11148, tid=4932
#
# JRE version: OpenJDK Runtime Environment (17.0.10) (build 17.0.10+0--11609105)
# Java VM: OpenJDK 64-Bit Server VM (17.0.10+0--11609105, mixed mode, tiered, compressed oops, compressed class ptrs, g1 gc, windows-amd64)
# No core dump will be written. Minidumps are not enabled by default on client versions of Windows
#

---------------  S U M M A R Y ------------

Command Line: --add-opens=java.base/java.util=ALL-UNNAMED --add-opens=java.base/java.lang=ALL-UNNAMED --add-opens=java.base/java.lang.invoke=ALL-UNNAMED --add-opens=java.prefs/java.util.prefs=ALL-UNNAMED --add-opens=java.base/java.nio.charset=ALL-UNNAMED --add-opens=java.base/java.net=ALL-UNNAMED --add-opens=java.base/java.util.concurrent.atomic=ALL-UNNAMED -Xmx1536M -Dfile.encoding=UTF-8 -Duser.country=US -Duser.language=en -Duser.variant -javaagent:C:\Users\Hashem Arenat\.gradle\wrapper\dists\gradle-8.7-bin\bhs2wmbdwecv87pi65oeuq5iu\gradle-8.7\lib\agents\gradle-instrumentation-agent-8.7.jar org.gradle.launcher.daemon.bootstrap.GradleDaemon 8.7

Host: 12th Gen Intel(R) Core(TM) i7-12700H, 20 cores, 15G,  Windows 11 , 64 bit Build 22621 (10.0.22621.3958)
Time: Fri Nov  8 14:08:52 2024 Jerusalem Standard Time elapsed time: 19.210596 seconds (0d 0h 0m 19s)

---------------  T H R E A D  ---------------

Current thread (0x0000029da7bb8330):  GCTaskThread "GC Thread#8" [stack: 0x000000f420900000,0x000000f420a00000] [id=4932]

Stack: [0x000000f420900000,0x000000f420a00000]
Native frames: (J=compiled Java code, j=interpreted, Vv=VM code, C=native code)
V  [jvm.dll+0x688de9]
V  [jvm.dll+0x8423da]
V  [jvm.dll+0x84401e]
V  [jvm.dll+0x844683]
V  [jvm.dll+0x24be0f]
V  [jvm.dll+0x685bb9]
V  [jvm.dll+0x67a46a]
V  [jvm.dll+0x30cbab]
V  [jvm.dll+0x314056]
V  [jvm.dll+0x363aab]
V  [jvm.dll+0x3640e4]
V  [jvm.dll+0x3641ad]
V  [jvm.dll+0x2e4375]
V  [jvm.dll+0x2e40d1]
V  [jvm.dll+0x2d1f1b]
V  [jvm.dll+0x2d2df9]
V  [jvm.dll+0x2d318e]
V  [jvm.dll+0x2d2d8d]
V  [jvm.dll+0x30e48a]
V  [jvm.dll+0x30e7cc]
V  [jvm.dll+0x30f148]
V  [jvm.dll+0x2e1b54]
V  [jvm.dll+0x2e22fa]
V  [jvm.dll+0x2e23f7]
V  [jvm.dll+0x2e7a5b]
V  [jvm.dll+0x86fecb]
V  [jvm.dll+0x86ff16]
V  [jvm.dll+0x7f0c7a]
V  [jvm.dll+0x687c65]
C  [ucrtbase.dll+0x29333]
C  [KERNEL32.DLL+0x1257d]
C  [ntdll.dll+0x5af08]


---------------  P R O C E S S  ---------------

Threads class SMR info:
_java_thread_list=0x0000029dac6acbc0, length=312, elements={
0x0000029d85bd1f80, 0x0000029da17c3020, 0x0000029da17c44b0, 0x0000029da17f10e0,
0x0000029da17f1c10, 0x0000029da17f37e0, 0x0000029da17f61b0, 0x0000029da17f6f50,
0x0000029da17f7a00, 0x0000029da17f9320, 0x0000029da18a5010, 0x0000029da1951370,
0x0000029da18c34f0, 0x0000029da19a1040, 0x0000029da1aa25d0, 0x0000029da7d01440,
0x0000029da7b61fb0, 0x0000029da8407530, 0x0000029da81e2180, 0x0000029da81e1760,
0x0000029da81e0320, 0x0000029da81e0830, 0x0000029da81e0d40, 0x0000029da81dfe10,
0x0000029da81e1c70, 0x0000029da81df3f0, 0x0000029da81e2690, 0x0000029da81df900,
0x0000029da81e1250, 0x0000029da897d3c0, 0x0000029da897b560, 0x0000029da897b050,
0x0000029da897c490, 0x0000029da897c9a0, 0x0000029da897e2f0, 0x0000029da897d8d0,
0x0000029da897e800, 0x0000029daa9731d0, 0x0000029daa974610, 0x0000029daa96eaf0,
0x0000029daa974100, 0x0000029daa96f510, 0x0000029daa96f000, 0x0000029daa971880,
0x0000029daa96fa20, 0x0000029daa96e0d0, 0x0000029daa973bf0, 0x0000029daa96e5e0,
0x0000029daa96ff30, 0x0000029daa970950, 0x0000029daa974b20, 0x0000029daa971d90,
0x0000029daa9722a0, 0x0000029daa9727b0, 0x0000029daa970e60, 0x0000029daa970440,
0x0000029daa975030, 0x0000029daa971370, 0x0000029daa972cc0, 0x0000029daa9736e0,
0x0000029daa96dbc0, 0x0000029daa975540, 0x0000029daa673900, 0x0000029daa674d40,
0x0000029daa676ba0, 0x0000029daa673e10, 0x0000029daa6770b0, 0x0000029daa674320,
0x0000029daa675c70, 0x0000029daa674830, 0x0000029daa676180, 0x0000029daa6775c0,
0x0000029daa6724c0, 0x0000029daa671fb0, 0x0000029daa671aa0, 0x0000029daa676690,
0x0000029daa675250, 0x0000029daa671080, 0x0000029daa675760, 0x0000029daa677fe0,
0x0000029daa671590, 0x0000029daa5a90e0, 0x0000029da928c050, 0x0000029daa672ee0,
0x0000029dabb565f0, 0x0000029db2d37590, 0x0000029dac853c60, 0x0000029dac84dc30,
0x0000029dac851e00, 0x0000029dac84f580, 0x0000029dac852d30, 0x0000029dac852310,
0x0000029dac84eb60, 0x0000029dac852820, 0x0000029dac84f070, 0x0000029dac854680,
0x0000029dac84fa90, 0x0000029dac84ffa0, 0x0000029dac8509c0, 0x0000029da897dde0,
0x0000029daac914d0, 0x0000029daac8fb80, 0x0000029daac8e740, 0x0000029daac8e230,
0x0000029daac90ab0, 0x0000029daac8d810, 0x0000029daac90fc0, 0x0000029daac90090,
0x0000029daac8aa80, 0x0000029daac8c8e0, 0x0000029daac919e0, 0x0000029daac8a570,
0x0000029daac8cdf0, 0x0000029daac8af90, 0x0000029daac8b4a0, 0x0000029daac8c3d0,
0x0000029daac8b9b0, 0x0000029daac8dd20, 0x0000029daac8bec0, 0x0000029daac8d300,
0x0000029daac8ec50, 0x0000029daac8f160, 0x0000029daac8f670, 0x0000029da6e5bfc0,
0x0000029da6e5e330, 0x0000029da6e5e840, 0x0000029da6e5b090, 0x0000029da6e5de20,
0x0000029da6e5d910, 0x0000029da6e5bab0, 0x0000029da6e5c9e0, 0x0000029da6e5cef0,
0x0000029da6e5d400, 0x0000029dac8513e0, 0x0000029dac853240, 0x0000029da81deee0,
0x0000029db260dfc0, 0x0000029db260b740, 0x0000029db260cb80, 0x0000029db260c160,
0x0000029db260d090, 0x0000029db26089b0, 0x0000029db26093d0, 0x0000029db260d5a0,
0x0000029db2607a80, 0x0000029db260bc50, 0x0000029db2607060, 0x0000029db260a810,
0x0000029db260e4d0, 0x0000029db2607570, 0x0000029db260e9e0, 0x0000029db260c670,
0x0000029db2608ec0, 0x0000029db260ad20, 0x0000029db2607f90, 0x0000029db260dab0,
0x0000029db26084a0, 0x0000029db260b230, 0x0000029db26098e0, 0x0000029db2609df0,
0x0000029db260a300, 0x0000029db2f356e0, 0x0000029db2f31510, 0x0000029db2f32e60,
0x0000029db2f33880, 0x0000029db2f36610, 0x0000029db2f37540, 0x0000029db2f37030,
0x0000029db2f347b0, 0x0000029db2f37f60, 0x0000029db2f32440, 0x0000029db2f38470,
0x0000029db2f351d0, 0x0000029db2f32950, 0x0000029db2f36b20, 0x0000029db2f35bf0,
0x0000029db2f36100, 0x0000029db2f37a50, 0x0000029db2f31000, 0x0000029db2f38980,
0x0000029db2f31a20, 0x0000029db53ba170, 0x0000029db53b7e00, 0x0000029db53b8310,
0x0000029db53b8d30, 0x0000029db53b9240, 0x0000029db53b8820, 0x0000029db53b9c60,
0x0000029db53b69c0, 0x0000029db53b6ed0, 0x0000029db53b78f0, 0x0000029db5b67e10,
0x0000029db5b6ca00, 0x0000029db5b6aba0, 0x0000029db5b65fb0, 0x0000029db5b6a690,
0x0000029db5b6b0b0, 0x0000029db5b664c0, 0x0000029db5b6a180, 0x0000029db5b6b5c0,
0x0000029db5b66ee0, 0x0000029db5b6d930, 0x0000029db5b6bad0, 0x0000029db5b6c4f0,
0x0000029db5b6cf10, 0x0000029db5b6bfe0, 0x0000029db5b673f0, 0x0000029db5b669d0,
0x0000029db5b6e350, 0x0000029db5b6e860, 0x0000029db5b6ed70, 0x0000029db5b67900,
0x0000029db5b6f280, 0x0000029db5b6f790, 0x0000029db5b68830, 0x0000029db5b752b0,
0x0000029db5b72f40, 0x0000029db5b710e0, 0x0000029db5b73e70, 0x0000029db5b6fca0,
0x0000029db5b74380, 0x0000029db5b73450, 0x0000029db5b74890, 0x0000029db5b706c0,
0x0000029db5b757c0, 0x0000029db5b72010, 0x0000029db5b73960, 0x0000029db5b701b0,
0x0000029db5b72520, 0x0000029db5b72a30, 0x0000029db5b70bd0, 0x0000029db5b74da0,
0x0000029db5b715f0, 0x0000029db5b71b00, 0x0000029db2928c60, 0x0000029db2929680,
0x0000029db292afd0, 0x0000029db292ce30, 0x0000029db2928240, 0x0000029db292e270,
0x0000029db292b4e0, 0x0000029db292bf00, 0x0000029db292c920, 0x0000029db292e780,
0x0000029db292c410, 0x0000029db292d340, 0x0000029db292a0a0, 0x0000029db292dd60,
0x0000029db2929b90, 0x0000029db2928750, 0x0000029db292f1a0, 0x0000029db2929170,
0x0000029db292d850, 0x0000029db292a5b0, 0x0000029db292aac0, 0x0000029db2927d30,
0x0000029db2934cc0, 0x0000029db29347b0, 0x0000029db2931a20, 0x0000029db2930af0,
0x0000029db2936b20, 0x0000029db2936610, 0x0000029db2933880, 0x0000029db2935bf0,
0x0000029db29351d0, 0x0000029db29342a0, 0x0000029db2932440, 0x0000029db29356e0,
0x0000029db2936100, 0x0000029db292f6b0, 0x0000029db2932950, 0x0000029db29300d0,
0x0000029db2931000, 0x0000029db2931510, 0x0000029db2937030, 0x0000029db2933370,
0x0000029db2932e60, 0x0000029db2931f30, 0x0000029db292fbc0, 0x0000029db29305e0,
0x0000029db2f342a0, 0x0000029db2f34cc0, 0x0000029db5b68d40, 0x0000029db41364d0,
0x0000029db4133740, 0x0000029db41369e0, 0x0000029db4136ef0, 0x0000029db4137400,
0x0000029db4137e20, 0x0000029db4138330, 0x0000029db4134b80, 0x0000029db4135090,
0x0000029db4138840, 0x0000029db4133c50, 0x0000029db413bae0, 0x0000029db413b5d0,
0x0000029db41355a0, 0x0000029db4135fc0, 0x0000029db4138d50, 0x0000029db4139260,
0x0000029db413a6a0, 0x0000029db413a190, 0x0000029db413abb0, 0x0000029db413b0c0,
0x0000029db4134670, 0x0000029db413de50, 0x0000029db4142020, 0x0000029db4142a40,
0x0000029db1de5950, 0x0000029db2d35060, 0x0000029db2d355b0, 0x0000029db2d365a0
}

Java Threads: ( => current thread )
  0x0000029d85bd1f80 JavaThread "main" [_thread_blocked, id=21344, stack(0x000000f41df00000,0x000000f41e000000)]
  0x0000029da17c3020 JavaThread "Reference Handler" daemon [_thread_blocked, id=26604, stack(0x000000f41e600000,0x000000f41e700000)]
  0x0000029da17c44b0 JavaThread "Finalizer" daemon [_thread_blocked, id=18228, stack(0x000000f41e700000,0x000000f41e800000)]
  0x0000029da17f10e0 JavaThread "Signal Dispatcher" daemon [_thread_blocked, id=20988, stack(0x000000f41e800000,0x000000f41e900000)]
  0x0000029da17f1c10 JavaThread "Attach Listener" daemon [_thread_blocked, id=21188, stack(0x000000f41e900000,0x000000f41ea00000)]
  0x0000029da17f37e0 JavaThread "Service Thread" daemon [_thread_blocked, id=6912, stack(0x000000f41ea00000,0x000000f41eb00000)]
  0x0000029da17f61b0 JavaThread "Monitor Deflation Thread" daemon [_thread_blocked, id=13168, stack(0x000000f41eb00000,0x000000f41ec00000)]
  0x0000029da17f6f50 JavaThread "C2 CompilerThread0" daemon [_thread_blocked, id=23200, stack(0x000000f41ec00000,0x000000f41ed00000)]
  0x0000029da17f7a00 JavaThread "C1 CompilerThread0" daemon [_thread_blocked, id=8560, stack(0x000000f41ed00000,0x000000f41ee00000)]
  0x0000029da17f9320 JavaThread "Sweeper thread" daemon [_thread_blocked, id=23216, stack(0x000000f41ee00000,0x000000f41ef00000)]
  0x0000029da18a5010 JavaThread "Common-Cleaner" daemon [_thread_blocked, id=12268, stack(0x000000f41ef00000,0x000000f41f000000)]
  0x0000029da1951370 JavaThread "C1 CompilerThread1" daemon [_thread_blocked, id=21356, stack(0x000000f41f000000,0x000000f41f100000)]
  0x0000029da18c34f0 JavaThread "C1 CompilerThread2" daemon [_thread_blocked, id=20176, stack(0x000000f41f100000,0x000000f41f200000)]
  0x0000029da19a1040 JavaThread "C1 CompilerThread3" daemon [_thread_blocked, id=25520, stack(0x000000f41f200000,0x000000f41f300000)]
  0x0000029da1aa25d0 JavaThread "Notification Thread" daemon [_thread_blocked, id=10808, stack(0x000000f41f300000,0x000000f41f400000)]
  0x0000029da7d01440 JavaThread "Daemon health stats" [_thread_blocked, id=25084, stack(0x000000f41fd00000,0x000000f41fe00000)]
  0x0000029da7b61fb0 JavaThread "Incoming local TCP Connector on port 53402" [_thread_in_native, id=24040, stack(0x000000f41fe00000,0x000000f41ff00000)]
  0x0000029da8407530 JavaThread "Daemon periodic checks" [_thread_blocked, id=14756, stack(0x000000f41ff00000,0x000000f420000000)]
  0x0000029da81e2180 JavaThread "Daemon" [_thread_blocked, id=21312, stack(0x000000f420000000,0x000000f420100000)]
  0x0000029da81e1760 JavaThread "Handler for socket connection from /127.0.0.1:53402 to /127.0.0.1:53403" [_thread_in_native, id=17660, stack(0x000000f420100000,0x000000f420200000)]
  0x0000029da81e0320 JavaThread "Cancel handler" [_thread_blocked, id=21424, stack(0x000000f420200000,0x000000f420300000)]
  0x0000029da81e0830 JavaThread "Daemon worker" [_thread_blocked, id=25824, stack(0x000000f420300000,0x000000f420400000)]
  0x0000029da81e0d40 JavaThread "Asynchronous log dispatcher for DefaultDaemonConnection: socket connection from /127.0.0.1:53402 to /127.0.0.1:53403" [_thread_blocked, id=18928, stack(0x000000f420400000,0x000000f420500000)]
  0x0000029da81dfe10 JavaThread "Stdin handler" [_thread_blocked, id=17964, stack(0x000000f420500000,0x000000f420600000)]
  0x0000029da81e1c70 JavaThread "Daemon client event forwarder" [_thread_blocked, id=26208, stack(0x000000f420600000,0x000000f420700000)]
  0x0000029da81df3f0 JavaThread "Cache worker for journal cache (C:\Users\Hashem Arenat\.gradle\caches\journal-1)" [_thread_blocked, id=18352, stack(0x000000f421300000,0x000000f421400000)]
  0x0000029da81e2690 JavaThread "File lock request listener" [_thread_in_native, id=24100, stack(0x000000f421400000,0x000000f421500000)]
  0x0000029da81df900 JavaThread "Cache worker for file hash cache (C:\Users\Hashem Arenat\.gradle\caches\8.7\fileHashes)" [_thread_blocked, id=13140, stack(0x000000f421500000,0x000000f421600000)]
  0x0000029da81e1250 JavaThread "Cache worker for file hash cache (C:\Users\Hashem Arenat\AndroidStudioProjects\ECommerce\.gradle\8.7\fileHashes)" [_thread_blocked, id=10152, stack(0x000000f421600000,0x000000f421700000)]
  0x0000029da897d3c0 JavaThread "File watcher server" daemon [_thread_blocked, id=11268, stack(0x000000f421700000,0x000000f421800000)]
  0x0000029da897b560 JavaThread "File watcher consumer" daemon [_thread_blocked, id=19736, stack(0x000000f421800000,0x000000f421900000)]
  0x0000029da897b050 JavaThread "Cache worker for checksums cache (C:\Users\Hashem Arenat\AndroidStudioProjects\ECommerce\.gradle\8.7\checksums)" [_thread_blocked, id=10076, stack(0x000000f421900000,0x000000f421a00000)]
  0x0000029da897c490 JavaThread "Cache worker for cache directory md-supplier (C:\Users\Hashem Arenat\.gradle\caches\8.7\md-supplier)" [_thread_blocked, id=12284, stack(0x000000f421a00000,0x000000f421b00000)]
  0x0000029da897c9a0 JavaThread "Cache worker for cache directory md-rule (C:\Users\Hashem Arenat\.gradle\caches\8.7\md-rule)" [_thread_blocked, id=15380, stack(0x000000f421b00000,0x000000f421c00000)]
  0x0000029da897e2f0 JavaThread "Cache worker for file content cache (C:\Users\Hashem Arenat\.gradle\caches\8.7\fileContent)" [_thread_blocked, id=21900, stack(0x000000f421c00000,0x000000f421d00000)]
  0x0000029da897d8d0 JavaThread "Cache worker for Build Output Cleanup Cache (C:\Users\Hashem Arenat\AndroidStudioProjects\ECommerce\.gradle\buildOutputCleanup)" [_thread_blocked, id=11616, stack(0x000000f421e00000,0x000000f421f00000)]
  0x0000029da897e800 JavaThread "Unconstrained build operations" [_thread_blocked, id=21136, stack(0x000000f41f600000,0x000000f41f700000)]
  0x0000029daa9731d0 JavaThread "Unconstrained build operations Thread 2" [_thread_blocked, id=11444, stack(0x000000f41f700000,0x000000f41f800000)]
  0x0000029daa974610 JavaThread "Unconstrained build operations Thread 3" [_thread_blocked, id=10856, stack(0x000000f421f00000,0x000000f422000000)]
  0x0000029daa96eaf0 JavaThread "Unconstrained build operations Thread 4" [_thread_blocked, id=21924, stack(0x000000f422000000,0x000000f422100000)]
  0x0000029daa974100 JavaThread "Unconstrained build operations Thread 5" [_thread_blocked, id=7772, stack(0x000000f422100000,0x000000f422200000)]
  0x0000029daa96f510 JavaThread "Unconstrained build operations Thread 6" [_thread_blocked, id=19264, stack(0x000000f422200000,0x000000f422300000)]
  0x0000029daa96f000 JavaThread "Unconstrained build operations Thread 7" [_thread_blocked, id=17588, stack(0x000000f422300000,0x000000f422400000)]
  0x0000029daa971880 JavaThread "Unconstrained build operations Thread 8" [_thread_blocked, id=21440, stack(0x000000f422400000,0x000000f422500000)]
  0x0000029daa96fa20 JavaThread "Unconstrained build operations Thread 9" [_thread_blocked, id=25800, stack(0x000000f422500000,0x000000f422600000)]
  0x0000029daa96e0d0 JavaThread "Unconstrained build operations Thread 10" [_thread_blocked, id=26100, stack(0x000000f422600000,0x000000f422700000)]
  0x0000029daa973bf0 JavaThread "Unconstrained build operations Thread 11" [_thread_blocked, id=17992, stack(0x000000f422700000,0x000000f422800000)]
  0x0000029daa96e5e0 JavaThread "Unconstrained build operations Thread 12" [_thread_blocked, id=26072, stack(0x000000f422800000,0x000000f422900000)]
  0x0000029daa96ff30 JavaThread "Unconstrained build operations Thread 13" [_thread_blocked, id=25232, stack(0x000000f422900000,0x000000f422a00000)]
  0x0000029daa970950 JavaThread "Unconstrained build operations Thread 14" [_thread_blocked, id=17604, stack(0x000000f422a00000,0x000000f422b00000)]
  0x0000029daa974b20 JavaThread "Unconstrained build operations Thread 15" [_thread_blocked, id=4284, stack(0x000000f422b00000,0x000000f422c00000)]
  0x0000029daa971d90 JavaThread "Unconstrained build operations Thread 16" [_thread_blocked, id=24900, stack(0x000000f422c00000,0x000000f422d00000)]
  0x0000029daa9722a0 JavaThread "Unconstrained build operations Thread 17" [_thread_blocked, id=15724, stack(0x000000f422d00000,0x000000f422e00000)]
  0x0000029daa9727b0 JavaThread "Unconstrained build operations Thread 18" [_thread_blocked, id=23356, stack(0x000000f422e00000,0x000000f422f00000)]
  0x0000029daa970e60 JavaThread "Unconstrained build operations Thread 19" [_thread_blocked, id=21472, stack(0x000000f422f00000,0x000000f423000000)]
  0x0000029daa970440 JavaThread "Unconstrained build operations Thread 20" [_thread_blocked, id=16304, stack(0x000000f423000000,0x000000f423100000)]
  0x0000029daa975030 JavaThread "Unconstrained build operations Thread 21" [_thread_blocked, id=12988, stack(0x000000f423100000,0x000000f423200000)]
  0x0000029daa971370 JavaThread "Unconstrained build operations Thread 22" [_thread_blocked, id=12384, stack(0x000000f423200000,0x000000f423300000)]
  0x0000029daa972cc0 JavaThread "Unconstrained build operations Thread 23" [_thread_blocked, id=18396, stack(0x000000f423300000,0x000000f423400000)]
  0x0000029daa9736e0 JavaThread "Unconstrained build operations Thread 24" [_thread_blocked, id=11248, stack(0x000000f423400000,0x000000f423500000)]
  0x0000029daa96dbc0 JavaThread "Unconstrained build operations Thread 25" [_thread_blocked, id=26452, stack(0x000000f423500000,0x000000f423600000)]
  0x0000029daa975540 JavaThread "Unconstrained build operations Thread 26" [_thread_blocked, id=12948, stack(0x000000f423600000,0x000000f423700000)]
  0x0000029daa673900 JavaThread "Unconstrained build operations Thread 27" [_thread_blocked, id=24780, stack(0x000000f423700000,0x000000f423800000)]
  0x0000029daa674d40 JavaThread "Unconstrained build operations Thread 28" [_thread_blocked, id=23528, stack(0x000000f423800000,0x000000f423900000)]
  0x0000029daa676ba0 JavaThread "Unconstrained build operations Thread 29" [_thread_blocked, id=13340, stack(0x000000f423900000,0x000000f423a00000)]
  0x0000029daa673e10 JavaThread "Unconstrained build operations Thread 30" [_thread_blocked, id=10340, stack(0x000000f423a00000,0x000000f423b00000)]
  0x0000029daa6770b0 JavaThread "Unconstrained build operations Thread 31" [_thread_blocked, id=26292, stack(0x000000f423b00000,0x000000f423c00000)]
  0x0000029daa674320 JavaThread "Unconstrained build operations Thread 32" [_thread_blocked, id=9676, stack(0x000000f423c00000,0x000000f423d00000)]
  0x0000029daa675c70 JavaThread "Unconstrained build operations Thread 33" [_thread_blocked, id=24392, stack(0x000000f423d00000,0x000000f423e00000)]
  0x0000029daa674830 JavaThread "Unconstrained build operations Thread 34" [_thread_blocked, id=12556, stack(0x000000f423e00000,0x000000f423f00000)]
  0x0000029daa676180 JavaThread "Unconstrained build operations Thread 35" [_thread_blocked, id=25068, stack(0x000000f423f00000,0x000000f424000000)]
  0x0000029daa6775c0 JavaThread "Unconstrained build operations Thread 36" [_thread_blocked, id=22600, stack(0x000000f424000000,0x000000f424100000)]
  0x0000029daa6724c0 JavaThread "Unconstrained build operations Thread 37" [_thread_blocked, id=25368, stack(0x000000f424100000,0x000000f424200000)]
  0x0000029daa671fb0 JavaThread "Unconstrained build operations Thread 38" [_thread_blocked, id=13508, stack(0x000000f424200000,0x000000f424300000)]
  0x0000029daa671aa0 JavaThread "Unconstrained build operations Thread 39" [_thread_blocked, id=22272, stack(0x000000f41f500000,0x000000f41f600000)]
  0x0000029daa676690 JavaThread "Unconstrained build operations Thread 40" [_thread_blocked, id=12748, stack(0x000000f424300000,0x000000f424400000)]
  0x0000029daa675250 JavaThread "Unconstrained build operations Thread 41" [_thread_blocked, id=19208, stack(0x000000f424400000,0x000000f424500000)]
  0x0000029daa671080 JavaThread "Unconstrained build operations Thread 42" [_thread_blocked, id=4440, stack(0x000000f424500000,0x000000f424600000)]
  0x0000029daa675760 JavaThread "Unconstrained build operations Thread 43" [_thread_blocked, id=16092, stack(0x000000f424600000,0x000000f424700000)]
  0x0000029daa677fe0 JavaThread "Unconstrained build operations Thread 44" [_thread_blocked, id=12216, stack(0x000000f424700000,0x000000f424800000)]
  0x0000029daa671590 JavaThread "build event listener" [_thread_blocked, id=3712, stack(0x000000f424800000,0x000000f424900000)]
  0x0000029daa5a90e0 JavaThread "C2 CompilerThread1" daemon [_thread_blocked, id=13400, stack(0x000000f424900000,0x000000f424a00000)]
  0x0000029da928c050 JavaThread "C2 CompilerThread2" daemon [_thread_blocked, id=10764, stack(0x000000f424a00000,0x000000f424b00000)]
  0x0000029daa672ee0 JavaThread "Memory manager" [_thread_blocked, id=19832, stack(0x000000f424d00000,0x000000f424e00000)]
  0x0000029dabb565f0 JavaThread "build event listener" [_thread_blocked, id=24296, stack(0x000000f424e00000,0x000000f424f00000)]
  0x0000029db2d37590 JavaThread "C2 CompilerThread3" daemon [_thread_blocked, id=2888, stack(0x000000f424b00000,0x000000f424c00000)]
  0x0000029dac853c60 JavaThread "pool-3-thread-1" [_thread_blocked, id=12720, stack(0x000000f424c00000,0x000000f424d00000)]
  0x0000029dac84dc30 JavaThread "build event listener" [_thread_blocked, id=14568, stack(0x000000f424f00000,0x000000f425000000)]
  0x0000029dac851e00 JavaThread "included builds" [_thread_blocked, id=9092, stack(0x000000f425000000,0x000000f425100000)]
  0x0000029dac84f580 JavaThread "Execution worker" [_thread_blocked, id=3344, stack(0x000000f425100000,0x000000f425200000)]
  0x0000029dac852d30 JavaThread "Execution worker Thread 2" [_thread_blocked, id=17176, stack(0x000000f425200000,0x000000f425300000)]
  0x0000029dac852310 JavaThread "Execution worker Thread 3" [_thread_blocked, id=6780, stack(0x000000f425300000,0x000000f425400000)]
  0x0000029dac84eb60 JavaThread "Execution worker Thread 4" [_thread_blocked, id=8948, stack(0x000000f425400000,0x000000f425500000)]
  0x0000029dac852820 JavaThread "Execution worker Thread 5" [_thread_blocked, id=14052, stack(0x000000f425500000,0x000000f425600000)]
  0x0000029dac84f070 JavaThread "Execution worker Thread 6" [_thread_blocked, id=4892, stack(0x000000f425600000,0x000000f425700000)]
  0x0000029dac854680 JavaThread "Execution worker Thread 7" [_thread_blocked, id=1792, stack(0x000000f425700000,0x000000f425800000)]
  0x0000029dac84fa90 JavaThread "Execution worker Thread 8" [_thread_blocked, id=26308, stack(0x000000f425800000,0x000000f425900000)]
  0x0000029dac84ffa0 JavaThread "Execution worker Thread 9" [_thread_blocked, id=16564, stack(0x000000f425900000,0x000000f425a00000)]
  0x0000029dac8509c0 JavaThread "Execution worker Thread 10" [_thread_blocked, id=10384, stack(0x000000f425a00000,0x000000f425b00000)]
  0x0000029da897dde0 JavaThread "Execution worker Thread 11" [_thread_blocked, id=17908, stack(0x000000f425b00000,0x000000f425c00000)]
  0x0000029daac914d0 JavaThread "Execution worker Thread 12" [_thread_blocked, id=17472, stack(0x000000f425c00000,0x000000f425d00000)]
  0x0000029daac8fb80 JavaThread "Execution worker Thread 13" [_thread_blocked, id=11736, stack(0x000000f425d00000,0x000000f425e00000)]
  0x0000029daac8e740 JavaThread "Execution worker Thread 14" [_thread_blocked, id=17260, stack(0x000000f425e00000,0x000000f425f00000)]
  0x0000029daac8e230 JavaThread "Execution worker Thread 15" [_thread_blocked, id=21692, stack(0x000000f425f00000,0x000000f426000000)]
  0x0000029daac90ab0 JavaThread "Execution worker Thread 16" [_thread_blocked, id=22112, stack(0x000000f426000000,0x000000f426100000)]
  0x0000029daac8d810 JavaThread "Execution worker Thread 17" [_thread_blocked, id=18008, stack(0x000000f426100000,0x000000f426200000)]
  0x0000029daac90fc0 JavaThread "Execution worker Thread 18" [_thread_blocked, id=19112, stack(0x000000f426200000,0x000000f426300000)]
  0x0000029daac90090 JavaThread "Execution worker Thread 19" [_thread_blocked, id=21516, stack(0x000000f426300000,0x000000f426400000)]
  0x0000029daac8aa80 JavaThread "Cache worker for execution history cache (C:\Users\Hashem Arenat\AndroidStudioProjects\ECommerce\.gradle\8.7\executionHistory)" [_thread_blocked, id=15648, stack(0x000000f426400000,0x000000f426500000)]
  0x0000029daac8c8e0 JavaThread "Unconstrained build operations Thread 45" [_thread_blocked, id=10368, stack(0x000000f426800000,0x000000f426900000)]
  0x0000029daac919e0 JavaThread "Unconstrained build operations Thread 46" [_thread_blocked, id=12068, stack(0x000000f426900000,0x000000f426a00000)]
  0x0000029daac8a570 JavaThread "Unconstrained build operations Thread 47" [_thread_blocked, id=24072, stack(0x000000f426a00000,0x000000f426b00000)]
  0x0000029daac8cdf0 JavaThread "Unconstrained build operations Thread 48" [_thread_blocked, id=11988, stack(0x000000f426b00000,0x000000f426c00000)]
  0x0000029daac8af90 JavaThread "Unconstrained build operations Thread 49" [_thread_blocked, id=3308, stack(0x000000f426c00000,0x000000f426d00000)]
  0x0000029daac8b4a0 JavaThread "Unconstrained build operations Thread 50" [_thread_blocked, id=15352, stack(0x000000f426d00000,0x000000f426e00000)]
  0x0000029daac8c3d0 JavaThread "Unconstrained build operations Thread 51" [_thread_blocked, id=22116, stack(0x000000f426e00000,0x000000f426f00000)]
  0x0000029daac8b9b0 JavaThread "Unconstrained build operations Thread 52" [_thread_blocked, id=22876, stack(0x000000f426f00000,0x000000f427000000)]
  0x0000029daac8dd20 JavaThread "Unconstrained build operations Thread 53" [_thread_blocked, id=3220, stack(0x000000f427000000,0x000000f427100000)]
  0x0000029daac8bec0 JavaThread "Unconstrained build operations Thread 54" [_thread_blocked, id=2828, stack(0x000000f427100000,0x000000f427200000)]
  0x0000029daac8d300 JavaThread "Unconstrained build operations Thread 55" [_thread_blocked, id=3476, stack(0x000000f427200000,0x000000f427300000)]
  0x0000029daac8ec50 JavaThread "Unconstrained build operations Thread 56" [_thread_blocked, id=24208, stack(0x000000f427300000,0x000000f427400000)]
  0x0000029daac8f160 JavaThread "Unconstrained build operations Thread 57" [_thread_blocked, id=18472, stack(0x000000f427400000,0x000000f427500000)]
  0x0000029daac8f670 JavaThread "Unconstrained build operations Thread 58" [_thread_blocked, id=22316, stack(0x000000f427500000,0x000000f427600000)]
  0x0000029da6e5bfc0 JavaThread "Unconstrained build operations Thread 59" [_thread_blocked, id=1472, stack(0x000000f427600000,0x000000f427700000)]
  0x0000029da6e5e330 JavaThread "Unconstrained build operations Thread 60" [_thread_blocked, id=9968, stack(0x000000f427700000,0x000000f427800000)]
  0x0000029da6e5e840 JavaThread "Unconstrained build operations Thread 61" [_thread_blocked, id=18016, stack(0x000000f427800000,0x000000f427900000)]
  0x0000029da6e5b090 JavaThread "Unconstrained build operations Thread 62" [_thread_blocked, id=24324, stack(0x000000f427900000,0x000000f427a00000)]
  0x0000029da6e5de20 JavaThread "Unconstrained build operations Thread 63" [_thread_blocked, id=25156, stack(0x000000f427a00000,0x000000f427b00000)]
  0x0000029da6e5d910 JavaThread "Unconstrained build operations Thread 64" [_thread_blocked, id=20688, stack(0x000000f427b00000,0x000000f427c00000)]
  0x0000029da6e5bab0 JavaThread "Unconstrained build operations Thread 65" [_thread_blocked, id=18188, stack(0x000000f427c00000,0x000000f427d00000)]
  0x0000029da6e5c9e0 JavaThread "Unconstrained build operations Thread 66" [_thread_blocked, id=22340, stack(0x000000f427d00000,0x000000f427e00000)]
  0x0000029da6e5cef0 JavaThread "Unconstrained build operations Thread 67" [_thread_blocked, id=8984, stack(0x000000f427e00000,0x000000f427f00000)]
  0x0000029da6e5d400 JavaThread "Unconstrained build operations Thread 68" [_thread_blocked, id=20064, stack(0x000000f427f00000,0x000000f428000000)]
  0x0000029dac8513e0 JavaThread "Unconstrained build operations Thread 69" [_thread_blocked, id=25036, stack(0x000000f428000000,0x000000f428100000)]
  0x0000029dac853240 JavaThread "Unconstrained build operations Thread 70" [_thread_blocked, id=21056, stack(0x000000f428100000,0x000000f428200000)]
  0x0000029da81deee0 JavaThread "Unconstrained build operations Thread 71" [_thread_blocked, id=13900, stack(0x000000f428200000,0x000000f428300000)]
  0x0000029db260dfc0 JavaThread "Unconstrained build operations Thread 72" [_thread_blocked, id=25352, stack(0x000000f428300000,0x000000f428400000)]
  0x0000029db260b740 JavaThread "Unconstrained build operations Thread 73" [_thread_blocked, id=24524, stack(0x000000f428400000,0x000000f428500000)]
  0x0000029db260cb80 JavaThread "Unconstrained build operations Thread 74" [_thread_blocked, id=9688, stack(0x000000f428500000,0x000000f428600000)]
  0x0000029db260c160 JavaThread "Unconstrained build operations Thread 75" [_thread_blocked, id=7512, stack(0x000000f428600000,0x000000f428700000)]
  0x0000029db260d090 JavaThread "Unconstrained build operations Thread 76" [_thread_blocked, id=2180, stack(0x000000f428700000,0x000000f428800000)]
  0x0000029db26089b0 JavaThread "Unconstrained build operations Thread 77" [_thread_blocked, id=19504, stack(0x000000f428800000,0x000000f428900000)]
  0x0000029db26093d0 JavaThread "Unconstrained build operations Thread 78" [_thread_blocked, id=20236, stack(0x000000f428900000,0x000000f428a00000)]
  0x0000029db260d5a0 JavaThread "Unconstrained build operations Thread 79" [_thread_blocked, id=1552, stack(0x000000f428a00000,0x000000f428b00000)]
  0x0000029db2607a80 JavaThread "Unconstrained build operations Thread 80" [_thread_blocked, id=10200, stack(0x000000f428b00000,0x000000f428c00000)]
  0x0000029db260bc50 JavaThread "Unconstrained build operations Thread 81" [_thread_blocked, id=24764, stack(0x000000f428c00000,0x000000f428d00000)]
  0x0000029db2607060 JavaThread "Unconstrained build operations Thread 82" [_thread_blocked, id=25144, stack(0x000000f428d00000,0x000000f428e00000)]
  0x0000029db260a810 JavaThread "Unconstrained build operations Thread 83" [_thread_blocked, id=9596, stack(0x000000f428e00000,0x000000f428f00000)]
  0x0000029db260e4d0 JavaThread "Unconstrained build operations Thread 84" [_thread_blocked, id=21352, stack(0x000000f428f00000,0x000000f429000000)]
  0x0000029db2607570 JavaThread "Unconstrained build operations Thread 85" [_thread_blocked, id=16932, stack(0x000000f429000000,0x000000f429100000)]
  0x0000029db260e9e0 JavaThread "Unconstrained build operations Thread 86" [_thread_blocked, id=17904, stack(0x000000f429100000,0x000000f429200000)]
  0x0000029db260c670 JavaThread "Unconstrained build operations Thread 87" [_thread_blocked, id=21192, stack(0x000000f429200000,0x000000f429300000)]
  0x0000029db2608ec0 JavaThread "Unconstrained build operations Thread 88" [_thread_blocked, id=788, stack(0x000000f429300000,0x000000f429400000)]
  0x0000029db260ad20 JavaThread "Unconstrained build operations Thread 89" [_thread_blocked, id=25656, stack(0x000000f429400000,0x000000f429500000)]
  0x0000029db2607f90 JavaThread "Unconstrained build operations Thread 90" [_thread_blocked, id=10180, stack(0x000000f429500000,0x000000f429600000)]
  0x0000029db260dab0 JavaThread "Unconstrained build operations Thread 91" [_thread_blocked, id=24412, stack(0x000000f429600000,0x000000f429700000)]
  0x0000029db26084a0 JavaThread "Unconstrained build operations Thread 92" [_thread_blocked, id=12584, stack(0x000000f429700000,0x000000f429800000)]
  0x0000029db260b230 JavaThread "Unconstrained build operations Thread 93" [_thread_blocked, id=21240, stack(0x000000f429800000,0x000000f429900000)]
  0x0000029db26098e0 JavaThread "Unconstrained build operations Thread 94" [_thread_blocked, id=17924, stack(0x000000f429900000,0x000000f429a00000)]
  0x0000029db2609df0 JavaThread "Unconstrained build operations Thread 95" [_thread_blocked, id=3232, stack(0x000000f429a00000,0x000000f429b00000)]
  0x0000029db260a300 JavaThread "Unconstrained build operations Thread 96" [_thread_blocked, id=23972, stack(0x000000f429b00000,0x000000f429c00000)]
  0x0000029db2f356e0 JavaThread "Unconstrained build operations Thread 97" [_thread_blocked, id=24344, stack(0x000000f429c00000,0x000000f429d00000)]
  0x0000029db2f31510 JavaThread "Unconstrained build operations Thread 98" [_thread_blocked, id=14068, stack(0x000000f429d00000,0x000000f429e00000)]
  0x0000029db2f32e60 JavaThread "Unconstrained build operations Thread 99" [_thread_blocked, id=24448, stack(0x000000f429e00000,0x000000f429f00000)]
  0x0000029db2f33880 JavaThread "Unconstrained build operations Thread 100" [_thread_blocked, id=24080, stack(0x000000f429f00000,0x000000f42a000000)]
  0x0000029db2f36610 JavaThread "Unconstrained build operations Thread 101" [_thread_blocked, id=20308, stack(0x000000f42a000000,0x000000f42a100000)]
  0x0000029db2f37540 JavaThread "WorkerExecutor Queue" [_thread_blocked, id=23224, stack(0x000000f42a800000,0x000000f42a900000)]
  0x0000029db2f37030 JavaThread "WorkerExecutor Queue Thread 2" [_thread_blocked, id=19552, stack(0x000000f42a900000,0x000000f42aa00000)]
  0x0000029db2f347b0 JavaThread "WorkerExecutor Queue Thread 3" [_thread_blocked, id=17728, stack(0x000000f42aa00000,0x000000f42ab00000)]
  0x0000029db2f37f60 JavaThread "WorkerExecutor Queue Thread 4" [_thread_blocked, id=2232, stack(0x000000f42ab00000,0x000000f42ac00000)]
  0x0000029db2f32440 JavaThread "WorkerExecutor Queue Thread 5" [_thread_blocked, id=5324, stack(0x000000f42ac00000,0x000000f42ad00000)]
  0x0000029db2f38470 JavaThread "WorkerExecutor Queue Thread 6" [_thread_blocked, id=25928, stack(0x000000f42ad00000,0x000000f42ae00000)]
  0x0000029db2f351d0 JavaThread "WorkerExecutor Queue Thread 7" [_thread_blocked, id=17444, stack(0x000000f42ae00000,0x000000f42af00000)]
  0x0000029db2f32950 JavaThread "WorkerExecutor Queue Thread 8" [_thread_blocked, id=24464, stack(0x000000f42af00000,0x000000f42b000000)]
  0x0000029db2f36b20 JavaThread "WorkerExecutor Queue Thread 9" [_thread_blocked, id=9964, stack(0x000000f42b000000,0x000000f42b100000)]
  0x0000029db2f35bf0 JavaThread "WorkerExecutor Queue Thread 10" [_thread_blocked, id=1044, stack(0x000000f42b100000,0x000000f42b200000)]
  0x0000029db2f36100 JavaThread "WorkerExecutor Queue Thread 11" [_thread_blocked, id=10696, stack(0x000000f42b200000,0x000000f42b300000)]
  0x0000029db2f37a50 JavaThread "WorkerExecutor Queue Thread 12" [_thread_blocked, id=20028, stack(0x000000f42b300000,0x000000f42b400000)]
  0x0000029db2f31000 JavaThread "WorkerExecutor Queue Thread 13" [_thread_blocked, id=22760, stack(0x000000f42b400000,0x000000f42b500000)]
  0x0000029db2f38980 JavaThread "WorkerExecutor Queue Thread 14" [_thread_blocked, id=16736, stack(0x000000f42b500000,0x000000f42b600000)]
  0x0000029db2f31a20 JavaThread "WorkerExecutor Queue Thread 15" [_thread_blocked, id=10328, stack(0x000000f42b600000,0x000000f42b700000)]
  0x0000029db53ba170 JavaThread "WorkerExecutor Queue Thread 16" [_thread_blocked, id=11212, stack(0x000000f42b700000,0x000000f42b800000)]
  0x0000029db53b7e00 JavaThread "WorkerExecutor Queue Thread 17" [_thread_blocked, id=17976, stack(0x000000f42b800000,0x000000f42b900000)]
  0x0000029db53b8310 JavaThread "WorkerExecutor Queue Thread 18" [_thread_blocked, id=724, stack(0x000000f42b900000,0x000000f42ba00000)]
  0x0000029db53b8d30 JavaThread "WorkerExecutor Queue Thread 19" [_thread_blocked, id=26216, stack(0x000000f42ba00000,0x000000f42bb00000)]
  0x0000029db53b9240 JavaThread "WorkerExecutor Queue Thread 20" [_thread_blocked, id=8864, stack(0x000000f42bb00000,0x000000f42bc00000)]
  0x0000029db53b8820 JavaThread "Unconstrained build operations Thread 102" [_thread_blocked, id=18636, stack(0x000000f42bc00000,0x000000f42bd00000)]
  0x0000029db53b9c60 JavaThread "Unconstrained build operations Thread 103" [_thread_blocked, id=21688, stack(0x000000f42bd00000,0x000000f42be00000)]
  0x0000029db53b69c0 JavaThread "Unconstrained build operations Thread 104" [_thread_blocked, id=26396, stack(0x000000f42be00000,0x000000f42bf00000)]
  0x0000029db53b6ed0 JavaThread "Unconstrained build operations Thread 105" [_thread_blocked, id=20552, stack(0x000000f42bf00000,0x000000f42c000000)]
  0x0000029db53b78f0 JavaThread "Unconstrained build operations Thread 106" [_thread_blocked, id=15472, stack(0x000000f42c000000,0x000000f42c100000)]
  0x0000029db5b67e10 JavaThread "Unconstrained build operations Thread 107" [_thread_blocked, id=15300, stack(0x000000f42c100000,0x000000f42c200000)]
  0x0000029db5b6ca00 JavaThread "Unconstrained build operations Thread 108" [_thread_blocked, id=13444, stack(0x000000f42c200000,0x000000f42c300000)]
  0x0000029db5b6aba0 JavaThread "Unconstrained build operations Thread 109" [_thread_blocked, id=15292, stack(0x000000f42c300000,0x000000f42c400000)]
  0x0000029db5b65fb0 JavaThread "Unconstrained build operations Thread 110" [_thread_blocked, id=23996, stack(0x000000f42c400000,0x000000f42c500000)]
  0x0000029db5b6a690 JavaThread "Unconstrained build operations Thread 111" [_thread_blocked, id=12516, stack(0x000000f42c500000,0x000000f42c600000)]
  0x0000029db5b6b0b0 JavaThread "Unconstrained build operations Thread 112" [_thread_blocked, id=17080, stack(0x000000f42c600000,0x000000f42c700000)]
  0x0000029db5b664c0 JavaThread "Unconstrained build operations Thread 113" [_thread_blocked, id=18812, stack(0x000000f42c700000,0x000000f42c800000)]
  0x0000029db5b6a180 JavaThread "Unconstrained build operations Thread 114" [_thread_blocked, id=20156, stack(0x000000f42c800000,0x000000f42c900000)]
  0x0000029db5b6b5c0 JavaThread "Unconstrained build operations Thread 115" [_thread_blocked, id=26328, stack(0x000000f42c900000,0x000000f42ca00000)]
  0x0000029db5b66ee0 JavaThread "Unconstrained build operations Thread 116" [_thread_blocked, id=26492, stack(0x000000f42ca00000,0x000000f42cb00000)]
  0x0000029db5b6d930 JavaThread "Unconstrained build operations Thread 117" [_thread_blocked, id=3780, stack(0x000000f42cb00000,0x000000f42cc00000)]
  0x0000029db5b6bad0 JavaThread "Unconstrained build operations Thread 118" [_thread_blocked, id=20296, stack(0x000000f42cc00000,0x000000f42cd00000)]
  0x0000029db5b6c4f0 JavaThread "Unconstrained build operations Thread 119" [_thread_blocked, id=7864, stack(0x000000f42cd00000,0x000000f42ce00000)]
  0x0000029db5b6cf10 JavaThread "Unconstrained build operations Thread 120" [_thread_blocked, id=20828, stack(0x000000f42ce00000,0x000000f42cf00000)]
  0x0000029db5b6bfe0 JavaThread "Unconstrained build operations Thread 121" [_thread_blocked, id=2356, stack(0x000000f42cf00000,0x000000f42d000000)]
  0x0000029db5b673f0 JavaThread "Unconstrained build operations Thread 122" [_thread_blocked, id=19196, stack(0x000000f42a100000,0x000000f42a200000)]
  0x0000029db5b669d0 JavaThread "Unconstrained build operations Thread 123" [_thread_blocked, id=4332, stack(0x000000f42d000000,0x000000f42d100000)]
  0x0000029db5b6e350 JavaThread "Unconstrained build operations Thread 124" [_thread_blocked, id=16792, stack(0x000000f42d100000,0x000000f42d200000)]
  0x0000029db5b6e860 JavaThread "Unconstrained build operations Thread 125" [_thread_blocked, id=1748, stack(0x000000f42d200000,0x000000f42d300000)]
  0x0000029db5b6ed70 JavaThread "Unconstrained build operations Thread 126" [_thread_blocked, id=25356, stack(0x000000f42d300000,0x000000f42d400000)]
  0x0000029db5b67900 JavaThread "Unconstrained build operations Thread 127" [_thread_blocked, id=17852, stack(0x000000f42d400000,0x000000f42d500000)]
  0x0000029db5b6f280 JavaThread "Unconstrained build operations Thread 128" [_thread_blocked, id=23916, stack(0x000000f42d500000,0x000000f42d600000)]
  0x0000029db5b6f790 JavaThread "Unconstrained build operations Thread 129" [_thread_blocked, id=9892, stack(0x000000f42d600000,0x000000f42d700000)]
  0x0000029db5b68830 JavaThread "Unconstrained build operations Thread 130" [_thread_blocked, id=6352, stack(0x000000f42d700000,0x000000f42d800000)]
  0x0000029db5b752b0 JavaThread "Unconstrained build operations Thread 131" [_thread_blocked, id=14492, stack(0x000000f42d800000,0x000000f42d900000)]
  0x0000029db5b72f40 JavaThread "Unconstrained build operations Thread 132" [_thread_blocked, id=21940, stack(0x000000f42d900000,0x000000f42da00000)]
  0x0000029db5b710e0 JavaThread "Unconstrained build operations Thread 133" [_thread_blocked, id=18256, stack(0x000000f42da00000,0x000000f42db00000)]
  0x0000029db5b73e70 JavaThread "Unconstrained build operations Thread 134" [_thread_blocked, id=10492, stack(0x000000f42db00000,0x000000f42dc00000)]
  0x0000029db5b6fca0 JavaThread "Unconstrained build operations Thread 135" [_thread_blocked, id=19328, stack(0x000000f42de00000,0x000000f42df00000)]
  0x0000029db5b74380 JavaThread "Unconstrained build operations Thread 136" [_thread_blocked, id=16204, stack(0x000000f42df00000,0x000000f42e000000)]
  0x0000029db5b73450 JavaThread "Unconstrained build operations Thread 137" [_thread_blocked, id=12896, stack(0x000000f42e000000,0x000000f42e100000)]
  0x0000029db5b74890 JavaThread "Unconstrained build operations Thread 138" [_thread_blocked, id=7792, stack(0x000000f42e100000,0x000000f42e200000)]
  0x0000029db5b706c0 JavaThread "Unconstrained build operations Thread 139" [_thread_blocked, id=10488, stack(0x000000f42e200000,0x000000f42e300000)]
  0x0000029db5b757c0 JavaThread "Unconstrained build operations Thread 140" [_thread_blocked, id=22788, stack(0x000000f42e300000,0x000000f42e400000)]
  0x0000029db5b72010 JavaThread "Unconstrained build operations Thread 141" [_thread_blocked, id=21108, stack(0x000000f42e500000,0x000000f42e600000)]
  0x0000029db5b73960 JavaThread "Unconstrained build operations Thread 142" [_thread_blocked, id=24420, stack(0x000000f42e600000,0x000000f42e700000)]
  0x0000029db5b701b0 JavaThread "Unconstrained build operations Thread 143" [_thread_blocked, id=10496, stack(0x000000f42e700000,0x000000f42e800000)]
  0x0000029db5b72520 JavaThread "Unconstrained build operations Thread 144" [_thread_blocked, id=26508, stack(0x000000f42e800000,0x000000f42e900000)]
  0x0000029db5b72a30 JavaThread "Unconstrained build operations Thread 145" [_thread_blocked, id=17332, stack(0x000000f42e900000,0x000000f42ea00000)]
  0x0000029db5b70bd0 JavaThread "Unconstrained build operations Thread 146" [_thread_blocked, id=17772, stack(0x000000f42ea00000,0x000000f42eb00000)]
  0x0000029db5b74da0 JavaThread "Unconstrained build operations Thread 147" [_thread_blocked, id=18688, stack(0x000000f42eb00000,0x000000f42ec00000)]
  0x0000029db5b715f0 JavaThread "Unconstrained build operations Thread 148" [_thread_blocked, id=21500, stack(0x000000f42ec00000,0x000000f42ed00000)]
  0x0000029db5b71b00 JavaThread "Unconstrained build operations Thread 149" [_thread_blocked, id=24736, stack(0x000000f42ed00000,0x000000f42ee00000)]
  0x0000029db2928c60 JavaThread "Unconstrained build operations Thread 150" [_thread_blocked, id=22832, stack(0x000000f42ee00000,0x000000f42ef00000)]
  0x0000029db2929680 JavaThread "Unconstrained build operations Thread 151" [_thread_blocked, id=22476, stack(0x000000f42ef00000,0x000000f42f000000)]
  0x0000029db292afd0 JavaThread "Unconstrained build operations Thread 152" [_thread_blocked, id=1740, stack(0x000000f42f000000,0x000000f42f100000)]
  0x0000029db292ce30 JavaThread "Unconstrained build operations Thread 153" [_thread_blocked, id=6072, stack(0x000000f42f100000,0x000000f42f200000)]
  0x0000029db2928240 JavaThread "Unconstrained build operations Thread 154" [_thread_blocked, id=20924, stack(0x000000f42f200000,0x000000f42f300000)]
  0x0000029db292e270 JavaThread "Unconstrained build operations Thread 155" [_thread_blocked, id=15024, stack(0x000000f42f300000,0x000000f42f400000)]
  0x0000029db292b4e0 JavaThread "Unconstrained build operations Thread 156" [_thread_blocked, id=25904, stack(0x000000f42f400000,0x000000f42f500000)]
  0x0000029db292bf00 JavaThread "Unconstrained build operations Thread 157" [_thread_blocked, id=14360, stack(0x000000f42f500000,0x000000f42f600000)]
  0x0000029db292c920 JavaThread "Unconstrained build operations Thread 158" [_thread_blocked, id=26568, stack(0x000000f42f600000,0x000000f42f700000)]
  0x0000029db292e780 JavaThread "Unconstrained build operations Thread 159" [_thread_blocked, id=4872, stack(0x000000f42f700000,0x000000f42f800000)]
  0x0000029db292c410 JavaThread "Unconstrained build operations Thread 160" [_thread_blocked, id=20168, stack(0x000000f42f800000,0x000000f42f900000)]
  0x0000029db292d340 JavaThread "Unconstrained build operations Thread 161" [_thread_blocked, id=13864, stack(0x000000f42f900000,0x000000f42fa00000)]
  0x0000029db292a0a0 JavaThread "Unconstrained build operations Thread 162" [_thread_blocked, id=15596, stack(0x000000f42fa00000,0x000000f42fb00000)]
  0x0000029db292dd60 JavaThread "Unconstrained build operations Thread 163" [_thread_blocked, id=7736, stack(0x000000f42fb00000,0x000000f42fc00000)]
  0x0000029db2929b90 JavaThread "Unconstrained build operations Thread 164" [_thread_blocked, id=18856, stack(0x000000f42fc00000,0x000000f42fd00000)]
  0x0000029db2928750 JavaThread "Unconstrained build operations Thread 165" [_thread_blocked, id=25828, stack(0x000000f42fd00000,0x000000f42fe00000)]
  0x0000029db292f1a0 JavaThread "Unconstrained build operations Thread 166" [_thread_blocked, id=17912, stack(0x000000f42fe00000,0x000000f42ff00000)]
  0x0000029db2929170 JavaThread "Unconstrained build operations Thread 167" [_thread_blocked, id=11348, stack(0x000000f42ff00000,0x000000f430000000)]
  0x0000029db292d850 JavaThread "Unconstrained build operations Thread 168" [_thread_blocked, id=17152, stack(0x000000f430000000,0x000000f430100000)]
  0x0000029db292a5b0 JavaThread "Unconstrained build operations Thread 169" [_thread_blocked, id=14060, stack(0x000000f430100000,0x000000f430200000)]
  0x0000029db292aac0 JavaThread "Unconstrained build operations Thread 170" [_thread_blocked, id=25528, stack(0x000000f430200000,0x000000f430300000)]
  0x0000029db2927d30 JavaThread "Unconstrained build operations Thread 171" [_thread_blocked, id=17528, stack(0x000000f430300000,0x000000f430400000)]
  0x0000029db2934cc0 JavaThread "Unconstrained build operations Thread 172" [_thread_blocked, id=21768, stack(0x000000f430400000,0x000000f430500000)]
  0x0000029db29347b0 JavaThread "Unconstrained build operations Thread 173" [_thread_blocked, id=2776, stack(0x000000f430500000,0x000000f430600000)]
  0x0000029db2931a20 JavaThread "Unconstrained build operations Thread 174" [_thread_blocked, id=23568, stack(0x000000f430600000,0x000000f430700000)]
  0x0000029db2930af0 JavaThread "Unconstrained build operations Thread 175" [_thread_blocked, id=11224, stack(0x000000f430700000,0x000000f430800000)]
  0x0000029db2936b20 JavaThread "Unconstrained build operations Thread 176" [_thread_blocked, id=9896, stack(0x000000f430800000,0x000000f430900000)]
  0x0000029db2936610 JavaThread "Unconstrained build operations Thread 177" [_thread_blocked, id=18044, stack(0x000000f430900000,0x000000f430a00000)]
  0x0000029db2933880 JavaThread "Unconstrained build operations Thread 178" [_thread_blocked, id=11848, stack(0x000000f430a00000,0x000000f430b00000)]
  0x0000029db2935bf0 JavaThread "Unconstrained build operations Thread 179" [_thread_blocked, id=7000, stack(0x000000f430b00000,0x000000f430c00000)]
  0x0000029db29351d0 JavaThread "Unconstrained build operations Thread 180" [_thread_blocked, id=24692, stack(0x000000f430c00000,0x000000f430d00000)]
  0x0000029db29342a0 JavaThread "Unconstrained build operations Thread 181" [_thread_blocked, id=19436, stack(0x000000f430d00000,0x000000f430e00000)]
  0x0000029db2932440 JavaThread "Unconstrained build operations Thread 182" [_thread_blocked, id=21288, stack(0x000000f430e00000,0x000000f430f00000)]
  0x0000029db29356e0 JavaThread "Unconstrained build operations Thread 183" [_thread_blocked, id=12532, stack(0x000000f430f00000,0x000000f431000000)]
  0x0000029db2936100 JavaThread "Unconstrained build operations Thread 184" [_thread_blocked, id=20848, stack(0x000000f431000000,0x000000f431100000)]
  0x0000029db292f6b0 JavaThread "Unconstrained build operations Thread 185" [_thread_blocked, id=13924, stack(0x000000f431100000,0x000000f431200000)]
  0x0000029db2932950 JavaThread "Unconstrained build operations Thread 186" [_thread_blocked, id=2836, stack(0x000000f431200000,0x000000f431300000)]
  0x0000029db29300d0 JavaThread "Unconstrained build operations Thread 187" [_thread_blocked, id=6188, stack(0x000000f431300000,0x000000f431400000)]
  0x0000029db2931000 JavaThread "Unconstrained build operations Thread 188" [_thread_blocked, id=14880, stack(0x000000f431400000,0x000000f431500000)]
  0x0000029db2931510 JavaThread "Unconstrained build operations Thread 189" [_thread_blocked, id=23692, stack(0x000000f431500000,0x000000f431600000)]
  0x0000029db2937030 JavaThread "Unconstrained build operations Thread 190" [_thread_blocked, id=25056, stack(0x000000f431600000,0x000000f431700000)]
  0x0000029db2933370 JavaThread "Unconstrained build operations Thread 191" [_thread_blocked, id=17236, stack(0x000000f431700000,0x000000f431800000)]
  0x0000029db2932e60 JavaThread "Unconstrained build operations Thread 192" [_thread_blocked, id=26628, stack(0x000000f431800000,0x000000f431900000)]
  0x0000029db2931f30 JavaThread "Unconstrained build operations Thread 193" [_thread_blocked, id=26632, stack(0x000000f431900000,0x000000f431a00000)]
  0x0000029db292fbc0 JavaThread "Unconstrained build operations Thread 194" [_thread_blocked, id=26636, stack(0x000000f431a00000,0x000000f431b00000)]
  0x0000029db29305e0 JavaThread "Unconstrained build operations Thread 195" [_thread_blocked, id=26640, stack(0x000000f431b00000,0x000000f431c00000)]
  0x0000029db2f342a0 JavaThread "Unconstrained build operations Thread 196" [_thread_blocked, id=26644, stack(0x000000f431c00000,0x000000f431d00000)]
  0x0000029db2f34cc0 JavaThread "Unconstrained build operations Thread 197" [_thread_blocked, id=26648, stack(0x000000f431d00000,0x000000f431e00000)]
  0x0000029db5b68d40 JavaThread "Unconstrained build operations Thread 198" [_thread_blocked, id=26652, stack(0x000000f431e00000,0x000000f431f00000)]
  0x0000029db41364d0 JavaThread "Unconstrained build operations Thread 199" [_thread_blocked, id=26656, stack(0x000000f431f00000,0x000000f432000000)]
  0x0000029db4133740 JavaThread "Unconstrained build operations Thread 200" [_thread_blocked, id=26660, stack(0x000000f432000000,0x000000f432100000)]
  0x0000029db41369e0 JavaThread "pool-4-thread-1" [_thread_blocked, id=26668, stack(0x000000f432100000,0x000000f432200000)]
  0x0000029db4136ef0 JavaThread "stderr" [_thread_in_native, id=26700, stack(0x000000f432200000,0x000000f432300000)]
  0x0000029db4137400 JavaThread "stdout" [_thread_in_native, id=26704, stack(0x000000f432300000,0x000000f432400000)]
  0x0000029db4137e20 JavaThread "ForkJoinPool-1-worker-1" daemon [_thread_blocked, id=26740, stack(0x000000f426500000,0x000000f426600000)]
  0x0000029db4138330 JavaThread "ForkJoinPool-1-worker-2" daemon [_thread_blocked, id=26744, stack(0x000000f426600000,0x000000f426700000)]
  0x0000029db4134b80 JavaThread "ForkJoinPool-1-worker-3" daemon [_thread_blocked, id=26748, stack(0x000000f426700000,0x000000f426800000)]
  0x0000029db4135090 JavaThread "ForkJoinPool-1-worker-4" daemon [_thread_blocked, id=26752, stack(0x000000f42e400000,0x000000f42e500000)]
  0x0000029db4138840 JavaThread "ForkJoinPool-1-worker-5" daemon [_thread_blocked, id=26756, stack(0x000000f432400000,0x000000f432500000)]
  0x0000029db4133c50 JavaThread "ForkJoinPool-1-worker-6" daemon [_thread_blocked, id=26760, stack(0x000000f432500000,0x000000f432600000)]
  0x0000029db413bae0 JavaThread "ForkJoinPool-1-worker-7" daemon [_thread_blocked, id=26764, stack(0x000000f432600000,0x000000f432700000)]
  0x0000029db413b5d0 JavaThread "ForkJoinPool-1-worker-8" daemon [_thread_blocked, id=26768, stack(0x000000f432700000,0x000000f432800000)]
  0x0000029db41355a0 JavaThread "ForkJoinPool-1-worker-9" daemon [_thread_blocked, id=26772, stack(0x000000f432800000,0x000000f432900000)]
  0x0000029db4135fc0 JavaThread "ForkJoinPool-1-worker-10" daemon [_thread_blocked, id=26776, stack(0x000000f432900000,0x000000f432a00000)]
  0x0000029db4138d50 JavaThread "ForkJoinPool-1-worker-11" daemon [_thread_blocked, id=26780, stack(0x000000f432a00000,0x000000f432b00000)]
  0x0000029db4139260 JavaThread "ForkJoinPool-1-worker-12" daemon [_thread_blocked, id=26784, stack(0x000000f432b00000,0x000000f432c00000)]
  0x0000029db413a6a0 JavaThread "ForkJoinPool-1-worker-13" daemon [_thread_blocked, id=26788, stack(0x000000f432c00000,0x000000f432d00000)]
  0x0000029db413a190 JavaThread "ForkJoinPool-1-worker-14" daemon [_thread_blocked, id=26792, stack(0x000000f432d00000,0x000000f432e00000)]
  0x0000029db413abb0 JavaThread "ForkJoinPool-1-worker-15" daemon [_thread_blocked, id=26796, stack(0x000000f432e00000,0x000000f432f00000)]
  0x0000029db413b0c0 JavaThread "ForkJoinPool-1-worker-16" daemon [_thread_blocked, id=26800, stack(0x000000f432f00000,0x000000f433000000)]
  0x0000029db4134670 JavaThread "ForkJoinPool-1-worker-17" daemon [_thread_blocked, id=26804, stack(0x000000f433000000,0x000000f433100000)]
  0x0000029db413de50 JavaThread "ForkJoinPool-1-worker-18" daemon [_thread_blocked, id=26808, stack(0x000000f433100000,0x000000f433200000)]
  0x0000029db4142020 JavaThread "ForkJoinPool-1-worker-19" daemon [_thread_blocked, id=26812, stack(0x000000f433200000,0x000000f433300000)]
  0x0000029db4142a40 JavaThread "ForkJoinPool-1-worker-20" daemon [_thread_blocked, id=26816, stack(0x000000f433300000,0x000000f433400000)]
  0x0000029db1de5950 JavaThread "C2 CompilerThread4" daemon [_thread_blocked, id=26820, stack(0x000000f433400000,0x000000f433500000)]
  0x0000029db2d35060 JavaThread "C2 CompilerThread5" daemon [_thread_blocked, id=26824, stack(0x000000f433500000,0x000000f433600000)]
  0x0000029db2d355b0 JavaThread "C2 CompilerThread6" daemon [_thread_blocked, id=26828, stack(0x000000f433600000,0x000000f433700000)]
  0x0000029db2d365a0 JavaThread "C2 CompilerThread7" daemon [_thread_blocked, id=26832, stack(0x000000f433700000,0x000000f433800000)]

Other Threads:
  0x0000029da17a1040 VMThread "VM Thread" [stack: 0x000000f41e500000,0x000000f41e600000] [id=4780]
  0x0000029da1a473a0 WatcherThread [stack: 0x000000f41f400000,0x000000f41f500000] [id=6224]
  0x0000029d85c1b4c0 GCTaskThread "GC Thread#0" [stack: 0x000000f41e000000,0x000000f41e100000] [id=15560]
  0x0000029da6209b60 GCTaskThread "GC Thread#1" [stack: 0x000000f41f800000,0x000000f41f900000] [id=8992]
  0x0000029da63b7780 GCTaskThread "GC Thread#2" [stack: 0x000000f41f900000,0x000000f41fa00000] [id=23644]
  0x0000029da6935140 GCTaskThread "GC Thread#3" [stack: 0x000000f41fa00000,0x000000f41fb00000] [id=11044]
  0x0000029da74bb010 GCTaskThread "GC Thread#4" [stack: 0x000000f41fb00000,0x000000f41fc00000] [id=14680]
  0x0000029da673f480 GCTaskThread "GC Thread#5" [stack: 0x000000f41fc00000,0x000000f41fd00000] [id=22536]
  0x0000029da7bb9bf0 GCTaskThread "GC Thread#6" [stack: 0x000000f420700000,0x000000f420800000] [id=25856]
  0x0000029da7bb85f0 GCTaskThread "GC Thread#7" [stack: 0x000000f420800000,0x000000f420900000] [id=25384]
=>0x0000029da7bb8330 GCTaskThread "GC Thread#8" [stack: 0x000000f420900000,0x000000f420a00000] [id=4932]
  0x0000029da7bb9930 GCTaskThread "GC Thread#9" [stack: 0x000000f420a00000,0x000000f420b00000] [id=26428]
  0x0000029da7bb88b0 GCTaskThread "GC Thread#10" [stack: 0x000000f420b00000,0x000000f420c00000] [id=24560]
  0x0000029da7bb90f0 GCTaskThread "GC Thread#11" [stack: 0x000000f420c00000,0x000000f420d00000] [id=25392]
  0x0000029da7bb8b70 GCTaskThread "GC Thread#12" [stack: 0x000000f420d00000,0x000000f420e00000] [id=24620]
  0x0000029da7bb8070 GCTaskThread "GC Thread#13" [stack: 0x000000f420e00000,0x000000f420f00000] [id=22460]
  0x0000029da7bb8e30 GCTaskThread "GC Thread#14" [stack: 0x000000f420f00000,0x000000f421000000] [id=26112]
  0x0000029d85c28320 ConcurrentGCThread "G1 Main Marker" [stack: 0x000000f41e100000,0x000000f41e200000] [id=8336]
  0x0000029d85c28d40 ConcurrentGCThread "G1 Conc#0" [stack: 0x000000f41e200000,0x000000f41e300000] [id=8044]
  0x0000029da7bb93b0 ConcurrentGCThread "G1 Conc#1" [stack: 0x000000f421000000,0x000000f421100000] [id=12700]
  0x0000029da7bb9670 ConcurrentGCThread "G1 Conc#2" [stack: 0x000000f421100000,0x000000f421200000] [id=2760]
  0x0000029da85f1700 ConcurrentGCThread "G1 Conc#3" [stack: 0x000000f421200000,0x000000f421300000] [id=22120]
  0x0000029da14d8600 ConcurrentGCThread "G1 Refine#0" [stack: 0x000000f41e300000,0x000000f41e400000] [id=19988]
  0x0000029db1d15180 ConcurrentGCThread "G1 Refine#1" [stack: 0x000000f42a200000,0x000000f42a300000] [id=23048]
  0x0000029db13af950 ConcurrentGCThread "G1 Refine#2" [stack: 0x000000f42a300000,0x000000f42a400000] [id=26064]
  0x0000029db13afc40 ConcurrentGCThread "G1 Refine#3" [stack: 0x000000f42a400000,0x000000f42a500000] [id=18120]
  0x0000029daaee93d0 ConcurrentGCThread "G1 Refine#4" [stack: 0x000000f42a500000,0x000000f42a600000] [id=11452]
  0x0000029daaee86b0 ConcurrentGCThread "G1 Refine#5" [stack: 0x000000f42a600000,0x000000f42a700000] [id=24836]
  0x0000029dac7f02f0 ConcurrentGCThread "G1 Refine#6" [stack: 0x000000f42a700000,0x000000f42a800000] [id=20456]
  0x0000029da14d8f40 ConcurrentGCThread "G1 Service" [stack: 0x000000f41e400000,0x000000f41e500000] [id=2260]

Threads with active compile tasks:
C2 CompilerThread0    19229 22091       4       com.android.tools.r8.internal.wz::a (173 bytes)
C1 CompilerThread0    19229 22009       3       java.nio.ShortBuffer::<init> (24 bytes)
C1 CompilerThread1    19229 22012       3       com.android.tools.r8.graph.J0::<init> (158 bytes)
C1 CompilerThread2    19229 22223       2       com.android.tools.r8.dex.C::d (616 bytes)
C1 CompilerThread3    19229 22197       2       com.android.tools.r8.dex.A::<init> (1789 bytes)
C2 CompilerThread1    19229 22102       4       com.android.tools.r8.dex.code.B1::a (65 bytes)
C2 CompilerThread2    19229 21885       4       com.android.tools.r8.dex.C::h (23 bytes)
C2 CompilerThread3    19229 22134       4       com.android.tools.r8.dex.C::a (836 bytes)
C2 CompilerThread4    19229 22133       4       com.android.tools.r8.graph.H2::a (158 bytes)
C2 CompilerThread5    19229 22039       4       com.android.tools.r8.dex.C::a (77 bytes)
C2 CompilerThread6    19229 22002       4       com.android.tools.r8.dex.C::h (860 bytes)
C2 CompilerThread7    19229 22117 %     4       com.android.tools.r8.dex.C::a @ 292 (997 bytes)

VM state: at safepoint (normal execution)

VM Mutex/Monitor currently owned by a thread:  ([mutex/lock_event])
[0x0000029d8591acf0] FreeList_lock - owner thread: 0x0000029da7bb8330
[0x0000029d85bcdfc0] Threads_lock - owner thread: 0x0000029da17a1040
[0x0000029d85bcd510] Heap_lock - owner thread: 0x0000029db413a6a0

Heap address: 0x00000000a0000000, size: 1536 MB, Compressed Oops mode: 32-bit

CDS archive(s) not mapped
Compressed class space mapped at: 0x0000000100000000-0x0000000140000000, reserved size: 1073741824
Narrow klass base: 0x0000000000000000, Narrow klass shift: 3, Narrow klass range: 0x140000000

GC Precious Log:
 CPUs: 20 total, 20 available
 Memory: 16004M
 Large Page Support: Disabled
 NUMA Support: Disabled
 Compressed Oops: Enabled (32-bit)
 Heap Region Size: 1M
 Heap Min Capacity: 8M
 Heap Initial Capacity: 252M
 Heap Max Capacity: 1536M
 Pre-touch: Disabled
 Parallel Workers: 15
 Concurrent Workers: 4
 Concurrent Refinement Workers: 15
 Periodic GC: Disabled

Heap:
 garbage-first heap   total 658432K, used 557927K [0x00000000a0000000, 0x0000000100000000)
  region size 1024K, 291 young (297984K), 37 survivors (37888K)
 Metaspace       used 140061K, committed 141120K, reserved 1179648K
  class space    used 18833K, committed 19328K, reserved 1048576K

Heap Regions: E=young(eden), S=young(survivor), O=old, HS=humongous(starts), HC=humongous(continues), CS=collection set, F=free, OA=open archive, CA=closed archive, TAMS=top-at-mark-start (previous, next)
|   0|0x00000000a0000000, 0x00000000a0100000, 0x00000000a0100000|100%|HS|  |TAMS 0x00000000a0100000, 0x00000000a0000000| Complete 
|   1|0x00000000a0100000, 0x00000000a0200000, 0x00000000a0200000|100%|HC|  |TAMS 0x00000000a0200000, 0x00000000a0100000| Complete 
|   2|0x00000000a0200000, 0x00000000a0300000, 0x00000000a0300000|100%|HC|  |TAMS 0x00000000a0300000, 0x00000000a0200000| Complete 
|   3|0x00000000a0300000, 0x00000000a0400000, 0x00000000a0400000|100%|HC|  |TAMS 0x00000000a0400000, 0x00000000a0300000| Complete 
|   4|0x00000000a0400000, 0x00000000a0500000, 0x00000000a0500000|100%| O|  |TAMS 0x00000000a0500000, 0x00000000a0400000| Untracked 
|   5|0x00000000a0500000, 0x00000000a0600000, 0x00000000a0600000|100%| O|  |TAMS 0x00000000a0600000, 0x00000000a0500000| Untracked 
|   6|0x00000000a0600000, 0x00000000a0700000, 0x00000000a0700000|100%| O|  |TAMS 0x00000000a0700000, 0x00000000a0600000| Untracked 
|   7|0x00000000a0700000, 0x00000000a0800000, 0x00000000a0800000|100%| O|  |TAMS 0x00000000a0800000, 0x00000000a0700000| Untracked 
|   8|0x00000000a0800000, 0x00000000a0900000, 0x00000000a0900000|100%| O|  |TAMS 0x00000000a0900000, 0x00000000a0800000| Untracked 
|   9|0x00000000a0900000, 0x00000000a0a00000, 0x00000000a0a00000|100%| O|  |TAMS 0x00000000a0a00000, 0x00000000a0900000| Untracked 
|  10|0x00000000a0a00000, 0x00000000a0b00000, 0x00000000a0b00000|100%| O|  |TAMS 0x00000000a0b00000, 0x00000000a0a00000| Untracked 
|  11|0x00000000a0b00000, 0x00000000a0c00000, 0x00000000a0c00000|100%| O|  |TAMS 0x00000000a0c00000, 0x00000000a0b00000| Untracked 
|  12|0x00000000a0c00000, 0x00000000a0d00000, 0x00000000a0d00000|100%| O|  |TAMS 0x00000000a0d00000, 0x00000000a0c00000| Untracked 
|  13|0x00000000a0d00000, 0x00000000a0e00000, 0x00000000a0e00000|100%| O|  |TAMS 0x00000000a0e00000, 0x00000000a0d00000| Untracked 
|  14|0x00000000a0e00000, 0x00000000a0f00000, 0x00000000a0f00000|100%| O|  |TAMS 0x00000000a0f00000, 0x00000000a0e00000| Untracked 
|  15|0x00000000a0f00000, 0x00000000a1000000, 0x00000000a1000000|100%| O|  |TAMS 0x00000000a1000000, 0x00000000a0f00000| Untracked 
|  16|0x00000000a1000000, 0x00000000a1100000, 0x00000000a1100000|100%| O|  |TAMS 0x00000000a1100000, 0x00000000a1000000| Untracked 
|  17|0x00000000a1100000, 0x00000000a1200000, 0x00000000a1200000|100%| O|  |TAMS 0x00000000a1200000, 0x00000000a1100000| Untracked 
|  18|0x00000000a1200000, 0x00000000a1300000, 0x00000000a1300000|100%| O|  |TAMS 0x00000000a1300000, 0x00000000a1200000| Untracked 
|  19|0x00000000a1300000, 0x00000000a1400000, 0x00000000a1400000|100%| O|  |TAMS 0x00000000a1400000, 0x00000000a1300000| Untracked 
|  20|0x00000000a1400000, 0x00000000a1500000, 0x00000000a1500000|100%| O|  |TAMS 0x00000000a1500000, 0x00000000a1400000| Untracked 
|  21|0x00000000a1500000, 0x00000000a1600000, 0x00000000a1600000|100%| O|  |TAMS 0x00000000a1600000, 0x00000000a1500000| Untracked 
|  22|0x00000000a1600000, 0x00000000a1700000, 0x00000000a1700000|100%| O|  |TAMS 0x00000000a1700000, 0x00000000a1600000| Untracked 
|  23|0x00000000a1700000, 0x00000000a1800000, 0x00000000a1800000|100%|HS|  |TAMS 0x00000000a1800000, 0x00000000a1700000| Complete 
|  24|0x00000000a1800000, 0x00000000a1900000, 0x00000000a1900000|100%| O|  |TAMS 0x00000000a1900000, 0x00000000a1800000| Untracked 
|  25|0x00000000a1900000, 0x00000000a1a00000, 0x00000000a1a00000|100%| O|  |TAMS 0x00000000a1a00000, 0x00000000a1900000| Untracked 
|  26|0x00000000a1a00000, 0x00000000a1b00000, 0x00000000a1b00000|100%| O|  |TAMS 0x00000000a1b00000, 0x00000000a1a00000| Untracked 
|  27|0x00000000a1b00000, 0x00000000a1c00000, 0x00000000a1c00000|100%| O|  |TAMS 0x00000000a1c00000, 0x00000000a1b00000| Untracked 
|  28|0x00000000a1c00000, 0x00000000a1d00000, 0x00000000a1d00000|100%| O|  |TAMS 0x00000000a1d00000, 0x00000000a1c00000| Untracked 
|  29|0x00000000a1d00000, 0x00000000a1e00000, 0x00000000a1e00000|100%| O|  |TAMS 0x00000000a1e00000, 0x00000000a1d00000| Untracked 
|  30|0x00000000a1e00000, 0x00000000a1f00000, 0x00000000a1f00000|100%| O|  |TAMS 0x00000000a1f00000, 0x00000000a1e00000| Untracked 
|  31|0x00000000a1f00000, 0x00000000a2000000, 0x00000000a2000000|100%| O|  |TAMS 0x00000000a2000000, 0x00000000a1f00000| Untracked 
|  32|0x00000000a2000000, 0x00000000a2100000, 0x00000000a2100000|100%| O|  |TAMS 0x00000000a2100000, 0x00000000a2000000| Untracked 
|  33|0x00000000a2100000, 0x00000000a2200000, 0x00000000a2200000|100%| O|  |TAMS 0x00000000a2200000, 0x00000000a2100000| Untracked 
|  34|0x00000000a2200000, 0x00000000a2300000, 0x00000000a2300000|100%| O|  |TAMS 0x00000000a2300000, 0x00000000a2200000| Untracked 
|  35|0x00000000a2300000, 0x00000000a2400000, 0x00000000a2400000|100%| O|  |TAMS 0x00000000a2400000, 0x00000000a2300000| Untracked 
|  36|0x00000000a2400000, 0x00000000a2500000, 0x00000000a2500000|100%| O|  |TAMS 0x00000000a2500000, 0x00000000a2400000| Untracked 
|  37|0x00000000a2500000, 0x00000000a2600000, 0x00000000a2600000|100%|HS|  |TAMS 0x00000000a2600000, 0x00000000a2500000| Complete 
|  38|0x00000000a2600000, 0x00000000a2700000, 0x00000000a2700000|100%|HS|  |TAMS 0x00000000a2700000, 0x00000000a2600000| Complete 
|  39|0x00000000a2700000, 0x00000000a2800000, 0x00000000a2800000|100%|HS|  |TAMS 0x00000000a2800000, 0x00000000a2700000| Complete 
|  40|0x00000000a2800000, 0x00000000a2900000, 0x00000000a2900000|100%|HC|  |TAMS 0x00000000a2900000, 0x00000000a2800000| Complete 
|  41|0x00000000a2900000, 0x00000000a2a00000, 0x00000000a2a00000|100%|HS|  |TAMS 0x00000000a2a00000, 0x00000000a2900000| Complete 
|  42|0x00000000a2a00000, 0x00000000a2b00000, 0x00000000a2b00000|100%|HC|  |TAMS 0x00000000a2b00000, 0x00000000a2a00000| Complete 
|  43|0x00000000a2b00000, 0x00000000a2c00000, 0x00000000a2c00000|100%|HS|  |TAMS 0x00000000a2c00000, 0x00000000a2b00000| Complete 
|  44|0x00000000a2c00000, 0x00000000a2d00000, 0x00000000a2d00000|100%|HS|  |TAMS 0x00000000a2d00000, 0x00000000a2c00000| Complete 
|  45|0x00000000a2d00000, 0x00000000a2e00000, 0x00000000a2e00000|100%|HC|  |TAMS 0x00000000a2e00000, 0x00000000a2d00000| Complete 
|  46|0x00000000a2e00000, 0x00000000a2f00000, 0x00000000a2f00000|100%|HC|  |TAMS 0x00000000a2f00000, 0x00000000a2e00000| Complete 
|  47|0x00000000a2f00000, 0x00000000a3000000, 0x00000000a3000000|100%|HC|  |TAMS 0x00000000a3000000, 0x00000000a2f00000| Complete 
|  48|0x00000000a3000000, 0x00000000a3100000, 0x00000000a3100000|100%|HS|  |TAMS 0x00000000a3100000, 0x00000000a3000000| Complete 
|  49|0x00000000a3100000, 0x00000000a3200000, 0x00000000a3200000|100%| O|  |TAMS 0x00000000a3200000, 0x00000000a3100000| Untracked 
|  50|0x00000000a3200000, 0x00000000a3300000, 0x00000000a3300000|100%|HS|  |TAMS 0x00000000a3300000, 0x00000000a3200000| Complete 
|  51|0x00000000a3300000, 0x00000000a3400000, 0x00000000a3400000|100%| O|  |TAMS 0x00000000a3400000, 0x00000000a3300000| Untracked 
|  52|0x00000000a3400000, 0x00000000a3500000, 0x00000000a3500000|100%| O|  |TAMS 0x00000000a3500000, 0x00000000a3400000| Untracked 
|  53|0x00000000a3500000, 0x00000000a3600000, 0x00000000a3600000|100%| O|  |TAMS 0x00000000a3600000, 0x00000000a3500000| Untracked 
|  54|0x00000000a3600000, 0x00000000a3700000, 0x00000000a3700000|100%| O|  |TAMS 0x00000000a3700000, 0x00000000a3600000| Untracked 
|  55|0x00000000a3700000, 0x00000000a3800000, 0x00000000a3800000|100%| O|  |TAMS 0x00000000a3800000, 0x00000000a3700000| Untracked 
|  56|0x00000000a3800000, 0x00000000a3900000, 0x00000000a3900000|100%| O|  |TAMS 0x00000000a3900000, 0x00000000a3800000| Untracked 
|  57|0x00000000a3900000, 0x00000000a3a00000, 0x00000000a3a00000|100%| O|  |TAMS 0x00000000a3a00000, 0x00000000a3900000| Untracked 
|  58|0x00000000a3a00000, 0x00000000a3b00000, 0x00000000a3b00000|100%|HS|  |TAMS 0x00000000a3b00000, 0x00000000a3a00000| Complete 
|  59|0x00000000a3b00000, 0x00000000a3c00000, 0x00000000a3c00000|100%| O|  |TAMS 0x00000000a3c00000, 0x00000000a3b00000| Untracked 
|  60|0x00000000a3c00000, 0x00000000a3d00000, 0x00000000a3d00000|100%| O|  |TAMS 0x00000000a3d00000, 0x00000000a3c00000| Untracked 
|  61|0x00000000a3d00000, 0x00000000a3e00000, 0x00000000a3e00000|100%| O|  |TAMS 0x00000000a3e00000, 0x00000000a3d00000| Untracked 
|  62|0x00000000a3e00000, 0x00000000a3f00000, 0x00000000a3f00000|100%| O|  |TAMS 0x00000000a3f00000, 0x00000000a3e00000| Untracked 
|  63|0x00000000a3f00000, 0x00000000a4000000, 0x00000000a4000000|100%| O|  |TAMS 0x00000000a4000000, 0x00000000a3f00000| Complete 
|  64|0x00000000a4000000, 0x00000000a4100000, 0x00000000a4100000|100%| O|  |TAMS 0x00000000a4100000, 0x00000000a4000000| Untracked 
|  65|0x00000000a4100000, 0x00000000a4200000, 0x00000000a4200000|100%| O|  |TAMS 0x00000000a4200000, 0x00000000a4100000| Untracked 
|  66|0x00000000a4200000, 0x00000000a4300000, 0x00000000a4300000|100%| O|  |TAMS 0x00000000a4300000, 0x00000000a4200000| Untracked 
|  67|0x00000000a4300000, 0x00000000a4400000, 0x00000000a4400000|100%| O|  |TAMS 0x00000000a4400000, 0x00000000a4300000| Untracked 
|  68|0x00000000a4400000, 0x00000000a4500000, 0x00000000a4500000|100%| O|  |TAMS 0x00000000a4500000, 0x00000000a4400000| Untracked 
|  69|0x00000000a4500000, 0x00000000a4600000, 0x00000000a4600000|100%| O|  |TAMS 0x00000000a4600000, 0x00000000a4500000| Untracked 
|  70|0x00000000a4600000, 0x00000000a4700000, 0x00000000a4700000|100%| O|  |TAMS 0x00000000a4700000, 0x00000000a4600000| Untracked 
|  71|0x00000000a4700000, 0x00000000a4800000, 0x00000000a4800000|100%| O|  |TAMS 0x00000000a4800000, 0x00000000a4700000| Untracked 
|  72|0x00000000a4800000, 0x00000000a4900000, 0x00000000a4900000|100%| O|  |TAMS 0x00000000a4900000, 0x00000000a4800000| Untracked 
|  73|0x00000000a4900000, 0x00000000a4a00000, 0x00000000a4a00000|100%| O|  |TAMS 0x00000000a4a00000, 0x00000000a4900000| Untracked 
|  74|0x00000000a4a00000, 0x00000000a4b00000, 0x00000000a4b00000|100%| O|  |TAMS 0x00000000a4b00000, 0x00000000a4a00000| Untracked 
|  75|0x00000000a4b00000, 0x00000000a4c00000, 0x00000000a4c00000|100%|HS|  |TAMS 0x00000000a4c00000, 0x00000000a4b00000| Complete 
|  76|0x00000000a4c00000, 0x00000000a4d00000, 0x00000000a4d00000|100%|HC|  |TAMS 0x00000000a4d00000, 0x00000000a4c00000| Complete 
|  77|0x00000000a4d00000, 0x00000000a4e00000, 0x00000000a4e00000|100%|HC|  |TAMS 0x00000000a4e00000, 0x00000000a4d00000| Complete 
|  78|0x00000000a4e00000, 0x00000000a4f00000, 0x00000000a4f00000|100%|HC|  |TAMS 0x00000000a4f00000, 0x00000000a4e00000| Complete 
|  79|0x00000000a4f00000, 0x00000000a5000000, 0x00000000a5000000|100%| O|  |TAMS 0x00000000a5000000, 0x00000000a4f00000| Untracked 
|  80|0x00000000a5000000, 0x00000000a5100000, 0x00000000a5100000|100%| O|  |TAMS 0x00000000a5100000, 0x00000000a5000000| Untracked 
|  81|0x00000000a5100000, 0x00000000a5200000, 0x00000000a5200000|100%| O|  |TAMS 0x00000000a5200000, 0x00000000a5100000| Untracked 
|  82|0x00000000a5200000, 0x00000000a5300000, 0x00000000a5300000|100%| O|  |TAMS 0x00000000a5300000, 0x00000000a5200000| Untracked 
|  83|0x00000000a5300000, 0x00000000a5400000, 0x00000000a5400000|100%| O|  |TAMS 0x00000000a5400000, 0x00000000a5300000| Untracked 
|  84|0x00000000a5400000, 0x00000000a5500000, 0x00000000a5500000|100%| O|  |TAMS 0x00000000a5500000, 0x00000000a5400000| Untracked 
|  85|0x00000000a5500000, 0x00000000a5600000, 0x00000000a5600000|100%| O|  |TAMS 0x00000000a5600000, 0x00000000a5500000| Untracked 
|  86|0x00000000a5600000, 0x00000000a5700000, 0x00000000a5700000|100%| O|  |TAMS 0x00000000a5700000, 0x00000000a5600000| Untracked 
|  87|0x00000000a5700000, 0x00000000a5800000, 0x00000000a5800000|100%| O|  |TAMS 0x00000000a5800000, 0x00000000a5700000| Untracked 
|  88|0x00000000a5800000, 0x00000000a5900000, 0x00000000a5900000|100%| O|  |TAMS 0x00000000a5900000, 0x00000000a5800000| Untracked 
|  89|0x00000000a5900000, 0x00000000a5a00000, 0x00000000a5a00000|100%| O|  |TAMS 0x00000000a5a00000, 0x00000000a5900000| Untracked 
|  90|0x00000000a5a00000, 0x00000000a5b00000, 0x00000000a5b00000|100%| O|  |TAMS 0x00000000a5b00000, 0x00000000a5a00000| Untracked 
|  91|0x00000000a5b00000, 0x00000000a5c00000, 0x00000000a5c00000|100%| O|  |TAMS 0x00000000a5c00000, 0x00000000a5b00000| Untracked 
|  92|0x00000000a5c00000, 0x00000000a5d00000, 0x00000000a5d00000|100%| O|  |TAMS 0x00000000a5d00000, 0x00000000a5c00000| Untracked 
|  93|0x00000000a5d00000, 0x00000000a5e00000, 0x00000000a5e00000|100%| O|  |TAMS 0x00000000a5e00000, 0x00000000a5d00000| Untracked 
|  94|0x00000000a5e00000, 0x00000000a5f00000, 0x00000000a5f00000|100%|HS|  |TAMS 0x00000000a5e00000, 0x00000000a5e00000| Complete 
|  95|0x00000000a5f00000, 0x00000000a6000000, 0x00000000a6000000|100%|HC|  |TAMS 0x00000000a5f00000, 0x00000000a5f00000| Complete 
|  96|0x00000000a6000000, 0x00000000a6100000, 0x00000000a6100000|100%| O|  |TAMS 0x00000000a6100000, 0x00000000a6000000| Untracked 
|  97|0x00000000a6100000, 0x00000000a6200000, 0x00000000a6200000|100%| O|  |TAMS 0x00000000a6200000, 0x00000000a6100000| Untracked 
|  98|0x00000000a6200000, 0x00000000a6300000, 0x00000000a6300000|100%| O|  |TAMS 0x00000000a6300000, 0x00000000a6200000| Untracked 
|  99|0x00000000a6300000, 0x00000000a6400000, 0x00000000a6400000|100%| O|  |TAMS 0x00000000a6400000, 0x00000000a6300000| Untracked 
| 100|0x00000000a6400000, 0x00000000a6500000, 0x00000000a6500000|100%| O|  |TAMS 0x00000000a6500000, 0x00000000a6400000| Untracked 
| 101|0x00000000a6500000, 0x00000000a6600000, 0x00000000a6600000|100%| O|  |TAMS 0x00000000a6600000, 0x00000000a6500000| Untracked 
| 102|0x00000000a6600000, 0x00000000a6700000, 0x00000000a6700000|100%| O|  |TAMS 0x00000000a6700000, 0x00000000a6600000| Untracked 
| 103|0x00000000a6700000, 0x00000000a6800000, 0x00000000a6800000|100%| O|  |TAMS 0x00000000a6800000, 0x00000000a6700000| Untracked 
| 104|0x00000000a6800000, 0x00000000a6900000, 0x00000000a6900000|100%| O|  |TAMS 0x00000000a6900000, 0x00000000a6800000| Untracked 
| 105|0x00000000a6900000, 0x00000000a6a00000, 0x00000000a6a00000|100%| O|  |TAMS 0x00000000a6a00000, 0x00000000a6900000| Untracked 
| 106|0x00000000a6a00000, 0x00000000a6b00000, 0x00000000a6b00000|100%| O|  |TAMS 0x00000000a6b00000, 0x00000000a6a00000| Untracked 
| 107|0x00000000a6b00000, 0x00000000a6c00000, 0x00000000a6c00000|100%| O|  |TAMS 0x00000000a6c00000, 0x00000000a6b00000| Untracked 
| 108|0x00000000a6c00000, 0x00000000a6d00000, 0x00000000a6d00000|100%| O|  |TAMS 0x00000000a6d00000, 0x00000000a6c00000| Untracked 
| 109|0x00000000a6d00000, 0x00000000a6e00000, 0x00000000a6e00000|100%| O|  |TAMS 0x00000000a6e00000, 0x00000000a6d00000| Untracked 
| 110|0x00000000a6e00000, 0x00000000a6f00000, 0x00000000a6f00000|100%| O|  |TAMS 0x00000000a6f00000, 0x00000000a6e00000| Untracked 
| 111|0x00000000a6f00000, 0x00000000a7000000, 0x00000000a7000000|100%| O|  |TAMS 0x00000000a7000000, 0x00000000a6f00000| Untracked 
| 112|0x00000000a7000000, 0x00000000a7100000, 0x00000000a7100000|100%| O|  |TAMS 0x00000000a7100000, 0x00000000a7000000| Untracked 
| 113|0x00000000a7100000, 0x00000000a7200000, 0x00000000a7200000|100%| O|  |TAMS 0x00000000a7200000, 0x00000000a7100000| Untracked 
| 114|0x00000000a7200000, 0x00000000a7300000, 0x00000000a7300000|100%| O|  |TAMS 0x00000000a7300000, 0x00000000a7200000| Untracked 
| 115|0x00000000a7300000, 0x00000000a7400000, 0x00000000a7400000|100%| O|  |TAMS 0x00000000a7400000, 0x00000000a7300000| Untracked 
| 116|0x00000000a7400000, 0x00000000a7500000, 0x00000000a7500000|100%| O|  |TAMS 0x00000000a7500000, 0x00000000a7400000| Untracked 
| 117|0x00000000a7500000, 0x00000000a7600000, 0x00000000a7600000|100%| O|  |TAMS 0x00000000a7600000, 0x00000000a7500000| Untracked 
| 118|0x00000000a7600000, 0x00000000a7700000, 0x00000000a7700000|100%| O|  |TAMS 0x00000000a7700000, 0x00000000a7600000| Untracked 
| 119|0x00000000a7700000, 0x00000000a7800000, 0x00000000a7800000|100%| O|  |TAMS 0x00000000a7800000, 0x00000000a7700000| Untracked 
| 120|0x00000000a7800000, 0x00000000a7900000, 0x00000000a7900000|100%| O|  |TAMS 0x00000000a7900000, 0x00000000a7800000| Untracked 
| 121|0x00000000a7900000, 0x00000000a7a00000, 0x00000000a7a00000|100%| O|  |TAMS 0x00000000a7a00000, 0x00000000a7900000| Untracked 
| 122|0x00000000a7a00000, 0x00000000a7b00000, 0x00000000a7b00000|100%| O|  |TAMS 0x00000000a7b00000, 0x00000000a7a00000| Untracked 
| 123|0x00000000a7b00000, 0x00000000a7c00000, 0x00000000a7c00000|100%| O|  |TAMS 0x00000000a7c00000, 0x00000000a7b00000| Untracked 
| 124|0x00000000a7c00000, 0x00000000a7d00000, 0x00000000a7d00000|100%| O|  |TAMS 0x00000000a7d00000, 0x00000000a7c00000| Untracked 
| 125|0x00000000a7d00000, 0x00000000a7e00000, 0x00000000a7e00000|100%| O|  |TAMS 0x00000000a7e00000, 0x00000000a7d00000| Untracked 
| 126|0x00000000a7e00000, 0x00000000a7f00000, 0x00000000a7f00000|100%| O|  |TAMS 0x00000000a7f00000, 0x00000000a7e00000| Untracked 
| 127|0x00000000a7f00000, 0x00000000a8000000, 0x00000000a8000000|100%| O|  |TAMS 0x00000000a8000000, 0x00000000a7f00000| Untracked 
| 128|0x00000000a8000000, 0x00000000a8100000, 0x00000000a8100000|100%| O|  |TAMS 0x00000000a8100000, 0x00000000a8000000| Untracked 
| 129|0x00000000a8100000, 0x00000000a8200000, 0x00000000a8200000|100%| O|  |TAMS 0x00000000a8200000, 0x00000000a8100000| Untracked 
| 130|0x00000000a8200000, 0x00000000a8300000, 0x00000000a8300000|100%| O|  |TAMS 0x00000000a8300000, 0x00000000a8200000| Untracked 
| 131|0x00000000a8300000, 0x00000000a8400000, 0x00000000a8400000|100%| O|  |TAMS 0x00000000a8400000, 0x00000000a8300000| Untracked 
| 132|0x00000000a8400000, 0x00000000a8500000, 0x00000000a8500000|100%| O|  |TAMS 0x00000000a8500000, 0x00000000a8400000| Untracked 
| 133|0x00000000a8500000, 0x00000000a8600000, 0x00000000a8600000|100%| O|  |TAMS 0x00000000a8600000, 0x00000000a8500000| Untracked 
| 134|0x00000000a8600000, 0x00000000a8700000, 0x00000000a8700000|100%| O|  |TAMS 0x00000000a8700000, 0x00000000a8600000| Untracked 
| 135|0x00000000a8700000, 0x00000000a8800000, 0x00000000a8800000|100%| O|  |TAMS 0x00000000a8800000, 0x00000000a8700000| Untracked 
| 136|0x00000000a8800000, 0x00000000a8900000, 0x00000000a8900000|100%| O|  |TAMS 0x00000000a8900000, 0x00000000a8800000| Untracked 
| 137|0x00000000a8900000, 0x00000000a8a00000, 0x00000000a8a00000|100%| O|  |TAMS 0x00000000a8a00000, 0x00000000a8900000| Untracked 
| 138|0x00000000a8a00000, 0x00000000a8b00000, 0x00000000a8b00000|100%| O|  |TAMS 0x00000000a8b00000, 0x00000000a8a00000| Untracked 
| 139|0x00000000a8b00000, 0x00000000a8c00000, 0x00000000a8c00000|100%| O|  |TAMS 0x00000000a8c00000, 0x00000000a8b00000| Untracked 
| 140|0x00000000a8c00000, 0x00000000a8d00000, 0x00000000a8d00000|100%| O|  |TAMS 0x00000000a8d00000, 0x00000000a8c00000| Untracked 
| 141|0x00000000a8d00000, 0x00000000a8e00000, 0x00000000a8e00000|100%| O|  |TAMS 0x00000000a8e00000, 0x00000000a8d00000| Untracked 
| 142|0x00000000a8e00000, 0x00000000a8f00000, 0x00000000a8f00000|100%| O|  |TAMS 0x00000000a8f00000, 0x00000000a8e00000| Untracked 
| 143|0x00000000a8f00000, 0x00000000a9000000, 0x00000000a9000000|100%| O|  |TAMS 0x00000000a9000000, 0x00000000a8f00000| Untracked 
| 144|0x00000000a9000000, 0x00000000a9100000, 0x00000000a9100000|100%| O|  |TAMS 0x00000000a9100000, 0x00000000a9000000| Complete 
| 145|0x00000000a9100000, 0x00000000a9200000, 0x00000000a9200000|100%| O|  |TAMS 0x00000000a9200000, 0x00000000a9100000| Untracked 
| 146|0x00000000a9200000, 0x00000000a9300000, 0x00000000a9300000|100%| O|  |TAMS 0x00000000a9300000, 0x00000000a9200000| Untracked 
| 147|0x00000000a9300000, 0x00000000a9400000, 0x00000000a9400000|100%| O|  |TAMS 0x00000000a9400000, 0x00000000a9300000| Complete 
| 148|0x00000000a9400000, 0x00000000a9500000, 0x00000000a9500000|100%| O|  |TAMS 0x00000000a9500000, 0x00000000a9400000| Untracked 
| 149|0x00000000a9500000, 0x00000000a9600000, 0x00000000a9600000|100%|HS|  |TAMS 0x00000000a9500000, 0x00000000a9500000| Complete 
| 150|0x00000000a9600000, 0x00000000a9700000, 0x00000000a9700000|100%|HS|  |TAMS 0x00000000a9600000, 0x00000000a9600000| Complete 
| 151|0x00000000a9700000, 0x00000000a9800000, 0x00000000a9800000|100%|HC|  |TAMS 0x00000000a9700000, 0x00000000a9700000| Complete 
| 152|0x00000000a9800000, 0x00000000a9900000, 0x00000000a9900000|100%| O|  |TAMS 0x00000000a9900000, 0x00000000a9800000| Complete 
| 153|0x00000000a9900000, 0x00000000a9a00000, 0x00000000a9a00000|100%| O|  |TAMS 0x00000000a9a00000, 0x00000000a9900000| Untracked 
| 154|0x00000000a9a00000, 0x00000000a9b00000, 0x00000000a9b00000|100%| O|  |TAMS 0x00000000a9b00000, 0x00000000a9a00000| Complete 
| 155|0x00000000a9b00000, 0x00000000a9c00000, 0x00000000a9c00000|100%| O|  |TAMS 0x00000000a9bd9e00, 0x00000000a9b00000| Untracked 
| 156|0x00000000a9c00000, 0x00000000a9d00000, 0x00000000a9d00000|100%| O|  |TAMS 0x00000000a9d00000, 0x00000000a9c00000| Untracked 
| 157|0x00000000a9d00000, 0x00000000a9e00000, 0x00000000a9e00000|100%| O|  |TAMS 0x00000000a9e00000, 0x00000000a9d00000| Complete 
| 158|0x00000000a9e00000, 0x00000000a9f00000, 0x00000000a9f00000|100%|HS|  |TAMS 0x00000000a9e00000, 0x00000000a9e00000| Complete 
| 159|0x00000000a9f00000, 0x00000000aa000000, 0x00000000aa000000|100%| O|  |TAMS 0x00000000aa000000, 0x00000000a9f00000| Untracked 
| 160|0x00000000aa000000, 0x00000000aa100000, 0x00000000aa100000|100%| O|  |TAMS 0x00000000aa100000, 0x00000000aa000000| Untracked 
| 161|0x00000000aa100000, 0x00000000aa200000, 0x00000000aa200000|100%|HS|  |TAMS 0x00000000aa100000, 0x00000000aa100000| Complete 
| 162|0x00000000aa200000, 0x00000000aa300000, 0x00000000aa300000|100%| O|  |TAMS 0x00000000aa300000, 0x00000000aa200000| Complete 
| 163|0x00000000aa300000, 0x00000000aa400000, 0x00000000aa400000|100%| O|  |TAMS 0x00000000aa400000, 0x00000000aa300000| Untracked 
| 164|0x00000000aa400000, 0x00000000aa500000, 0x00000000aa500000|100%|HS|  |TAMS 0x00000000aa400000, 0x00000000aa400000| Complete 
| 165|0x00000000aa500000, 0x00000000aa600000, 0x00000000aa600000|100%|HC|  |TAMS 0x00000000aa500000, 0x00000000aa500000| Complete 
| 166|0x00000000aa600000, 0x00000000aa700000, 0x00000000aa700000|100%|HS|  |TAMS 0x00000000aa600000, 0x00000000aa600000| Complete 
| 167|0x00000000aa700000, 0x00000000aa800000, 0x00000000aa800000|100%|HS|  |TAMS 0x00000000aa700000, 0x00000000aa700000| Complete 
| 168|0x00000000aa800000, 0x00000000aa900000, 0x00000000aa900000|100%|HS|  |TAMS 0x00000000aa800000, 0x00000000aa800000| Complete 
| 169|0x00000000aa900000, 0x00000000aaa00000, 0x00000000aaa00000|100%|HC|  |TAMS 0x00000000aa900000, 0x00000000aa900000| Complete 
| 170|0x00000000aaa00000, 0x00000000aab00000, 0x00000000aab00000|100%|HS|  |TAMS 0x00000000aaa00000, 0x00000000aaa00000| Complete 
| 171|0x00000000aab00000, 0x00000000aac00000, 0x00000000aac00000|100%|HC|  |TAMS 0x00000000aab00000, 0x00000000aab00000| Complete 
| 172|0x00000000aac00000, 0x00000000aad00000, 0x00000000aad00000|100%|HS|  |TAMS 0x00000000aac00000, 0x00000000aac00000| Complete 
| 173|0x00000000aad00000, 0x00000000aae00000, 0x00000000aae00000|100%|HS|  |TAMS 0x00000000aad00000, 0x00000000aad00000| Complete 
| 174|0x00000000aae00000, 0x00000000aaf00000, 0x00000000aaf00000|100%|HC|  |TAMS 0x00000000aae00000, 0x00000000aae00000| Complete 
| 175|0x00000000aaf00000, 0x00000000ab000000, 0x00000000ab000000|100%|HC|  |TAMS 0x00000000aaf00000, 0x00000000aaf00000| Complete 
| 176|0x00000000ab000000, 0x00000000ab100000, 0x00000000ab100000|100%|HS|  |TAMS 0x00000000ab000000, 0x00000000ab000000| Complete 
| 177|0x00000000ab100000, 0x00000000ab200000, 0x00000000ab200000|100%|HS|  |TAMS 0x00000000ab100000, 0x00000000ab100000| Complete 
| 178|0x00000000ab200000, 0x00000000ab300000, 0x00000000ab300000|100%|HC|  |TAMS 0x00000000ab200000, 0x00000000ab200000| Complete 
| 179|0x00000000ab300000, 0x00000000ab400000, 0x00000000ab400000|100%|HC|  |TAMS 0x00000000ab300000, 0x00000000ab300000| Complete 
| 180|0x00000000ab400000, 0x00000000ab500000, 0x00000000ab500000|100%|HS|  |TAMS 0x00000000ab400000, 0x00000000ab400000| Complete 
| 181|0x00000000ab500000, 0x00000000ab600000, 0x00000000ab600000|100%|HS|  |TAMS 0x00000000ab500000, 0x00000000ab500000| Complete 
| 182|0x00000000ab600000, 0x00000000ab700000, 0x00000000ab700000|100%|HS|  |TAMS 0x00000000ab600000, 0x00000000ab600000| Complete 
| 183|0x00000000ab700000, 0x00000000ab800000, 0x00000000ab800000|100%|HC|  |TAMS 0x00000000ab700000, 0x00000000ab700000| Complete 
| 184|0x00000000ab800000, 0x00000000ab900000, 0x00000000ab900000|100%|HS|  |TAMS 0x00000000ab800000, 0x00000000ab800000| Complete 
| 185|0x00000000ab900000, 0x00000000aba00000, 0x00000000aba00000|100%|HS|  |TAMS 0x00000000ab900000, 0x00000000ab900000| Complete 
| 186|0x00000000aba00000, 0x00000000abb00000, 0x00000000abb00000|100%|HS|  |TAMS 0x00000000aba00000, 0x00000000aba00000| Complete 
| 187|0x00000000abb00000, 0x00000000abc00000, 0x00000000abc00000|100%|HS|  |TAMS 0x00000000abb00000, 0x00000000abb00000| Complete 
| 188|0x00000000abc00000, 0x00000000abd00000, 0x00000000abd00000|100%|HC|  |TAMS 0x00000000abc00000, 0x00000000abc00000| Complete 
| 189|0x00000000abd00000, 0x00000000abe00000, 0x00000000abe00000|100%|HS|  |TAMS 0x00000000abd00000, 0x00000000abd00000| Complete 
| 190|0x00000000abe00000, 0x00000000abf00000, 0x00000000abf00000|100%|HC|  |TAMS 0x00000000abe00000, 0x00000000abe00000| Complete 
| 191|0x00000000abf00000, 0x00000000ac000000, 0x00000000ac000000|100%|HS|  |TAMS 0x00000000abf00000, 0x00000000abf00000| Complete 
| 192|0x00000000ac000000, 0x00000000ac100000, 0x00000000ac100000|100%| O|  |TAMS 0x00000000ac100000, 0x00000000ac000000| Complete 
| 193|0x00000000ac100000, 0x00000000ac200000, 0x00000000ac200000|100%| O|  |TAMS 0x00000000ac200000, 0x00000000ac100000| Untracked 
| 194|0x00000000ac200000, 0x00000000ac300000, 0x00000000ac300000|100%| O|  |TAMS 0x00000000ac300000, 0x00000000ac200000| Untracked 
| 195|0x00000000ac300000, 0x00000000ac400000, 0x00000000ac400000|100%| O|  |TAMS 0x00000000ac400000, 0x00000000ac300000| Untracked 
| 196|0x00000000ac400000, 0x00000000ac500000, 0x00000000ac500000|100%| O|  |TAMS 0x00000000ac500000, 0x00000000ac400000| Complete 
| 197|0x00000000ac500000, 0x00000000ac600000, 0x00000000ac600000|100%|HS|  |TAMS 0x00000000ac500000, 0x00000000ac500000| Complete 
| 198|0x00000000ac600000, 0x00000000ac700000, 0x00000000ac700000|100%| O|  |TAMS 0x00000000ac700000, 0x00000000ac600000| Untracked 
| 199|0x00000000ac700000, 0x00000000ac800000, 0x00000000ac800000|100%|HS|  |TAMS 0x00000000ac700000, 0x00000000ac700000| Complete 
| 200|0x00000000ac800000, 0x00000000ac900000, 0x00000000ac900000|100%|HS|  |TAMS 0x00000000ac800000, 0x00000000ac800000| Complete 
| 201|0x00000000ac900000, 0x00000000aca00000, 0x00000000aca00000|100%| O|  |TAMS 0x00000000aca00000, 0x00000000ac900000| Complete 
| 202|0x00000000aca00000, 0x00000000acb00000, 0x00000000acb00000|100%| O|  |TAMS 0x00000000acb00000, 0x00000000aca00000| Untracked 
| 203|0x00000000acb00000, 0x00000000acc00000, 0x00000000acc00000|100%| O|  |TAMS 0x00000000acc00000, 0x00000000acb00000| Complete 
| 204|0x00000000acc00000, 0x00000000acd00000, 0x00000000acd00000|100%| O|  |TAMS 0x00000000acd00000, 0x00000000acc00000| Untracked 
| 205|0x00000000acd00000, 0x00000000ace00000, 0x00000000ace00000|100%| O|  |TAMS 0x00000000ace00000, 0x00000000acd00000| Untracked 
| 206|0x00000000ace00000, 0x00000000acf00000, 0x00000000acf00000|100%| O|  |TAMS 0x00000000acf00000, 0x00000000ace00000| Untracked 
| 207|0x00000000acf00000, 0x00000000ad000000, 0x00000000ad000000|100%| O|  |TAMS 0x00000000ad000000, 0x00000000acf00000| Untracked 
| 208|0x00000000ad000000, 0x00000000ad100000, 0x00000000ad100000|100%|HS|  |TAMS 0x00000000ad000000, 0x00000000ad000000| Complete 
| 209|0x00000000ad100000, 0x00000000ad200000, 0x00000000ad200000|100%|HS|  |TAMS 0x00000000ad100000, 0x00000000ad100000| Complete 
| 210|0x00000000ad200000, 0x00000000ad300000, 0x00000000ad300000|100%|HC|  |TAMS 0x00000000ad200000, 0x00000000ad200000| Complete 
| 211|0x00000000ad300000, 0x00000000ad400000, 0x00000000ad400000|100%| O|  |TAMS 0x00000000ad400000, 0x00000000ad300000| Untracked 
| 212|0x00000000ad400000, 0x00000000ad500000, 0x00000000ad500000|100%| O|  |TAMS 0x00000000ad500000, 0x00000000ad400000| Complete 
| 213|0x00000000ad500000, 0x00000000ad600000, 0x00000000ad600000|100%|HS|  |TAMS 0x00000000ad500000, 0x00000000ad500000| Complete 
| 214|0x00000000ad600000, 0x00000000ad700000, 0x00000000ad700000|100%|HC|  |TAMS 0x00000000ad600000, 0x00000000ad600000| Complete 
| 215|0x00000000ad700000, 0x00000000ad800000, 0x00000000ad800000|100%|HS|  |TAMS 0x00000000ad700000, 0x00000000ad700000| Complete 
| 216|0x00000000ad800000, 0x00000000ad900000, 0x00000000ad900000|100%|HS|  |TAMS 0x00000000ad800000, 0x00000000ad800000| Complete 
| 217|0x00000000ad900000, 0x00000000ada00000, 0x00000000ada00000|100%|HS|  |TAMS 0x00000000ad900000, 0x00000000ad900000| Complete 
| 218|0x00000000ada00000, 0x00000000adb00000, 0x00000000adb00000|100%|HS|  |TAMS 0x00000000ada00000, 0x00000000ada00000| Complete 
| 219|0x00000000adb00000, 0x00000000adc00000, 0x00000000adc00000|100%|HC|  |TAMS 0x00000000adb00000, 0x00000000adb00000| Complete 
| 220|0x00000000adc00000, 0x00000000add00000, 0x00000000add00000|100%|HS|  |TAMS 0x00000000adc00000, 0x00000000adc00000| Complete 
| 221|0x00000000add00000, 0x00000000ade00000, 0x00000000ade00000|100%|HC|  |TAMS 0x00000000add00000, 0x00000000add00000| Complete 
| 222|0x00000000ade00000, 0x00000000adf00000, 0x00000000adf00000|100%|HS|  |TAMS 0x00000000ade00000, 0x00000000ade00000| Complete 
| 223|0x00000000adf00000, 0x00000000ae000000, 0x00000000ae000000|100%| O|  |TAMS 0x00000000ae000000, 0x00000000adf00000| Untracked 
| 224|0x00000000ae000000, 0x00000000ae100000, 0x00000000ae100000|100%|HS|  |TAMS 0x00000000ae000000, 0x00000000ae000000| Complete 
| 225|0x00000000ae100000, 0x00000000ae200000, 0x00000000ae200000|100%|HS|  |TAMS 0x00000000ae100000, 0x00000000ae100000| Complete 
| 226|0x00000000ae200000, 0x00000000ae300000, 0x00000000ae300000|100%|HS|  |TAMS 0x00000000ae200000, 0x00000000ae200000| Complete 
| 227|0x00000000ae300000, 0x00000000ae400000, 0x00000000ae400000|100%|HC|  |TAMS 0x00000000ae300000, 0x00000000ae300000| Complete 
| 228|0x00000000ae400000, 0x00000000ae500000, 0x00000000ae500000|100%|HS|  |TAMS 0x00000000ae400000, 0x00000000ae400000| Complete 
| 229|0x00000000ae500000, 0x00000000ae600000, 0x00000000ae600000|100%|HC|  |TAMS 0x00000000ae500000, 0x00000000ae500000| Complete 
| 230|0x00000000ae600000, 0x00000000ae700000, 0x00000000ae700000|100%|HS|  |TAMS 0x00000000ae600000, 0x00000000ae600000| Complete 
| 231|0x00000000ae700000, 0x00000000ae800000, 0x00000000ae800000|100%|HS|  |TAMS 0x00000000ae700000, 0x00000000ae700000| Complete 
| 232|0x00000000ae800000, 0x00000000ae900000, 0x00000000ae900000|100%|HC|  |TAMS 0x00000000ae800000, 0x00000000ae800000| Complete 
| 233|0x00000000ae900000, 0x00000000aea00000, 0x00000000aea00000|100%|HS|  |TAMS 0x00000000ae900000, 0x00000000ae900000| Complete 
| 234|0x00000000aea00000, 0x00000000aeb00000, 0x00000000aeb00000|100%|HC|  |TAMS 0x00000000aea00000, 0x00000000aea00000| Complete 
| 235|0x00000000aeb00000, 0x00000000aec00000, 0x00000000aec00000|100%|HS|  |TAMS 0x00000000aeb00000, 0x00000000aeb00000| Complete 
| 236|0x00000000aec00000, 0x00000000aed00000, 0x00000000aed00000|100%|HS|  |TAMS 0x00000000aec00000, 0x00000000aec00000| Complete 
| 237|0x00000000aed00000, 0x00000000aee00000, 0x00000000aee00000|100%|HS|  |TAMS 0x00000000aed00000, 0x00000000aed00000| Complete 
| 238|0x00000000aee00000, 0x00000000aef00000, 0x00000000aef00000|100%|HS|  |TAMS 0x00000000aee00000, 0x00000000aee00000| Complete 
| 239|0x00000000aef00000, 0x00000000af000000, 0x00000000af000000|100%|HC|  |TAMS 0x00000000aef00000, 0x00000000aef00000| Complete 
| 240|0x00000000af000000, 0x00000000af100000, 0x00000000af100000|100%|HS|  |TAMS 0x00000000af000000, 0x00000000af000000| Complete 
| 241|0x00000000af100000, 0x00000000af200000, 0x00000000af200000|100%|HC|  |TAMS 0x00000000af100000, 0x00000000af100000| Complete 
| 242|0x00000000af200000, 0x00000000af300000, 0x00000000af300000|100%|HC|  |TAMS 0x00000000af200000, 0x00000000af200000| Complete 
| 243|0x00000000af300000, 0x00000000af400000, 0x00000000af400000|100%|HS|  |TAMS 0x00000000af300000, 0x00000000af300000| Complete 
| 244|0x00000000af400000, 0x00000000af500000, 0x00000000af500000|100%|HC|  |TAMS 0x00000000af400000, 0x00000000af400000| Complete 
| 245|0x00000000af500000, 0x00000000af600000, 0x00000000af600000|100%|HC|  |TAMS 0x00000000af500000, 0x00000000af500000| Complete 
| 246|0x00000000af600000, 0x00000000af700000, 0x00000000af700000|100%|HS|  |TAMS 0x00000000af600000, 0x00000000af600000| Complete 
| 247|0x00000000af700000, 0x00000000af800000, 0x00000000af800000|100%|HS|  |TAMS 0x00000000af700000, 0x00000000af700000| Complete 
| 248|0x00000000af800000, 0x00000000af900000, 0x00000000af900000|100%|HS|  |TAMS 0x00000000af800000, 0x00000000af800000| Complete 
| 249|0x00000000af900000, 0x00000000afa00000, 0x00000000afa00000|100%|HS|  |TAMS 0x00000000af900000, 0x00000000af900000| Complete 
| 250|0x00000000afa00000, 0x00000000afb00000, 0x00000000afb00000|100%|HC|  |TAMS 0x00000000afa00000, 0x00000000afa00000| Complete 
| 251|0x00000000afb00000, 0x00000000afc00000, 0x00000000afc00000|100%|HS|  |TAMS 0x00000000afb00000, 0x00000000afb00000| Complete 
| 252|0x00000000afc00000, 0x00000000afd00000, 0x00000000afd00000|100%|HC|  |TAMS 0x00000000afc00000, 0x00000000afc00000| Complete 
| 253|0x00000000afd00000, 0x00000000afe00000, 0x00000000afe00000|100%|HC|  |TAMS 0x00000000afd00000, 0x00000000afd00000| Complete 
| 254|0x00000000afe00000, 0x00000000aff00000, 0x00000000aff00000|100%|HS|  |TAMS 0x00000000afe00000, 0x00000000afe00000| Complete 
| 255|0x00000000aff00000, 0x00000000b0000000, 0x00000000b0000000|100%|HC|  |TAMS 0x00000000aff00000, 0x00000000aff00000| Complete 
| 256|0x00000000b0000000, 0x00000000b0100000, 0x00000000b0100000|100%|HC|  |TAMS 0x00000000b0000000, 0x00000000b0000000| Complete 
| 257|0x00000000b0100000, 0x00000000b0200000, 0x00000000b0200000|100%|HS|  |TAMS 0x00000000b0100000, 0x00000000b0100000| Complete 
| 258|0x00000000b0200000, 0x00000000b0300000, 0x00000000b0300000|100%|HS|  |TAMS 0x00000000b0200000, 0x00000000b0200000| Complete 
| 259|0x00000000b0300000, 0x00000000b0400000, 0x00000000b0400000|100%|HS|  |TAMS 0x00000000b0300000, 0x00000000b0300000| Complete 
| 260|0x00000000b0400000, 0x00000000b0500000, 0x00000000b0500000|100%|HS|  |TAMS 0x00000000b0400000, 0x00000000b0400000| Complete 
| 261|0x00000000b0500000, 0x00000000b0600000, 0x00000000b0600000|100%|HS|  |TAMS 0x00000000b0500000, 0x00000000b0500000| Complete 
| 262|0x00000000b0600000, 0x00000000b0700000, 0x00000000b0700000|100%|HS|  |TAMS 0x00000000b0600000, 0x00000000b0600000| Complete 
| 263|0x00000000b0700000, 0x00000000b0800000, 0x00000000b0800000|100%|HC|  |TAMS 0x00000000b0700000, 0x00000000b0700000| Complete 
| 264|0x00000000b0800000, 0x00000000b0900000, 0x00000000b0900000|100%|HS|  |TAMS 0x00000000b0800000, 0x00000000b0800000| Complete 
| 265|0x00000000b0900000, 0x00000000b0a00000, 0x00000000b0a00000|100%|HC|  |TAMS 0x00000000b0900000, 0x00000000b0900000| Complete 
| 266|0x00000000b0a00000, 0x00000000b0b00000, 0x00000000b0b00000|100%|HS|  |TAMS 0x00000000b0a00000, 0x00000000b0a00000| Complete 
| 267|0x00000000b0b00000, 0x00000000b0c00000, 0x00000000b0c00000|100%|HS|  |TAMS 0x00000000b0b00000, 0x00000000b0b00000| Complete 
| 268|0x00000000b0c00000, 0x00000000b0d00000, 0x00000000b0d00000|100%|HS|  |TAMS 0x00000000b0c00000, 0x00000000b0c00000| Complete 
| 269|0x00000000b0d00000, 0x00000000b0e00000, 0x00000000b0e00000|100%|HC|  |TAMS 0x00000000b0d00000, 0x00000000b0d00000| Complete 
| 270|0x00000000b0e00000, 0x00000000b0f00000, 0x00000000b0f00000|100%|HS|  |TAMS 0x00000000b0e00000, 0x00000000b0e00000| Complete 
| 271|0x00000000b0f00000, 0x00000000b1000000, 0x00000000b1000000|100%|HC|  |TAMS 0x00000000b0f00000, 0x00000000b0f00000| Complete 
| 272|0x00000000b1000000, 0x00000000b1100000, 0x00000000b1100000|100%|HS|  |TAMS 0x00000000b1000000, 0x00000000b1000000| Complete 
| 273|0x00000000b1100000, 0x00000000b1200000, 0x00000000b1200000|100%|HS|  |TAMS 0x00000000b1100000, 0x00000000b1100000| Complete 
| 274|0x00000000b1200000, 0x00000000b1300000, 0x00000000b1300000|100%|HC|  |TAMS 0x00000000b1200000, 0x00000000b1200000| Complete 
| 275|0x00000000b1300000, 0x00000000b1400000, 0x00000000b1400000|100%|HC|  |TAMS 0x00000000b1300000, 0x00000000b1300000| Complete 
| 276|0x00000000b1400000, 0x00000000b1500000, 0x00000000b1500000|100%| S|  |TAMS 0x00000000b1400000, 0x00000000b1400000| Complete 
| 277|0x00000000b1500000, 0x00000000b1600000, 0x00000000b1600000|100%| S|  |TAMS 0x00000000b1500000, 0x00000000b1500000| Complete 
| 278|0x00000000b1600000, 0x00000000b1700000, 0x00000000b1700000|100%| S|  |TAMS 0x00000000b1600000, 0x00000000b1600000| Complete 
| 279|0x00000000b1700000, 0x00000000b1800000, 0x00000000b1800000|100%| S|  |TAMS 0x00000000b1700000, 0x00000000b1700000| Complete 
| 280|0x00000000b1800000, 0x00000000b1900000, 0x00000000b1900000|100%| S|  |TAMS 0x00000000b1800000, 0x00000000b1800000| Complete 
| 281|0x00000000b1900000, 0x00000000b1a00000, 0x00000000b1a00000|100%| S|  |TAMS 0x00000000b1900000, 0x00000000b1900000| Complete 
| 282|0x00000000b1a00000, 0x00000000b1b00000, 0x00000000b1b00000|100%| S|  |TAMS 0x00000000b1a00000, 0x00000000b1a00000| Complete 
| 283|0x00000000b1b00000, 0x00000000b1c00000, 0x00000000b1c00000|100%| S|  |TAMS 0x00000000b1b00000, 0x00000000b1b00000| Complete 
| 284|0x00000000b1c00000, 0x00000000b1d00000, 0x00000000b1d00000|100%| S|  |TAMS 0x00000000b1c00000, 0x00000000b1c00000| Complete 
| 285|0x00000000b1d00000, 0x00000000b1e00000, 0x00000000b1e00000|100%| S|  |TAMS 0x00000000b1d00000, 0x00000000b1d00000| Complete 
| 286|0x00000000b1e00000, 0x00000000b1f00000, 0x00000000b1f00000|100%| S|  |TAMS 0x00000000b1e00000, 0x00000000b1e00000| Complete 
| 287|0x00000000b1f00000, 0x00000000b2000000, 0x00000000b2000000|100%| S|  |TAMS 0x00000000b1f00000, 0x00000000b1f00000| Complete 
| 288|0x00000000b2000000, 0x00000000b2100000, 0x00000000b2100000|100%| S|  |TAMS 0x00000000b2000000, 0x00000000b2000000| Complete 
| 289|0x00000000b2100000, 0x00000000b2200000, 0x00000000b2200000|100%| S|  |TAMS 0x00000000b2100000, 0x00000000b2100000| Complete 
| 290|0x00000000b2200000, 0x00000000b2300000, 0x00000000b2300000|100%| S|  |TAMS 0x00000000b2200000, 0x00000000b2200000| Complete 
| 291|0x00000000b2300000, 0x00000000b2400000, 0x00000000b2400000|100%| S|  |TAMS 0x00000000b2300000, 0x00000000b2300000| Complete 
| 292|0x00000000b2400000, 0x00000000b2500000, 0x00000000b2500000|100%| S|  |TAMS 0x00000000b2400000, 0x00000000b2400000| Complete 
| 293|0x00000000b2500000, 0x00000000b2600000, 0x00000000b2600000|100%| S|  |TAMS 0x00000000b2500000, 0x00000000b2500000| Complete 
| 294|0x00000000b2600000, 0x00000000b2700000, 0x00000000b2700000|100%| S|  |TAMS 0x00000000b2600000, 0x00000000b2600000| Complete 
| 295|0x00000000b2700000, 0x00000000b2800000, 0x00000000b2800000|100%| S|  |TAMS 0x00000000b2700000, 0x00000000b2700000| Complete 
| 296|0x00000000b2800000, 0x00000000b2900000, 0x00000000b2900000|100%| S|  |TAMS 0x00000000b2800000, 0x00000000b2800000| Complete 
| 297|0x00000000b2900000, 0x00000000b2a00000, 0x00000000b2a00000|100%| S|  |TAMS 0x00000000b2900000, 0x00000000b2900000| Complete 
| 298|0x00000000b2a00000, 0x00000000b2b00000, 0x00000000b2b00000|100%| S|  |TAMS 0x00000000b2a00000, 0x00000000b2a00000| Complete 
| 299|0x00000000b2b00000, 0x00000000b2c00000, 0x00000000b2c00000|100%| S|  |TAMS 0x00000000b2b00000, 0x00000000b2b00000| Complete 
| 300|0x00000000b2c00000, 0x00000000b2d00000, 0x00000000b2d00000|100%| S|  |TAMS 0x00000000b2c00000, 0x00000000b2c00000| Complete 
| 301|0x00000000b2d00000, 0x00000000b2e00000, 0x00000000b2e00000|100%| S|  |TAMS 0x00000000b2d00000, 0x00000000b2d00000| Complete 
| 302|0x00000000b2e00000, 0x00000000b2f00000, 0x00000000b2f00000|100%| S|  |TAMS 0x00000000b2e00000, 0x00000000b2e00000| Complete 
| 303|0x00000000b2f00000, 0x00000000b3000000, 0x00000000b3000000|100%| S|  |TAMS 0x00000000b2f00000, 0x00000000b2f00000| Complete 
| 304|0x00000000b3000000, 0x00000000b3100000, 0x00000000b3100000|100%| S|  |TAMS 0x00000000b3000000, 0x00000000b3000000| Complete 
| 305|0x00000000b3100000, 0x00000000b3200000, 0x00000000b3200000|100%| S|  |TAMS 0x00000000b3100000, 0x00000000b3100000| Complete 
| 306|0x00000000b3200000, 0x00000000b3300000, 0x00000000b3300000|100%| S|  |TAMS 0x00000000b3200000, 0x00000000b3200000| Complete 
| 307|0x00000000b3300000, 0x00000000b3400000, 0x00000000b3400000|100%| S|  |TAMS 0x00000000b3300000, 0x00000000b3300000| Complete 
| 308|0x00000000b3400000, 0x00000000b3500000, 0x00000000b3500000|100%| S|  |TAMS 0x00000000b3400000, 0x00000000b3400000| Complete 
| 309|0x00000000b3500000, 0x00000000b3600000, 0x00000000b3600000|100%| S|  |TAMS 0x00000000b3500000, 0x00000000b3500000| Complete 
| 310|0x00000000b3600000, 0x00000000b3700000, 0x00000000b3700000|100%| E|CS|TAMS 0x00000000b3600000, 0x00000000b3600000| Complete 
| 311|0x00000000b3700000, 0x00000000b3800000, 0x00000000b3800000|100%| E|CS|TAMS 0x00000000b3700000, 0x00000000b3700000| Complete 
| 312|0x00000000b3800000, 0x00000000b3900000, 0x00000000b3900000|100%| E|CS|TAMS 0x00000000b3800000, 0x00000000b3800000| Complete 
| 313|0x00000000b3900000, 0x00000000b3a00000, 0x00000000b3a00000|100%| E|CS|TAMS 0x00000000b3900000, 0x00000000b3900000| Complete 
| 314|0x00000000b3a00000, 0x00000000b3b00000, 0x00000000b3b00000|100%| E|CS|TAMS 0x00000000b3a00000, 0x00000000b3a00000| Complete 
| 315|0x00000000b3b00000, 0x00000000b3c00000, 0x00000000b3c00000|100%| E|CS|TAMS 0x00000000b3b00000, 0x00000000b3b00000| Complete 
| 316|0x00000000b3c00000, 0x00000000b3d00000, 0x00000000b3d00000|100%| E|CS|TAMS 0x00000000b3c00000, 0x00000000b3c00000| Complete 
| 317|0x00000000b3d00000, 0x00000000b3e00000, 0x00000000b3e00000|100%| E|CS|TAMS 0x00000000b3d00000, 0x00000000b3d00000| Complete 
| 318|0x00000000b3e00000, 0x00000000b3f00000, 0x00000000b3f00000|100%| E|CS|TAMS 0x00000000b3e00000, 0x00000000b3e00000| Complete 
| 319|0x00000000b3f00000, 0x00000000b4000000, 0x00000000b4000000|100%| E|CS|TAMS 0x00000000b3f00000, 0x00000000b3f00000| Complete 
| 320|0x00000000b4000000, 0x00000000b4100000, 0x00000000b4100000|100%| E|CS|TAMS 0x00000000b4000000, 0x00000000b4000000| Complete 
| 321|0x00000000b4100000, 0x00000000b4200000, 0x00000000b4200000|100%| E|CS|TAMS 0x00000000b4100000, 0x00000000b4100000| Complete 
| 322|0x00000000b4200000, 0x00000000b4300000, 0x00000000b4300000|100%| E|CS|TAMS 0x00000000b4200000, 0x00000000b4200000| Complete 
| 323|0x00000000b4300000, 0x00000000b4400000, 0x00000000b4400000|100%| E|CS|TAMS 0x00000000b4300000, 0x00000000b4300000| Complete 
| 324|0x00000000b4400000, 0x00000000b4500000, 0x00000000b4500000|100%| E|CS|TAMS 0x00000000b4400000, 0x00000000b4400000| Complete 
| 325|0x00000000b4500000, 0x00000000b4600000, 0x00000000b4600000|100%| E|CS|TAMS 0x00000000b4500000, 0x00000000b4500000| Complete 
| 326|0x00000000b4600000, 0x00000000b4700000, 0x00000000b4700000|100%| E|CS|TAMS 0x00000000b4600000, 0x00000000b4600000| Complete 
| 327|0x00000000b4700000, 0x00000000b4800000, 0x00000000b4800000|100%| E|CS|TAMS 0x00000000b4700000, 0x00000000b4700000| Complete 
| 328|0x00000000b4800000, 0x00000000b4900000, 0x00000000b4900000|100%| E|CS|TAMS 0x00000000b4800000, 0x00000000b4800000| Complete 
| 329|0x00000000b4900000, 0x00000000b4a00000, 0x00000000b4a00000|100%| E|CS|TAMS 0x00000000b4900000, 0x00000000b4900000| Complete 
| 330|0x00000000b4a00000, 0x00000000b4b00000, 0x00000000b4b00000|100%| E|CS|TAMS 0x00000000b4a00000, 0x00000000b4a00000| Complete 
| 331|0x00000000b4b00000, 0x00000000b4c00000, 0x00000000b4c00000|100%| E|CS|TAMS 0x00000000b4b00000, 0x00000000b4b00000| Complete 
| 332|0x00000000b4c00000, 0x00000000b4d00000, 0x00000000b4d00000|100%| E|CS|TAMS 0x00000000b4c00000, 0x00000000b4c00000| Complete 
| 333|0x00000000b4d00000, 0x00000000b4e00000, 0x00000000b4e00000|100%| E|CS|TAMS 0x00000000b4d00000, 0x00000000b4d00000| Complete 
| 334|0x00000000b4e00000, 0x00000000b4f00000, 0x00000000b4f00000|100%| E|CS|TAMS 0x00000000b4e00000, 0x00000000b4e00000| Complete 
| 335|0x00000000b4f00000, 0x00000000b5000000, 0x00000000b5000000|100%| E|CS|TAMS 0x00000000b4f00000, 0x00000000b4f00000| Complete 
| 336|0x00000000b5000000, 0x00000000b5100000, 0x00000000b5100000|100%| E|CS|TAMS 0x00000000b5000000, 0x00000000b5000000| Complete 
| 337|0x00000000b5100000, 0x00000000b5200000, 0x00000000b5200000|100%| E|CS|TAMS 0x00000000b5100000, 0x00000000b5100000| Complete 
| 338|0x00000000b5200000, 0x00000000b5300000, 0x00000000b5300000|100%| E|CS|TAMS 0x00000000b5200000, 0x00000000b5200000| Complete 
| 339|0x00000000b5300000, 0x00000000b5400000, 0x00000000b5400000|100%| E|CS|TAMS 0x00000000b5300000, 0x00000000b5300000| Complete 
| 340|0x00000000b5400000, 0x00000000b5500000, 0x00000000b5500000|100%| E|CS|TAMS 0x00000000b5400000, 0x00000000b5400000| Complete 
| 341|0x00000000b5500000, 0x00000000b5600000, 0x00000000b5600000|100%| E|CS|TAMS 0x00000000b5500000, 0x00000000b5500000| Complete 
| 342|0x00000000b5600000, 0x00000000b5700000, 0x00000000b5700000|100%| E|CS|TAMS 0x00000000b5600000, 0x00000000b5600000| Complete 
| 343|0x00000000b5700000, 0x00000000b5800000, 0x00000000b5800000|100%| E|CS|TAMS 0x00000000b5700000, 0x00000000b5700000| Complete 
| 344|0x00000000b5800000, 0x00000000b5900000, 0x00000000b5900000|100%| E|CS|TAMS 0x00000000b5800000, 0x00000000b5800000| Complete 
| 345|0x00000000b5900000, 0x00000000b5a00000, 0x00000000b5a00000|100%| E|CS|TAMS 0x00000000b5900000, 0x00000000b5900000| Complete 
| 346|0x00000000b5a00000, 0x00000000b5b00000, 0x00000000b5b00000|100%| E|CS|TAMS 0x00000000b5a00000, 0x00000000b5a00000| Complete 
| 347|0x00000000b5b00000, 0x00000000b5c00000, 0x00000000b5c00000|100%| E|CS|TAMS 0x00000000b5b00000, 0x00000000b5b00000| Complete 
| 348|0x00000000b5c00000, 0x00000000b5d00000, 0x00000000b5d00000|100%| E|CS|TAMS 0x00000000b5c00000, 0x00000000b5c00000| Complete 
| 349|0x00000000b5d00000, 0x00000000b5e00000, 0x00000000b5e00000|100%| E|CS|TAMS 0x00000000b5d00000, 0x00000000b5d00000| Complete 
| 350|0x00000000b5e00000, 0x00000000b5f00000, 0x00000000b5f00000|100%| E|CS|TAMS 0x00000000b5e00000, 0x00000000b5e00000| Complete 
| 351|0x00000000b5f00000, 0x00000000b6000000, 0x00000000b6000000|100%| E|CS|TAMS 0x00000000b5f00000, 0x00000000b5f00000| Complete 
| 352|0x00000000b6000000, 0x00000000b6100000, 0x00000000b6100000|100%| E|CS|TAMS 0x00000000b6000000, 0x00000000b6000000| Complete 
| 353|0x00000000b6100000, 0x00000000b6200000, 0x00000000b6200000|100%| E|CS|TAMS 0x00000000b6100000, 0x00000000b6100000| Complete 
| 354|0x00000000b6200000, 0x00000000b6300000, 0x00000000b6300000|100%| E|CS|TAMS 0x00000000b6200000, 0x00000000b6200000| Complete 
| 355|0x00000000b6300000, 0x00000000b6400000, 0x00000000b6400000|100%| E|CS|TAMS 0x00000000b6300000, 0x00000000b6300000| Complete 
| 356|0x00000000b6400000, 0x00000000b6500000, 0x00000000b6500000|100%| E|CS|TAMS 0x00000000b6400000, 0x00000000b6400000| Complete 
| 357|0x00000000b6500000, 0x00000000b6600000, 0x00000000b6600000|100%| E|CS|TAMS 0x00000000b6500000, 0x00000000b6500000| Complete 
| 358|0x00000000b6600000, 0x00000000b6700000, 0x00000000b6700000|100%| E|CS|TAMS 0x00000000b6600000, 0x00000000b6600000| Complete 
| 359|0x00000000b6700000, 0x00000000b6800000, 0x00000000b6800000|100%| E|CS|TAMS 0x00000000b6700000, 0x00000000b6700000| Complete 
| 360|0x00000000b6800000, 0x00000000b6900000, 0x00000000b6900000|100%| E|CS|TAMS 0x00000000b6800000, 0x00000000b6800000| Complete 
| 361|0x00000000b6900000, 0x00000000b6a00000, 0x00000000b6a00000|100%| E|CS|TAMS 0x00000000b6900000, 0x00000000b6900000| Complete 
| 362|0x00000000b6a00000, 0x00000000b6b00000, 0x00000000b6b00000|100%| E|CS|TAMS 0x00000000b6a00000, 0x00000000b6a00000| Complete 
| 363|0x00000000b6b00000, 0x00000000b6c00000, 0x00000000b6c00000|100%| E|CS|TAMS 0x00000000b6b00000, 0x00000000b6b00000| Complete 
| 364|0x00000000b6c00000, 0x00000000b6d00000, 0x00000000b6d00000|100%| E|CS|TAMS 0x00000000b6c00000, 0x00000000b6c00000| Complete 
| 365|0x00000000b6d00000, 0x00000000b6e00000, 0x00000000b6e00000|100%| E|CS|TAMS 0x00000000b6d00000, 0x00000000b6d00000| Complete 
| 366|0x00000000b6e00000, 0x00000000b6f00000, 0x00000000b6f00000|100%| E|CS|TAMS 0x00000000b6e00000, 0x00000000b6e00000| Complete 
| 367|0x00000000b6f00000, 0x00000000b7000000, 0x00000000b7000000|100%| E|CS|TAMS 0x00000000b6f00000, 0x00000000b6f00000| Complete 
| 368|0x00000000b7000000, 0x00000000b7100000, 0x00000000b7100000|100%| E|CS|TAMS 0x00000000b7000000, 0x00000000b7000000| Complete 
| 369|0x00000000b7100000, 0x00000000b7200000, 0x00000000b7200000|100%| E|CS|TAMS 0x00000000b7100000, 0x00000000b7100000| Complete 
| 370|0x00000000b7200000, 0x00000000b7300000, 0x00000000b7300000|100%| E|CS|TAMS 0x00000000b7200000, 0x00000000b7200000| Complete 
| 371|0x00000000b7300000, 0x00000000b7400000, 0x00000000b7400000|100%| E|CS|TAMS 0x00000000b7300000, 0x00000000b7300000| Complete 
| 372|0x00000000b7400000, 0x00000000b7500000, 0x00000000b7500000|100%| E|CS|TAMS 0x00000000b7400000, 0x00000000b7400000| Complete 
| 373|0x00000000b7500000, 0x00000000b7600000, 0x00000000b7600000|100%| E|CS|TAMS 0x00000000b7500000, 0x00000000b7500000| Complete 
| 374|0x00000000b7600000, 0x00000000b7700000, 0x00000000b7700000|100%| E|CS|TAMS 0x00000000b7600000, 0x00000000b7600000| Complete 
| 375|0x00000000b7700000, 0x00000000b7800000, 0x00000000b7800000|100%| E|CS|TAMS 0x00000000b7700000, 0x00000000b7700000| Complete 
| 376|0x00000000b7800000, 0x00000000b7900000, 0x00000000b7900000|100%| E|CS|TAMS 0x00000000b7800000, 0x00000000b7800000| Complete 
| 377|0x00000000b7900000, 0x00000000b7a00000, 0x00000000b7a00000|100%| E|CS|TAMS 0x00000000b7900000, 0x00000000b7900000| Complete 
| 378|0x00000000b7a00000, 0x00000000b7b00000, 0x00000000b7b00000|100%| E|CS|TAMS 0x00000000b7a00000, 0x00000000b7a00000| Complete 
| 379|0x00000000b7b00000, 0x00000000b7c00000, 0x00000000b7c00000|100%| E|CS|TAMS 0x00000000b7b00000, 0x00000000b7b00000| Complete 
| 380|0x00000000b7c00000, 0x00000000b7d00000, 0x00000000b7d00000|100%| E|CS|TAMS 0x00000000b7c00000, 0x00000000b7c00000| Complete 
| 381|0x00000000b7d00000, 0x00000000b7e00000, 0x00000000b7e00000|100%| E|CS|TAMS 0x00000000b7d00000, 0x00000000b7d00000| Complete 
| 382|0x00000000b7e00000, 0x00000000b7f00000, 0x00000000b7f00000|100%| E|CS|TAMS 0x00000000b7e00000, 0x00000000b7e00000| Complete 
| 383|0x00000000b7f00000, 0x00000000b8000000, 0x00000000b8000000|100%| E|CS|TAMS 0x00000000b7f00000, 0x00000000b7f00000| Complete 
| 384|0x00000000b8000000, 0x00000000b8100000, 0x00000000b8100000|100%| E|CS|TAMS 0x00000000b8000000, 0x00000000b8000000| Complete 
| 385|0x00000000b8100000, 0x00000000b8200000, 0x00000000b8200000|100%| E|CS|TAMS 0x00000000b8100000, 0x00000000b8100000| Complete 
| 386|0x00000000b8200000, 0x00000000b8300000, 0x00000000b8300000|100%| E|CS|TAMS 0x00000000b8200000, 0x00000000b8200000| Complete 
| 387|0x00000000b8300000, 0x00000000b8400000, 0x00000000b8400000|100%| E|CS|TAMS 0x00000000b8300000, 0x00000000b8300000| Complete 
| 388|0x00000000b8400000, 0x00000000b8500000, 0x00000000b8500000|100%| E|CS|TAMS 0x00000000b8400000, 0x00000000b8400000| Complete 
| 389|0x00000000b8500000, 0x00000000b8600000, 0x00000000b8600000|100%| E|CS|TAMS 0x00000000b8500000, 0x00000000b8500000| Complete 
| 390|0x00000000b8600000, 0x00000000b8700000, 0x00000000b8700000|100%| E|CS|TAMS 0x00000000b8600000, 0x00000000b8600000| Complete 
| 391|0x00000000b8700000, 0x00000000b8800000, 0x00000000b8800000|100%| E|CS|TAMS 0x00000000b8700000, 0x00000000b8700000| Complete 
| 392|0x00000000b8800000, 0x00000000b8900000, 0x00000000b8900000|100%| E|CS|TAMS 0x00000000b8800000, 0x00000000b8800000| Complete 
| 393|0x00000000b8900000, 0x00000000b8a00000, 0x00000000b8a00000|100%| E|CS|TAMS 0x00000000b8900000, 0x00000000b8900000| Complete 
| 394|0x00000000b8a00000, 0x00000000b8b00000, 0x00000000b8b00000|100%| E|CS|TAMS 0x00000000b8a00000, 0x00000000b8a00000| Complete 
| 395|0x00000000b8b00000, 0x00000000b8c00000, 0x00000000b8c00000|100%| E|CS|TAMS 0x00000000b8b00000, 0x00000000b8b00000| Complete 
| 396|0x00000000b8c00000, 0x00000000b8d00000, 0x00000000b8d00000|100%| E|CS|TAMS 0x00000000b8c00000, 0x00000000b8c00000| Complete 
| 397|0x00000000b8d00000, 0x00000000b8e00000, 0x00000000b8e00000|100%| E|CS|TAMS 0x00000000b8d00000, 0x00000000b8d00000| Complete 
| 398|0x00000000b8e00000, 0x00000000b8f00000, 0x00000000b8f00000|100%| E|CS|TAMS 0x00000000b8e00000, 0x00000000b8e00000| Complete 
| 399|0x00000000b8f00000, 0x00000000b9000000, 0x00000000b9000000|100%| E|CS|TAMS 0x00000000b8f00000, 0x00000000b8f00000| Complete 
| 400|0x00000000b9000000, 0x00000000b9100000, 0x00000000b9100000|100%| E|CS|TAMS 0x00000000b9000000, 0x00000000b9000000| Complete 
| 401|0x00000000b9100000, 0x00000000b9200000, 0x00000000b9200000|100%| E|CS|TAMS 0x00000000b9100000, 0x00000000b9100000| Complete 
| 402|0x00000000b9200000, 0x00000000b9300000, 0x00000000b9300000|100%| E|CS|TAMS 0x00000000b9200000, 0x00000000b9200000| Complete 
| 403|0x00000000b9300000, 0x00000000b9400000, 0x00000000b9400000|100%| E|CS|TAMS 0x00000000b9300000, 0x00000000b9300000| Complete 
| 404|0x00000000b9400000, 0x00000000b9500000, 0x00000000b9500000|100%| E|CS|TAMS 0x00000000b9400000, 0x00000000b9400000| Complete 
| 405|0x00000000b9500000, 0x00000000b9600000, 0x00000000b9600000|100%| E|CS|TAMS 0x00000000b9500000, 0x00000000b9500000| Complete 
| 406|0x00000000b9600000, 0x00000000b9700000, 0x00000000b9700000|100%| E|CS|TAMS 0x00000000b9600000, 0x00000000b9600000| Complete 
| 407|0x00000000b9700000, 0x00000000b9800000, 0x00000000b9800000|100%| E|CS|TAMS 0x00000000b9700000, 0x00000000b9700000| Complete 
| 408|0x00000000b9800000, 0x00000000b9900000, 0x00000000b9900000|100%| E|CS|TAMS 0x00000000b9800000, 0x00000000b9800000| Complete 
| 409|0x00000000b9900000, 0x00000000b9a00000, 0x00000000b9a00000|100%| E|CS|TAMS 0x00000000b9900000, 0x00000000b9900000| Complete 
| 410|0x00000000b9a00000, 0x00000000b9b00000, 0x00000000b9b00000|100%| E|CS|TAMS 0x00000000b9a00000, 0x00000000b9a00000| Complete 
| 411|0x00000000b9b00000, 0x00000000b9c00000, 0x00000000b9c00000|100%| E|CS|TAMS 0x00000000b9b00000, 0x00000000b9b00000| Complete 
| 412|0x00000000b9c00000, 0x00000000b9d00000, 0x00000000b9d00000|100%| E|CS|TAMS 0x00000000b9c00000, 0x00000000b9c00000| Complete 
| 413|0x00000000b9d00000, 0x00000000b9e00000, 0x00000000b9e00000|100%| E|CS|TAMS 0x00000000b9d00000, 0x00000000b9d00000| Complete 
| 414|0x00000000b9e00000, 0x00000000b9f00000, 0x00000000b9f00000|100%| E|CS|TAMS 0x00000000b9e00000, 0x00000000b9e00000| Complete 
| 415|0x00000000b9f00000, 0x00000000ba000000, 0x00000000ba000000|100%| E|CS|TAMS 0x00000000b9f00000, 0x00000000b9f00000| Complete 
| 416|0x00000000ba000000, 0x00000000ba100000, 0x00000000ba100000|100%| E|CS|TAMS 0x00000000ba000000, 0x00000000ba000000| Complete 
| 417|0x00000000ba100000, 0x00000000ba200000, 0x00000000ba200000|100%| E|CS|TAMS 0x00000000ba100000, 0x00000000ba100000| Complete 
| 418|0x00000000ba200000, 0x00000000ba300000, 0x00000000ba300000|100%| E|CS|TAMS 0x00000000ba200000, 0x00000000ba200000| Complete 
| 419|0x00000000ba300000, 0x00000000ba400000, 0x00000000ba400000|100%| E|CS|TAMS 0x00000000ba300000, 0x00000000ba300000| Complete 
| 420|0x00000000ba400000, 0x00000000ba500000, 0x00000000ba500000|100%| E|CS|TAMS 0x00000000ba400000, 0x00000000ba400000| Complete 
| 421|0x00000000ba500000, 0x00000000ba600000, 0x00000000ba600000|100%| E|CS|TAMS 0x00000000ba500000, 0x00000000ba500000| Complete 
| 422|0x00000000ba600000, 0x00000000ba700000, 0x00000000ba700000|100%| E|CS|TAMS 0x00000000ba600000, 0x00000000ba600000| Complete 
| 423|0x00000000ba700000, 0x00000000ba800000, 0x00000000ba800000|100%| E|CS|TAMS 0x00000000ba700000, 0x00000000ba700000| Complete 
| 424|0x00000000ba800000, 0x00000000ba900000, 0x00000000ba900000|100%| E|CS|TAMS 0x00000000ba800000, 0x00000000ba800000| Complete 
| 425|0x00000000ba900000, 0x00000000baa00000, 0x00000000baa00000|100%| E|CS|TAMS 0x00000000ba900000, 0x00000000ba900000| Complete 
| 426|0x00000000baa00000, 0x00000000bab00000, 0x00000000bab00000|100%| E|CS|TAMS 0x00000000baa00000, 0x00000000baa00000| Complete 
| 427|0x00000000bab00000, 0x00000000bac00000, 0x00000000bac00000|100%| E|CS|TAMS 0x00000000bab00000, 0x00000000bab00000| Complete 
| 428|0x00000000bac00000, 0x00000000bad00000, 0x00000000bad00000|100%| E|CS|TAMS 0x00000000bac00000, 0x00000000bac00000| Complete 
| 429|0x00000000bad00000, 0x00000000bae00000, 0x00000000bae00000|100%| E|CS|TAMS 0x00000000bad00000, 0x00000000bad00000| Complete 
| 430|0x00000000bae00000, 0x00000000baf00000, 0x00000000baf00000|100%| E|CS|TAMS 0x00000000bae00000, 0x00000000bae00000| Complete 
| 431|0x00000000baf00000, 0x00000000bb000000, 0x00000000bb000000|100%| E|CS|TAMS 0x00000000baf00000, 0x00000000baf00000| Complete 
| 432|0x00000000bb000000, 0x00000000bb100000, 0x00000000bb100000|100%| E|CS|TAMS 0x00000000bb000000, 0x00000000bb000000| Complete 
| 433|0x00000000bb100000, 0x00000000bb200000, 0x00000000bb200000|100%| E|CS|TAMS 0x00000000bb100000, 0x00000000bb100000| Complete 
| 434|0x00000000bb200000, 0x00000000bb300000, 0x00000000bb300000|100%| E|CS|TAMS 0x00000000bb200000, 0x00000000bb200000| Complete 
| 435|0x00000000bb300000, 0x00000000bb400000, 0x00000000bb400000|100%| E|CS|TAMS 0x00000000bb300000, 0x00000000bb300000| Complete 
| 436|0x00000000bb400000, 0x00000000bb500000, 0x00000000bb500000|100%| E|CS|TAMS 0x00000000bb400000, 0x00000000bb400000| Complete 
| 437|0x00000000bb500000, 0x00000000bb600000, 0x00000000bb600000|100%| E|CS|TAMS 0x00000000bb500000, 0x00000000bb500000| Complete 
| 438|0x00000000bb600000, 0x00000000bb700000, 0x00000000bb700000|100%| E|CS|TAMS 0x00000000bb600000, 0x00000000bb600000| Complete 
| 439|0x00000000bb700000, 0x00000000bb800000, 0x00000000bb800000|100%| E|CS|TAMS 0x00000000bb700000, 0x00000000bb700000| Complete 
| 440|0x00000000bb800000, 0x00000000bb900000, 0x00000000bb900000|100%| E|CS|TAMS 0x00000000bb800000, 0x00000000bb800000| Complete 
| 441|0x00000000bb900000, 0x00000000bba00000, 0x00000000bba00000|100%| E|CS|TAMS 0x00000000bb900000, 0x00000000bb900000| Complete 
| 442|0x00000000bba00000, 0x00000000bbb00000, 0x00000000bbb00000|100%| E|CS|TAMS 0x00000000bba00000, 0x00000000bba00000| Complete 
| 443|0x00000000bbb00000, 0x00000000bbc00000, 0x00000000bbc00000|100%| E|CS|TAMS 0x00000000bbb00000, 0x00000000bbb00000| Complete 
| 444|0x00000000bbc00000, 0x00000000bbd00000, 0x00000000bbd00000|100%| E|CS|TAMS 0x00000000bbc00000, 0x00000000bbc00000| Complete 
| 445|0x00000000bbd00000, 0x00000000bbe00000, 0x00000000bbe00000|100%| E|CS|TAMS 0x00000000bbd00000, 0x00000000bbd00000| Complete 
| 446|0x00000000bbe00000, 0x00000000bbf00000, 0x00000000bbf00000|100%| E|CS|TAMS 0x00000000bbe00000, 0x00000000bbe00000| Complete 
| 447|0x00000000bbf00000, 0x00000000bc000000, 0x00000000bc000000|100%| E|CS|TAMS 0x00000000bbf00000, 0x00000000bbf00000| Complete 
| 448|0x00000000bc000000, 0x00000000bc100000, 0x00000000bc100000|100%| E|CS|TAMS 0x00000000bc000000, 0x00000000bc000000| Complete 
| 449|0x00000000bc100000, 0x00000000bc200000, 0x00000000bc200000|100%| E|CS|TAMS 0x00000000bc100000, 0x00000000bc100000| Complete 
| 450|0x00000000bc200000, 0x00000000bc300000, 0x00000000bc300000|100%| E|CS|TAMS 0x00000000bc200000, 0x00000000bc200000| Complete 
| 451|0x00000000bc300000, 0x00000000bc400000, 0x00000000bc400000|100%| E|CS|TAMS 0x00000000bc300000, 0x00000000bc300000| Complete 
| 452|0x00000000bc400000, 0x00000000bc500000, 0x00000000bc500000|100%| E|CS|TAMS 0x00000000bc400000, 0x00000000bc400000| Complete 
| 453|0x00000000bc500000, 0x00000000bc600000, 0x00000000bc600000|100%| E|CS|TAMS 0x00000000bc500000, 0x00000000bc500000| Complete 
| 454|0x00000000bc600000, 0x00000000bc700000, 0x00000000bc700000|100%| E|CS|TAMS 0x00000000bc600000, 0x00000000bc600000| Complete 
| 455|0x00000000bc700000, 0x00000000bc800000, 0x00000000bc800000|100%| E|CS|TAMS 0x00000000bc700000, 0x00000000bc700000| Complete 
| 456|0x00000000bc800000, 0x00000000bc900000, 0x00000000bc900000|100%| E|CS|TAMS 0x00000000bc800000, 0x00000000bc800000| Complete 
| 457|0x00000000bc900000, 0x00000000bca00000, 0x00000000bca00000|100%| E|CS|TAMS 0x00000000bc900000, 0x00000000bc900000| Complete 
| 458|0x00000000bca00000, 0x00000000bcb00000, 0x00000000bcb00000|100%| E|CS|TAMS 0x00000000bca00000, 0x00000000bca00000| Complete 
| 459|0x00000000bcb00000, 0x00000000bcc00000, 0x00000000bcc00000|100%| E|CS|TAMS 0x00000000bcb00000, 0x00000000bcb00000| Complete 
| 460|0x00000000bcc00000, 0x00000000bcd00000, 0x00000000bcd00000|100%| E|CS|TAMS 0x00000000bcc00000, 0x00000000bcc00000| Complete 
| 461|0x00000000bcd00000, 0x00000000bce00000, 0x00000000bce00000|100%| E|CS|TAMS 0x00000000bcd00000, 0x00000000bcd00000| Complete 
| 462|0x00000000bce00000, 0x00000000bcf00000, 0x00000000bcf00000|100%| E|CS|TAMS 0x00000000bce00000, 0x00000000bce00000| Complete 
| 463|0x00000000bcf00000, 0x00000000bd000000, 0x00000000bd000000|100%| E|CS|TAMS 0x00000000bcf00000, 0x00000000bcf00000| Complete 
| 464|0x00000000bd000000, 0x00000000bd100000, 0x00000000bd100000|100%| E|CS|TAMS 0x00000000bd000000, 0x00000000bd000000| Complete 
| 465|0x00000000bd100000, 0x00000000bd200000, 0x00000000bd200000|100%| E|CS|TAMS 0x00000000bd100000, 0x00000000bd100000| Complete 
| 466|0x00000000bd200000, 0x00000000bd300000, 0x00000000bd300000|100%| E|CS|TAMS 0x00000000bd200000, 0x00000000bd200000| Complete 
| 467|0x00000000bd300000, 0x00000000bd400000, 0x00000000bd400000|100%| E|CS|TAMS 0x00000000bd300000, 0x00000000bd300000| Complete 
| 468|0x00000000bd400000, 0x00000000bd500000, 0x00000000bd500000|100%| E|CS|TAMS 0x00000000bd400000, 0x00000000bd400000| Complete 
| 469|0x00000000bd500000, 0x00000000bd600000, 0x00000000bd600000|100%| E|CS|TAMS 0x00000000bd500000, 0x00000000bd500000| Complete 
| 470|0x00000000bd600000, 0x00000000bd700000, 0x00000000bd700000|100%| E|CS|TAMS 0x00000000bd600000, 0x00000000bd600000| Complete 
| 471|0x00000000bd700000, 0x00000000bd800000, 0x00000000bd800000|100%| E|CS|TAMS 0x00000000bd700000, 0x00000000bd700000| Complete 
| 472|0x00000000bd800000, 0x00000000bd900000, 0x00000000bd900000|100%| E|CS|TAMS 0x00000000bd800000, 0x00000000bd800000| Complete 
| 473|0x00000000bd900000, 0x00000000bda00000, 0x00000000bda00000|100%| E|CS|TAMS 0x00000000bd900000, 0x00000000bd900000| Complete 
| 474|0x00000000bda00000, 0x00000000bdb00000, 0x00000000bdb00000|100%| E|CS|TAMS 0x00000000bda00000, 0x00000000bda00000| Complete 
| 475|0x00000000bdb00000, 0x00000000bdc00000, 0x00000000bdc00000|100%| E|CS|TAMS 0x00000000bdb00000, 0x00000000bdb00000| Complete 
| 476|0x00000000bdc00000, 0x00000000bdd00000, 0x00000000bdd00000|100%| E|CS|TAMS 0x00000000bdc00000, 0x00000000bdc00000| Complete 
| 477|0x00000000bdd00000, 0x00000000bde00000, 0x00000000bde00000|100%| E|CS|TAMS 0x00000000bdd00000, 0x00000000bdd00000| Complete 
| 478|0x00000000bde00000, 0x00000000bdf00000, 0x00000000bdf00000|100%| E|CS|TAMS 0x00000000bde00000, 0x00000000bde00000| Complete 
| 479|0x00000000bdf00000, 0x00000000be000000, 0x00000000be000000|100%| E|CS|TAMS 0x00000000bdf00000, 0x00000000bdf00000| Complete 
| 480|0x00000000be000000, 0x00000000be100000, 0x00000000be100000|100%| E|CS|TAMS 0x00000000be000000, 0x00000000be000000| Complete 
| 481|0x00000000be100000, 0x00000000be200000, 0x00000000be200000|100%| E|CS|TAMS 0x00000000be100000, 0x00000000be100000| Complete 
| 482|0x00000000be200000, 0x00000000be300000, 0x00000000be300000|100%| E|CS|TAMS 0x00000000be200000, 0x00000000be200000| Complete 
| 483|0x00000000be300000, 0x00000000be400000, 0x00000000be400000|100%| E|CS|TAMS 0x00000000be300000, 0x00000000be300000| Complete 
| 484|0x00000000be400000, 0x00000000be500000, 0x00000000be500000|100%| E|CS|TAMS 0x00000000be400000, 0x00000000be400000| Complete 
| 485|0x00000000be500000, 0x00000000be600000, 0x00000000be600000|100%| E|CS|TAMS 0x00000000be500000, 0x00000000be500000| Complete 
| 486|0x00000000be600000, 0x00000000be700000, 0x00000000be700000|100%| E|CS|TAMS 0x00000000be600000, 0x00000000be600000| Complete 
| 487|0x00000000be700000, 0x00000000be800000, 0x00000000be800000|100%| E|CS|TAMS 0x00000000be700000, 0x00000000be700000| Complete 
| 488|0x00000000be800000, 0x00000000be900000, 0x00000000be900000|100%| E|CS|TAMS 0x00000000be800000, 0x00000000be800000| Complete 
| 489|0x00000000be900000, 0x00000000bea00000, 0x00000000bea00000|100%| E|CS|TAMS 0x00000000be900000, 0x00000000be900000| Complete 
| 490|0x00000000bea00000, 0x00000000beb00000, 0x00000000beb00000|100%| E|CS|TAMS 0x00000000bea00000, 0x00000000bea00000| Complete 
| 491|0x00000000beb00000, 0x00000000bec00000, 0x00000000bec00000|100%| E|CS|TAMS 0x00000000beb00000, 0x00000000beb00000| Complete 
| 492|0x00000000bec00000, 0x00000000bed00000, 0x00000000bed00000|100%| E|CS|TAMS 0x00000000bec00000, 0x00000000bec00000| Complete 
| 493|0x00000000bed00000, 0x00000000bee00000, 0x00000000bee00000|100%| E|CS|TAMS 0x00000000bed00000, 0x00000000bed00000| Complete 
| 494|0x00000000bee00000, 0x00000000bef00000, 0x00000000bef00000|100%| E|CS|TAMS 0x00000000bee00000, 0x00000000bee00000| Complete 
| 495|0x00000000bef00000, 0x00000000bf000000, 0x00000000bf000000|100%| E|CS|TAMS 0x00000000bef00000, 0x00000000bef00000| Complete 
| 496|0x00000000bf000000, 0x00000000bf100000, 0x00000000bf100000|100%| E|CS|TAMS 0x00000000bf000000, 0x00000000bf000000| Complete 
| 497|0x00000000bf100000, 0x00000000bf200000, 0x00000000bf200000|100%| E|CS|TAMS 0x00000000bf100000, 0x00000000bf100000| Complete 
| 498|0x00000000bf200000, 0x00000000bf300000, 0x00000000bf300000|100%| E|CS|TAMS 0x00000000bf200000, 0x00000000bf200000| Complete 
| 499|0x00000000bf300000, 0x00000000bf400000, 0x00000000bf400000|100%| E|CS|TAMS 0x00000000bf300000, 0x00000000bf300000| Complete 
| 500|0x00000000bf400000, 0x00000000bf500000, 0x00000000bf500000|100%| E|CS|TAMS 0x00000000bf400000, 0x00000000bf400000| Complete 
| 501|0x00000000bf500000, 0x00000000bf600000, 0x00000000bf600000|100%| E|CS|TAMS 0x00000000bf500000, 0x00000000bf500000| Complete 
| 502|0x00000000bf600000, 0x00000000bf700000, 0x00000000bf700000|100%| E|CS|TAMS 0x00000000bf600000, 0x00000000bf600000| Complete 
| 503|0x00000000bf700000, 0x00000000bf800000, 0x00000000bf800000|100%| E|CS|TAMS 0x00000000bf700000, 0x00000000bf700000| Complete 
| 504|0x00000000bf800000, 0x00000000bf900000, 0x00000000bf900000|100%| E|CS|TAMS 0x00000000bf800000, 0x00000000bf800000| Complete 
| 505|0x00000000bf900000, 0x00000000bfa00000, 0x00000000bfa00000|100%| E|CS|TAMS 0x00000000bf900000, 0x00000000bf900000| Complete 
| 506|0x00000000bfa00000, 0x00000000bfb00000, 0x00000000bfb00000|100%| E|CS|TAMS 0x00000000bfa00000, 0x00000000bfa00000| Complete 
| 507|0x00000000bfb00000, 0x00000000bfc00000, 0x00000000bfc00000|100%| E|CS|TAMS 0x00000000bfb00000, 0x00000000bfb00000| Complete 
| 508|0x00000000bfc00000, 0x00000000bfd00000, 0x00000000bfd00000|100%| E|CS|TAMS 0x00000000bfc00000, 0x00000000bfc00000| Complete 
| 509|0x00000000bfd00000, 0x00000000bfe00000, 0x00000000bfe00000|100%| E|CS|TAMS 0x00000000bfd00000, 0x00000000bfd00000| Complete 
| 510|0x00000000bfe00000, 0x00000000bff00000, 0x00000000bff00000|100%| E|CS|TAMS 0x00000000bfe00000, 0x00000000bfe00000| Complete 
| 511|0x00000000bff00000, 0x00000000c0000000, 0x00000000c0000000|100%| E|CS|TAMS 0x00000000bff00000, 0x00000000bff00000| Complete 
| 512|0x00000000c0000000, 0x00000000c0100000, 0x00000000c0100000|100%| E|CS|TAMS 0x00000000c0000000, 0x00000000c0000000| Complete 
| 513|0x00000000c0100000, 0x00000000c0200000, 0x00000000c0200000|100%| E|CS|TAMS 0x00000000c0100000, 0x00000000c0100000| Complete 
| 514|0x00000000c0200000, 0x00000000c0300000, 0x00000000c0300000|100%| E|CS|TAMS 0x00000000c0200000, 0x00000000c0200000| Complete 
| 515|0x00000000c0300000, 0x00000000c0400000, 0x00000000c0400000|100%| E|CS|TAMS 0x00000000c0300000, 0x00000000c0300000| Complete 
| 516|0x00000000c0400000, 0x00000000c0500000, 0x00000000c0500000|100%| E|CS|TAMS 0x00000000c0400000, 0x00000000c0400000| Complete 
| 517|0x00000000c0500000, 0x00000000c0600000, 0x00000000c0600000|100%| E|CS|TAMS 0x00000000c0500000, 0x00000000c0500000| Complete 
| 518|0x00000000c0600000, 0x00000000c0700000, 0x00000000c0700000|100%| E|CS|TAMS 0x00000000c0600000, 0x00000000c0600000| Complete 
| 519|0x00000000c0700000, 0x00000000c0800000, 0x00000000c0800000|100%| E|CS|TAMS 0x00000000c0700000, 0x00000000c0700000| Complete 
| 520|0x00000000c0800000, 0x00000000c0900000, 0x00000000c0900000|100%| E|CS|TAMS 0x00000000c0800000, 0x00000000c0800000| Complete 
| 521|0x00000000c0900000, 0x00000000c0a00000, 0x00000000c0a00000|100%| E|CS|TAMS 0x00000000c0900000, 0x00000000c0900000| Complete 
| 522|0x00000000c0a00000, 0x00000000c0b00000, 0x00000000c0b00000|100%| E|CS|TAMS 0x00000000c0a00000, 0x00000000c0a00000| Complete 
| 523|0x00000000c0b00000, 0x00000000c0c00000, 0x00000000c0c00000|100%| E|CS|TAMS 0x00000000c0b00000, 0x00000000c0b00000| Complete 
| 524|0x00000000c0c00000, 0x00000000c0d00000, 0x00000000c0d00000|100%| E|CS|TAMS 0x00000000c0c00000, 0x00000000c0c00000| Complete 
| 525|0x00000000c0d00000, 0x00000000c0e00000, 0x00000000c0e00000|100%| E|CS|TAMS 0x00000000c0d00000, 0x00000000c0d00000| Complete 
| 526|0x00000000c0e00000, 0x00000000c0f00000, 0x00000000c0f00000|100%| E|CS|TAMS 0x00000000c0e00000, 0x00000000c0e00000| Complete 
| 527|0x00000000c0f00000, 0x00000000c1000000, 0x00000000c1000000|100%| E|CS|TAMS 0x00000000c0f00000, 0x00000000c0f00000| Complete 
| 528|0x00000000c1000000, 0x00000000c1100000, 0x00000000c1100000|100%| E|CS|TAMS 0x00000000c1000000, 0x00000000c1000000| Complete 
| 529|0x00000000c1100000, 0x00000000c1200000, 0x00000000c1200000|100%| E|CS|TAMS 0x00000000c1100000, 0x00000000c1100000| Complete 
| 530|0x00000000c1200000, 0x00000000c1300000, 0x00000000c1300000|100%| E|CS|TAMS 0x00000000c1200000, 0x00000000c1200000| Complete 
| 531|0x00000000c1300000, 0x00000000c1400000, 0x00000000c1400000|100%| E|CS|TAMS 0x00000000c1300000, 0x00000000c1300000| Complete 
| 532|0x00000000c1400000, 0x00000000c1500000, 0x00000000c1500000|100%| E|CS|TAMS 0x00000000c1400000, 0x00000000c1400000| Complete 
| 533|0x00000000c1500000, 0x00000000c1600000, 0x00000000c1600000|100%| E|CS|TAMS 0x00000000c1500000, 0x00000000c1500000| Complete 
| 534|0x00000000c1600000, 0x00000000c1700000, 0x00000000c1700000|100%| E|CS|TAMS 0x00000000c1600000, 0x00000000c1600000| Complete 
| 535|0x00000000c1700000, 0x00000000c1800000, 0x00000000c1800000|100%| E|CS|TAMS 0x00000000c1700000, 0x00000000c1700000| Complete 
| 536|0x00000000c1800000, 0x00000000c1900000, 0x00000000c1900000|100%| E|CS|TAMS 0x00000000c1800000, 0x00000000c1800000| Complete 
| 537|0x00000000c1900000, 0x00000000c1a00000, 0x00000000c1a00000|100%| E|CS|TAMS 0x00000000c1900000, 0x00000000c1900000| Complete 
| 538|0x00000000c1a00000, 0x00000000c1b00000, 0x00000000c1b00000|100%| E|CS|TAMS 0x00000000c1a00000, 0x00000000c1a00000| Complete 
| 539|0x00000000c1b00000, 0x00000000c1c00000, 0x00000000c1c00000|100%| E|CS|TAMS 0x00000000c1b00000, 0x00000000c1b00000| Complete 
| 540|0x00000000c1c00000, 0x00000000c1d00000, 0x00000000c1d00000|100%| E|CS|TAMS 0x00000000c1c00000, 0x00000000c1c00000| Complete 
| 541|0x00000000c1d00000, 0x00000000c1e00000, 0x00000000c1e00000|100%| E|CS|TAMS 0x00000000c1d00000, 0x00000000c1d00000| Complete 
| 542|0x00000000c1e00000, 0x00000000c1f00000, 0x00000000c1f00000|100%| E|CS|TAMS 0x00000000c1e00000, 0x00000000c1e00000| Complete 
| 543|0x00000000c1f00000, 0x00000000c2000000, 0x00000000c2000000|100%| E|CS|TAMS 0x00000000c1f00000, 0x00000000c1f00000| Complete 
| 544|0x00000000c2000000, 0x00000000c2100000, 0x00000000c2100000|100%| E|CS|TAMS 0x00000000c2000000, 0x00000000c2000000| Complete 
| 545|0x00000000c2100000, 0x00000000c2200000, 0x00000000c2200000|100%| E|CS|TAMS 0x00000000c2100000, 0x00000000c2100000| Complete 
| 546|0x00000000c2200000, 0x00000000c2300000, 0x00000000c2300000|100%| E|CS|TAMS 0x00000000c2200000, 0x00000000c2200000| Complete 
| 547|0x00000000c2300000, 0x00000000c2400000, 0x00000000c2400000|100%| E|CS|TAMS 0x00000000c2300000, 0x00000000c2300000| Complete 
| 548|0x00000000c2400000, 0x00000000c2500000, 0x00000000c2500000|100%| E|CS|TAMS 0x00000000c2400000, 0x00000000c2400000| Complete 
| 549|0x00000000c2500000, 0x00000000c2600000, 0x00000000c2600000|100%| E|CS|TAMS 0x00000000c2500000, 0x00000000c2500000| Complete 
| 550|0x00000000c2600000, 0x00000000c2700000, 0x00000000c2700000|100%| E|CS|TAMS 0x00000000c2600000, 0x00000000c2600000| Complete 
| 551|0x00000000c2700000, 0x00000000c2800000, 0x00000000c2800000|100%| E|CS|TAMS 0x00000000c2700000, 0x00000000c2700000| Complete 
| 552|0x00000000c2800000, 0x00000000c2900000, 0x00000000c2900000|100%| E|CS|TAMS 0x00000000c2800000, 0x00000000c2800000| Complete 
| 553|0x00000000c2900000, 0x00000000c2a00000, 0x00000000c2a00000|100%| E|CS|TAMS 0x00000000c2900000, 0x00000000c2900000| Complete 
| 554|0x00000000c2a00000, 0x00000000c2b00000, 0x00000000c2b00000|100%| E|CS|TAMS 0x00000000c2a00000, 0x00000000c2a00000| Complete 
| 555|0x00000000c2b00000, 0x00000000c2c00000, 0x00000000c2c00000|100%| E|CS|TAMS 0x00000000c2b00000, 0x00000000c2b00000| Complete 
| 556|0x00000000c2c00000, 0x00000000c2d00000, 0x00000000c2d00000|100%| E|CS|TAMS 0x00000000c2c00000, 0x00000000c2c00000| Complete 
| 557|0x00000000c2d00000, 0x00000000c2e00000, 0x00000000c2e00000|100%| E|CS|TAMS 0x00000000c2d00000, 0x00000000c2d00000| Complete 
| 558|0x00000000c2e00000, 0x00000000c2f00000, 0x00000000c2f00000|100%| E|CS|TAMS 0x00000000c2e00000, 0x00000000c2e00000| Complete 
| 559|0x00000000c2f00000, 0x00000000c3000000, 0x00000000c3000000|100%| E|CS|TAMS 0x00000000c2f00000, 0x00000000c2f00000| Complete 
| 560|0x00000000c3000000, 0x00000000c3100000, 0x00000000c3100000|100%| E|CS|TAMS 0x00000000c3000000, 0x00000000c3000000| Complete 
| 561|0x00000000c3100000, 0x00000000c3200000, 0x00000000c3200000|100%| E|CS|TAMS 0x00000000c3100000, 0x00000000c3100000| Complete 
| 562|0x00000000c3200000, 0x00000000c3300000, 0x00000000c3300000|100%| E|CS|TAMS 0x00000000c3200000, 0x00000000c3200000| Complete 
| 563|0x00000000c3300000, 0x00000000c3400000, 0x00000000c3400000|100%| E|CS|TAMS 0x00000000c3300000, 0x00000000c3300000| Complete 
| 564|0x00000000c3400000, 0x00000000c3500000, 0x00000000c3500000|100%| E|CS|TAMS 0x00000000c3400000, 0x00000000c3400000| Complete 
| 565|0x00000000c3500000, 0x00000000c3600000, 0x00000000c3600000|100%| E|CS|TAMS 0x00000000c3500000, 0x00000000c3500000| Complete 
| 566|0x00000000c3600000, 0x00000000c3700000, 0x00000000c3700000|100%| E|CS|TAMS 0x00000000c3600000, 0x00000000c3600000| Complete 
| 567|0x00000000c3700000, 0x00000000c3800000, 0x00000000c3800000|100%| E|CS|TAMS 0x00000000c3700000, 0x00000000c3700000| Complete 
| 568|0x00000000c3800000, 0x00000000c3900000, 0x00000000c3900000|100%| E|CS|TAMS 0x00000000c3800000, 0x00000000c3800000| Complete 
| 569|0x00000000c3900000, 0x00000000c3a00000, 0x00000000c3a00000|100%| E|CS|TAMS 0x00000000c3900000, 0x00000000c3900000| Complete 
| 570|0x00000000c3a00000, 0x00000000c3b00000, 0x00000000c3b00000|100%| E|CS|TAMS 0x00000000c3a00000, 0x00000000c3a00000| Complete 
| 571|0x00000000c3b00000, 0x00000000c3c00000, 0x00000000c3c00000|100%| E|CS|TAMS 0x00000000c3b00000, 0x00000000c3b00000| Complete 
| 572|0x00000000c3c00000, 0x00000000c3d00000, 0x00000000c3d00000|100%| E|CS|TAMS 0x00000000c3c00000, 0x00000000c3c00000| Complete 
| 573|0x00000000c3d00000, 0x00000000c3e00000, 0x00000000c3e00000|100%| E|CS|TAMS 0x00000000c3d00000, 0x00000000c3d00000| Complete 
| 574|0x00000000c3e00000, 0x00000000c3f00000, 0x00000000c3f00000|100%| E|CS|TAMS 0x00000000c3e00000, 0x00000000c3e00000| Complete 
| 575|0x00000000c3f00000, 0x00000000c4000000, 0x00000000c4000000|100%| E|CS|TAMS 0x00000000c3f00000, 0x00000000c3f00000| Complete 
| 576|0x00000000c4000000, 0x00000000c4100000, 0x00000000c4100000|100%| E|CS|TAMS 0x00000000c4000000, 0x00000000c4000000| Complete 
| 577|0x00000000c4100000, 0x00000000c4200000, 0x00000000c4200000|100%| E|CS|TAMS 0x00000000c4100000, 0x00000000c4100000| Complete 
| 578|0x00000000c4200000, 0x00000000c4300000, 0x00000000c4300000|100%| S|  |TAMS 0x00000000c4200000, 0x00000000c4200000| Complete 
| 579|0x00000000c4300000, 0x00000000c4400000, 0x00000000c4400000|100%| S|  |TAMS 0x00000000c4300000, 0x00000000c4300000| Complete 
| 580|0x00000000c4400000, 0x00000000c4500000, 0x00000000c4500000|100%| S|  |TAMS 0x00000000c4400000, 0x00000000c4400000| Complete 
|1474|0x00000000fc200000, 0x00000000fc300000, 0x00000000fc300000|100%| O|  |TAMS 0x00000000fc200000, 0x00000000fc200000| Untracked 
|1475|0x00000000fc300000, 0x00000000fc400000, 0x00000000fc400000|100%| O|  |TAMS 0x00000000fc300000, 0x00000000fc300000| Untracked 
|1476|0x00000000fc400000, 0x00000000fc500000, 0x00000000fc500000|100%| O|  |TAMS 0x00000000fc400000, 0x00000000fc400000| Untracked 
|1477|0x00000000fc500000, 0x00000000fc600000, 0x00000000fc600000|100%| O|  |TAMS 0x00000000fc500000, 0x00000000fc500000| Untracked 
|1478|0x00000000fc600000, 0x00000000fc700000, 0x00000000fc700000|100%| O|  |TAMS 0x00000000fc600000, 0x00000000fc600000| Untracked 
|1479|0x00000000fc700000, 0x00000000fc800000, 0x00000000fc800000|100%| O|  |TAMS 0x00000000fc700000, 0x00000000fc700000| Untracked 
|1480|0x00000000fc800000, 0x00000000fc900000, 0x00000000fc900000|100%| O|  |TAMS 0x00000000fc800000, 0x00000000fc800000| Untracked 
|1481|0x00000000fc900000, 0x00000000fca00000, 0x00000000fca00000|100%| O|  |TAMS 0x00000000fc900000, 0x00000000fc900000| Untracked 
|1482|0x00000000fca00000, 0x00000000fcb00000, 0x00000000fcb00000|100%| O|  |TAMS 0x00000000fca00000, 0x00000000fca00000| Untracked 
|1483|0x00000000fcb00000, 0x00000000fcc00000, 0x00000000fcc00000|100%| O|  |TAMS 0x00000000fcb00000, 0x00000000fcb00000| Untracked 
|1484|0x00000000fcc00000, 0x00000000fcd00000, 0x00000000fcd00000|100%| O|  |TAMS 0x00000000fcc00000, 0x00000000fcc00000| Untracked 
|1485|0x00000000fcd00000, 0x00000000fce00000, 0x00000000fce00000|100%| O|  |TAMS 0x00000000fcd00000, 0x00000000fcd00000| Untracked 
|1486|0x00000000fce00000, 0x00000000fcf00000, 0x00000000fcf00000|100%| O|  |TAMS 0x00000000fce00000, 0x00000000fce00000| Untracked 
|1487|0x00000000fcf00000, 0x00000000fd000000, 0x00000000fd000000|100%| O|  |TAMS 0x00000000fcf00000, 0x00000000fcf00000| Untracked 
|1488|0x00000000fd000000, 0x00000000fd100000, 0x00000000fd100000|100%| O|  |TAMS 0x00000000fd000000, 0x00000000fd000000| Untracked 
|1489|0x00000000fd100000, 0x00000000fd200000, 0x00000000fd200000|100%| O|  |TAMS 0x00000000fd100000, 0x00000000fd100000| Untracked 
|1490|0x00000000fd200000, 0x00000000fd300000, 0x00000000fd300000|100%| O|  |TAMS 0x00000000fd200000, 0x00000000fd200000| Untracked 
|1491|0x00000000fd300000, 0x00000000fd400000, 0x00000000fd400000|100%| O|  |TAMS 0x00000000fd300000, 0x00000000fd300000| Untracked 
|1492|0x00000000fd400000, 0x00000000fd500000, 0x00000000fd500000|100%| O|  |TAMS 0x00000000fd400000, 0x00000000fd400000| Untracked 
|1493|0x00000000fd500000, 0x00000000fd600000, 0x00000000fd600000|100%| O|  |TAMS 0x00000000fd500000, 0x00000000fd500000| Untracked 
|1494|0x00000000fd600000, 0x00000000fd700000, 0x00000000fd700000|100%| O|  |TAMS 0x00000000fd600000, 0x00000000fd600000| Untracked 
|1495|0x00000000fd700000, 0x00000000fd800000, 0x00000000fd800000|100%| O|  |TAMS 0x00000000fd700000, 0x00000000fd700000| Untracked 
|1496|0x00000000fd800000, 0x00000000fd900000, 0x00000000fd900000|100%| O|  |TAMS 0x00000000fd800000, 0x00000000fd800000| Untracked 
|1497|0x00000000fd900000, 0x00000000fda00000, 0x00000000fda00000|100%| O|  |TAMS 0x00000000fd900000, 0x00000000fd900000| Untracked 
|1498|0x00000000fda00000, 0x00000000fdb00000, 0x00000000fdb00000|100%| O|  |TAMS 0x00000000fda00000, 0x00000000fda00000| Untracked 
|1499|0x00000000fdb00000, 0x00000000fdc00000, 0x00000000fdc00000|100%| O|  |TAMS 0x00000000fdb00000, 0x00000000fdb00000| Untracked 
|1500|0x00000000fdc00000, 0x00000000fdd00000, 0x00000000fdd00000|100%| O|  |TAMS 0x00000000fdc00000, 0x00000000fdc00000| Untracked 
|1501|0x00000000fdd00000, 0x00000000fde00000, 0x00000000fde00000|100%| O|  |TAMS 0x00000000fdd00000, 0x00000000fdd00000| Untracked 
|1502|0x00000000fde00000, 0x00000000fdf00000, 0x00000000fdf00000|100%| O|  |TAMS 0x00000000fde00000, 0x00000000fde00000| Untracked 
|1503|0x00000000fdf00000, 0x00000000fe000000, 0x00000000fe000000|100%| O|  |TAMS 0x00000000fdf00000, 0x00000000fdf00000| Untracked 
|1504|0x00000000fe000000, 0x00000000fe100000, 0x00000000fe100000|100%| O|  |TAMS 0x00000000fe000000, 0x00000000fe000000| Untracked 
|1505|0x00000000fe100000, 0x00000000fe200000, 0x00000000fe200000|100%| O|  |TAMS 0x00000000fe100000, 0x00000000fe100000| Untracked 
|1506|0x00000000fe200000, 0x00000000fe300000, 0x00000000fe300000|100%| O|  |TAMS 0x00000000fe200000, 0x00000000fe200000| Untracked 
|1507|0x00000000fe300000, 0x00000000fe400000, 0x00000000fe400000|100%| O|  |TAMS 0x00000000fe300000, 0x00000000fe300000| Untracked 
|1508|0x00000000fe400000, 0x00000000fe500000, 0x00000000fe500000|100%| O|  |TAMS 0x00000000fe400000, 0x00000000fe400000| Untracked 
|1509|0x00000000fe500000, 0x00000000fe600000, 0x00000000fe600000|100%| O|  |TAMS 0x00000000fe500000, 0x00000000fe500000| Untracked 
|1510|0x00000000fe600000, 0x00000000fe700000, 0x00000000fe700000|100%| O|  |TAMS 0x00000000fe600000, 0x00000000fe600000| Untracked 
|1511|0x00000000fe700000, 0x00000000fe800000, 0x00000000fe800000|100%| O|  |TAMS 0x00000000fe700000, 0x00000000fe700000| Untracked 
|1512|0x00000000fe800000, 0x00000000fe900000, 0x00000000fe900000|100%| O|  |TAMS 0x00000000fe800000, 0x00000000fe800000| Untracked 
|1513|0x00000000fe900000, 0x00000000fea00000, 0x00000000fea00000|100%| O|  |TAMS 0x00000000fe900000, 0x00000000fe900000| Untracked 
|1514|0x00000000fea00000, 0x00000000feb00000, 0x00000000feb00000|100%| O|  |TAMS 0x00000000fea00000, 0x00000000fea00000| Untracked 
|1515|0x00000000feb00000, 0x00000000fec00000, 0x00000000fec00000|100%| O|  |TAMS 0x00000000feb00000, 0x00000000feb00000| Untracked 
|1516|0x00000000fec00000, 0x00000000fed00000, 0x00000000fed00000|100%| O|  |TAMS 0x00000000fec00000, 0x00000000fec00000| Untracked 
|1517|0x00000000fed00000, 0x00000000fee00000, 0x00000000fee00000|100%| O|  |TAMS 0x00000000fed00000, 0x00000000fed00000| Untracked 
|1518|0x00000000fee00000, 0x00000000fef00000, 0x00000000fef00000|100%| O|  |TAMS 0x00000000fee00000, 0x00000000fee00000| Untracked 
|1519|0x00000000fef00000, 0x00000000ff000000, 0x00000000ff000000|100%| O|  |TAMS 0x00000000fef00000, 0x00000000fef00000| Untracked 
|1520|0x00000000ff000000, 0x00000000ff100000, 0x00000000ff100000|100%| O|  |TAMS 0x00000000ff000000, 0x00000000ff000000| Untracked 
|1521|0x00000000ff100000, 0x00000000ff200000, 0x00000000ff200000|100%| O|  |TAMS 0x00000000ff100000, 0x00000000ff100000| Untracked 
|1522|0x00000000ff200000, 0x00000000ff300000, 0x00000000ff300000|100%| O|  |TAMS 0x00000000ff200000, 0x00000000ff200000| Untracked 
|1523|0x00000000ff300000, 0x00000000ff400000, 0x00000000ff400000|100%| O|  |TAMS 0x00000000ff300000, 0x00000000ff300000| Untracked 
|1524|0x00000000ff400000, 0x00000000ff500000, 0x00000000ff500000|100%| O|  |TAMS 0x00000000ff400000, 0x00000000ff400000| Untracked 
|1525|0x00000000ff500000, 0x00000000ff600000, 0x00000000ff600000|100%| O|  |TAMS 0x00000000ff500000, 0x00000000ff500000| Untracked 
|1526|0x00000000ff600000, 0x00000000ff700000, 0x00000000ff700000|100%| O|  |TAMS 0x00000000ff600000, 0x00000000ff600000| Untracked 
|1527|0x00000000ff700000, 0x00000000ff800000, 0x00000000ff800000|100%| O|  |TAMS 0x00000000ff700000, 0x00000000ff700000| Untracked 
|1528|0x00000000ff800000, 0x00000000ff900000, 0x00000000ff900000|100%| O|  |TAMS 0x00000000ff800000, 0x00000000ff800000| Untracked 
|1529|0x00000000ff900000, 0x00000000ffa00000, 0x00000000ffa00000|100%| O|  |TAMS 0x00000000ff900000, 0x00000000ff900000| Untracked 
|1530|0x00000000ffa00000, 0x00000000ffb00000, 0x00000000ffb00000|100%| O|  |TAMS 0x00000000ffa00000, 0x00000000ffa00000| Untracked 
|1531|0x00000000ffb00000, 0x00000000ffc00000, 0x00000000ffc00000|100%| O|  |TAMS 0x00000000ffb00000, 0x00000000ffb00000| Untracked 
|1532|0x00000000ffc00000, 0x00000000ffd00000, 0x00000000ffd00000|100%| O|  |TAMS 0x00000000ffc00000, 0x00000000ffc00000| Untracked 
|1533|0x00000000ffd00000, 0x00000000ffe00000, 0x00000000ffe00000|100%| O|  |TAMS 0x00000000ffd00000, 0x00000000ffd00000| Untracked 
|1534|0x00000000ffe00000, 0x00000000fff00000, 0x00000000fff00000|100%| O|  |TAMS 0x00000000ffe00000, 0x00000000ffe00000| Untracked 
|1535|0x00000000fff00000, 0x0000000100000000, 0x0000000100000000|100%| E|CS|TAMS 0x00000000fff00000, 0x00000000fff00000| Complete 

Card table byte_map: [0x0000029d9ad70000,0x0000029d9b070000] _byte_map_base: 0x0000029d9a870000

Marking Bits (Prev, Next): (CMBitMap*) 0x0000029d85c1b9f0, (CMBitMap*) 0x0000029d85c1ba30
 Prev Bits: [0x0000029d9b370000, 0x0000029d9cb70000)
 Next Bits: [0x0000029d9cb70000, 0x0000029d9e370000)

Polling page: 0x0000029d8a850000

Metaspace:

Usage:
  Non-class:    118.39 MB used.
      Class:     18.39 MB used.
       Both:    136.78 MB used.

Virtual space:
  Non-class space:      128.00 MB reserved,     118.94 MB ( 93%) committed,  2 nodes.
      Class space:        1.00 GB reserved,      18.88 MB (  2%) committed,  1 nodes.
             Both:        1.12 GB reserved,     137.81 MB ( 12%) committed. 

Chunk freelists:
   Non-Class:  8.77 MB
       Class:  13.06 MB
        Both:  21.83 MB

MaxMetaspaceSize: unlimited
CompressedClassSpaceSize: 1.00 GB
Initial GC threshold: 21.00 MB
Current GC threshold: 219.06 MB
CDS: off
MetaspaceReclaimPolicy: balanced
 - commit_granule_bytes: 65536.
 - commit_granule_words: 8192.
 - virtual_space_node_default_size: 8388608.
 - enlarge_chunks_in_place: 1.
 - new_chunks_are_fully_committed: 0.
 - uncommit_free_chunks: 1.
 - use_allocation_guard: 0.
 - handle_deallocations: 1.


Internal statistics:

num_allocs_failed_limit: 9.
num_arena_births: 1602.
num_arena_deaths: 18.
num_vsnodes_births: 3.
num_vsnodes_deaths: 0.
num_space_committed: 2203.
num_space_uncommitted: 0.
num_chunks_returned_to_freelist: 36.
num_chunks_taken_from_freelist: 7023.
num_chunk_merges: 20.
num_chunk_splits: 4606.
num_chunks_enlarged: 2970.
num_inconsistent_stats: 0.

CodeHeap 'non-profiled nmethods': size=119168Kb used=13423Kb max_used=14503Kb free=105744Kb
 bounds [0x0000029d92410000, 0x0000029d93240000, 0x0000029d99870000]
CodeHeap 'profiled nmethods': size=119104Kb used=33770Kb max_used=34285Kb free=85333Kb
 bounds [0x0000029d8a870000, 0x0000029d8ca40000, 0x0000029d91cc0000]
CodeHeap 'non-nmethods': size=7488Kb used=4183Kb max_used=4271Kb free=3304Kb
 bounds [0x0000029d91cc0000, 0x0000029d92100000, 0x0000029d92410000]
 total_blobs=18644 nmethods=17602 adapters=950
 compilation: enabled
              stopped_count=0, restarted_count=0
 full_count=0

Compilation events (20 events):
Event: 19.182 Thread 0x0000029da17f7a00 22222       2       com.android.tools.r8.graph.H2::b (44 bytes)
Event: 19.182 Thread 0x0000029db2d37590 22134       4       com.android.tools.r8.dex.C::a (836 bytes)
Event: 19.183 Thread 0x0000029da17f7a00 nmethod 22222 0x0000029d8bb93790 code [0x0000029d8bb93940, 0x0000029d8bb93b58]
Event: 19.183 Thread 0x0000029da1951370 nmethod 22204 0x0000029d8a9cef10 code [0x0000029d8a9cf1e0, 0x0000029d8a9cff78]
Event: 19.183 Thread 0x0000029da17f7a00 21982       2       com.android.tools.r8.graph.j1::N0 (9 bytes)
Event: 19.183 Thread 0x0000029da1951370 22013       3       com.android.tools.r8.graph.J0::n0 (86 bytes)
Event: 19.183 Thread 0x0000029da17f7a00 nmethod 21982 0x0000029d8c0c2b90 code [0x0000029d8c0c2d20, 0x0000029d8c0c2e88]
Event: 19.183 Thread 0x0000029da17f7a00 22014       2       com.android.tools.r8.dex.C::a (73 bytes)
Event: 19.183 Thread 0x0000029da1951370 nmethod 22013 0x0000029d8bef2610 code [0x0000029d8bef27e0, 0x0000029d8bef2a78]
Event: 19.184 Thread 0x0000029da1951370 22010       3       com.android.tools.r8.dex.C$$Lambda$2359/0x00000001012c7870::<init> (10 bytes)
Event: 19.184 Thread 0x0000029da1951370 nmethod 22010 0x0000029d8c235710 code [0x0000029d8c2358a0, 0x0000029d8c235a58]
Event: 19.184 Thread 0x0000029da1951370 21995       3       java.nio.ShortBuffer::position (6 bytes)
Event: 19.184 Thread 0x0000029da1951370 nmethod 21995 0x0000029d8c27c110 code [0x0000029d8c27c2c0, 0x0000029d8c27c468]
Event: 19.184 Thread 0x0000029da17f7a00 nmethod 22014 0x0000029d8b47af90 code [0x0000029d8b47b1a0, 0x0000029d8b47b688]
Event: 19.185 Thread 0x0000029da1951370 21996       3       java.nio.ShortBuffer::position (8 bytes)
Event: 19.185 Thread 0x0000029da17f7a00 22006       3       java.nio.ShortBuffer::limit (6 bytes)
Event: 19.185 Thread 0x0000029da1951370 nmethod 21996 0x0000029d8c40d910 code [0x0000029d8c40daa0, 0x0000029d8c40dbe8]
Event: 19.185 Thread 0x0000029da17f7a00 nmethod 22006 0x0000029d8c517190 code [0x0000029d8c517340, 0x0000029d8c5174e8]
Event: 19.185 Thread 0x0000029da1951370 22012       3       com.android.tools.r8.graph.J0::<init> (158 bytes)
Event: 19.185 Thread 0x0000029da17f7a00 22009       3       java.nio.ShortBuffer::<init> (24 bytes)

GC Heap History (20 events):
Event: 14.726 GC heap after
{Heap after GC invocations=61 (full 0):
 garbage-first heap   total 279552K, used 222239K [0x00000000a0000000, 0x0000000100000000)
  region size 1024K, 1 young (1024K), 1 survivors (1024K)
 Metaspace       used 122597K, committed 123648K, reserved 1179648K
  class space    used 16470K, committed 16960K, reserved 1048576K
}
Event: 14.729 GC heap before
{Heap before GC invocations=61 (full 0):
 garbage-first heap   total 279552K, used 228383K [0x00000000a0000000, 0x0000000100000000)
  region size 1024K, 2 young (2048K), 1 survivors (1024K)
 Metaspace       used 122597K, committed 123648K, reserved 1179648K
  class space    used 16470K, committed 16960K, reserved 1048576K
}
Event: 14.730 GC heap after
{Heap after GC invocations=62 (full 0):
 garbage-first heap   total 279552K, used 228316K [0x00000000a0000000, 0x0000000100000000)
  region size 1024K, 1 young (1024K), 1 survivors (1024K)
 Metaspace       used 122597K, committed 123648K, reserved 1179648K
  class space    used 16470K, committed 16960K, reserved 1048576K
}
Event: 14.873 GC heap before
{Heap before GC invocations=63 (full 0):
 garbage-first heap   total 382976K, used 237532K [0x00000000a0000000, 0x0000000100000000)
  region size 1024K, 13 young (13312K), 1 survivors (1024K)
 Metaspace       used 122928K, committed 123904K, reserved 1179648K
  class space    used 16512K, committed 17024K, reserved 1048576K
}
Event: 14.875 GC heap after
{Heap after GC invocations=64 (full 0):
 garbage-first heap   total 382976K, used 215667K [0x00000000a0000000, 0x0000000100000000)
  region size 1024K, 2 young (2048K), 2 survivors (2048K)
 Metaspace       used 122928K, committed 123904K, reserved 1179648K
  class space    used 16512K, committed 17024K, reserved 1048576K
}
Event: 14.902 GC heap before
{Heap before GC invocations=64 (full 0):
 garbage-first heap   total 382976K, used 231027K [0x00000000a0000000, 0x0000000100000000)
  region size 1024K, 18 young (18432K), 2 survivors (2048K)
 Metaspace       used 122982K, committed 124032K, reserved 1179648K
  class space    used 16519K, committed 17024K, reserved 1048576K
}
Event: 14.905 GC heap after
{Heap after GC invocations=65 (full 0):
 garbage-first heap   total 382976K, used 215257K [0x00000000a0000000, 0x0000000100000000)
  region size 1024K, 3 young (3072K), 3 survivors (3072K)
 Metaspace       used 122982K, committed 124032K, reserved 1179648K
  class space    used 16519K, committed 17024K, reserved 1048576K
}
Event: 15.141 GC heap before
{Heap before GC invocations=65 (full 0):
 garbage-first heap   total 382976K, used 308441K [0x00000000a0000000, 0x0000000100000000)
  region size 1024K, 95 young (97280K), 3 survivors (3072K)
 Metaspace       used 125534K, committed 126528K, reserved 1179648K
  class space    used 16777K, committed 17216K, reserved 1048576K
}
Event: 15.147 GC heap after
{Heap after GC invocations=66 (full 0):
 garbage-first heap   total 592896K, used 229087K [0x00000000a0000000, 0x0000000100000000)
  region size 1024K, 12 young (12288K), 12 survivors (12288K)
 Metaspace       used 125534K, committed 126528K, reserved 1179648K
  class space    used 16777K, committed 17216K, reserved 1048576K
}
Event: 15.517 GC heap before
{Heap before GC invocations=67 (full 0):
 garbage-first heap   total 592896K, used 366303K [0x00000000a0000000, 0x0000000100000000)
  region size 1024K, 186 young (190464K), 12 survivors (12288K)
 Metaspace       used 128518K, committed 129472K, reserved 1179648K
  class space    used 17077K, committed 17536K, reserved 1048576K
}
Event: 15.521 GC heap after
{Heap after GC invocations=68 (full 0):
 garbage-first heap   total 592896K, used 187103K [0x00000000a0000000, 0x0000000100000000)
  region size 1024K, 10 young (10240K), 10 survivors (10240K)
 Metaspace       used 128518K, committed 129472K, reserved 1179648K
  class space    used 17077K, committed 17536K, reserved 1048576K
}
Event: 15.723 GC heap before
{Heap before GC invocations=68 (full 0):
 garbage-first heap   total 592896K, used 208607K [0x00000000a0000000, 0x0000000100000000)
  region size 1024K, 28 young (28672K), 10 survivors (10240K)
 Metaspace       used 128894K, committed 129920K, reserved 1179648K
  class space    used 17108K, committed 17600K, reserved 1048576K
}
Event: 15.727 GC heap after
{Heap after GC invocations=69 (full 0):
 garbage-first heap   total 592896K, used 176328K [0x00000000a0000000, 0x0000000100000000)
  region size 1024K, 4 young (4096K), 4 survivors (4096K)
 Metaspace       used 128894K, committed 129920K, reserved 1179648K
  class space    used 17108K, committed 17600K, reserved 1048576K
}
Event: 17.097 GC heap before
{Heap before GC invocations=69 (full 0):
 garbage-first heap   total 592896K, used 462024K [0x00000000a0000000, 0x0000000100000000)
  region size 1024K, 279 young (285696K), 4 survivors (4096K)
 Metaspace       used 131313K, committed 132288K, reserved 1179648K
  class space    used 17388K, committed 17856K, reserved 1048576K
}
Event: 17.104 GC heap after
{Heap after GC invocations=70 (full 0):
 garbage-first heap   total 592896K, used 197558K [0x00000000a0000000, 0x0000000100000000)
  region size 1024K, 24 young (24576K), 24 survivors (24576K)
 Metaspace       used 131313K, committed 132288K, reserved 1179648K
  class space    used 17388K, committed 17856K, reserved 1048576K
}
Event: 17.809 GC heap before
{Heap before GC invocations=70 (full 0):
 garbage-first heap   total 592896K, used 453558K [0x00000000a0000000, 0x0000000100000000)
  region size 1024K, 275 young (281600K), 24 survivors (24576K)
 Metaspace       used 133139K, committed 134208K, reserved 1179648K
  class space    used 17583K, committed 18048K, reserved 1048576K
}
Event: 17.815 GC heap after
{Heap after GC invocations=71 (full 0):
 garbage-first heap   total 592896K, used 195933K [0x00000000a0000000, 0x0000000100000000)
  region size 1024K, 14 young (14336K), 14 survivors (14336K)
 Metaspace       used 133139K, committed 134208K, reserved 1179648K
  class space    used 17583K, committed 18048K, reserved 1048576K
}
Event: 18.108 GC heap before
{Heap before GC invocations=71 (full 0):
 garbage-first heap   total 592896K, used 292189K [0x00000000a0000000, 0x0000000100000000)
  region size 1024K, 110 young (112640K), 14 survivors (14336K)
 Metaspace       used 133563K, committed 134592K, reserved 1179648K
  class space    used 17633K, committed 18112K, reserved 1048576K
}
Event: 18.112 GC heap after
{Heap after GC invocations=72 (full 0):
 garbage-first heap   total 592896K, used 197479K [0x00000000a0000000, 0x0000000100000000)
  region size 1024K, 15 young (15360K), 15 survivors (15360K)
 Metaspace       used 133563K, committed 134592K, reserved 1179648K
  class space    used 17633K, committed 18112K, reserved 1048576K
}
Event: 19.185 GC heap before
{Heap before GC invocations=73 (full 0):
 garbage-first heap   total 592896K, used 555879K [0x00000000a0000000, 0x0000000100000000)
  region size 1024K, 269 young (275456K), 15 survivors (15360K)
 Metaspace       used 140061K, committed 141120K, reserved 1179648K
  class space    used 18833K, committed 19328K, reserved 1048576K
}

Dll operation events (3 events):
Event: 0.004 Loaded shared library C:\Program Files\Android\Android Studio2\jbr\bin\java.dll
Event: 0.077 Loaded shared library C:\Program Files\Android\Android Studio2\jbr\bin\zip.dll
Event: 0.236 Loaded shared library C:\Program Files\Android\Android Studio2\jbr\bin\verify.dll

Deoptimization events (20 events):
Event: 19.119 Thread 0x0000029db413abb0 Uncommon trap: trap_request=0xffffff45 fr.pc=0x0000029d92c2e7e4 relative=0x0000000000000144
Event: 19.119 Thread 0x0000029db413abb0 Uncommon trap: reason=unstable_if action=reinterpret pc=0x0000029d92c2e7e4 method=com.android.tools.r8.internal.wz.get(I)Ljava/lang/Object; @ 1 c2
Event: 19.119 Thread 0x0000029db413abb0 DEOPT PACKING pc=0x0000029d92c2e7e4 sp=0x000000f432efe890
Event: 19.119 Thread 0x0000029db413abb0 DEOPT UNPACKING pc=0x0000029d91d169a3 sp=0x000000f432efe828 mode 2
Event: 19.138 Thread 0x0000029db41355a0 Uncommon trap: trap_request=0xffffff45 fr.pc=0x0000029d9297eae8 relative=0x0000000000000348
Event: 19.138 Thread 0x0000029db41355a0 Uncommon trap: reason=unstable_if action=reinterpret pc=0x0000029d9297eae8 method=java.util.concurrent.ConcurrentLinkedQueue.offer(Ljava/lang/Object;)Z @ 42 c2
Event: 19.139 Thread 0x0000029db41355a0 DEOPT PACKING pc=0x0000029d9297eae8 sp=0x000000f4328fedd0
Event: 19.139 Thread 0x0000029db41355a0 DEOPT UNPACKING pc=0x0000029d91d169a3 sp=0x000000f4328fed18 mode 2
Event: 19.139 Thread 0x0000029db4139260 Uncommon trap: trap_request=0xffffff45 fr.pc=0x0000029d927917e8 relative=0x0000000000000348
Event: 19.139 Thread 0x0000029db4137e20 Uncommon trap: trap_request=0xffffff45 fr.pc=0x0000029d92791818 relative=0x0000000000000378
Event: 19.139 Thread 0x0000029db4139260 Uncommon trap: reason=unstable_if action=reinterpret pc=0x0000029d927917e8 method=java.util.concurrent.ConcurrentLinkedQueue.offer(Ljava/lang/Object;)Z @ 42 c2
Event: 19.139 Thread 0x0000029db4137e20 Uncommon trap: reason=unstable_if action=reinterpret pc=0x0000029d92791818 method=java.util.concurrent.ConcurrentLinkedQueue.offer(Ljava/lang/Object;)Z @ 96 c2
Event: 19.140 Thread 0x0000029db4139260 DEOPT PACKING pc=0x0000029d927917e8 sp=0x000000f432bfee20
Event: 19.140 Thread 0x0000029db4137e20 DEOPT PACKING pc=0x0000029d92791818 sp=0x000000f4265feec0
Event: 19.140 Thread 0x0000029db4139260 DEOPT UNPACKING pc=0x0000029d91d169a3 sp=0x000000f432bfedd0 mode 2
Event: 19.140 Thread 0x0000029db4137e20 DEOPT UNPACKING pc=0x0000029d91d169a3 sp=0x000000f4265fee68 mode 2
Event: 19.141 Thread 0x0000029db413a190 Uncommon trap: trap_request=0xffffff45 fr.pc=0x0000029d92c6ae24 relative=0x0000000000000ae4
Event: 19.141 Thread 0x0000029db413a190 Uncommon trap: reason=unstable_if action=reinterpret pc=0x0000029d92c6ae24 method=com.android.tools.r8.internal.wz.d(I)V @ 38 c2
Event: 19.142 Thread 0x0000029db413a190 DEOPT PACKING pc=0x0000029d92c6ae24 sp=0x000000f432dfe9d0
Event: 19.142 Thread 0x0000029db413a190 DEOPT UNPACKING pc=0x0000029d91d169a3 sp=0x000000f432dfe990 mode 2

Classes unloaded (9 events):
Event: 14.771 Thread 0x0000029da17a1040 Unloading class 0x0000000100faa000 'java/lang/invoke/LambdaForm$DMH+0x0000000100faa000'
Event: 14.771 Thread 0x0000029da17a1040 Unloading class 0x0000000100fa9c00 'java/lang/invoke/LambdaForm$DMH+0x0000000100fa9c00'
Event: 14.771 Thread 0x0000029da17a1040 Unloading class 0x0000000100fa9800 'java/lang/invoke/LambdaForm$DMH+0x0000000100fa9800'
Event: 14.771 Thread 0x0000029da17a1040 Unloading class 0x0000000100fa9400 'java/lang/invoke/LambdaForm$DMH+0x0000000100fa9400'
Event: 14.771 Thread 0x0000029da17a1040 Unloading class 0x0000000100fa9000 'java/lang/invoke/LambdaForm$DMH+0x0000000100fa9000'
Event: 14.771 Thread 0x0000029da17a1040 Unloading class 0x0000000100fa8c00 'java/lang/invoke/LambdaForm$DMH+0x0000000100fa8c00'
Event: 14.771 Thread 0x0000029da17a1040 Unloading class 0x0000000100fa8800 'java/lang/invoke/LambdaForm$DMH+0x0000000100fa8800'
Event: 14.771 Thread 0x0000029da17a1040 Unloading class 0x0000000100fa8400 'java/lang/invoke/LambdaForm$DMH+0x0000000100fa8400'
Event: 14.771 Thread 0x0000029da17a1040 Unloading class 0x0000000100fa5c00 'java/lang/invoke/LambdaForm$DMH+0x0000000100fa5c00'

Classes redefined (0 events):
No events

Internal exceptions (20 events):
Event: 18.083 Thread 0x0000029db2f351d0 Exception <a 'sun/nio/fs/WindowsException'{0x00000000be524050}> (0x00000000be524050) 
thrown [s\src\hotspot\share\prims\jni.cpp, line 517]
Event: 18.084 Thread 0x0000029db2f351d0 Exception <a 'sun/nio/fs/WindowsException'{0x00000000be525078}> (0x00000000be525078) 
thrown [s\src\hotspot\share\prims\jni.cpp, line 517]
Event: 18.084 Thread 0x0000029db2f351d0 Exception <a 'sun/nio/fs/WindowsException'{0x00000000be525468}> (0x00000000be525468) 
thrown [s\src\hotspot\share\prims\jni.cpp, line 517]
Event: 18.084 Thread 0x0000029db2f351d0 Exception <a 'sun/nio/fs/WindowsException'{0x00000000be526490}> (0x00000000be526490) 
thrown [s\src\hotspot\share\prims\jni.cpp, line 517]
Event: 18.084 Thread 0x0000029db2f351d0 Exception <a 'sun/nio/fs/WindowsException'{0x00000000be526880}> (0x00000000be526880) 
thrown [s\src\hotspot\share\prims\jni.cpp, line 517]
Event: 18.084 Thread 0x0000029db2f351d0 Exception <a 'sun/nio/fs/WindowsException'{0x00000000be5278a8}> (0x00000000be5278a8) 
thrown [s\src\hotspot\share\prims\jni.cpp, line 517]
Event: 18.084 Thread 0x0000029db2f351d0 Exception <a 'sun/nio/fs/WindowsException'{0x00000000be527c98}> (0x00000000be527c98) 
thrown [s\src\hotspot\share\prims\jni.cpp, line 517]
Event: 18.341 Thread 0x0000029db2f31a20 Exception <a 'sun/nio/fs/WindowsException'{0x00000000c31b64d0}> (0x00000000c31b64d0) 
thrown [s\src\hotspot\share\prims\jni.cpp, line 517]
Event: 18.562 Thread 0x0000029db2f31a20 Exception <a 'java/lang/NoSuchMethodError'{0x00000000c1e7f618}: 'java.lang.Object java.lang.invoke.DirectMethodHandle$Holder.invokeStaticInit(java.lang.Object, java.lang.Object, java.lang.Object, java.lang.Object, java.lang.Object, java.lang.Object, java.lang.Object, java.lang.Object, java.lang.Object, java.lang.Object, java.lang.Object, java.lang.Object, java.lang.Object, java.lang.Object, java.lang.Object, java.lang.Object, java.lang.Object, java.lang.Object, java.lang.Object, java.lang.Object, int, java
Event: 19.038 Thread 0x0000029db4138840 Exception <a 'java/lang/IncompatibleClassChangeError'{0x00000000b60a5750}: Found class java.lang.Object, but interface was expected> (0x00000000b60a5750) 
thrown [s\src\hotspot\share\interpreter\linkResolver.cpp, line 838]
Event: 19.038 Thread 0x0000029db4135090 Exception <a 'java/lang/IncompatibleClassChangeError'{0x00000000b609a5f8}: Found class java.lang.Object, but interface was expected> (0x00000000b609a5f8) 
thrown [s\src\hotspot\share\interpreter\linkResolver.cpp, line 838]
Event: 19.069 Thread 0x0000029db413a6a0 Exception <a 'java/lang/NoSuchMethodError'{0x00000000b5ba3db0}: 'long java.lang.invoke.DirectMethodHandle$Holder.invokeStatic(java.lang.Object, java.lang.Object, java.lang.Object)'> (0x00000000b5ba3db0) 
thrown [s\src\hotspot\share\interpreter\linkResolver.cpp, line 771]
Event: 19.069 Thread 0x0000029db4135090 Exception <a 'java/lang/NoSuchMethodError'{0x00000000b5b50de8}: 'long java.lang.invoke.DirectMethodHandle$Holder.invokeStatic(java.lang.Object, java.lang.Object, java.lang.Object)'> (0x00000000b5b50de8) 
thrown [s\src\hotspot\share\interpreter\linkResolver.cpp, line 771]
Event: 19.069 Thread 0x0000029db4138840 Exception <a 'java/lang/NoSuchMethodError'{0x00000000b5bb1b80}: 'long java.lang.invoke.DirectMethodHandle$Holder.invokeStatic(java.lang.Object, java.lang.Object, java.lang.Object)'> (0x00000000b5bb1b80) 
thrown [s\src\hotspot\share\interpreter\linkResolver.cpp, line 771]
Event: 19.070 Thread 0x0000029db4142020 Exception <a 'java/lang/IncompatibleClassChangeError'{0x00000000b5bd9af0}: Found class java.lang.Object, but interface was expected> (0x00000000b5bd9af0) 
thrown [s\src\hotspot\share\interpreter\linkResolver.cpp, line 838]
Event: 19.070 Thread 0x0000029db413a190 Exception <a 'java/lang/IncompatibleClassChangeError'{0x00000000b5a17a60}: Found class java.lang.Object, but interface was expected> (0x00000000b5a17a60) 
thrown [s\src\hotspot\share\interpreter\linkResolver.cpp, line 838]
Event: 19.070 Thread 0x0000029db413b0c0 Exception <a 'java/lang/IncompatibleClassChangeError'{0x00000000b5be9358}: Found class java.lang.Object, but interface was expected> (0x00000000b5be9358) 
thrown [s\src\hotspot\share\interpreter\linkResolver.cpp, line 838]
Event: 19.071 Thread 0x0000029db413a190 Exception <a 'java/lang/IncompatibleClassChangeError'{0x00000000b5a1baf0}: Found class java.lang.Object, but interface was expected> (0x00000000b5a1baf0) 
thrown [s\src\hotspot\share\interpreter\linkResolver.cpp, line 838]
Event: 19.071 Thread 0x0000029db4142020 Exception <a 'java/lang/IncompatibleClassChangeError'{0x00000000b5bdd988}: Found class java.lang.Object, but interface was expected> (0x00000000b5bdd988) 
thrown [s\src\hotspot\share\interpreter\linkResolver.cpp, line 838]
Event: 19.071 Thread 0x0000029db413bae0 Exception <a 'java/lang/IncompatibleClassChangeError'{0x00000000b5bfa120}: Found class java.lang.Object, but interface was expected> (0x00000000b5bfa120) 
thrown [s\src\hotspot\share\interpreter\linkResolver.cpp, line 838]

VM Operations (20 events):
Event: 17.815 Executing VM operation: G1CollectForAllocation done
Event: 17.826 Executing VM operation: HandshakeAllThreads
Event: 17.826 Executing VM operation: HandshakeAllThreads done
Event: 18.108 Executing VM operation: G1TryInitiateConcMark
Event: 18.112 Executing VM operation: G1TryInitiateConcMark done
Event: 18.144 Executing VM operation: G1PauseRemark
Event: 18.151 Executing VM operation: G1PauseRemark done
Event: 18.169 Executing VM operation: G1PauseCleanup
Event: 18.169 Executing VM operation: G1PauseCleanup done
Event: 18.355 Executing VM operation: HandshakeAllThreads
Event: 18.355 Executing VM operation: HandshakeAllThreads done
Event: 18.401 Executing VM operation: HandshakeAllThreads
Event: 18.402 Executing VM operation: HandshakeAllThreads done
Event: 18.402 Executing VM operation: HandshakeAllThreads
Event: 18.402 Executing VM operation: HandshakeAllThreads done
Event: 18.416 Executing VM operation: HandshakeAllThreads
Event: 18.416 Executing VM operation: HandshakeAllThreads done
Event: 18.438 Executing VM operation: HandshakeAllThreads
Event: 18.438 Executing VM operation: HandshakeAllThreads done
Event: 19.185 Executing VM operation: G1CollectForAllocation

Events (20 events):
Event: 19.039 Thread 0x0000029db4138d50 Thread added: 0x0000029db4138d50
Event: 19.039 Thread 0x0000029db4139260 Thread added: 0x0000029db4139260
Event: 19.039 Thread 0x0000029db413a6a0 Thread added: 0x0000029db413a6a0
Event: 19.039 Thread 0x0000029db413a190 Thread added: 0x0000029db413a190
Event: 19.040 Thread 0x0000029db413abb0 Thread added: 0x0000029db413abb0
Event: 19.040 Thread 0x0000029db413b0c0 Thread added: 0x0000029db413b0c0
Event: 19.040 Thread 0x0000029db4134670 Thread added: 0x0000029db4134670
Event: 19.040 Thread 0x0000029db413de50 Thread added: 0x0000029db413de50
Event: 19.041 Thread 0x0000029db4142020 Thread added: 0x0000029db4142020
Event: 19.042 Thread 0x0000029db4142a40 Thread added: 0x0000029db4142a40
Event: 19.048 loading class java/lang/reflect/GenericSignatureFormatError
Event: 19.048 loading class java/lang/reflect/GenericSignatureFormatError done
Event: 19.103 loading class java/nio/ShortBuffer
Event: 19.104 loading class java/nio/ShortBuffer done
Event: 19.104 loading class java/nio/HeapShortBuffer
Event: 19.112 loading class java/nio/HeapShortBuffer done
Event: 19.137 Thread 0x0000029db1de5950 Thread added: 0x0000029db1de5950
Event: 19.141 Thread 0x0000029db2d35060 Thread added: 0x0000029db2d35060
Event: 19.141 Thread 0x0000029db2d355b0 Thread added: 0x0000029db2d355b0
Event: 19.141 Thread 0x0000029db2d365a0 Thread added: 0x0000029db2d365a0


Dynamic libraries:
0x00007ff619230000 - 0x00007ff61923a000 	C:\Program Files\Android\Android Studio2\jbr\bin\java.exe
0x00007ffa77f70000 - 0x00007ffa78187000 	C:\WINDOWS\SYSTEM32\ntdll.dll
0x00007ffa76640000 - 0x00007ffa76704000 	C:\WINDOWS\System32\KERNEL32.DLL
0x00007ffa752b0000 - 0x00007ffa75667000 	C:\WINDOWS\System32\KERNELBASE.dll
0x00007ffa75b80000 - 0x00007ffa75c91000 	C:\WINDOWS\System32\ucrtbase.dll
0x00007ffa62b70000 - 0x00007ffa62b87000 	C:\Program Files\Android\Android Studio2\jbr\bin\jli.dll
0x00007ffa66fa0000 - 0x00007ffa66fbb000 	C:\Program Files\Android\Android Studio2\jbr\bin\VCRUNTIME140.dll
0x00007ffa76290000 - 0x00007ffa7643f000 	C:\WINDOWS\System32\USER32.dll
0x00007ffa61aa0000 - 0x00007ffa61d33000 	C:\WINDOWS\WinSxS\amd64_microsoft.windows.common-controls_6595b64144ccf1df_6.0.22621.3672_none_2713b9d173822955\COMCTL32.dll
0x00007ffa75a60000 - 0x00007ffa75a86000 	C:\WINDOWS\System32\win32u.dll
0x00007ffa76870000 - 0x00007ffa76917000 	C:\WINDOWS\System32\msvcrt.dll
0x00007ffa77a60000 - 0x00007ffa77a89000 	C:\WINDOWS\System32\GDI32.dll
0x00007ffa75670000 - 0x00007ffa75788000 	C:\WINDOWS\System32\gdi32full.dll
0x00007ffa75790000 - 0x00007ffa7582a000 	C:\WINDOWS\System32\msvcp_win.dll
0x00007ffa76ad0000 - 0x00007ffa76b01000 	C:\WINDOWS\System32\IMM32.DLL
0x00007ffa6c5b0000 - 0x00007ffa6c5bc000 	C:\Program Files\Android\Android Studio2\jbr\bin\vcruntime140_1.dll
0x00007ffa15d90000 - 0x00007ffa15e1d000 	C:\Program Files\Android\Android Studio2\jbr\bin\msvcp140.dll
0x00007ffa08cb0000 - 0x00007ffa09933000 	C:\Program Files\Android\Android Studio2\jbr\bin\server\jvm.dll
0x00007ffa77020000 - 0x00007ffa770d2000 	C:\WINDOWS\System32\ADVAPI32.dll
0x00007ffa77140000 - 0x00007ffa771e8000 	C:\WINDOWS\System32\sechost.dll
0x00007ffa75280000 - 0x00007ffa752a8000 	C:\WINDOWS\System32\bcrypt.dll
0x00007ffa75d50000 - 0x00007ffa75e64000 	C:\WINDOWS\System32\RPCRT4.dll
0x00007ffa740f0000 - 0x00007ffa7413d000 	C:\WINDOWS\SYSTEM32\POWRPROF.dll
0x00007ffa6e5c0000 - 0x00007ffa6e5c9000 	C:\WINDOWS\SYSTEM32\WSOCK32.dll
0x00007ffa6eda0000 - 0x00007ffa6edd4000 	C:\WINDOWS\SYSTEM32\WINMM.dll
0x00007ffa77e90000 - 0x00007ffa77f01000 	C:\WINDOWS\System32\WS2_32.dll
0x00007ffa6b8b0000 - 0x00007ffa6b8ba000 	C:\WINDOWS\SYSTEM32\VERSION.dll
0x00007ffa740d0000 - 0x00007ffa740e3000 	C:\WINDOWS\SYSTEM32\UMPDC.dll
0x00007ffa74320000 - 0x00007ffa74338000 	C:\WINDOWS\SYSTEM32\kernel.appcore.dll
0x00007ffa700b0000 - 0x00007ffa700ba000 	C:\Program Files\Android\Android Studio2\jbr\bin\jimage.dll
0x00007ffa72aa0000 - 0x00007ffa72cd2000 	C:\WINDOWS\SYSTEM32\DBGHELP.DLL
0x00007ffa75ef0000 - 0x00007ffa7627e000 	C:\WINDOWS\System32\combase.dll
0x00007ffa76460000 - 0x00007ffa76537000 	C:\WINDOWS\System32\OLEAUT32.dll
0x00007ffa65ec0000 - 0x00007ffa65ef2000 	C:\WINDOWS\SYSTEM32\dbgcore.DLL
0x00007ffa75a90000 - 0x00007ffa75b0b000 	C:\WINDOWS\System32\bcryptPrimitives.dll
0x00007ffa687c0000 - 0x00007ffa687ce000 	C:\Program Files\Android\Android Studio2\jbr\bin\instrument.dll
0x00007ffa6ef20000 - 0x00007ffa6ef45000 	C:\Program Files\Android\Android Studio2\jbr\bin\java.dll
0x00007ffa6fb10000 - 0x00007ffa6fb28000 	C:\Program Files\Android\Android Studio2\jbr\bin\zip.dll
0x00007ffa771f0000 - 0x00007ffa77a59000 	C:\WINDOWS\System32\SHELL32.dll
0x00007ffa731b0000 - 0x00007ffa73aaf000 	C:\WINDOWS\SYSTEM32\windows.storage.dll
0x00007ffa73070000 - 0x00007ffa731af000 	C:\WINDOWS\SYSTEM32\wintypes.dll
0x00007ffa76540000 - 0x00007ffa76639000 	C:\WINDOWS\System32\SHCORE.dll
0x00007ffa77e30000 - 0x00007ffa77e8e000 	C:\WINDOWS\System32\shlwapi.dll
0x00007ffa751b0000 - 0x00007ffa751d7000 	C:\WINDOWS\SYSTEM32\profapi.dll
0x00007ffa6e180000 - 0x00007ffa6e199000 	C:\Program Files\Android\Android Studio2\jbr\bin\net.dll
0x00007ffa70cb0000 - 0x00007ffa70de6000 	C:\WINDOWS\SYSTEM32\WINHTTP.dll
0x00007ffa747e0000 - 0x00007ffa74849000 	C:\WINDOWS\system32\mswsock.dll
0x00007ffa6c160000 - 0x00007ffa6c176000 	C:\Program Files\Android\Android Studio2\jbr\bin\nio.dll
0x00007ffa687d0000 - 0x00007ffa687e0000 	C:\Program Files\Android\Android Studio2\jbr\bin\verify.dll
0x00007ffa6c5c0000 - 0x00007ffa6c5e7000 	C:\Users\Hashem Arenat\.gradle\native\c067742578af261105cb4f569cf0c3c89f3d7b1fecec35dd04571415982c5e48\windows-amd64\native-platform.dll
0x00007ff9dfd50000 - 0x00007ff9dfe94000 	C:\Users\Hashem Arenat\.gradle\native\38dada09dfb8b06ba9b0570ebf7e218e3eb74d4ef43ca46872605cf95ebc2f47\windows-amd64\native-platform-file-events.dll
0x00007ffa6eef0000 - 0x00007ffa6eef9000 	C:\Program Files\Android\Android Studio2\jbr\bin\management.dll
0x00007ffa687e0000 - 0x00007ffa687eb000 	C:\Program Files\Android\Android Studio2\jbr\bin\management_ext.dll
0x00007ffa76280000 - 0x00007ffa76288000 	C:\WINDOWS\System32\PSAPI.DLL
0x00007ffa74b30000 - 0x00007ffa74b4b000 	C:\WINDOWS\SYSTEM32\CRYPTSP.dll
0x00007ffa742e0000 - 0x00007ffa74315000 	C:\WINDOWS\system32\rsaenh.dll
0x00007ffa74880000 - 0x00007ffa748a8000 	C:\WINDOWS\SYSTEM32\USERENV.dll
0x00007ffa74b10000 - 0x00007ffa74b1c000 	C:\WINDOWS\SYSTEM32\CRYPTBASE.dll
0x00007ffa73d80000 - 0x00007ffa73dad000 	C:\WINDOWS\SYSTEM32\IPHLPAPI.DLL
0x00007ffa76440000 - 0x00007ffa76449000 	C:\WINDOWS\System32\NSI.dll
0x00007ffa70890000 - 0x00007ffa708a9000 	C:\WINDOWS\SYSTEM32\dhcpcsvc6.DLL
0x00007ffa70870000 - 0x00007ffa7088f000 	C:\WINDOWS\SYSTEM32\dhcpcsvc.DLL
0x00007ffa73df0000 - 0x00007ffa73ef2000 	C:\WINDOWS\SYSTEM32\DNSAPI.dll
0x00007ffa6fb90000 - 0x00007ffa6fb99000 	C:\Program Files\Android\Android Studio2\jbr\bin\extnet.dll
0x00007ffa65ff0000 - 0x00007ffa65ff8000 	C:\WINDOWS\system32\wshunix.dll
0x00007ffa700c0000 - 0x00007ffa700ca000 	C:\Windows\System32\rasadhlp.dll
0x00007ffa6f770000 - 0x00007ffa6f7f3000 	C:\WINDOWS\System32\fwpuclnt.dll
0x00007ffa1fe10000 - 0x00007ffa1fe27000 	C:\WINDOWS\system32\napinsp.dll
0x00007ffa1fe50000 - 0x00007ffa1fe6b000 	C:\WINDOWS\system32\pnrpnsp.dll
0x00007ffa1fe30000 - 0x00007ffa1fe41000 	C:\WINDOWS\System32\winrnr.dll
0x00007ffa6ec50000 - 0x00007ffa6ec65000 	C:\WINDOWS\system32\wshbth.dll
0x00007ffa1fe70000 - 0x00007ffa1fe97000 	C:\WINDOWS\system32\nlansp_c.dll
0x00007ffa74490000 - 0x00007ffa744c4000 	C:\WINDOWS\SYSTEM32\ntmarta.dll

dbghelp: loaded successfully - version: 4.0.5 - missing functions: none
symbol engine: initialized successfully - sym options: 0x614 - pdb path: .;C:\Program Files\Android\Android Studio2\jbr\bin;C:\WINDOWS\SYSTEM32;C:\WINDOWS\WinSxS\amd64_microsoft.windows.common-controls_6595b64144ccf1df_6.0.22621.3672_none_2713b9d173822955;C:\Program Files\Android\Android Studio2\jbr\bin\server;C:\Users\Hashem Arenat\.gradle\native\c067742578af261105cb4f569cf0c3c89f3d7b1fecec35dd04571415982c5e48\windows-amd64;C:\Users\Hashem Arenat\.gradle\native\38dada09dfb8b06ba9b0570ebf7e218e3eb74d4ef43ca46872605cf95ebc2f47\windows-amd64

VM Arguments:
jvm_args: --add-opens=java.base/java.util=ALL-UNNAMED --add-opens=java.base/java.lang=ALL-UNNAMED --add-opens=java.base/java.lang.invoke=ALL-UNNAMED --add-opens=java.prefs/java.util.prefs=ALL-UNNAMED --add-opens=java.base/java.nio.charset=ALL-UNNAMED --add-opens=java.base/java.net=ALL-UNNAMED --add-opens=java.base/java.util.concurrent.atomic=ALL-UNNAMED -Xmx1536M -Dfile.encoding=UTF-8 -Duser.country=US -Duser.language=en -Duser.variant -javaagent:C:\Users\Hashem Arenat\.gradle\wrapper\dists\gradle-8.7-bin\bhs2wmbdwecv87pi65oeuq5iu\gradle-8.7\lib\agents\gradle-instrumentation-agent-8.7.jar 
java_command: org.gradle.launcher.daemon.bootstrap.GradleDaemon 8.7
java_class_path (initial): C:\Users\Hashem Arenat\.gradle\wrapper\dists\gradle-8.7-bin\bhs2wmbdwecv87pi65oeuq5iu\gradle-8.7\lib\gradle-launcher-8.7.jar
Launcher Type: SUN_STANDARD

[Global flags]
     intx CICompilerCount                          = 12                                        {product} {ergonomic}
     uint ConcGCThreads                            = 4                                         {product} {ergonomic}
     uint G1ConcRefinementThreads                  = 15                                        {product} {ergonomic}
   size_t G1HeapRegionSize                         = 1048576                                   {product} {ergonomic}
    uintx GCDrainStackTargetSize                   = 64                                        {product} {ergonomic}
   size_t InitialHeapSize                          = 264241152                                 {product} {ergonomic}
   size_t MarkStackSize                            = 4194304                                   {product} {ergonomic}
   size_t MaxHeapSize                              = 1610612736                                {product} {command line}
   size_t MaxNewSize                               = 965738496                                 {product} {ergonomic}
   size_t MinHeapDeltaBytes                        = 1048576                                   {product} {ergonomic}
   size_t MinHeapSize                              = 8388608                                   {product} {ergonomic}
    uintx NonNMethodCodeHeapSize                   = 7602480                                {pd product} {ergonomic}
    uintx NonProfiledCodeHeapSize                  = 122027880                              {pd product} {ergonomic}
    uintx ProfiledCodeHeapSize                     = 122027880                              {pd product} {ergonomic}
    uintx ReservedCodeCacheSize                    = 251658240                              {pd product} {ergonomic}
     bool SegmentedCodeCache                       = true                                      {product} {ergonomic}
   size_t SoftMaxHeapSize                          = 1610612736                             {manageable} {ergonomic}
     bool UseCompressedClassPointers               = true                           {product lp64_product} {ergonomic}
     bool UseCompressedOops                        = true                           {product lp64_product} {ergonomic}
     bool UseG1GC                                  = true                                      {product} {ergonomic}
     bool UseLargePagesIndividualAllocation        = false                                  {pd product} {ergonomic}

Logging:
Log output configuration:
 #0: stdout all=warning uptime,level,tags
 #1: stderr all=off uptime,level,tags

Environment Variables:
JAVA_HOME=C:\Program Files\Java\jdk-21
PATH=D:\DevSuiteHome_1\jdk\jre\bin\classic;D:\DevSuiteHome_1\jdk\jre\bin;D:\DevSuiteHome_1\jdk\jre\bin\client;D:\DevSuiteHome_1\jlib;D:\DevSuiteHome_1\bin;D:\DevSuiteHome_1\jre\1.4.2\bin\client;D:\DevSuiteHome_1\jre\1.4.2\bin;C:\Program Files\Common Files\Oracle\Java\javapath;C:\WINDOWS\system32;C:\WINDOWS;C:\WINDOWS\System32\Wbem;C:\WINDOWS\System32\WindowsPowerShell\v1.0\;C:\WINDOWS\System32\OpenSSH\;C:\MinGW\bin;C:\Program Files\Java\jdk-21\bin;C:\Program Files\nodejs;C:\Program Files\nodejs\node_modules\npm\bin;C:\Program Files\Git\cmd;C:\Program Files\dotnet\;C:\Users\Hashem Arenat\AppData\Local\Microsoft\WindowsApps;C:\AppServ\Apache24\bin;C:\AppServ\php7;C:\AppServ\MySQL\bin;C:\Program Files\Java\jdk-21\bin;C:\scrcpy-win64-v2.2;C:\dart-sdk\bin;C:\Users\Hashem Arenat\AppData\Local\Programs\Microsoft VS Code\bin;C:\flutter\bin;C:\Users\Hashem Arenat\Desktop\cmder\bin;C:\Users\Hashem Arenat\AppData\Roaming\npm;;C:\Program Files\JetBrains\IntelliJ IDEA Community Edition 2024.1.2\bin;;C:\Program Files\JetBrains\IntelliJ IDEA 2024.1.2\bin;
USERNAME=Hashem 1
OS=Windows_NT
PROCESSOR_IDENTIFIER=Intel64 Family 6 Model 154 Stepping 3, GenuineIntel
TMP=C:\Users\HASHEM~1\AppData\Local\Temp
TEMP=C:\Users\HASHEM~1\AppData\Local\Temp



Periodic native trim disabled

JNI global refs:
JNI global refs: 46, weak refs: 217

JNI global refs memory usage: 843, weak refs: 2737

OOME stack traces (most recent first):
Classloader memory used:
Loader org.gradle.internal.classloader.VisitableURLClassLoader$InstrumentingVisitableURLClassLoader: 6397K
Loader org.gradle.internal.classloader.VisitableURLClassLoader                         : 5226K
Loader bootstrap                                                                       : 4010K
Loader org.gradle.initialization.MixInLegacyTypesClassLoader                           : 1567K
Loader jdk.internal.reflect.DelegatingClassLoader                                      : 125K
Loader jdk.internal.loader.ClassLoaders$PlatformClassLoader                            : 106K
Loader org.codehaus.groovy.runtime.callsite.CallSiteClassLoader                        : 31999B
Loader jdk.internal.loader.ClassLoaders$AppClassLoader                                 : 28774B
Loader org.gradle.internal.classloader.VisitableURLClassLoader                         : 14739B
Loader sun.reflect.misc.MethodUtil                                                     : 373B

Classes loaded by more than one classloader:
Class Program                                                                         : loaded 5 times (x 70B)
Class [Lcom.google.common.collect.MapMakerInternalMap$Segment;                        : loaded 2 times (x 67B)
Class com.google.common.collect.Iterators$MergingIterator                             : loaded 2 times (x 79B)
Class org.apache.commons.io.function.IOFunction                                       : loaded 2 times (x 68B)
Class com.google.common.io.Closer$SuppressingSuppressor                               : loaded 2 times (x 73B)
Class org.objectweb.asm.ModuleVisitor                                                 : loaded 2 times (x 79B)
Class com.google.common.io.ByteSource                                                 : loaded 2 times (x 82B)
Class [Lcom.google.common.collect.AbstractMapEntry;                                   : loaded 2 times (x 67B)
Class com.google.common.io.AppendableWriter                                           : loaded 2 times (x 98B)
Class com.google.common.collect.ImmutableRangeSet$AsSet                               : loaded 2 times (x 233B)
Class com.google.common.collect.SingletonImmutableList                                : loaded 2 times (x 167B)
Class org.apache.http.client.methods.AbstractExecutionAwareRequest                    : loaded 2 times (x 126B)
Class com.google.common.cache.CacheLoader$SupplierToCacheLoader                       : loaded 2 times (x 73B)
Class org.gradle.internal.classpath.ClassPath                                         : loaded 2 times (x 68B)
Class com.google.common.io.FileWriteMode                                              : loaded 2 times (x 77B)
Class com.google.common.cache.RemovalListener                                         : loaded 2 times (x 68B)
Class org.gradle.api.internal.classpath.DefaultModuleRegistry                         : loaded 2 times (x 84B)
Class com.google.common.collect.FluentIterable$1                                      : loaded 2 times (x 79B)
Class com.google.common.collect.FluentIterable$2                                      : loaded 2 times (x 79B)
Class com.google.common.collect.FluentIterable$3                                      : loaded 2 times (x 79B)
Class Settings_gradle$1$1                                                             : loaded 2 times (x 72B)
Class com.google.common.collect.ImmutableEnumSet                                      : loaded 2 times (x 144B)
Class [Lcom.google.common.collect.MapMaker$Dummy;                                     : loaded 2 times (x 67B)
Class com.google.common.collect.ListMultimap                                          : loaded 2 times (x 68B)
Class com.google.common.base.CharMatcher$JavaDigit                                    : loaded 2 times (x 109B)
Class com.google.common.base.CharMatcher$Digit                                        : loaded 2 times (x 110B)
Class com.google.common.collect.AbstractMultimap                                      : loaded 2 times (x 121B)
Class com.google.common.cache.CacheBuilder$OneWeigher                                 : loaded 2 times (x 80B)
Class org.gradle.api.Action                                                           : loaded 2 times (x 68B)
Class com.google.common.collect.ImmutableEntry                                        : loaded 2 times (x 80B)
Class com.google.common.collect.Lists$StringAsImmutableList                           : loaded 2 times (x 167B)
Class com.google.common.cache.LocalCache$StrongEntry                                  : loaded 2 times (x 106B)
Class com.google.common.collect.MapMakerInternalMap$InternalEntryHelper               : loaded 2 times (x 68B)
Class org.objectweb.asm.FieldWriter                                                   : loaded 2 times (x 76B)
Class com.google.common.base.CharMatcher                                              : loaded 2 times (x 109B)
Class com.google.common.base.CharMatcher$IsNot                                        : loaded 2 times (x 109B)
Class com.google.common.collect.RegularImmutableSortedSet                             : loaded 2 times (x 233B)
Class com.google.common.collect.Maps$IteratorBasedAbstractMap                         : loaded 2 times (x 123B)
Class com.google.common.collect.SetMultimap                                           : loaded 2 times (x 68B)
Class com.google.common.base.Splitter                                                 : loaded 2 times (x 70B)
Class [Lcom.google.common.cache.Weigher;                                              : loaded 2 times (x 67B)
Class com.google.common.collect.Iterators$ArrayItr                                    : loaded 2 times (x 95B)
Class com.google.common.collect.MapMakerInternalMap$Strength                          : loaded 2 times (x 78B)
Class com.google.common.cache.LocalCache$Segment                                      : loaded 2 times (x 152B)
Class org.gradle.api.internal.DefaultClassPathProvider                                : loaded 2 times (x 74B)
Class org.gradle.internal.installation.GradleInstallation$1                           : loaded 2 times (x 73B)
Class com.google.common.cache.LocalCache$AbstractReferenceEntry                       : loaded 2 times (x 105B)
Class org.objectweb.asm.Type                                                          : loaded 2 times (x 70B)
Class com.google.common.util.concurrent.AbstractFuture$Failure                        : loaded 2 times (x 70B)
Class com.google.common.base.CharMatcher$BitSetMatcher                                : loaded 2 times (x 110B)
Class com.google.common.collect.ImmutableMap$IteratorBasedImmutableMap                : loaded 2 times (x 123B)
Class com.google.common.io.Files$FileByteSource                                       : loaded 2 times (x 83B)
Class com.google.common.collect.ImmutableMap                                          : loaded 2 times (x 118B)
Class com.google.common.base.Converter                                                : loaded 2 times (x 88B)
Class com.google.common.collect.ImmutableSortedSetFauxverideShim                      : loaded 2 times (x 145B)
Class com.google.common.collect.ImmutableSet$EmptySetBuilderImpl                      : loaded 2 times (x 74B)
Class com.google.common.base.Equivalence                                              : loaded 2 times (x 80B)
Class com.google.common.primitives.Ints                                               : loaded 2 times (x 69B)
Class com.google.common.cache.LocalCache$EntryFactory$1                               : loaded 2 times (x 81B)
Class com.google.common.cache.LocalCache$EntryFactory$2                               : loaded 2 times (x 81B)
Class com.google.common.cache.LocalCache$EntryFactory$3                               : loaded 2 times (x 81B)
Class com.google.common.cache.LocalCache$EntryFactory$4                               : loaded 2 times (x 81B)
Class com.google.common.cache.LocalCache$EntryFactory$5                               : loaded 2 times (x 81B)
Class com.google.common.cache.LocalCache$EntryFactory$6                               : loaded 2 times (x 81B)
Class com.google.common.cache.LocalCache$EntryFactory$7                               : loaded 2 times (x 81B)
Class com.google.common.cache.LocalCache$EntryFactory$8                               : loaded 2 times (x 81B)
Class com.google.common.base.Predicate                                                : loaded 2 times (x 68B)
Class com.google.common.cache.LocalCache$StrongValueReference                         : loaded 2 times (x 88B)
Class org.gradle.internal.classloader.FilteringClassLoader                            : loaded 2 times (x 103B)
Class com.google.common.collect.AbstractMapBasedMultimap$WrappedCollection            : loaded 2 times (x 122B)
Class com.google.common.collect.RegularImmutableSet                                   : loaded 2 times (x 146B)
Class [Lcom.google.common.cache.LocalCache$Strength;                                  : loaded 2 times (x 67B)
Class org.gradle.internal.classpath.DefaultClassPath$ImmutableUniqueList$Builder      : loaded 2 times (x 73B)
Class com.google.common.collect.AbstractRangeSet                                      : loaded 2 times (x 112B)
Class com.google.common.collect.Maps$8                                                : loaded 2 times (x 80B)
Class [Lcom.google.common.cache.CacheBuilder$NullListener;                            : loaded 2 times (x 67B)
Class com.google.common.base.PatternCompiler                                          : loaded 2 times (x 68B)
Class com.google.common.io.CharStreams$NullWriter                                     : loaded 2 times (x 97B)
Class com.google.common.base.CharMatcher$InRange                                      : loaded 2 times (x 109B)
Class com.google.common.collect.Maps$KeySet                                           : loaded 2 times (x 135B)
Class com.google.common.collect.ImmutableMultimap$EntryCollection                     : loaded 2 times (x 125B)
Class com.google.common.collect.Sets$SetView                                          : loaded 2 times (x 136B)
Class com.google.common.collect.BiMap                                                 : loaded 2 times (x 68B)
Class com.google.common.collect.Lists                                                 : loaded 2 times (x 69B)
Class org.objectweb.asm.AnnotationWriter                                              : loaded 2 times (x 77B)
Class org.apache.commons.io.output.ThresholdingOutputStream                           : loaded 2 times (x 92B)
Class com.google.common.math.IntMath$1                                                : loaded 2 times (x 69B)
Class org.gradle.internal.classloader.ClassLoaderVisitor                              : loaded 2 times (x 74B)
Class org.apache.http.HttpEntityEnclosingRequest                                      : loaded 2 times (x 68B)
Class org.objectweb.asm.Label                                                         : loaded 2 times (x 71B)
Class com.google.common.cache.CacheBuilder$NullListener                               : loaded 2 times (x 80B)
Class com.google.common.collect.ImmutableMultimap                                     : loaded 2 times (x 145B)
Class org.apache.commons.io.filefilter.IOFileFilter                                   : loaded 2 times (x 68B)
Class com.google.common.math.MathPreconditions                                        : loaded 2 times (x 69B)
Class org.gradle.internal.service.DefaultServiceLocator                               : loaded 2 times (x 81B)
Class org.gradle.internal.service.UnknownServiceException                             : loaded 2 times (x 81B)
Class org.apache.http.client.methods.HttpUriRequest                                   : loaded 2 times (x 68B)
Class com.google.common.util.concurrent.AbstractFuture$SynchronizedHelper             : loaded 2 times (x 76B)
Class com.google.common.collect.ArrayListMultimap                                     : loaded 2 times (x 170B)
Class com.google.common.base.Strings                                                  : loaded 2 times (x 69B)
Class com.google.common.io.Closer                                                     : loaded 2 times (x 76B)
Class com.google.common.cache.CacheLoader$InvalidCacheLoadException                   : loaded 2 times (x 80B)
Class org.gradle.internal.classloader.DefaultClassLoaderFactory                       : loaded 2 times (x 80B)
Class com.google.common.collect.UnmodifiableIterator                                  : loaded 2 times (x 78B)
Class com.google.common.base.Stopwatch                                                : loaded 2 times (x 70B)
Class com.google.common.base.Platform$JdkPatternCompiler                              : loaded 2 times (x 73B)
Class com.google.common.collect.Interners$InternerImpl                                : loaded 2 times (x 73B)
Class com.google.common.cache.LocalCache$LoadingValueReference                        : loaded 2 times (x 94B)
Class org.apache.commons.io.output.ByteArrayOutputStream                              : loaded 2 times (x 100B)
Class com.google.common.base.CharMatcher$SingleWidth                                  : loaded 2 times (x 110B)
Class com.google.common.collect.Hashing                                               : loaded 2 times (x 69B)
Class com.google.common.collect.MapMakerInternalMap$AbstractStrongKeyEntry            : loaded 2 times (x 78B)
Class com.google.common.collect.ImmutableRangeSet$ComplementRanges                    : loaded 2 times (x 167B)
Class com.google.common.base.JdkPattern                                               : loaded 2 times (x 73B)
Class com.google.common.base.Optional                                                 : loaded 2 times (x 78B)
Class com.google.common.collect.Multimap                                              : loaded 2 times (x 68B)
Class com.google.common.base.FunctionalEquivalence                                    : loaded 2 times (x 81B)
Class org.objectweb.asm.AnnotationVisitor                                             : loaded 2 times (x 76B)
Class org.objectweb.asm.RecordComponentWriter                                         : loaded 2 times (x 76B)
Class com.google.common.cache.LocalCache$1                                            : loaded 2 times (x 87B)
Class com.google.common.cache.LocalCache$2                                            : loaded 2 times (x 140B)
Class com.google.common.collect.RegularImmutableBiMap                                 : loaded 2 times (x 146B)
Class org.gradle.internal.classloader.VisitableURLClassLoader$Spec                    : loaded 2 times (x 72B)
Class org.gradle.api.GradleException                                                  : loaded 2 times (x 80B)
Class com.google.common.base.CharMatcher$JavaLetterOrDigit                            : loaded 2 times (x 109B)
Class org.gradle.api.internal.classpath.ModuleRegistry                                : loaded 2 times (x 68B)
Class com.google.common.collect.ForwardingObject                                      : loaded 2 times (x 70B)
Class com.google.common.cache.CacheBuilder                                            : loaded 2 times (x 70B)
Class org.objectweb.asm.ByteVector                                                    : loaded 2 times (x 77B)
Class com.google.common.collect.ImmutableCollection                                   : loaded 2 times (x 123B)
Class com.google.common.collect.ImmutableRangeSet                                     : loaded 2 times (x 113B)
Class com.google.common.base.PairwiseEquivalence                                      : loaded 2 times (x 81B)
Class com.google.common.base.Ticker                                                   : loaded 2 times (x 70B)
Class org.gradle.api.internal.ClassPathProvider                                       : loaded 2 times (x 68B)
Class com.google.common.base.Ascii                                                    : loaded 2 times (x 69B)
Class com.google.common.collect.RegularImmutableMap$Values                            : loaded 2 times (x 167B)
Class org.objectweb.asm.ModuleWriter                                                  : loaded 2 times (x 80B)
Class org.gradle.internal.classloader.ClasspathUtil$1                                 : loaded 2 times (x 74B)
Class com.google.common.collect.ImmutableEnumMap                                      : loaded 2 times (x 123B)
Class org.apache.http.client.CredentialsProvider                                      : loaded 2 times (x 68B)
Class com.google.common.collect.ImmutableList$ReverseImmutableList                    : loaded 2 times (x 168B)
Class com.google.common.cache.AbstractCache$StatsCounter                              : loaded 2 times (x 68B)
Class org.objectweb.asm.FieldVisitor                                                  : loaded 2 times (x 75B)
Class org.objectweb.asm.Symbol                                                        : loaded 2 times (x 71B)
Class Build_gradle$1$1                                                                : loaded 2 times (x 76B)
Class com.google.common.cache.LocalCache$Strength$1                                   : loaded 2 times (x 79B)
Class com.google.common.collect.EmptyImmutableListMultimap                            : loaded 2 times (x 174B)
Class com.google.common.cache.LocalCache$Strength$2                                   : loaded 2 times (x 79B)
Class com.google.common.cache.LocalCache$Strength$3                                   : loaded 2 times (x 79B)
Class org.gradle.internal.classloader.ClassLoaderFactory                              : loaded 2 times (x 68B)
Class com.google.common.collect.ObjectArrays                                          : loaded 2 times (x 69B)
Class com.google.common.base.Absent                                                   : loaded 2 times (x 78B)
Class com.google.common.util.concurrent.AbstractFuture$Waiter                         : loaded 2 times (x 70B)
Class com.google.common.util.concurrent.Uninterruptibles                              : loaded 2 times (x 69B)
Class com.google.common.collect.Iterators$10                                          : loaded 2 times (x 79B)
Class com.google.common.collect.Iterators$EmptyModifiableIterator                     : loaded 2 times (x 84B)
Class com.google.common.collect.ImmutableList                                         : loaded 2 times (x 166B)
Class org.gradle.api.internal.classpath.ManifestUtil                                  : loaded 2 times (x 69B)
Class org.gradle.api.specs.Spec                                                       : loaded 2 times (x 68B)
Class com.google.common.collect.RangeSet                                              : loaded 2 times (x 68B)
Class com.google.common.cache.CacheLoader$UnsupportedLoadingOperationException        : loaded 2 times (x 80B)
Class com.google.common.base.CharMatcher$Whitespace                                   : loaded 2 times (x 110B)
Class com.google.common.util.concurrent.ListenableFuture                              : loaded 2 times (x 68B)
Class com.google.common.collect.MapMaker$Dummy                                        : loaded 2 times (x 77B)
Class org.apache.http.client.methods.AbortableHttpRequest                             : loaded 2 times (x 68B)
Class com.google.common.collect.Iterators$1                                           : loaded 2 times (x 79B)
Class com.google.common.collect.BaseImmutableMultimap                                 : loaded 2 times (x 121B)
Class com.google.common.collect.Iterators$4                                           : loaded 2 times (x 80B)
Class com.google.common.collect.RegularImmutableMap$BucketOverflowException           : loaded 2 times (x 80B)
Class com.google.common.collect.Iterators$5                                           : loaded 2 times (x 80B)
Class com.google.common.util.concurrent.AbstractFuture$UnsafeAtomicHelper             : loaded 2 times (x 76B)
Class com.google.common.base.Joiner                                                   : loaded 2 times (x 77B)
Class com.google.common.base.Equivalence$Equals                                       : loaded 2 times (x 80B)
Class com.google.common.base.Preconditions                                            : loaded 2 times (x 69B)
Class com.google.common.base.Function                                                 : loaded 2 times (x 68B)
Class com.google.common.collect.Iterators$9                                           : loaded 2 times (x 79B)
Class org.gradle.internal.IoActions                                                   : loaded 2 times (x 69B)
Class com.google.common.collect.MapMakerInternalMap$StrongKeyDummyValueEntry$Helper   : loaded 2 times (x 77B)
Class com.google.common.cache.ReferenceEntry                                          : loaded 2 times (x 68B)
Class org.apache.http.HttpMessage                                                     : loaded 2 times (x 68B)
Class com.google.common.collect.RegularImmutableMap$KeySet                            : loaded 2 times (x 148B)
Class com.google.common.collect.CollectPreconditions                                  : loaded 2 times (x 69B)
Class com.google.common.primitives.IntsMethodsForWeb                                  : loaded 2 times (x 69B)
Class com.google.common.collect.RangeGwtSerializationDependencies                     : loaded 2 times (x 69B)
Class com.google.common.collect.Maps                                                  : loaded 2 times (x 69B)
Class com.google.common.collect.RegularImmutableMap                                   : loaded 2 times (x 119B)
Class org.apache.http.HttpEntity                                                      : loaded 2 times (x 68B)
Class com.google.common.collect.AbstractIndexedListIterator                           : loaded 2 times (x 94B)
Class com.google.common.collect.ImmutableMultimap$Builder                             : loaded 2 times (x 81B)
Class com.google.common.base.CharMatcher$None                                         : loaded 2 times (x 110B)
Class [Lorg.apache.commons.io.StandardLineSeparator;                                  : loaded 2 times (x 67B)
Class org.gradle.api.internal.classpath.EffectiveClassPath                            : loaded 2 times (x 88B)
Class org.apache.commons.io.StandardLineSeparator                                     : loaded 2 times (x 77B)
Class org.apache.commons.io.output.AppendableWriter                                   : loaded 2 times (x 98B)
Class org.apache.http.client.methods.Configurable                                     : loaded 2 times (x 68B)
Class com.google.common.collect.UnmodifiableListIterator                              : loaded 2 times (x 93B)
Class com.google.common.io.Files                                                      : loaded 2 times (x 69B)
Class com.google.common.cache.CacheLoader$FunctionToCacheLoader                       : loaded 2 times (x 73B)
Class com.google.common.cache.CacheBuilder$1                                          : loaded 2 times (x 83B)
Class com.google.common.cache.CacheBuilder$2                                          : loaded 2 times (x 70B)
Class com.google.common.collect.ImmutableList$1                                       : loaded 2 times (x 95B)
Class com.google.common.base.Splitter$Strategy                                        : loaded 2 times (x 68B)
Class com.google.common.io.CharStreams                                                : loaded 2 times (x 69B)
Class com.google.common.collect.ImmutableMapEntrySet$RegularEntrySet                  : loaded 2 times (x 149B)
Class [Lcom.google.common.cache.RemovalListener;                                      : loaded 2 times (x 67B)
Class [Lcom.google.common.collect.ImmutableMapEntry;                                  : loaded 2 times (x 67B)
Class com.google.common.collect.Interners                                             : loaded 2 times (x 69B)
Class com.google.common.collect.MapMakerInternalMap$Strength$1                        : loaded 2 times (x 78B)
Class org.gradle.internal.installation.CurrentGradleInstallation                      : loaded 2 times (x 71B)
Class com.google.common.collect.MapMakerInternalMap$Strength$2                        : loaded 2 times (x 78B)
Class org.gradle.internal.agents.InstrumentingClassLoader                             : loaded 2 times (x 68B)
Class org.gradle.internal.installation.CurrentGradleInstallationLocator               : loaded 2 times (x 69B)
Class [Lcom.google.common.cache.LocalCache$Segment;                                   : loaded 2 times (x 67B)
Class org.gradle.api.internal.classpath.Module                                        : loaded 2 times (x 68B)
Class com.google.common.collect.ImmutableSortedSet                                    : loaded 2 times (x 233B)
Class com.google.common.base.Splitter$1$1                                             : loaded 2 times (x 84B)
Class com.google.common.collect.MapMakerInternalMap$Segment                           : loaded 2 times (x 140B)
Class com.google.common.collect.ImmutableSet$JdkBackedSetBuilderImpl                  : loaded 2 times (x 74B)
Class com.google.common.collect.ImmutableSet$RegularSetBuilderImpl                    : loaded 2 times (x 75B)
Class [Lorg.objectweb.asm.AnnotationWriter;                                           : loaded 2 times (x 67B)
Class org.gradle.internal.service.CachingServiceLocator                               : loaded 2 times (x 80B)
Class org.apache.http.client.methods.HttpPut                                          : loaded 2 times (x 151B)
Class [Lcom.google.common.collect.ImmutableEntry;                                     : loaded 2 times (x 67B)
Class com.google.common.collect.Sets$ImprovedAbstractSet                              : loaded 2 times (x 133B)
Class com.google.common.collect.AbstractMapBasedMultimap$AsMap                        : loaded 2 times (x 126B)
Class org.gradle.internal.classpath.DefaultClassPath                                  : loaded 2 times (x 88B)
Class com.google.common.collect.MapMakerInternalMap$1                                 : loaded 2 times (x 81B)
Class com.google.common.util.concurrent.AbstractFuture$SetFuture                      : loaded 2 times (x 73B)
Class com.google.common.collect.CollectCollectors                                     : loaded 2 times (x 69B)
Class com.google.common.collect.TransformedIterator                                   : loaded 2 times (x 78B)
Class com.google.common.base.Splitter$SplittingIterator                               : loaded 2 times (x 82B)
Class com.google.common.collect.ImmutableMultisetGwtSerializationDependencies         : loaded 2 times (x 123B)
Class com.google.common.collect.ImmutableListMultimap                                 : loaded 2 times (x 174B)
Class com.google.common.cache.LocalCache$LocalManualCache$1                           : loaded 2 times (x 73B)
Class Build_gradle$1                                                                  : loaded 2 times (x 72B)
Class Build_gradle$2                                                                  : loaded 2 times (x 76B)
Class [Lcom.google.common.collect.AbstractIterator$State;                             : loaded 2 times (x 67B)
Class org.objectweb.asm.SymbolTable$Entry                                             : loaded 2 times (x 72B)
Class [Lcom.google.common.cache.LocalCache$EntryFactory;                              : loaded 2 times (x 67B)
Class com.google.common.base.CharMatcher$Is                                           : loaded 2 times (x 109B)
Class com.google.common.base.Platform                                                 : loaded 2 times (x 69B)
Class com.google.common.collect.RegularImmutableAsList                                : loaded 2 times (x 176B)
Class com.google.common.base.Suppliers$NonSerializableMemoizingSupplier               : loaded 2 times (x 77B)
Class com.google.common.collect.PeekingIterator                                       : loaded 2 times (x 68B)
Class com.google.common.collect.ImmutableSetMultimap                                  : loaded 2 times (x 178B)
Class com.google.common.collect.ImmutableMapEntrySet                                  : loaded 2 times (x 149B)
Class com.google.common.cache.CacheLoader                                             : loaded 2 times (x 72B)
Class com.google.common.collect.ImmutableBiMapFauxverideShim                          : loaded 2 times (x 118B)
Class org.objectweb.asm.MethodTooLargeException                                       : loaded 2 times (x 81B)
Class com.google.common.cache.Cache                                                   : loaded 2 times (x 68B)
Class com.google.common.collect.Maps$EntrySet                                         : loaded 2 times (x 134B)
Class org.gradle.internal.classloader.SystemClassLoaderSpec                           : loaded 2 times (x 69B)
Class com.google.common.io.LineBuffer                                                 : loaded 2 times (x 73B)
Class com.google.common.util.concurrent.internal.InternalFutureFailureAccess          : loaded 2 times (x 70B)
Class com.google.common.base.Charsets                                                 : loaded 2 times (x 69B)
Class com.google.common.primitives.Ints$IntConverter                                  : loaded 2 times (x 88B)
Class com.google.common.collect.SingletonImmutableSet                                 : loaded 2 times (x 144B)
Class com.google.common.collect.Interners$InternerBuilder                             : loaded 2 times (x 74B)
Class [Lcom.google.common.base.AbstractIterator$State;                                : loaded 2 times (x 67B)
Class org.apache.http.client.methods.HttpEntityEnclosingRequestBase                   : loaded 2 times (x 151B)
Class com.google.common.collect.ImmutableMap$Builder                                  : loaded 2 times (x 80B)
Class com.google.common.io.LineReader$1                                               : loaded 2 times (x 73B)
Class com.google.common.base.AbstractIterator                                         : loaded 2 times (x 78B)
Class org.objectweb.asm.ClassWriter                                                   : loaded 2 times (x 104B)
Class com.google.common.collect.Range                                                 : loaded 2 times (x 85B)
Class org.apache.commons.io.IOUtils                                                   : loaded 2 times (x 69B)
Class com.google.common.base.AbstractIterator$1                                       : loaded 2 times (x 69B)
Class [Lcom.google.common.cache.CacheBuilder$OneWeigher;                              : loaded 2 times (x 67B)
Class com.google.common.collect.Iterators                                             : loaded 2 times (x 69B)
Class com.google.common.base.CharMatcher$1                                            : loaded 2 times (x 111B)
Class com.google.common.base.CharMatcher$Ascii                                        : loaded 2 times (x 110B)
Class com.google.common.cache.LocalCache$ComputingValueReference                      : loaded 2 times (x 94B)
Class com.google.common.cache.LocalCache$SoftValueReference                           : loaded 2 times (x 95B)
Class com.google.common.collect.ImmutableList$SerializedForm                          : loaded 2 times (x 71B)
Class org.gradle.api.UncheckedIOException                                             : loaded 2 times (x 80B)
Class com.google.common.base.CharMatcher$And                                          : loaded 2 times (x 110B)
Class com.google.common.io.Files$FileByteSink                                         : loaded 2 times (x 75B)
Class [Lcom.google.common.io.FileWriteMode;                                           : loaded 2 times (x 67B)
Class com.google.common.collect.IndexedImmutableSet                                   : loaded 2 times (x 148B)
Class com.google.common.base.ExtraObjectsMethodsForWeb                                : loaded 2 times (x 69B)
Class com.google.common.collect.IndexedImmutableSet$1                                 : loaded 2 times (x 172B)
Class com.google.common.collect.AbstractListMultimap                                  : loaded 2 times (x 170B)
Class com.google.common.base.CharMatcher$Any                                          : loaded 2 times (x 110B)
Class org.gradle.internal.installation.GradleInstallation                             : loaded 2 times (x 73B)
Class org.apache.commons.io.output.UnsynchronizedByteArrayOutputStream                : loaded 2 times (x 100B)
Class org.apache.http.auth.Credentials                                                : loaded 2 times (x 68B)
Class com.google.common.cache.LocalCache$Strength                                     : loaded 2 times (x 79B)
Class com.google.common.collect.AbstractMapBasedMultimap$KeySet                       : loaded 2 times (x 135B)
Class com.google.common.collect.SortedIterable                                        : loaded 2 times (x 68B)
Class com.google.common.collect.ArrayListMultimapGwtSerializationDependencies         : loaded 2 times (x 170B)
Class com.google.common.base.CharMatcher$RangesMatcher                                : loaded 2 times (x 110B)
Class com.google.common.collect.AbstractMapBasedMultimap$RandomAccessWrappedList      : loaded 2 times (x 165B)
Class org.objectweb.asm.Handler                                                       : loaded 2 times (x 70B)
Class com.google.common.collect.ImmutableList$SubList                                 : loaded 2 times (x 168B)
Class com.google.common.cache.LocalCache$ValueReference                               : loaded 2 times (x 68B)
Class com.google.common.collect.CollectSpliterators                                   : loaded 2 times (x 69B)
Class com.google.common.io.Java8Compatibility                                         : loaded 2 times (x 69B)
Class org.gradle.internal.classloader.ClasspathUtil                                   : loaded 2 times (x 69B)
Class org.apache.commons.io.FileUtils                                                 : loaded 2 times (x 69B)
Class org.objectweb.asm.CurrentFrame                                                  : loaded 2 times (x 71B)
Class com.google.common.util.concurrent.AbstractFuture                                : loaded 2 times (x 93B)
Class com.google.common.base.Splitter$1                                               : loaded 2 times (x 75B)
Class com.google.common.collect.TransformedListIterator                               : loaded 2 times (x 91B)
Class com.google.common.base.Ticker$1                                                 : loaded 2 times (x 70B)
Class com.google.common.collect.Maps$BiMapConverter                                   : loaded 2 times (x 88B)
Class org.gradle.api.internal.DefaultClassPathRegistry                                : loaded 2 times (x 74B)
Class com.google.common.collect.AbstractIterator$State                                : loaded 2 times (x 77B)
Class [Lorg.objectweb.asm.Symbol;                                                     : loaded 2 times (x 67B)
Class com.google.common.util.concurrent.AbstractFuture$Cancellation                   : loaded 2 times (x 70B)
Class com.google.common.collect.Interner                                              : loaded 2 times (x 68B)
Class com.google.common.collect.ImmutableSet$SetBuilderImpl                           : loaded 2 times (x 74B)
Class org.gradle.api.internal.classpath.DefaultModuleRegistry$DefaultModule           : loaded 2 times (x 84B)
Class com.google.common.io.LineReader                                                 : loaded 2 times (x 70B)
Class com.google.common.base.CharMatcher$JavaIsoControl                               : loaded 2 times (x 110B)
Class com.google.common.collect.ImmutableMap$1                                        : loaded 2 times (x 79B)
Class com.google.common.base.CharMatcher$Or                                           : loaded 2 times (x 110B)
Class com.google.common.base.Suppliers$SupplierOfInstance                             : loaded 2 times (x 77B)
Class org.objectweb.asm.RecordComponentVisitor                                        : loaded 2 times (x 75B)
Class com.google.common.collect.Iterables                                             : loaded 2 times (x 69B)
Class com.google.common.base.CharMatcher$JavaLowerCase                                : loaded 2 times (x 109B)
Class org.objectweb.asm.ClassTooLargeException                                        : loaded 2 times (x 81B)
Class org.gradle.api.internal.classpath.UnknownModuleException                        : loaded 2 times (x 80B)
Class com.google.common.collect.FluentIterable                                        : loaded 2 times (x 79B)
Class com.google.common.util.concurrent.AbstractFuture$Listener                       : loaded 2 times (x 70B)
Class com.google.common.collect.CollectSpliterators$1                                 : loaded 2 times (x 88B)
Class org.apache.commons.io.output.AbstractByteArrayOutputStream                      : loaded 2 times (x 100B)
Class com.google.common.collect.MapMakerInternalMap$StrongKeyDummyValueEntry$LinkedStrongKeyDummyValueEntry: loaded 2 times (x 80B)
Class com.google.common.collect.Iterables$4                                           : loaded 2 times (x 79B)
Class org.objectweb.asm.Edge                                                          : loaded 2 times (x 70B)
Class com.google.common.collect.Maps$EntryTransformer                                 : loaded 2 times (x 68B)
Class com.google.common.collect.ImmutableCollection$Builder                           : loaded 2 times (x 74B)
Class org.apache.commons.io.FilenameUtils                                             : loaded 2 times (x 69B)
Class [Lorg.objectweb.asm.SymbolTable$Entry;                                          : loaded 2 times (x 67B)
Class com.google.common.collect.SingletonImmutableBiMap                               : loaded 2 times (x 141B)
Class org.apache.commons.io.file.PathFilter                                           : loaded 2 times (x 68B)
Class com.google.common.base.CommonPattern                                            : loaded 2 times (x 72B)
Class com.google.common.base.Suppliers$MemoizingSupplier                              : loaded 2 times (x 77B)
Class com.google.common.base.Suppliers                                                : loaded 2 times (x 69B)
Class [Lcom.google.common.collect.Iterators$EmptyModifiableIterator;                  : loaded 2 times (x 67B)
Class org.objectweb.asm.ClassVisitor                                                  : loaded 2 times (x 86B)
Class com.google.common.collect.MapMakerInternalMap$StrongKeyDummyValueEntry          : loaded 2 times (x 80B)
Class com.google.common.cache.LoadingCache                                            : loaded 2 times (x 68B)
Class org.gradle.internal.service.ServiceLookupException                              : loaded 2 times (x 80B)
Class com.google.common.collect.MapMakerInternalMap$StrongKeyDummyValueSegment        : loaded 2 times (x 140B)
Class org.gradle.cache.GlobalCache                                                    : loaded 2 times (x 68B)
Class com.google.common.base.Present                                                  : loaded 2 times (x 79B)
Class com.google.common.base.CharMatcher$NegatedFastMatcher                           : loaded 2 times (x 111B)
Class [Lorg.gradle.api.internal.ClassPathProvider;                                    : loaded 2 times (x 67B)
Class com.google.common.util.concurrent.AbstractFuture$SafeAtomicHelper               : loaded 2 times (x 77B)
Class com.google.common.collect.ImmutableMultimap$Values                              : loaded 2 times (x 124B)
Class org.gradle.util.internal.GUtil                                                  : loaded 2 times (x 69B)
Class com.google.common.math.IntMath                                                  : loaded 2 times (x 69B)
Class com.google.common.collect.AbstractIterator                                      : loaded 2 times (x 80B)
Class org.gradle.internal.classloader.ClassLoaderSpec                                 : loaded 2 times (x 69B)
Class com.google.common.io.LineProcessor                                              : loaded 2 times (x 68B)
Class com.google.common.base.NullnessCasts                                            : loaded 2 times (x 69B)
Class com.google.common.io.CharSink                                                   : loaded 2 times (x 77B)
Class org.objectweb.asm.Frame                                                         : loaded 2 times (x 71B)
Class com.google.common.cache.LocalCache$LocalManualCache                             : loaded 2 times (x 97B)
Class com.google.common.collect.AbstractMapEntry                                      : loaded 2 times (x 79B)
Class com.google.common.collect.ImmutableList$Builder                                 : loaded 2 times (x 75B)
Class com.google.common.base.CharMatcher$Negated                                      : loaded 2 times (x 111B)
Class com.google.common.cache.CacheLoader$1                                           : loaded 2 times (x 73B)
Class [Lcom.google.common.collect.MapMakerInternalMap$Strength;                       : loaded 2 times (x 67B)
Class com.google.common.util.concurrent.AbstractFuture$TrustedFuture                  : loaded 2 times (x 95B)
Class com.google.common.collect.MapMakerInternalMap$InternalEntry                     : loaded 2 times (x 68B)
Class org.apache.commons.io.FileExistsException                                       : loaded 2 times (x 80B)
Class com.google.common.collect.Maps$ViewCachingAbstractMap                           : loaded 2 times (x 123B)
Class com.google.common.collect.Sets                                                  : loaded 2 times (x 69B)
Class com.google.common.collect.ImmutableSet$Builder                                  : loaded 2 times (x 83B)
Class com.google.common.collect.MapMakerInternalMap                                   : loaded 2 times (x 159B)
Class com.google.common.base.CharMatcher$ForPredicate                                 : loaded 2 times (x 110B)
Class com.google.common.collect.ImmutableMap$MapViewOfValuesAsSingletonSets           : loaded 2 times (x 123B)
Class com.google.common.collect.ImmutableMapKeySet                                    : loaded 2 times (x 148B)
Class org.apache.commons.io.output.StringBuilderWriter                                : loaded 2 times (x 98B)
Class com.google.common.base.MoreObjects                                              : loaded 2 times (x 69B)
Class com.google.common.collect.SortedMapDifference                                   : loaded 2 times (x 68B)
Class org.objectweb.asm.SymbolTable                                                   : loaded 2 times (x 70B)
Class [Lorg.objectweb.asm.AnnotationVisitor;                                          : loaded 2 times (x 67B)
Class com.google.common.cache.CacheStats                                              : loaded 2 times (x 69B)
Class org.objectweb.asm.Attribute                                                     : loaded 2 times (x 75B)
Class org.gradle.internal.classloader.VisitableURLClassLoader                         : loaded 2 times (x 115B)
Class com.google.common.cache.LocalCache$LocalLoadingCache                            : loaded 2 times (x 132B)
Class com.google.common.base.Supplier                                                 : loaded 2 times (x 68B)
Class com.google.common.collect.ImmutableMultimap$Keys                                : loaded 2 times (x 164B)
Class com.google.common.base.Objects                                                  : loaded 2 times (x 69B)
Class com.google.common.util.concurrent.AbstractFuture$AtomicHelper                   : loaded 2 times (x 76B)
Class com.google.common.collect.ImmutableBiMap                                        : loaded 2 times (x 141B)
Class org.gradle.internal.Cast                                                        : loaded 2 times (x 69B)
Class Build_gradle                                                                    : loaded 2 times (x 128B)
Class org.gradle.api.internal.ClassPathRegistry                                       : loaded 2 times (x 68B)
Class com.google.common.cache.LocalCache$EntryFactory                                 : loaded 2 times (x 81B)
Class com.google.common.util.concurrent.UncheckedExecutionException                   : loaded 2 times (x 80B)
Class com.google.common.collect.ImmutableSet                                          : loaded 2 times (x 143B)
Class org.gradle.internal.classloader.VisitableURLClassLoader$InstrumentingVisitableURLClassLoader: loaded 2 times (x 121B)
Class org.gradle.internal.classloader.ClassLoaderHierarchy                            : loaded 2 times (x 68B)
Class com.google.common.io.Closer$Suppressor                                          : loaded 2 times (x 68B)
Class com.google.common.collect.AbstractMapBasedMultimap$WrappedList                  : loaded 2 times (x 165B)
Class [Lorg.objectweb.asm.Type;                                                       : loaded 2 times (x 67B)
Class com.google.common.collect.MapMakerInternalMap$WeakValueReference                : loaded 2 times (x 68B)
Class com.google.common.base.AbstractIterator$State                                   : loaded 2 times (x 77B)
Class com.google.common.cache.Weigher                                                 : loaded 2 times (x 68B)
Class com.google.common.collect.MapMakerInternalMap$StrongValueEntry                  : loaded 2 times (x 68B)
Class org.apache.http.message.AbstractHttpMessage                                     : loaded 2 times (x 106B)
Class com.google.common.base.CharMatcher$NamedFastMatcher                             : loaded 2 times (x 110B)
Class org.gradle.internal.InternalTransformer                                         : loaded 2 times (x 68B)
Class org.apache.commons.io.output.NullOutputStream                                   : loaded 2 times (x 83B)
Class org.gradle.internal.service.ServiceLocator                                      : loaded 2 times (x 68B)
Class Settings_gradle$1                                                               : loaded 2 times (x 72B)
Class com.google.common.collect.ImmutableRangeSet$1                                   : loaded 2 times (x 169B)
Class com.google.common.util.concurrent.SettableFuture                                : loaded 2 times (x 95B)
Class com.google.common.io.Files$2                                                    : loaded 2 times (x 74B)
Class com.google.common.collect.ImmutableMapEntry                                     : loaded 2 times (x 83B)
Class com.google.common.base.CharMatcher$Invisible                                    : loaded 2 times (x 110B)
Class com.google.common.base.Joiner$1                                                 : loaded 2 times (x 78B)
Class com.google.common.collect.MapMaker                                              : loaded 2 times (x 70B)
Class com.google.common.base.Joiner$2                                                 : loaded 2 times (x 77B)
Class org.apache.http.client.methods.HttpRequestBase                                  : loaded 2 times (x 143B)
Class com.google.common.collect.ImmutableMultiset                                     : loaded 2 times (x 161B)
Class com.google.common.base.CharMatcher$FastMatcher                                  : loaded 2 times (x 109B)
Class org.gradle.internal.classpath.DefaultClassPath$ImmutableUniqueList              : loaded 2 times (x 159B)
Class com.google.common.base.CharMatcher$JavaLetter                                   : loaded 2 times (x 109B)
Class com.google.common.collect.ImmutableMultimap$1                                   : loaded 2 times (x 80B)
Class com.google.common.collect.ImmutableMultimap$2                                   : loaded 2 times (x 79B)
Class org.gradle.internal.classpath.TransformedClassPath                              : loaded 2 times (x 94B)
Class com.google.common.collect.MapDifference                                         : loaded 2 times (x 68B)
Class com.google.common.collect.Sets$1                                                : loaded 2 times (x 137B)
Class com.google.common.collect.Sets$2                                                : loaded 2 times (x 137B)
Class com.google.common.util.concurrent.AbstractFuture$Trusted                        : loaded 2 times (x 68B)
Class com.google.common.collect.Sets$3                                                : loaded 2 times (x 137B)
Class com.google.common.graph.SuccessorsFunction                                      : loaded 2 times (x 68B)
Class com.google.common.collect.Sets$4                                                : loaded 2 times (x 137B)
Class Settings_gradle                                                                 : loaded 2 times (x 126B)
Class org.apache.http.client.HttpClient                                               : loaded 2 times (x 68B)
Class com.google.common.io.ByteSink                                                   : loaded 2 times (x 74B)
Class com.google.common.collect.AbstractMapBasedMultimap$WrappedCollection$WrappedIterator: loaded 2 times (x 82B)
Class org.objectweb.asm.MethodWriter                                                  : loaded 2 times (x 104B)
Class com.google.common.collect.Platform                                              : loaded 2 times (x 69B)
Class com.google.common.collect.ImmutableAsList                                       : loaded 2 times (x 169B)
Class com.google.common.util.concurrent.ExecutionError                                : loaded 2 times (x 80B)
Class com.google.common.io.ByteSink$AsCharSink                                        : loaded 2 times (x 78B)
Class com.google.common.base.Equivalence$Identity                                     : loaded 2 times (x 80B)
Class com.google.common.base.CharMatcher$AnyOf                                        : loaded 2 times (x 110B)
Class com.google.common.base.CharMatcher$IsEither                                     : loaded 2 times (x 109B)
Class com.google.common.collect.AbstractIterator$1                                    : loaded 2 times (x 69B)
Class org.apache.http.client.methods.HttpExecutionAware                               : loaded 2 times (x 68B)
Class com.google.common.cache.LocalCache                                              : loaded 2 times (x 185B)
Class com.google.common.collect.ImmutableRangeSet$Builder                             : loaded 2 times (x 75B)
Class com.google.common.collect.RegularImmutableList                                  : loaded 2 times (x 172B)
Class com.google.common.util.concurrent.AbstractFuture$UnsafeAtomicHelper$1           : loaded 2 times (x 74B)
Class com.google.common.base.CharMatcher$JavaUpperCase                                : loaded 2 times (x 109B)
Class com.google.common.collect.Multiset                                              : loaded 2 times (x 68B)
Class com.google.common.collect.ImmutableSet$CachingAsList                            : loaded 2 times (x 145B)
Class org.apache.http.HttpRequest                                                     : loaded 2 times (x 68B)
Class org.objectweb.asm.MethodVisitor                                                 : loaded 2 times (x 103B)
Class com.google.common.collect.AbstractMapBasedMultimap$KeySet$1                     : loaded 2 times (x 80B)
Class com.google.common.collect.ImmutableMapEntry$NonTerminalImmutableMapEntry        : loaded 2 times (x 83B)
Class com.google.common.collect.AbstractMapBasedMultimap                              : loaded 2 times (x 137B)


---------------  S Y S T E M  ---------------

OS:
 Windows 11 , 64 bit Build 22621 (10.0.22621.3958)
OS uptime: 4 days 7:12 hours
Hyper-V role detected

CPU: total 20 (initial active 20) (10 cores per cpu, 2 threads per core) family 6 model 154 stepping 3 microcode 0x429, cx8, cmov, fxsr, ht, mmx, 3dnowpref, sse, sse2, sse3, ssse3, sse4.1, sse4.2, popcnt, lzcnt, tsc, tscinvbit, avx, avx2, aes, erms, clmul, bmi1, bmi2, adx, sha, fma, vzeroupper, clflush, clflushopt, clwb, hv
Processor Information for all 20 processors :
  Max Mhz: 2300, Current Mhz: 2300, Mhz Limit: 2300

Memory: 4k page, system-wide physical 16004M (4195M free)
TotalPageFile size 18052M (AvailPageFile size 5M)
current process WorkingSet (physical memory assigned to process): 1101M, peak: 1101M
current process commit charge ("private bytes"): 1160M, peak: 1162M

vm_info: OpenJDK 64-Bit Server VM (17.0.10+0--11609105) for windows-amd64 JRE (17.0.10+0--11609105), built on Mar 21 2024 19:10:56 by "androidbuild" with MS VC++ 16.10 / 16.11 (VS2019)

END.
