#
# There is insufficient memory for the Java Runtime Environment to continue.
# Native memory allocation (malloc) failed to allocate 1380032 bytes for Chunk::new
# Possible reasons:
#   The system is out of physical RAM or swap space
#   The process is running with CompressedOops enabled, and the Java Heap may be blocking the growth of the native heap
# Possible solutions:
#   Reduce memory load on the system
#   Increase physical memory or swap space
#   Check if swap backing store is full
#   Decrease Java heap size (-Xmx/-Xms)
#   Decrease number of Java threads
#   Decrease Java thread stack sizes (-Xss)
#   Set larger code cache with -XX:ReservedCodeCacheSize=
#   JVM is running with Unscaled Compressed Oops mode in which the Java heap is
#     placed in the first 4GB address space. The Java Heap base address is the
#     maximum limit for the native heap growth. Please use -XX:HeapBaseMinAddress
#     to set the Java Heap base and to place the Java Heap above 4GB virtual address.
# This output file may be truncated or incomplete.
#
#  Out of Memory Error (arena.cpp:191), pid=26956, tid=27764
#
# JRE version: OpenJDK Runtime Environment (17.0.10) (build 17.0.10+0--11609105)
# Java VM: OpenJDK 64-Bit Server VM (17.0.10+0--11609105, mixed mode, tiered, compressed oops, compressed class ptrs, g1 gc, windows-amd64)
# No core dump will be written. Minidumps are not enabled by default on client versions of Windows
#

---------------  S U M M A R Y ------------

Command Line: --add-opens=java.base/java.util=ALL-UNNAMED --add-opens=java.base/java.lang=ALL-UNNAMED --add-opens=java.base/java.lang.invoke=ALL-UNNAMED --add-opens=java.prefs/java.util.prefs=ALL-UNNAMED --add-opens=java.base/java.nio.charset=ALL-UNNAMED --add-opens=java.base/java.net=ALL-UNNAMED --add-opens=java.base/java.util.concurrent.atomic=ALL-UNNAMED -Xmx2048m -Dfile.encoding=UTF-8 -Duser.country=US -Duser.language=en -Duser.variant -javaagent:C:\Users\Hashem Arenat\.gradle\wrapper\dists\gradle-8.7-bin\bhs2wmbdwecv87pi65oeuq5iu\gradle-8.7\lib\agents\gradle-instrumentation-agent-8.7.jar org.gradle.launcher.daemon.bootstrap.GradleDaemon 8.7

Host: 12th Gen Intel(R) Core(TM) i7-12700H, 20 cores, 15G,  Windows 11 , 64 bit Build 22621 (10.0.22621.3958)
Time: Fri Nov  8 19:58:29 2024 Jerusalem Standard Time elapsed time: 11.396860 seconds (0d 0h 0m 11s)

---------------  T H R E A D  ---------------

Current thread (0x000002deaf157830):  JavaThread "C2 CompilerThread4" daemon [_thread_in_native, id=27764, stack(0x000000e1a5200000,0x000000e1a5300000)]


Current CompileTask:
C2:  11396 16135       4       com.android.utils.XmlUtils::append (597 bytes)

Stack: [0x000000e1a5200000,0x000000e1a5300000]
Native frames: (J=compiled Java code, j=interpreted, Vv=VM code, C=native code)
V  [jvm.dll+0x688de9]
V  [jvm.dll+0x8423da]
V  [jvm.dll+0x84401e]
V  [jvm.dll+0x844683]
V  [jvm.dll+0x24be0f]
V  [jvm.dll+0xac524]
V  [jvm.dll+0xacb6c]
V  [jvm.dll+0x36bd67]
V  [jvm.dll+0x1be002]
V  [jvm.dll+0x21dbf9]
V  [jvm.dll+0x21cec1]
V  [jvm.dll+0x1a60ad]
V  [jvm.dll+0x22cd78]
V  [jvm.dll+0x22aeb0]
V  [jvm.dll+0x7f6877]
V  [jvm.dll+0x7f0c7a]
V  [jvm.dll+0x687c65]
C  [ucrtbase.dll+0x29333]
C  [KERNEL32.DLL+0x1257d]
C  [ntdll.dll+0x5af08]


---------------  P R O C E S S  ---------------

Threads class SMR info:
_java_thread_list=0x000002deaf4c4df0, length=171, elements={
0x000002deffd9d7e0, 0x000002de9c1ac620, 0x000002de9c1ad4a0, 0x000002de9c1a19e0,
0x000002de9c1a2770, 0x000002de9c8e8020, 0x000002de9c8ea900, 0x000002de9c8eb500,
0x000002de9c8ebf00, 0x000002de9c8ec900, 0x000002de9ca66010, 0x000002de9ca983a0,
0x000002de9ca9a8d0, 0x000002de9cb38790, 0x000002dea255f880, 0x000002dea3595b80,
0x000002dea2e27c20, 0x000002dea37f6900, 0x000002dea32ca300, 0x000002dea2ece4d0,
0x000002dea17eb730, 0x000002dea17e8490, 0x000002dea17e7f80, 0x000002dea17e8eb0,
0x000002dea17e98d0, 0x000002dea17e93c0, 0x000002dea17e9de0, 0x000002dea17ea2f0,
0x000002dea17ea800, 0x000002dea17ead10, 0x000002dea17eb220, 0x000002dea598e4c0,
0x000002dea598f3f0, 0x000002dea598d590, 0x000002dea598f900, 0x000002dea5990320,
0x000002dea5990830, 0x000002dea598eee0, 0x000002dea598e9d0, 0x000002dea598daa0,
0x000002dea5990d40, 0x000002dea59fe230, 0x000002dea59fd300, 0x000002dea59fe740,
0x000002dea59faf90, 0x000002dea5a00ab0, 0x000002dea59fb4a0, 0x000002dea5a00fc0,
0x000002dea5a014d0, 0x000002dea59fa060, 0x000002dea59fb9b0, 0x000002dea5a019e0,
0x000002dea59fec50, 0x000002dea59fd810, 0x000002dea59fbec0, 0x000002dea59ff670,
0x000002dea59fdd20, 0x000002dea59fa570, 0x000002dea59fc8e0, 0x000002dea59ff160,
0x000002dea59fc3d0, 0x000002dea59fcdf0, 0x000002dea59faa80, 0x000002dea5a00090,
0x000002dea59ffb80, 0x000002dea5a005a0, 0x000002dea586b840, 0x000002dea586eae0,
0x000002dea586e0c0, 0x000002dea586c260, 0x000002dea586a910, 0x000002dea58699e0,
0x000002dea5868ab0, 0x000002dea586c770, 0x000002dea586ae20, 0x000002dea5869ef0,
0x000002dea5868fc0, 0x000002dea586b330, 0x000002dea586f500, 0x000002dea586ff20,
0x000002dea586a400, 0x000002dea586dbb0, 0x000002dea586d190, 0x000002dea805ae80,
0x000002dea805b390, 0x000002dea805c7d0, 0x000002dea598dfb0, 0x000002dea17e89a0,
0x000002dea685d680, 0x000002dea685bd30, 0x000002dea685db90, 0x000002dea685c240,
0x000002dea685c750, 0x000002dea685a3e0, 0x000002dea6857b60, 0x000002dea6859ed0,
0x000002dea685e0a0, 0x000002dea68594b0, 0x000002dea685cc60, 0x000002dea685e5b0,
0x000002dea685a8f0, 0x000002dea6857140, 0x000002dea68599c0, 0x000002dea6858070,
0x000002dea685ae00, 0x000002dea6858580, 0x000002dea5729120, 0x000002dea39c92f0,
0x000002dea5727690, 0x000002deaf157830, 0x000002deaf155300, 0x000002deaf153870,
0x000002deaf152880, 0x000002dea6858a90, 0x000002dea685b310, 0x000002dea685b820,
0x000002dea6858fa0, 0x000002dea685d170, 0x000002dea685eac0, 0x000002dea6857650,
0x000002deaf6026f0, 0x000002deaf5ff450, 0x000002deaf602c00, 0x000002deaf5ff960,
0x000002deaf601cd0, 0x000002deaf6017c0, 0x000002deaf6021e0, 0x000002deaf600380,
0x000002deaf5ffe70, 0x000002deaf600890, 0x000002deaf600da0, 0x000002deaf6012b0,
0x000002deae80e1d0, 0x000002deae80b440, 0x000002deae80be60, 0x000002deae80b950,
0x000002deae80d7b0, 0x000002deae80c370, 0x000002deae80ebf0, 0x000002deae80c880,
0x000002deae80d2a0, 0x000002deae4f3610, 0x000002deae4f1cc0, 0x000002deae4f17b0,
0x000002deae4f4a50, 0x000002deae4f26e0, 0x000002deae4f2bf0, 0x000002deae4f21d0,
0x000002deae4f3100, 0x000002deae4f3b20, 0x000002deae4f4030, 0x000002deae4f4540,
0x000002dea805eb40, 0x000002dea1e0db70, 0x000002dea1e099a0, 0x000002dea1e09eb0,
0x000002dea1e0d660, 0x000002dea1e0a3c0, 0x000002dea1e0a8d0, 0x000002dea1e0ade0,
0x000002dea1e08f80, 0x000002dea1e0b2f0, 0x000002dea1e0b800, 0x000002dea1e09490,
0x000002dea1e0eaa0, 0x000002dea1e0bd10, 0x000002dea1e0c220, 0x000002dea1e0c730,
0x000002dea1e0cc40, 0x000002dea1e0fee0, 0x000002dea1e0d150
}

Java Threads: ( => current thread )
  0x000002deffd9d7e0 JavaThread "main" [_thread_blocked, id=25472, stack(0x000000e1a1400000,0x000000e1a1500000)]
  0x000002de9c1ac620 JavaThread "Reference Handler" daemon [_thread_blocked, id=3648, stack(0x000000e1a1b00000,0x000000e1a1c00000)]
  0x000002de9c1ad4a0 JavaThread "Finalizer" daemon [_thread_blocked, id=7040, stack(0x000000e1a1c00000,0x000000e1a1d00000)]
  0x000002de9c1a19e0 JavaThread "Signal Dispatcher" daemon [_thread_blocked, id=22776, stack(0x000000e1a1d00000,0x000000e1a1e00000)]
  0x000002de9c1a2770 JavaThread "Attach Listener" daemon [_thread_blocked, id=27920, stack(0x000000e1a1e00000,0x000000e1a1f00000)]
  0x000002de9c8e8020 JavaThread "Service Thread" daemon [_thread_blocked, id=24880, stack(0x000000e1a1f00000,0x000000e1a2000000)]
  0x000002de9c8ea900 JavaThread "Monitor Deflation Thread" daemon [_thread_blocked, id=13924, stack(0x000000e1a2000000,0x000000e1a2100000)]
  0x000002de9c8eb500 JavaThread "C2 CompilerThread0" daemon [_thread_blocked, id=25360, stack(0x000000e1a2100000,0x000000e1a2200000)]
  0x000002de9c8ebf00 JavaThread "C1 CompilerThread0" daemon [_thread_in_native, id=22208, stack(0x000000e1a2200000,0x000000e1a2300000)]
  0x000002de9c8ec900 JavaThread "Sweeper thread" daemon [_thread_blocked, id=20996, stack(0x000000e1a2300000,0x000000e1a2400000)]
  0x000002de9ca66010 JavaThread "Common-Cleaner" daemon [_thread_blocked, id=15876, stack(0x000000e1a2400000,0x000000e1a2500000)]
  0x000002de9ca983a0 JavaThread "C1 CompilerThread1" daemon [_thread_in_native, id=12744, stack(0x000000e1a2500000,0x000000e1a2600000)]
  0x000002de9ca9a8d0 JavaThread "C1 CompilerThread2" daemon [_thread_in_native, id=20268, stack(0x000000e1a2600000,0x000000e1a2700000)]
  0x000002de9cb38790 JavaThread "Notification Thread" daemon [_thread_blocked, id=24356, stack(0x000000e1a2700000,0x000000e1a2800000)]
  0x000002dea255f880 JavaThread "C1 CompilerThread3" daemon [_thread_blocked, id=20460, stack(0x000000e1a3100000,0x000000e1a3200000)]
  0x000002dea3595b80 JavaThread "Daemon health stats" [_thread_blocked, id=28028, stack(0x000000e1a3200000,0x000000e1a3300000)]
  0x000002dea2e27c20 JavaThread "Incoming local TCP Connector on port 62300" [_thread_in_native, id=20524, stack(0x000000e1a3300000,0x000000e1a3400000)]
  0x000002dea37f6900 JavaThread "Daemon periodic checks" [_thread_blocked, id=26384, stack(0x000000e1a3400000,0x000000e1a3500000)]
  0x000002dea32ca300 JavaThread "Daemon" [_thread_blocked, id=11164, stack(0x000000e1a3500000,0x000000e1a3600000)]
  0x000002dea2ece4d0 JavaThread "Handler for socket connection from /127.0.0.1:62300 to /127.0.0.1:62301" [_thread_in_native, id=7848, stack(0x000000e1a3600000,0x000000e1a3700000)]
  0x000002dea17eb730 JavaThread "Cancel handler" [_thread_blocked, id=21720, stack(0x000000e1a3700000,0x000000e1a3800000)]
  0x000002dea17e8490 JavaThread "Daemon worker" [_thread_blocked, id=19280, stack(0x000000e1a3800000,0x000000e1a3900000)]
  0x000002dea17e7f80 JavaThread "Asynchronous log dispatcher for DefaultDaemonConnection: socket connection from /127.0.0.1:62300 to /127.0.0.1:62301" [_thread_blocked, id=11140, stack(0x000000e1a3900000,0x000000e1a3a00000)]
  0x000002dea17e8eb0 JavaThread "Stdin handler" [_thread_blocked, id=28360, stack(0x000000e1a3a00000,0x000000e1a3b00000)]
  0x000002dea17e98d0 JavaThread "Daemon client event forwarder" [_thread_blocked, id=13428, stack(0x000000e1a3b00000,0x000000e1a3c00000)]
  0x000002dea17e93c0 JavaThread "Cache worker for journal cache (C:\Users\Hashem Arenat\.gradle\caches\journal-1)" [_thread_blocked, id=14296, stack(0x000000e1a4800000,0x000000e1a4900000)]
  0x000002dea17e9de0 JavaThread "File lock request listener" [_thread_in_native, id=13724, stack(0x000000e1a4900000,0x000000e1a4a00000)]
  0x000002dea17ea2f0 JavaThread "Cache worker for file hash cache (C:\Users\Hashem Arenat\.gradle\caches\8.7\fileHashes)" [_thread_blocked, id=24548, stack(0x000000e1a4a00000,0x000000e1a4b00000)]
  0x000002dea17ea800 JavaThread "Cache worker for file hash cache (C:\Users\Hashem Arenat\AndroidStudioProjects\ECommerce\.gradle\8.7\fileHashes)" [_thread_blocked, id=25980, stack(0x000000e1a4b00000,0x000000e1a4c00000)]
  0x000002dea17ead10 JavaThread "File watcher server" daemon [_thread_in_native, id=15148, stack(0x000000e1a4c00000,0x000000e1a4d00000)]
  0x000002dea17eb220 JavaThread "File watcher consumer" daemon [_thread_blocked, id=17320, stack(0x000000e1a4d00000,0x000000e1a4e00000)]
  0x000002dea598e4c0 JavaThread "Cache worker for checksums cache (C:\Users\Hashem Arenat\AndroidStudioProjects\ECommerce\.gradle\8.7\checksums)" [_thread_blocked, id=23696, stack(0x000000e1a4e00000,0x000000e1a4f00000)]
  0x000002dea598f3f0 JavaThread "Cache worker for cache directory md-supplier (C:\Users\Hashem Arenat\.gradle\caches\8.7\md-supplier)" [_thread_blocked, id=24172, stack(0x000000e1a4f00000,0x000000e1a5000000)]
  0x000002dea598d590 JavaThread "Cache worker for cache directory md-rule (C:\Users\Hashem Arenat\.gradle\caches\8.7\md-rule)" [_thread_blocked, id=9196, stack(0x000000e1a5000000,0x000000e1a5100000)]
  0x000002dea598f900 JavaThread "Cache worker for file content cache (C:\Users\Hashem Arenat\.gradle\caches\8.7\fileContent)" [_thread_blocked, id=13508, stack(0x000000e1a5100000,0x000000e1a5200000)]
  0x000002dea5990320 JavaThread "Cache worker for Build Output Cleanup Cache (C:\Users\Hashem Arenat\AndroidStudioProjects\ECommerce\.gradle\buildOutputCleanup)" [_thread_blocked, id=22808, stack(0x000000e1a5300000,0x000000e1a5400000)]
  0x000002dea5990830 JavaThread "Unconstrained build operations" [_thread_blocked, id=4616, stack(0x000000e1a5400000,0x000000e1a5500000)]
  0x000002dea598eee0 JavaThread "Unconstrained build operations Thread 2" [_thread_blocked, id=27292, stack(0x000000e1a5500000,0x000000e1a5600000)]
  0x000002dea598e9d0 JavaThread "Unconstrained build operations Thread 3" [_thread_blocked, id=18116, stack(0x000000e1a5600000,0x000000e1a5700000)]
  0x000002dea598daa0 JavaThread "Unconstrained build operations Thread 4" [_thread_blocked, id=25572, stack(0x000000e1a5700000,0x000000e1a5800000)]
  0x000002dea5990d40 JavaThread "Unconstrained build operations Thread 5" [_thread_blocked, id=1204, stack(0x000000e1a5800000,0x000000e1a5900000)]
  0x000002dea59fe230 JavaThread "Unconstrained build operations Thread 6" [_thread_blocked, id=11400, stack(0x000000e1a5900000,0x000000e1a5a00000)]
  0x000002dea59fd300 JavaThread "Unconstrained build operations Thread 7" [_thread_blocked, id=28148, stack(0x000000e1a5a00000,0x000000e1a5b00000)]
  0x000002dea59fe740 JavaThread "Unconstrained build operations Thread 8" [_thread_blocked, id=21404, stack(0x000000e1a5b00000,0x000000e1a5c00000)]
  0x000002dea59faf90 JavaThread "Unconstrained build operations Thread 9" [_thread_blocked, id=27496, stack(0x000000e1a5c00000,0x000000e1a5d00000)]
  0x000002dea5a00ab0 JavaThread "Unconstrained build operations Thread 10" [_thread_blocked, id=21696, stack(0x000000e1a5d00000,0x000000e1a5e00000)]
  0x000002dea59fb4a0 JavaThread "Unconstrained build operations Thread 11" [_thread_blocked, id=26132, stack(0x000000e1a5e00000,0x000000e1a5f00000)]
  0x000002dea5a00fc0 JavaThread "Unconstrained build operations Thread 12" [_thread_blocked, id=24908, stack(0x000000e1a5f00000,0x000000e1a6000000)]
  0x000002dea5a014d0 JavaThread "Unconstrained build operations Thread 13" [_thread_blocked, id=25244, stack(0x000000e1a6000000,0x000000e1a6100000)]
  0x000002dea59fa060 JavaThread "Unconstrained build operations Thread 14" [_thread_blocked, id=21288, stack(0x000000e1a6100000,0x000000e1a6200000)]
  0x000002dea59fb9b0 JavaThread "Unconstrained build operations Thread 15" [_thread_blocked, id=26748, stack(0x000000e1a6200000,0x000000e1a6300000)]
  0x000002dea5a019e0 JavaThread "Unconstrained build operations Thread 16" [_thread_blocked, id=22720, stack(0x000000e1a6300000,0x000000e1a6400000)]
  0x000002dea59fec50 JavaThread "Unconstrained build operations Thread 17" [_thread_blocked, id=256, stack(0x000000e1a6400000,0x000000e1a6500000)]
  0x000002dea59fd810 JavaThread "Unconstrained build operations Thread 18" [_thread_blocked, id=21412, stack(0x000000e1a6500000,0x000000e1a6600000)]
  0x000002dea59fbec0 JavaThread "Unconstrained build operations Thread 19" [_thread_blocked, id=22384, stack(0x000000e1a6600000,0x000000e1a6700000)]
  0x000002dea59ff670 JavaThread "Unconstrained build operations Thread 20" [_thread_blocked, id=21160, stack(0x000000e1a6700000,0x000000e1a6800000)]
  0x000002dea59fdd20 JavaThread "Unconstrained build operations Thread 21" [_thread_blocked, id=28796, stack(0x000000e1a6800000,0x000000e1a6900000)]
  0x000002dea59fa570 JavaThread "Unconstrained build operations Thread 22" [_thread_blocked, id=6888, stack(0x000000e1a6900000,0x000000e1a6a00000)]
  0x000002dea59fc8e0 JavaThread "Unconstrained build operations Thread 23" [_thread_blocked, id=27828, stack(0x000000e1a6a00000,0x000000e1a6b00000)]
  0x000002dea59ff160 JavaThread "Unconstrained build operations Thread 24" [_thread_blocked, id=24432, stack(0x000000e1a6b00000,0x000000e1a6c00000)]
  0x000002dea59fc3d0 JavaThread "Unconstrained build operations Thread 25" [_thread_blocked, id=14120, stack(0x000000e1a6c00000,0x000000e1a6d00000)]
  0x000002dea59fcdf0 JavaThread "Unconstrained build operations Thread 26" [_thread_blocked, id=14648, stack(0x000000e1a6d00000,0x000000e1a6e00000)]
  0x000002dea59faa80 JavaThread "Unconstrained build operations Thread 27" [_thread_blocked, id=27428, stack(0x000000e1a6e00000,0x000000e1a6f00000)]
  0x000002dea5a00090 JavaThread "Unconstrained build operations Thread 28" [_thread_blocked, id=19380, stack(0x000000e1a6f00000,0x000000e1a7000000)]
  0x000002dea59ffb80 JavaThread "Unconstrained build operations Thread 29" [_thread_blocked, id=15956, stack(0x000000e1a7000000,0x000000e1a7100000)]
  0x000002dea5a005a0 JavaThread "Unconstrained build operations Thread 30" [_thread_blocked, id=24604, stack(0x000000e1a7100000,0x000000e1a7200000)]
  0x000002dea586b840 JavaThread "Unconstrained build operations Thread 31" [_thread_blocked, id=21484, stack(0x000000e1a7200000,0x000000e1a7300000)]
  0x000002dea586eae0 JavaThread "Unconstrained build operations Thread 32" [_thread_blocked, id=12304, stack(0x000000e1a7300000,0x000000e1a7400000)]
  0x000002dea586e0c0 JavaThread "Unconstrained build operations Thread 33" [_thread_blocked, id=4084, stack(0x000000e1a7400000,0x000000e1a7500000)]
  0x000002dea586c260 JavaThread "Unconstrained build operations Thread 34" [_thread_blocked, id=16788, stack(0x000000e1a7500000,0x000000e1a7600000)]
  0x000002dea586a910 JavaThread "Unconstrained build operations Thread 35" [_thread_blocked, id=8796, stack(0x000000e1a7600000,0x000000e1a7700000)]
  0x000002dea58699e0 JavaThread "Unconstrained build operations Thread 36" [_thread_blocked, id=23008, stack(0x000000e1a7700000,0x000000e1a7800000)]
  0x000002dea5868ab0 JavaThread "Unconstrained build operations Thread 37" [_thread_blocked, id=5484, stack(0x000000e1a7800000,0x000000e1a7900000)]
  0x000002dea586c770 JavaThread "Unconstrained build operations Thread 38" [_thread_blocked, id=27176, stack(0x000000e1a7900000,0x000000e1a7a00000)]
  0x000002dea586ae20 JavaThread "Unconstrained build operations Thread 39" [_thread_blocked, id=17724, stack(0x000000e1a7d00000,0x000000e1a7e00000)]
  0x000002dea5869ef0 JavaThread "Unconstrained build operations Thread 40" [_thread_blocked, id=12320, stack(0x000000e1a7e00000,0x000000e1a7f00000)]
  0x000002dea5868fc0 JavaThread "Unconstrained build operations Thread 41" [_thread_blocked, id=26276, stack(0x000000e1a7f00000,0x000000e1a8000000)]
  0x000002dea586b330 JavaThread "Unconstrained build operations Thread 42" [_thread_blocked, id=1876, stack(0x000000e1a8000000,0x000000e1a8100000)]
  0x000002dea586f500 JavaThread "Unconstrained build operations Thread 43" [_thread_blocked, id=25712, stack(0x000000e1a8100000,0x000000e1a8200000)]
  0x000002dea586ff20 JavaThread "Unconstrained build operations Thread 44" [_thread_blocked, id=16736, stack(0x000000e1a8200000,0x000000e1a8300000)]
  0x000002dea586a400 JavaThread "build event listener" [_thread_blocked, id=15076, stack(0x000000e1a7c00000,0x000000e1a7d00000)]
  0x000002dea586dbb0 JavaThread "Memory manager" [_thread_blocked, id=5380, stack(0x000000e1a7b00000,0x000000e1a7c00000)]
  0x000002dea586d190 JavaThread "build event listener" [_thread_blocked, id=24056, stack(0x000000e1a8300000,0x000000e1a8400000)]
  0x000002dea805ae80 JavaThread "pool-3-thread-1" [_thread_blocked, id=15160, stack(0x000000e1a7a00000,0x000000e1a7b00000)]
  0x000002dea805b390 JavaThread "build event listener" [_thread_blocked, id=29488, stack(0x000000e1a8800000,0x000000e1a8900000)]
  0x000002dea805c7d0 JavaThread "included builds" [_thread_blocked, id=14780, stack(0x000000e1a8900000,0x000000e1a8a00000)]
  0x000002dea598dfb0 JavaThread "Execution worker" [_thread_blocked, id=13400, stack(0x000000e1a8a00000,0x000000e1a8b00000)]
  0x000002dea17e89a0 JavaThread "Execution worker Thread 2" [_thread_blocked, id=23256, stack(0x000000e1a8b00000,0x000000e1a8c00000)]
  0x000002dea685d680 JavaThread "Execution worker Thread 3" [_thread_blocked, id=2924, stack(0x000000e1a8c00000,0x000000e1a8d00000)]
  0x000002dea685bd30 JavaThread "Execution worker Thread 4" [_thread_in_vm, id=21244, stack(0x000000e1a8d00000,0x000000e1a8e00000)]
  0x000002dea685db90 JavaThread "Execution worker Thread 5" [_thread_blocked, id=14060, stack(0x000000e1a8e00000,0x000000e1a8f00000)]
  0x000002dea685c240 JavaThread "Execution worker Thread 6" [_thread_blocked, id=29236, stack(0x000000e1a8f00000,0x000000e1a9000000)]
  0x000002dea685c750 JavaThread "Execution worker Thread 7" [_thread_blocked, id=29060, stack(0x000000e1a9000000,0x000000e1a9100000)]
  0x000002dea685a3e0 JavaThread "Execution worker Thread 8" [_thread_blocked, id=21076, stack(0x000000e1a9100000,0x000000e1a9200000)]
  0x000002dea6857b60 JavaThread "Execution worker Thread 9" [_thread_blocked, id=28736, stack(0x000000e1a9200000,0x000000e1a9300000)]
  0x000002dea6859ed0 JavaThread "Execution worker Thread 10" [_thread_blocked, id=15176, stack(0x000000e1a9300000,0x000000e1a9400000)]
  0x000002dea685e0a0 JavaThread "Execution worker Thread 11" [_thread_blocked, id=28732, stack(0x000000e1a9400000,0x000000e1a9500000)]
  0x000002dea68594b0 JavaThread "Execution worker Thread 12" [_thread_blocked, id=17732, stack(0x000000e1a9500000,0x000000e1a9600000)]
  0x000002dea685cc60 JavaThread "Execution worker Thread 13" [_thread_blocked, id=26844, stack(0x000000e1a9600000,0x000000e1a9700000)]
  0x000002dea685e5b0 JavaThread "Execution worker Thread 14" [_thread_blocked, id=21400, stack(0x000000e1a9700000,0x000000e1a9800000)]
  0x000002dea685a8f0 JavaThread "Execution worker Thread 15" [_thread_blocked, id=29024, stack(0x000000e1a9800000,0x000000e1a9900000)]
  0x000002dea6857140 JavaThread "Execution worker Thread 16" [_thread_blocked, id=5344, stack(0x000000e1a9900000,0x000000e1a9a00000)]
  0x000002dea68599c0 JavaThread "Execution worker Thread 17" [_thread_blocked, id=2836, stack(0x000000e1a9a00000,0x000000e1a9b00000)]
  0x000002dea6858070 JavaThread "Execution worker Thread 18" [_thread_blocked, id=27868, stack(0x000000e1a9b00000,0x000000e1a9c00000)]
  0x000002dea685ae00 JavaThread "Execution worker Thread 19" [_thread_blocked, id=22852, stack(0x000000e1a9c00000,0x000000e1a9d00000)]
  0x000002dea6858580 JavaThread "Cache worker for execution history cache (C:\Users\Hashem Arenat\AndroidStudioProjects\ECommerce\.gradle\8.7\executionHistory)" [_thread_blocked, id=12220, stack(0x000000e1a9d00000,0x000000e1a9e00000)]
  0x000002dea5729120 JavaThread "C2 CompilerThread1" daemon [_thread_blocked, id=3676, stack(0x000000e1a2900000,0x000000e1a2a00000)]
  0x000002dea39c92f0 JavaThread "C2 CompilerThread2" daemon [_thread_in_native, id=26480, stack(0x000000e1a2a00000,0x000000e1a2b00000)]
  0x000002dea5727690 JavaThread "C2 CompilerThread3" daemon [_thread_in_native, id=11456, stack(0x000000e1a2b00000,0x000000e1a2c00000)]
=>0x000002deaf157830 JavaThread "C2 CompilerThread4" daemon [_thread_in_native, id=27764, stack(0x000000e1a5200000,0x000000e1a5300000)]
  0x000002deaf155300 JavaThread "C2 CompilerThread5" daemon [_thread_blocked, id=8696, stack(0x000000e1a9e00000,0x000000e1a9f00000)]
  0x000002deaf153870 JavaThread "C2 CompilerThread6" daemon [_thread_blocked, id=26980, stack(0x000000e1a9f00000,0x000000e1aa000000)]
  0x000002deaf152880 JavaThread "C2 CompilerThread7" daemon [_thread_blocked, id=18424, stack(0x000000e1aa000000,0x000000e1aa100000)]
  0x000002dea6858a90 JavaThread "Unconstrained build operations Thread 45" [_thread_blocked, id=3856, stack(0x000000e1aa100000,0x000000e1aa200000)]
  0x000002dea685b310 JavaThread "Unconstrained build operations Thread 46" [_thread_blocked, id=5800, stack(0x000000e1aa200000,0x000000e1aa300000)]
  0x000002dea685b820 JavaThread "Unconstrained build operations Thread 47" [_thread_blocked, id=29668, stack(0x000000e1aa300000,0x000000e1aa400000)]
  0x000002dea6858fa0 JavaThread "Unconstrained build operations Thread 48" [_thread_blocked, id=18584, stack(0x000000e1aa400000,0x000000e1aa500000)]
  0x000002dea685d170 JavaThread "Unconstrained build operations Thread 49" [_thread_blocked, id=18388, stack(0x000000e1aa500000,0x000000e1aa600000)]
  0x000002dea685eac0 JavaThread "Unconstrained build operations Thread 50" [_thread_blocked, id=28472, stack(0x000000e1aa600000,0x000000e1aa700000)]
  0x000002dea6857650 JavaThread "Unconstrained build operations Thread 51" [_thread_blocked, id=3880, stack(0x000000e1aa700000,0x000000e1aa800000)]
  0x000002deaf6026f0 JavaThread "Unconstrained build operations Thread 52" [_thread_blocked, id=21180, stack(0x000000e1aa800000,0x000000e1aa900000)]
  0x000002deaf5ff450 JavaThread "Unconstrained build operations Thread 53" [_thread_blocked, id=27568, stack(0x000000e1aa900000,0x000000e1aaa00000)]
  0x000002deaf602c00 JavaThread "Unconstrained build operations Thread 54" [_thread_blocked, id=28828, stack(0x000000e1aaa00000,0x000000e1aab00000)]
  0x000002deaf5ff960 JavaThread "Unconstrained build operations Thread 55" [_thread_blocked, id=29496, stack(0x000000e1aab00000,0x000000e1aac00000)]
  0x000002deaf601cd0 JavaThread "Unconstrained build operations Thread 56" [_thread_blocked, id=20656, stack(0x000000e1aac00000,0x000000e1aad00000)]
  0x000002deaf6017c0 JavaThread "Unconstrained build operations Thread 57" [_thread_blocked, id=23452, stack(0x000000e1aad00000,0x000000e1aae00000)]
  0x000002deaf6021e0 JavaThread "Unconstrained build operations Thread 58" [_thread_blocked, id=19660, stack(0x000000e1aae00000,0x000000e1aaf00000)]
  0x000002deaf600380 JavaThread "Unconstrained build operations Thread 59" [_thread_blocked, id=25704, stack(0x000000e1aaf00000,0x000000e1ab000000)]
  0x000002deaf5ffe70 JavaThread "Unconstrained build operations Thread 60" [_thread_blocked, id=26360, stack(0x000000e1ab000000,0x000000e1ab100000)]
  0x000002deaf600890 JavaThread "Unconstrained build operations Thread 61" [_thread_blocked, id=3460, stack(0x000000e1ab100000,0x000000e1ab200000)]
  0x000002deaf600da0 JavaThread "Unconstrained build operations Thread 62" [_thread_blocked, id=5028, stack(0x000000e1ab200000,0x000000e1ab300000)]
  0x000002deaf6012b0 JavaThread "Unconstrained build operations Thread 63" [_thread_blocked, id=19336, stack(0x000000e1ab300000,0x000000e1ab400000)]
  0x000002deae80e1d0 JavaThread "Unconstrained build operations Thread 64" [_thread_blocked, id=4492, stack(0x000000e1ab400000,0x000000e1ab500000)]
  0x000002deae80b440 JavaThread "Unconstrained build operations Thread 65" [_thread_blocked, id=20396, stack(0x000000e1ab500000,0x000000e1ab600000)]
  0x000002deae80be60 JavaThread "Unconstrained build operations Thread 66" [_thread_blocked, id=14268, stack(0x000000e1ab600000,0x000000e1ab700000)]
  0x000002deae80b950 JavaThread "Unconstrained build operations Thread 67" [_thread_blocked, id=21112, stack(0x000000e1ab700000,0x000000e1ab800000)]
  0x000002deae80d7b0 JavaThread "Unconstrained build operations Thread 68" [_thread_blocked, id=22804, stack(0x000000e1ab800000,0x000000e1ab900000)]
  0x000002deae80c370 JavaThread "Unconstrained build operations Thread 69" [_thread_blocked, id=25224, stack(0x000000e1ab900000,0x000000e1aba00000)]
  0x000002deae80ebf0 JavaThread "Unconstrained build operations Thread 70" [_thread_blocked, id=29144, stack(0x000000e1aba00000,0x000000e1abb00000)]
  0x000002deae80c880 JavaThread "Unconstrained build operations Thread 71" [_thread_blocked, id=15840, stack(0x000000e1abb00000,0x000000e1abc00000)]
  0x000002deae80d2a0 JavaThread "Unconstrained build operations Thread 72" [_thread_blocked, id=17536, stack(0x000000e1abc00000,0x000000e1abd00000)]
  0x000002deae4f3610 JavaThread "Unconstrained build operations Thread 73" [_thread_blocked, id=20592, stack(0x000000e1abd00000,0x000000e1abe00000)]
  0x000002deae4f1cc0 JavaThread "Unconstrained build operations Thread 74" [_thread_blocked, id=26628, stack(0x000000e1abe00000,0x000000e1abf00000)]
  0x000002deae4f17b0 JavaThread "Unconstrained build operations Thread 75" [_thread_blocked, id=10536, stack(0x000000e1abf00000,0x000000e1ac000000)]
  0x000002deae4f4a50 JavaThread "Unconstrained build operations Thread 76" [_thread_blocked, id=4736, stack(0x000000e1ac000000,0x000000e1ac100000)]
  0x000002deae4f26e0 JavaThread "Unconstrained build operations Thread 77" [_thread_blocked, id=29352, stack(0x000000e1ac100000,0x000000e1ac200000)]
  0x000002deae4f2bf0 JavaThread "Unconstrained build operations Thread 78" [_thread_blocked, id=20400, stack(0x000000e1ac200000,0x000000e1ac300000)]
  0x000002deae4f21d0 JavaThread "Unconstrained build operations Thread 79" [_thread_blocked, id=4840, stack(0x000000e1ac300000,0x000000e1ac400000)]
  0x000002deae4f3100 JavaThread "Unconstrained build operations Thread 80" [_thread_blocked, id=28564, stack(0x000000e1ac400000,0x000000e1ac500000)]
  0x000002deae4f3b20 JavaThread "Unconstrained build operations Thread 81" [_thread_blocked, id=27684, stack(0x000000e1ac500000,0x000000e1ac600000)]
  0x000002deae4f4030 JavaThread "Unconstrained build operations Thread 82" [_thread_blocked, id=26008, stack(0x000000e1ac600000,0x000000e1ac700000)]
  0x000002deae4f4540 JavaThread "WorkerExecutor Queue" [_thread_blocked, id=27808, stack(0x000000e1ac700000,0x000000e1ac800000)]
  0x000002dea805eb40 JavaThread "Unconstrained build operations Thread 83" [_thread_blocked, id=19208, stack(0x000000e1ac800000,0x000000e1ac900000)]
  0x000002dea1e0db70 JavaThread "Unconstrained build operations Thread 84" [_thread_blocked, id=29116, stack(0x000000e1ac900000,0x000000e1aca00000)]
  0x000002dea1e099a0 JavaThread "Unconstrained build operations Thread 85" [_thread_blocked, id=440, stack(0x000000e1aca00000,0x000000e1acb00000)]
  0x000002dea1e09eb0 JavaThread "Unconstrained build operations Thread 86" [_thread_blocked, id=21092, stack(0x000000e1acb00000,0x000000e1acc00000)]
  0x000002dea1e0d660 JavaThread "Unconstrained build operations Thread 87" [_thread_blocked, id=13520, stack(0x000000e1acc00000,0x000000e1acd00000)]
  0x000002dea1e0a3c0 JavaThread "Unconstrained build operations Thread 88" [_thread_blocked, id=22620, stack(0x000000e1acd00000,0x000000e1ace00000)]
  0x000002dea1e0a8d0 JavaThread "Unconstrained build operations Thread 89" [_thread_blocked, id=8780, stack(0x000000e1ace00000,0x000000e1acf00000)]
  0x000002dea1e0ade0 JavaThread "Unconstrained build operations Thread 90" [_thread_blocked, id=9748, stack(0x000000e1acf00000,0x000000e1ad000000)]
  0x000002dea1e08f80 JavaThread "Unconstrained build operations Thread 91" [_thread_blocked, id=24264, stack(0x000000e1ad000000,0x000000e1ad100000)]
  0x000002dea1e0b2f0 JavaThread "Unconstrained build operations Thread 92" [_thread_blocked, id=9700, stack(0x000000e1ad100000,0x000000e1ad200000)]
  0x000002dea1e0b800 JavaThread "Unconstrained build operations Thread 93" [_thread_blocked, id=23692, stack(0x000000e1ad200000,0x000000e1ad300000)]
  0x000002dea1e09490 JavaThread "Unconstrained build operations Thread 94" [_thread_blocked, id=18028, stack(0x000000e1ad300000,0x000000e1ad400000)]
  0x000002dea1e0eaa0 JavaThread "Unconstrained build operations Thread 95" [_thread_blocked, id=23324, stack(0x000000e1ad400000,0x000000e1ad500000)]
  0x000002dea1e0bd10 JavaThread "Unconstrained build operations Thread 96" [_thread_blocked, id=12532, stack(0x000000e1ad500000,0x000000e1ad600000)]
  0x000002dea1e0c220 JavaThread "Unconstrained build operations Thread 97" [_thread_blocked, id=25476, stack(0x000000e1ad600000,0x000000e1ad700000)]
  0x000002dea1e0c730 JavaThread "Unconstrained build operations Thread 98" [_thread_blocked, id=9200, stack(0x000000e1ad700000,0x000000e1ad800000)]
  0x000002dea1e0cc40 JavaThread "Unconstrained build operations Thread 99" [_thread_blocked, id=16924, stack(0x000000e1ad800000,0x000000e1ad900000)]
  0x000002dea1e0fee0 JavaThread "Unconstrained build operations Thread 100" [_thread_blocked, id=17136, stack(0x000000e1ad900000,0x000000e1ada00000)]
  0x000002dea1e0d150 JavaThread "Unconstrained build operations Thread 101" [_thread_blocked, id=26940, stack(0x000000e1ada00000,0x000000e1adb00000)]

Other Threads:
  0x000002de9c8b1580 VMThread "VM Thread" [stack: 0x000000e1a1a00000,0x000000e1a1b00000] [id=11268]
  0x000002de9cb38c70 WatcherThread [stack: 0x000000e1a2800000,0x000000e1a2900000] [id=17472]
  0x000002deffdf9820 GCTaskThread "GC Thread#0" [stack: 0x000000e1a1500000,0x000000e1a1600000] [id=19008]
  0x000002dea27a1c10 GCTaskThread "GC Thread#1" [stack: 0x000000e1a2c00000,0x000000e1a2d00000] [id=18396]
  0x000002dea2157450 GCTaskThread "GC Thread#2" [stack: 0x000000e1a2d00000,0x000000e1a2e00000] [id=24928]
  0x000002dea2157710 GCTaskThread "GC Thread#3" [stack: 0x000000e1a2e00000,0x000000e1a2f00000] [id=4520]
  0x000002dea2544560 GCTaskThread "GC Thread#4" [stack: 0x000000e1a2f00000,0x000000e1a3000000] [id=25892]
  0x000002dea24f90f0 GCTaskThread "GC Thread#5" [stack: 0x000000e1a3000000,0x000000e1a3100000] [id=27480]
  0x000002dea2745690 GCTaskThread "GC Thread#6" [stack: 0x000000e1a3c00000,0x000000e1a3d00000] [id=15696]
  0x000002dea2745950 GCTaskThread "GC Thread#7" [stack: 0x000000e1a3d00000,0x000000e1a3e00000] [id=1652]
  0x000002dea2745c10 GCTaskThread "GC Thread#8" [stack: 0x000000e1a3e00000,0x000000e1a3f00000] [id=29316]
  0x000002dea27448d0 GCTaskThread "GC Thread#9" [stack: 0x000000e1a3f00000,0x000000e1a4000000] [id=19928]
  0x000002dea2744b90 GCTaskThread "GC Thread#10" [stack: 0x000000e1a4000000,0x000000e1a4100000] [id=26916]
  0x000002dea2744e50 GCTaskThread "GC Thread#11" [stack: 0x000000e1a4100000,0x000000e1a4200000] [id=20696]
  0x000002dea2745110 GCTaskThread "GC Thread#12" [stack: 0x000000e1a4200000,0x000000e1a4300000] [id=19304]
  0x000002dea2744090 GCTaskThread "GC Thread#13" [stack: 0x000000e1a4300000,0x000000e1a4400000] [id=20088]
  0x000002dea2744350 GCTaskThread "GC Thread#14" [stack: 0x000000e1a4400000,0x000000e1a4500000] [id=19900]
  0x000002deffe0a770 ConcurrentGCThread "G1 Main Marker" [stack: 0x000000e1a1600000,0x000000e1a1700000] [id=29000]
  0x000002deffe0b930 ConcurrentGCThread "G1 Conc#0" [stack: 0x000000e1a1700000,0x000000e1a1800000] [id=16420]
  0x000002dea2744610 ConcurrentGCThread "G1 Conc#1" [stack: 0x000000e1a4500000,0x000000e1a4600000] [id=13452]
  0x000002dea27453d0 ConcurrentGCThread "G1 Conc#2" [stack: 0x000000e1a4600000,0x000000e1a4700000] [id=29200]
  0x000002dea2dcc170 ConcurrentGCThread "G1 Conc#3" [stack: 0x000000e1a4700000,0x000000e1a4800000] [id=23840]
  0x000002deffe4dbb0 ConcurrentGCThread "G1 Refine#0" [stack: 0x000000e1a1800000,0x000000e1a1900000] [id=28008]
  0x000002dea69a7e00 ConcurrentGCThread "G1 Refine#1" [stack: 0x000000e1a8400000,0x000000e1a8500000] [id=28996]
  0x000002dea6cf5770 ConcurrentGCThread "G1 Refine#2" [stack: 0x000000e1a8500000,0x000000e1a8600000] [id=29032]
  0x000002dea58fb810 ConcurrentGCThread "G1 Refine#3" [stack: 0x000000e1a8600000,0x000000e1a8700000] [id=26744]
  0x000002dea657c2d0 ConcurrentGCThread "G1 Refine#4" [stack: 0x000000e1a8700000,0x000000e1a8800000] [id=4512]
  0x000002deffe4e5e0 ConcurrentGCThread "G1 Service" [stack: 0x000000e1a1900000,0x000000e1a1a00000] [id=4164]

Threads with active compile tasks:
C2 CompilerThread2    11408 16225       4       com.android.ide.common.resources.NodeUtils::adoptNode (15 bytes)
C2 CompilerThread3    11408 15959 % !   4       com.android.ide.common.resources.DataMerger::mergeData @ 247 (611 bytes)
C2 CompilerThread4    11408 16135       4       com.android.utils.XmlUtils::append (597 bytes)

VM state: not at safepoint (normal execution)

VM Mutex/Monitor currently owned by a thread: None

Heap address: 0x0000000080000000, size: 2048 MB, Compressed Oops mode: 32-bit

CDS archive(s) not mapped
Compressed class space mapped at: 0x0000000100000000-0x0000000140000000, reserved size: 1073741824
Narrow klass base: 0x0000000000000000, Narrow klass shift: 3, Narrow klass range: 0x140000000

GC Precious Log:
 CPUs: 20 total, 20 available
 Memory: 16004M
 Large Page Support: Disabled
 NUMA Support: Disabled
 Compressed Oops: Enabled (32-bit)
 Heap Region Size: 1M
 Heap Min Capacity: 8M
 Heap Initial Capacity: 252M
 Heap Max Capacity: 2G
 Pre-touch: Disabled
 Parallel Workers: 15
 Concurrent Workers: 4
 Concurrent Refinement Workers: 15
 Periodic GC: Disabled

Heap:
 garbage-first heap   total 299008K, used 195081K [0x0000000080000000, 0x0000000100000000)
  region size 1024K, 21 young (21504K), 2 survivors (2048K)
 Metaspace       used 117090K, committed 118080K, reserved 1179648K
  class space    used 15889K, committed 16320K, reserved 1048576K

Heap Regions: E=young(eden), S=young(survivor), O=old, HS=humongous(starts), HC=humongous(continues), CS=collection set, F=free, OA=open archive, CA=closed archive, TAMS=top-at-mark-start (previous, next)
|   0|0x0000000080000000, 0x0000000080100000, 0x0000000080100000|100%|HS|  |TAMS 0x0000000080100000, 0x0000000080000000| Complete 
|   1|0x0000000080100000, 0x0000000080200000, 0x0000000080200000|100%|HC|  |TAMS 0x0000000080200000, 0x0000000080100000| Complete 
|   2|0x0000000080200000, 0x0000000080300000, 0x0000000080300000|100%|HC|  |TAMS 0x0000000080300000, 0x0000000080200000| Complete 
|   3|0x0000000080300000, 0x0000000080400000, 0x0000000080400000|100%|HC|  |TAMS 0x0000000080400000, 0x0000000080300000| Complete 
|   4|0x0000000080400000, 0x0000000080500000, 0x0000000080500000|100%| O|  |TAMS 0x0000000080500000, 0x0000000080400000| Untracked 
|   5|0x0000000080500000, 0x0000000080600000, 0x0000000080600000|100%| O|  |TAMS 0x0000000080600000, 0x0000000080500000| Untracked 
|   6|0x0000000080600000, 0x0000000080700000, 0x0000000080700000|100%| O|  |TAMS 0x0000000080700000, 0x0000000080600000| Untracked 
|   7|0x0000000080700000, 0x0000000080800000, 0x0000000080800000|100%| O|  |TAMS 0x0000000080800000, 0x0000000080700000| Untracked 
|   8|0x0000000080800000, 0x0000000080900000, 0x0000000080900000|100%| O|  |TAMS 0x0000000080900000, 0x0000000080800000| Untracked 
|   9|0x0000000080900000, 0x0000000080a00000, 0x0000000080a00000|100%| O|  |TAMS 0x0000000080a00000, 0x0000000080900000| Untracked 
|  10|0x0000000080a00000, 0x0000000080b00000, 0x0000000080b00000|100%|HS|  |TAMS 0x0000000080b00000, 0x0000000080a00000| Complete 
|  11|0x0000000080b00000, 0x0000000080c00000, 0x0000000080c00000|100%| O|  |TAMS 0x0000000080c00000, 0x0000000080b00000| Untracked 
|  12|0x0000000080c00000, 0x0000000080d00000, 0x0000000080d00000|100%| O|  |TAMS 0x0000000080d00000, 0x0000000080c00000| Untracked 
|  13|0x0000000080d00000, 0x0000000080e00000, 0x0000000080e00000|100%| O|  |TAMS 0x0000000080e00000, 0x0000000080d00000| Untracked 
|  14|0x0000000080e00000, 0x0000000080f00000, 0x0000000080f00000|100%| O|  |TAMS 0x0000000080f00000, 0x0000000080e00000| Untracked 
|  15|0x0000000080f00000, 0x0000000081000000, 0x0000000081000000|100%| O|  |TAMS 0x0000000081000000, 0x0000000080f00000| Untracked 
|  16|0x0000000081000000, 0x0000000081100000, 0x0000000081100000|100%| O|  |TAMS 0x0000000081100000, 0x0000000081000000| Untracked 
|  17|0x0000000081100000, 0x0000000081200000, 0x0000000081200000|100%| O|  |TAMS 0x0000000081200000, 0x0000000081100000| Untracked 
|  18|0x0000000081200000, 0x0000000081300000, 0x0000000081300000|100%| O|  |TAMS 0x0000000081300000, 0x0000000081200000| Untracked 
|  19|0x0000000081300000, 0x0000000081400000, 0x0000000081400000|100%| O|  |TAMS 0x0000000081400000, 0x0000000081300000| Untracked 
|  20|0x0000000081400000, 0x0000000081500000, 0x0000000081500000|100%| O|  |TAMS 0x0000000081500000, 0x0000000081400000| Untracked 
|  21|0x0000000081500000, 0x0000000081600000, 0x0000000081600000|100%| O|  |TAMS 0x0000000081600000, 0x0000000081500000| Untracked 
|  22|0x0000000081600000, 0x0000000081700000, 0x0000000081700000|100%| O|  |TAMS 0x0000000081700000, 0x0000000081600000| Untracked 
|  23|0x0000000081700000, 0x0000000081800000, 0x0000000081800000|100%| O|  |TAMS 0x0000000081800000, 0x0000000081700000| Untracked 
|  24|0x0000000081800000, 0x0000000081900000, 0x0000000081900000|100%| O|  |TAMS 0x0000000081900000, 0x0000000081800000| Untracked 
|  25|0x0000000081900000, 0x0000000081a00000, 0x0000000081a00000|100%| O|  |TAMS 0x0000000081a00000, 0x0000000081900000| Untracked 
|  26|0x0000000081a00000, 0x0000000081b00000, 0x0000000081b00000|100%| O|  |TAMS 0x0000000081b00000, 0x0000000081a00000| Untracked 
|  27|0x0000000081b00000, 0x0000000081c00000, 0x0000000081c00000|100%| O|  |TAMS 0x0000000081c00000, 0x0000000081b00000| Untracked 
|  28|0x0000000081c00000, 0x0000000081d00000, 0x0000000081d00000|100%| O|  |TAMS 0x0000000081d00000, 0x0000000081c00000| Untracked 
|  29|0x0000000081d00000, 0x0000000081e00000, 0x0000000081e00000|100%| O|  |TAMS 0x0000000081e00000, 0x0000000081d00000| Untracked 
|  30|0x0000000081e00000, 0x0000000081f00000, 0x0000000081f00000|100%| O|  |TAMS 0x0000000081f00000, 0x0000000081e00000| Untracked 
|  31|0x0000000081f00000, 0x0000000082000000, 0x0000000082000000|100%| O|  |TAMS 0x0000000082000000, 0x0000000081f00000| Untracked 
|  32|0x0000000082000000, 0x0000000082100000, 0x0000000082100000|100%| O|  |TAMS 0x0000000082100000, 0x0000000082000000| Untracked 
|  33|0x0000000082100000, 0x0000000082200000, 0x0000000082200000|100%| O|  |TAMS 0x0000000082200000, 0x0000000082100000| Untracked 
|  34|0x0000000082200000, 0x0000000082300000, 0x0000000082300000|100%| O|  |TAMS 0x0000000082300000, 0x0000000082200000| Untracked 
|  35|0x0000000082300000, 0x0000000082400000, 0x0000000082400000|100%| O|  |TAMS 0x0000000082400000, 0x0000000082300000| Untracked 
|  36|0x0000000082400000, 0x0000000082500000, 0x0000000082500000|100%| O|  |TAMS 0x0000000082500000, 0x0000000082400000| Untracked 
|  37|0x0000000082500000, 0x0000000082600000, 0x0000000082600000|100%| O|  |TAMS 0x0000000082600000, 0x0000000082500000| Untracked 
|  38|0x0000000082600000, 0x0000000082700000, 0x0000000082700000|100%| O|  |TAMS 0x0000000082700000, 0x0000000082600000| Untracked 
|  39|0x0000000082700000, 0x0000000082800000, 0x0000000082800000|100%| O|  |TAMS 0x0000000082800000, 0x0000000082700000| Untracked 
|  40|0x0000000082800000, 0x0000000082900000, 0x0000000082900000|100%| O|  |TAMS 0x0000000082900000, 0x0000000082800000| Untracked 
|  41|0x0000000082900000, 0x0000000082a00000, 0x0000000082a00000|100%| O|  |TAMS 0x0000000082a00000, 0x0000000082900000| Untracked 
|  42|0x0000000082a00000, 0x0000000082b00000, 0x0000000082b00000|100%| O|  |TAMS 0x0000000082b00000, 0x0000000082a00000| Untracked 
|  43|0x0000000082b00000, 0x0000000082c00000, 0x0000000082c00000|100%|HS|  |TAMS 0x0000000082c00000, 0x0000000082b00000| Complete 
|  44|0x0000000082c00000, 0x0000000082d00000, 0x0000000082d00000|100%|HS|  |TAMS 0x0000000082d00000, 0x0000000082c00000| Complete 
|  45|0x0000000082d00000, 0x0000000082e00000, 0x0000000082e00000|100%|HS|  |TAMS 0x0000000082e00000, 0x0000000082d00000| Complete 
|  46|0x0000000082e00000, 0x0000000082f00000, 0x0000000082f00000|100%|HC|  |TAMS 0x0000000082f00000, 0x0000000082e00000| Complete 
|  47|0x0000000082f00000, 0x0000000083000000, 0x0000000083000000|100%|HS|  |TAMS 0x0000000083000000, 0x0000000082f00000| Complete 
|  48|0x0000000083000000, 0x0000000083100000, 0x0000000083100000|100%|HC|  |TAMS 0x0000000083100000, 0x0000000083000000| Complete 
|  49|0x0000000083100000, 0x0000000083200000, 0x0000000083200000|100%|HS|  |TAMS 0x0000000083200000, 0x0000000083100000| Complete 
|  50|0x0000000083200000, 0x0000000083300000, 0x0000000083300000|100%|HS|  |TAMS 0x0000000083300000, 0x0000000083200000| Complete 
|  51|0x0000000083300000, 0x0000000083400000, 0x0000000083400000|100%|HC|  |TAMS 0x0000000083400000, 0x0000000083300000| Complete 
|  52|0x0000000083400000, 0x0000000083500000, 0x0000000083500000|100%|HC|  |TAMS 0x0000000083500000, 0x0000000083400000| Complete 
|  53|0x0000000083500000, 0x0000000083600000, 0x0000000083600000|100%|HC|  |TAMS 0x0000000083600000, 0x0000000083500000| Complete 
|  54|0x0000000083600000, 0x0000000083700000, 0x0000000083700000|100%|HS|  |TAMS 0x0000000083700000, 0x0000000083600000| Complete 
|  55|0x0000000083700000, 0x0000000083800000, 0x0000000083800000|100%| O|  |TAMS 0x0000000083800000, 0x0000000083700000| Untracked 
|  56|0x0000000083800000, 0x0000000083900000, 0x0000000083900000|100%|HS|  |TAMS 0x0000000083900000, 0x0000000083800000| Complete 
|  57|0x0000000083900000, 0x0000000083a00000, 0x0000000083a00000|100%| O|  |TAMS 0x0000000083a00000, 0x0000000083900000| Untracked 
|  58|0x0000000083a00000, 0x0000000083b00000, 0x0000000083b00000|100%| O|  |TAMS 0x0000000083b00000, 0x0000000083a00000| Untracked 
|  59|0x0000000083b00000, 0x0000000083c00000, 0x0000000083c00000|100%| O|  |TAMS 0x0000000083c00000, 0x0000000083b00000| Untracked 
|  60|0x0000000083c00000, 0x0000000083d00000, 0x0000000083d00000|100%| O|  |TAMS 0x0000000083d00000, 0x0000000083c00000| Untracked 
|  61|0x0000000083d00000, 0x0000000083e00000, 0x0000000083e00000|100%| O|  |TAMS 0x0000000083e00000, 0x0000000083d00000| Untracked 
|  62|0x0000000083e00000, 0x0000000083f00000, 0x0000000083f00000|100%| O|  |TAMS 0x0000000083f00000, 0x0000000083e00000| Untracked 
|  63|0x0000000083f00000, 0x0000000084000000, 0x0000000084000000|100%| O|  |TAMS 0x0000000084000000, 0x0000000083f00000| Untracked 
|  64|0x0000000084000000, 0x0000000084100000, 0x0000000084100000|100%| O|  |TAMS 0x0000000084100000, 0x0000000084000000| Untracked 
|  65|0x0000000084100000, 0x0000000084200000, 0x0000000084200000|100%| O|  |TAMS 0x0000000084200000, 0x0000000084100000| Untracked 
|  66|0x0000000084200000, 0x0000000084300000, 0x0000000084300000|100%| O|  |TAMS 0x0000000084300000, 0x0000000084200000| Untracked 
|  67|0x0000000084300000, 0x0000000084400000, 0x0000000084400000|100%|HS|  |TAMS 0x0000000084400000, 0x0000000084300000| Complete 
|  68|0x0000000084400000, 0x0000000084500000, 0x0000000084500000|100%| O|  |TAMS 0x0000000084500000, 0x0000000084400000| Untracked 
|  69|0x0000000084500000, 0x0000000084600000, 0x0000000084600000|100%| O|  |TAMS 0x0000000084600000, 0x0000000084500000| Untracked 
|  70|0x0000000084600000, 0x0000000084700000, 0x0000000084700000|100%| O|  |TAMS 0x0000000084700000, 0x0000000084600000| Untracked 
|  71|0x0000000084700000, 0x0000000084800000, 0x0000000084800000|100%| O|  |TAMS 0x0000000084800000, 0x0000000084700000| Untracked 
|  72|0x0000000084800000, 0x0000000084900000, 0x0000000084900000|100%|HS|  |TAMS 0x0000000084900000, 0x0000000084800000| Complete 
|  73|0x0000000084900000, 0x0000000084a00000, 0x0000000084a00000|100%|HC|  |TAMS 0x0000000084a00000, 0x0000000084900000| Complete 
|  74|0x0000000084a00000, 0x0000000084b00000, 0x0000000084b00000|100%|HC|  |TAMS 0x0000000084b00000, 0x0000000084a00000| Complete 
|  75|0x0000000084b00000, 0x0000000084c00000, 0x0000000084c00000|100%|HC|  |TAMS 0x0000000084c00000, 0x0000000084b00000| Complete 
|  76|0x0000000084c00000, 0x0000000084d00000, 0x0000000084d00000|100%| O|  |TAMS 0x0000000084d00000, 0x0000000084c00000| Untracked 
|  77|0x0000000084d00000, 0x0000000084e00000, 0x0000000084e00000|100%| O|  |TAMS 0x0000000084e00000, 0x0000000084d00000| Untracked 
|  78|0x0000000084e00000, 0x0000000084f00000, 0x0000000084f00000|100%| O|  |TAMS 0x0000000084f00000, 0x0000000084e00000| Untracked 
|  79|0x0000000084f00000, 0x0000000085000000, 0x0000000085000000|100%| O|  |TAMS 0x0000000085000000, 0x0000000084f00000| Untracked 
|  80|0x0000000085000000, 0x0000000085100000, 0x0000000085100000|100%| O|  |TAMS 0x0000000085100000, 0x0000000085000000| Untracked 
|  81|0x0000000085100000, 0x0000000085200000, 0x0000000085200000|100%| O|  |TAMS 0x0000000085200000, 0x0000000085100000| Untracked 
|  82|0x0000000085200000, 0x0000000085300000, 0x0000000085300000|100%| O|  |TAMS 0x0000000085300000, 0x0000000085200000| Untracked 
|  83|0x0000000085300000, 0x0000000085400000, 0x0000000085400000|100%| O|  |TAMS 0x0000000085400000, 0x0000000085300000| Untracked 
|  84|0x0000000085400000, 0x0000000085500000, 0x0000000085500000|100%| O|  |TAMS 0x0000000085500000, 0x0000000085400000| Untracked 
|  85|0x0000000085500000, 0x0000000085600000, 0x0000000085600000|100%| O|  |TAMS 0x0000000085600000, 0x0000000085500000| Untracked 
|  86|0x0000000085600000, 0x0000000085700000, 0x0000000085700000|100%| O|  |TAMS 0x0000000085700000, 0x0000000085600000| Untracked 
|  87|0x0000000085700000, 0x0000000085800000, 0x0000000085800000|100%| O|  |TAMS 0x0000000085800000, 0x0000000085700000| Untracked 
|  88|0x0000000085800000, 0x0000000085900000, 0x0000000085900000|100%| O|  |TAMS 0x0000000085900000, 0x0000000085800000| Untracked 
|  89|0x0000000085900000, 0x0000000085a00000, 0x0000000085a00000|100%| O|  |TAMS 0x0000000085a00000, 0x0000000085900000| Untracked 
|  90|0x0000000085a00000, 0x0000000085a00000, 0x0000000085b00000|  0%| F|  |TAMS 0x0000000085a00000, 0x0000000085a00000| Untracked 
|  91|0x0000000085b00000, 0x0000000085b00000, 0x0000000085c00000|  0%| F|  |TAMS 0x0000000085b00000, 0x0000000085b00000| Untracked 
|  92|0x0000000085c00000, 0x0000000085c00000, 0x0000000085d00000|  0%| F|  |TAMS 0x0000000085c00000, 0x0000000085c00000| Untracked 
|  93|0x0000000085d00000, 0x0000000085e00000, 0x0000000085e00000|100%| O|  |TAMS 0x0000000085e00000, 0x0000000085d00000| Untracked 
|  94|0x0000000085e00000, 0x0000000085f00000, 0x0000000085f00000|100%| O|  |TAMS 0x0000000085f00000, 0x0000000085e00000| Untracked 
|  95|0x0000000085f00000, 0x0000000086000000, 0x0000000086000000|100%| O|  |TAMS 0x0000000086000000, 0x0000000085f00000| Untracked 
|  96|0x0000000086000000, 0x0000000086100000, 0x0000000086100000|100%| O|  |TAMS 0x0000000086100000, 0x0000000086000000| Untracked 
|  97|0x0000000086100000, 0x0000000086200000, 0x0000000086200000|100%| O|  |TAMS 0x0000000086200000, 0x0000000086100000| Untracked 
|  98|0x0000000086200000, 0x0000000086300000, 0x0000000086300000|100%| O|  |TAMS 0x0000000086300000, 0x0000000086200000| Untracked 
|  99|0x0000000086300000, 0x0000000086400000, 0x0000000086400000|100%| O|  |TAMS 0x0000000086400000, 0x0000000086300000| Untracked 
| 100|0x0000000086400000, 0x0000000086500000, 0x0000000086500000|100%| O|  |TAMS 0x0000000086500000, 0x0000000086400000| Untracked 
| 101|0x0000000086500000, 0x0000000086600000, 0x0000000086600000|100%| O|  |TAMS 0x0000000086600000, 0x0000000086500000| Untracked 
| 102|0x0000000086600000, 0x0000000086700000, 0x0000000086700000|100%| O|  |TAMS 0x0000000086700000, 0x0000000086600000| Untracked 
| 103|0x0000000086700000, 0x0000000086800000, 0x0000000086800000|100%| O|  |TAMS 0x0000000086800000, 0x0000000086700000| Untracked 
| 104|0x0000000086800000, 0x0000000086900000, 0x0000000086900000|100%| O|  |TAMS 0x0000000086900000, 0x0000000086800000| Untracked 
| 105|0x0000000086900000, 0x0000000086a00000, 0x0000000086a00000|100%| O|  |TAMS 0x0000000086a00000, 0x0000000086900000| Untracked 
| 106|0x0000000086a00000, 0x0000000086b00000, 0x0000000086b00000|100%| O|  |TAMS 0x0000000086b00000, 0x0000000086a00000| Untracked 
| 107|0x0000000086b00000, 0x0000000086c00000, 0x0000000086c00000|100%| O|  |TAMS 0x0000000086c00000, 0x0000000086b00000| Untracked 
| 108|0x0000000086c00000, 0x0000000086d00000, 0x0000000086d00000|100%| O|  |TAMS 0x0000000086d00000, 0x0000000086c00000| Untracked 
| 109|0x0000000086d00000, 0x0000000086e00000, 0x0000000086e00000|100%| O|  |TAMS 0x0000000086e00000, 0x0000000086d00000| Untracked 
| 110|0x0000000086e00000, 0x0000000086f00000, 0x0000000086f00000|100%| O|  |TAMS 0x0000000086f00000, 0x0000000086e00000| Untracked 
| 111|0x0000000086f00000, 0x0000000087000000, 0x0000000087000000|100%| O|  |TAMS 0x0000000087000000, 0x0000000086f00000| Untracked 
| 112|0x0000000087000000, 0x0000000087100000, 0x0000000087100000|100%| O|  |TAMS 0x0000000087100000, 0x0000000087000000| Untracked 
| 113|0x0000000087100000, 0x0000000087200000, 0x0000000087200000|100%| O|  |TAMS 0x0000000087200000, 0x0000000087100000| Untracked 
| 114|0x0000000087200000, 0x0000000087300000, 0x0000000087300000|100%| O|  |TAMS 0x0000000087300000, 0x0000000087200000| Untracked 
| 115|0x0000000087300000, 0x0000000087400000, 0x0000000087400000|100%| O|  |TAMS 0x0000000087400000, 0x0000000087300000| Untracked 
| 116|0x0000000087400000, 0x0000000087500000, 0x0000000087500000|100%| O|  |TAMS 0x0000000087500000, 0x0000000087400000| Untracked 
| 117|0x0000000087500000, 0x0000000087600000, 0x0000000087600000|100%| O|  |TAMS 0x0000000087600000, 0x0000000087500000| Untracked 
| 118|0x0000000087600000, 0x0000000087700000, 0x0000000087700000|100%| O|  |TAMS 0x0000000087700000, 0x0000000087600000| Untracked 
| 119|0x0000000087700000, 0x0000000087800000, 0x0000000087800000|100%| O|  |TAMS 0x0000000087800000, 0x0000000087700000| Untracked 
| 120|0x0000000087800000, 0x0000000087900000, 0x0000000087900000|100%| O|  |TAMS 0x0000000087900000, 0x0000000087800000| Untracked 
| 121|0x0000000087900000, 0x0000000087a00000, 0x0000000087a00000|100%| O|  |TAMS 0x0000000087a00000, 0x0000000087900000| Untracked 
| 122|0x0000000087a00000, 0x0000000087b00000, 0x0000000087b00000|100%| O|  |TAMS 0x0000000087b00000, 0x0000000087a00000| Untracked 
| 123|0x0000000087b00000, 0x0000000087c00000, 0x0000000087c00000|100%| O|  |TAMS 0x0000000087c00000, 0x0000000087b00000| Untracked 
| 124|0x0000000087c00000, 0x0000000087d00000, 0x0000000087d00000|100%| O|  |TAMS 0x0000000087d00000, 0x0000000087c00000| Untracked 
| 125|0x0000000087d00000, 0x0000000087e00000, 0x0000000087e00000|100%| O|  |TAMS 0x0000000087e00000, 0x0000000087d00000| Untracked 
| 126|0x0000000087e00000, 0x0000000087f00000, 0x0000000087f00000|100%| O|  |TAMS 0x0000000087f00000, 0x0000000087e00000| Untracked 
| 127|0x0000000087f00000, 0x0000000088000000, 0x0000000088000000|100%| O|  |TAMS 0x0000000088000000, 0x0000000087f00000| Untracked 
| 128|0x0000000088000000, 0x0000000088100000, 0x0000000088100000|100%| O|  |TAMS 0x0000000088000000, 0x0000000088000000| Untracked 
| 129|0x0000000088100000, 0x0000000088200000, 0x0000000088200000|100%| O|  |TAMS 0x0000000088100000, 0x0000000088100000| Untracked 
| 130|0x0000000088200000, 0x0000000088300000, 0x0000000088300000|100%| O|  |TAMS 0x0000000088200000, 0x0000000088200000| Untracked 
| 131|0x0000000088300000, 0x0000000088400000, 0x0000000088400000|100%| O|  |TAMS 0x0000000088300000, 0x0000000088300000| Untracked 
| 132|0x0000000088400000, 0x0000000088500000, 0x0000000088500000|100%| O|  |TAMS 0x0000000088400000, 0x0000000088400000| Untracked 
| 133|0x0000000088500000, 0x0000000088600000, 0x0000000088600000|100%| O|  |TAMS 0x0000000088500000, 0x0000000088500000| Untracked 
| 134|0x0000000088600000, 0x0000000088700000, 0x0000000088700000|100%| O|  |TAMS 0x0000000088600000, 0x0000000088600000| Untracked 
| 135|0x0000000088700000, 0x0000000088800000, 0x0000000088800000|100%|HS|  |TAMS 0x0000000088800000, 0x0000000088700000| Complete 
| 136|0x0000000088800000, 0x0000000088900000, 0x0000000088900000|100%|HC|  |TAMS 0x0000000088900000, 0x0000000088800000| Complete 
| 137|0x0000000088900000, 0x0000000088a00000, 0x0000000088a00000|100%| O|  |TAMS 0x0000000088a00000, 0x0000000088900000| Untracked 
| 138|0x0000000088a00000, 0x0000000088b00000, 0x0000000088b00000|100%| O|  |TAMS 0x0000000088b00000, 0x0000000088a00000| Untracked 
| 139|0x0000000088b00000, 0x0000000088c00000, 0x0000000088c00000|100%| O|  |TAMS 0x0000000088c00000, 0x0000000088b00000| Untracked 
| 140|0x0000000088c00000, 0x0000000088d00000, 0x0000000088d00000|100%| O|  |TAMS 0x0000000088d00000, 0x0000000088c00000| Untracked 
| 141|0x0000000088d00000, 0x0000000088e00000, 0x0000000088e00000|100%| O|  |TAMS 0x0000000088e00000, 0x0000000088d00000| Untracked 
| 142|0x0000000088e00000, 0x0000000088f00000, 0x0000000088f00000|100%| O|  |TAMS 0x0000000088f00000, 0x0000000088e00000| Untracked 
| 143|0x0000000088f00000, 0x0000000089000000, 0x0000000089000000|100%| O|  |TAMS 0x0000000089000000, 0x0000000088f00000| Untracked 
| 144|0x0000000089000000, 0x0000000089100000, 0x0000000089100000|100%| O|  |TAMS 0x0000000089100000, 0x0000000089000000| Untracked 
| 145|0x0000000089100000, 0x0000000089200000, 0x0000000089200000|100%| O|  |TAMS 0x0000000089200000, 0x0000000089100000| Untracked 
| 146|0x0000000089200000, 0x0000000089300000, 0x0000000089300000|100%| O|  |TAMS 0x0000000089300000, 0x0000000089200000| Untracked 
| 147|0x0000000089300000, 0x0000000089400000, 0x0000000089400000|100%| O|  |TAMS 0x0000000089400000, 0x0000000089300000| Untracked 
| 148|0x0000000089400000, 0x0000000089500000, 0x0000000089500000|100%| O|  |TAMS 0x0000000089500000, 0x0000000089400000| Untracked 
| 149|0x0000000089500000, 0x0000000089600000, 0x0000000089600000|100%| O|  |TAMS 0x0000000089600000, 0x0000000089500000| Untracked 
| 150|0x0000000089600000, 0x0000000089700000, 0x0000000089700000|100%| O|  |TAMS 0x0000000089700000, 0x0000000089600000| Untracked 
| 151|0x0000000089700000, 0x0000000089800000, 0x0000000089800000|100%| O|  |TAMS 0x0000000089800000, 0x0000000089700000| Untracked 
| 152|0x0000000089800000, 0x0000000089900000, 0x0000000089900000|100%| O|  |TAMS 0x0000000089900000, 0x0000000089800000| Untracked 
| 153|0x0000000089900000, 0x0000000089a00000, 0x0000000089a00000|100%| O|  |TAMS 0x0000000089a00000, 0x0000000089900000| Untracked 
| 154|0x0000000089a00000, 0x0000000089b00000, 0x0000000089b00000|100%| O|  |TAMS 0x0000000089b00000, 0x0000000089a00000| Untracked 
| 155|0x0000000089b00000, 0x0000000089c00000, 0x0000000089c00000|100%| O|  |TAMS 0x0000000089b00000, 0x0000000089b00000| Untracked 
| 156|0x0000000089c00000, 0x0000000089d00000, 0x0000000089d00000|100%| O|  |TAMS 0x0000000089c00000, 0x0000000089c00000| Untracked 
| 157|0x0000000089d00000, 0x0000000089e00000, 0x0000000089e00000|100%| O|  |TAMS 0x0000000089d00000, 0x0000000089d00000| Untracked 
| 158|0x0000000089e00000, 0x0000000089f00000, 0x0000000089f00000|100%| O|  |TAMS 0x0000000089f00000, 0x0000000089e00000| Untracked 
| 159|0x0000000089f00000, 0x000000008a000000, 0x000000008a000000|100%| O|  |TAMS 0x000000008a000000, 0x0000000089f00000| Untracked 
| 160|0x000000008a000000, 0x000000008a100000, 0x000000008a100000|100%| O|  |TAMS 0x000000008a100000, 0x000000008a000000| Untracked 
| 161|0x000000008a100000, 0x000000008a200000, 0x000000008a200000|100%| O|  |TAMS 0x000000008a200000, 0x000000008a100000| Untracked 
| 162|0x000000008a200000, 0x000000008a300000, 0x000000008a300000|100%| O|  |TAMS 0x000000008a200000, 0x000000008a200000| Untracked 
| 163|0x000000008a300000, 0x000000008a400000, 0x000000008a400000|100%| O|  |TAMS 0x000000008a300000, 0x000000008a300000| Untracked 
| 164|0x000000008a400000, 0x000000008a500000, 0x000000008a500000|100%| O|  |TAMS 0x000000008a400000, 0x000000008a400000| Untracked 
| 165|0x000000008a500000, 0x000000008a582400, 0x000000008a600000| 50%| O|  |TAMS 0x000000008a500000, 0x000000008a500000| Untracked 
| 166|0x000000008a600000, 0x000000008a600000, 0x000000008a700000|  0%| F|  |TAMS 0x000000008a600000, 0x000000008a600000| Untracked 
| 167|0x000000008a700000, 0x000000008a700000, 0x000000008a800000|  0%| F|  |TAMS 0x000000008a700000, 0x000000008a700000| Untracked 
| 168|0x000000008a800000, 0x000000008a800000, 0x000000008a900000|  0%| F|  |TAMS 0x000000008a800000, 0x000000008a800000| Untracked 
| 169|0x000000008a900000, 0x000000008a900000, 0x000000008aa00000|  0%| F|  |TAMS 0x000000008a900000, 0x000000008a900000| Untracked 
| 170|0x000000008aa00000, 0x000000008ab00000, 0x000000008ab00000|100%| O|  |TAMS 0x000000008aa00000, 0x000000008aa00000| Untracked 
| 171|0x000000008ab00000, 0x000000008ac00000, 0x000000008ac00000|100%| O|  |TAMS 0x000000008ab00000, 0x000000008ab00000| Untracked 
| 172|0x000000008ac00000, 0x000000008ad00000, 0x000000008ad00000|100%| O|  |TAMS 0x000000008ac00000, 0x000000008ac00000| Untracked 
| 173|0x000000008ad00000, 0x000000008ae00000, 0x000000008ae00000|100%| O|  |TAMS 0x000000008ad00000, 0x000000008ad00000| Untracked 
| 174|0x000000008ae00000, 0x000000008af00000, 0x000000008af00000|100%| O|  |TAMS 0x000000008ae00000, 0x000000008ae00000| Untracked 
| 175|0x000000008af00000, 0x000000008af00000, 0x000000008b000000|  0%| F|  |TAMS 0x000000008af00000, 0x000000008af00000| Untracked 
| 176|0x000000008b000000, 0x000000008b000000, 0x000000008b100000|  0%| F|  |TAMS 0x000000008b000000, 0x000000008b000000| Untracked 
| 177|0x000000008b100000, 0x000000008b100000, 0x000000008b200000|  0%| F|  |TAMS 0x000000008b100000, 0x000000008b100000| Untracked 
| 178|0x000000008b200000, 0x000000008b200000, 0x000000008b300000|  0%| F|  |TAMS 0x000000008b200000, 0x000000008b200000| Untracked 
| 179|0x000000008b300000, 0x000000008b300000, 0x000000008b400000|  0%| F|  |TAMS 0x000000008b300000, 0x000000008b300000| Untracked 
| 180|0x000000008b400000, 0x000000008b400000, 0x000000008b500000|  0%| F|  |TAMS 0x000000008b400000, 0x000000008b400000| Untracked 
| 181|0x000000008b500000, 0x000000008b500000, 0x000000008b600000|  0%| F|  |TAMS 0x000000008b500000, 0x000000008b500000| Untracked 
| 182|0x000000008b600000, 0x000000008b600000, 0x000000008b700000|  0%| F|  |TAMS 0x000000008b600000, 0x000000008b600000| Untracked 
| 183|0x000000008b700000, 0x000000008b700000, 0x000000008b800000|  0%| F|  |TAMS 0x000000008b700000, 0x000000008b700000| Untracked 
| 184|0x000000008b800000, 0x000000008b800000, 0x000000008b900000|  0%| F|  |TAMS 0x000000008b800000, 0x000000008b800000| Untracked 
| 185|0x000000008b900000, 0x000000008b900000, 0x000000008ba00000|  0%| F|  |TAMS 0x000000008b900000, 0x000000008b900000| Untracked 
| 186|0x000000008ba00000, 0x000000008ba00000, 0x000000008bb00000|  0%| F|  |TAMS 0x000000008ba00000, 0x000000008ba00000| Untracked 
| 187|0x000000008bb00000, 0x000000008bb00000, 0x000000008bc00000|  0%| F|  |TAMS 0x000000008bb00000, 0x000000008bb00000| Untracked 
| 188|0x000000008bc00000, 0x000000008bc00000, 0x000000008bd00000|  0%| F|  |TAMS 0x000000008bc00000, 0x000000008bc00000| Untracked 
| 189|0x000000008bd00000, 0x000000008bd00000, 0x000000008be00000|  0%| F|  |TAMS 0x000000008bd00000, 0x000000008bd00000| Untracked 
| 190|0x000000008be00000, 0x000000008be00000, 0x000000008bf00000|  0%| F|  |TAMS 0x000000008be00000, 0x000000008be00000| Untracked 
| 191|0x000000008bf00000, 0x000000008bf00000, 0x000000008c000000|  0%| F|  |TAMS 0x000000008bf00000, 0x000000008bf00000| Untracked 
| 192|0x000000008c000000, 0x000000008c000000, 0x000000008c100000|  0%| F|  |TAMS 0x000000008c000000, 0x000000008c000000| Untracked 
| 193|0x000000008c100000, 0x000000008c100000, 0x000000008c200000|  0%| F|  |TAMS 0x000000008c100000, 0x000000008c100000| Untracked 
| 194|0x000000008c200000, 0x000000008c200000, 0x000000008c300000|  0%| F|  |TAMS 0x000000008c200000, 0x000000008c200000| Untracked 
| 195|0x000000008c300000, 0x000000008c300000, 0x000000008c400000|  0%| F|  |TAMS 0x000000008c300000, 0x000000008c300000| Untracked 
| 196|0x000000008c400000, 0x000000008c400000, 0x000000008c500000|  0%| F|  |TAMS 0x000000008c400000, 0x000000008c400000| Untracked 
| 197|0x000000008c500000, 0x000000008c500000, 0x000000008c600000|  0%| F|  |TAMS 0x000000008c500000, 0x000000008c500000| Untracked 
| 198|0x000000008c600000, 0x000000008c600000, 0x000000008c700000|  0%| F|  |TAMS 0x000000008c600000, 0x000000008c600000| Untracked 
| 199|0x000000008c700000, 0x000000008c700000, 0x000000008c800000|  0%| F|  |TAMS 0x000000008c700000, 0x000000008c700000| Untracked 
| 200|0x000000008c800000, 0x000000008c800000, 0x000000008c900000|  0%| F|  |TAMS 0x000000008c800000, 0x000000008c800000| Untracked 
| 201|0x000000008c900000, 0x000000008c900000, 0x000000008ca00000|  0%| F|  |TAMS 0x000000008c900000, 0x000000008c900000| Untracked 
| 202|0x000000008ca00000, 0x000000008ca00000, 0x000000008cb00000|  0%| F|  |TAMS 0x000000008ca00000, 0x000000008ca00000| Untracked 
| 203|0x000000008cb00000, 0x000000008cb00000, 0x000000008cc00000|  0%| F|  |TAMS 0x000000008cb00000, 0x000000008cb00000| Untracked 
| 204|0x000000008cc00000, 0x000000008cc00000, 0x000000008cd00000|  0%| F|  |TAMS 0x000000008cc00000, 0x000000008cc00000| Untracked 
| 205|0x000000008cd00000, 0x000000008cd00000, 0x000000008ce00000|  0%| F|  |TAMS 0x000000008cd00000, 0x000000008cd00000| Untracked 
| 206|0x000000008ce00000, 0x000000008ce00000, 0x000000008cf00000|  0%| F|  |TAMS 0x000000008ce00000, 0x000000008ce00000| Untracked 
| 207|0x000000008cf00000, 0x000000008cf00000, 0x000000008d000000|  0%| F|  |TAMS 0x000000008cf00000, 0x000000008cf00000| Untracked 
| 208|0x000000008d000000, 0x000000008d000000, 0x000000008d100000|  0%| F|  |TAMS 0x000000008d000000, 0x000000008d000000| Untracked 
| 209|0x000000008d100000, 0x000000008d100000, 0x000000008d200000|  0%| F|  |TAMS 0x000000008d100000, 0x000000008d100000| Untracked 
| 210|0x000000008d200000, 0x000000008d200000, 0x000000008d300000|  0%| F|  |TAMS 0x000000008d200000, 0x000000008d200000| Untracked 
| 211|0x000000008d300000, 0x000000008d300000, 0x000000008d400000|  0%| F|  |TAMS 0x000000008d300000, 0x000000008d300000| Untracked 
| 212|0x000000008d400000, 0x000000008d400000, 0x000000008d500000|  0%| F|  |TAMS 0x000000008d400000, 0x000000008d400000| Untracked 
| 213|0x000000008d500000, 0x000000008d500000, 0x000000008d600000|  0%| F|  |TAMS 0x000000008d500000, 0x000000008d500000| Untracked 
| 214|0x000000008d600000, 0x000000008d600000, 0x000000008d700000|  0%| F|  |TAMS 0x000000008d600000, 0x000000008d600000| Untracked 
| 215|0x000000008d700000, 0x000000008d700000, 0x000000008d800000|  0%| F|  |TAMS 0x000000008d700000, 0x000000008d700000| Untracked 
| 216|0x000000008d800000, 0x000000008d800000, 0x000000008d900000|  0%| F|  |TAMS 0x000000008d800000, 0x000000008d800000| Untracked 
| 217|0x000000008d900000, 0x000000008d900000, 0x000000008da00000|  0%| F|  |TAMS 0x000000008d900000, 0x000000008d900000| Untracked 
| 218|0x000000008da00000, 0x000000008da00000, 0x000000008db00000|  0%| F|  |TAMS 0x000000008da00000, 0x000000008da00000| Untracked 
| 219|0x000000008db00000, 0x000000008db00000, 0x000000008dc00000|  0%| F|  |TAMS 0x000000008db00000, 0x000000008db00000| Untracked 
| 220|0x000000008dc00000, 0x000000008dc00000, 0x000000008dd00000|  0%| F|  |TAMS 0x000000008dc00000, 0x000000008dc00000| Untracked 
| 221|0x000000008dd00000, 0x000000008dd00000, 0x000000008de00000|  0%| F|  |TAMS 0x000000008dd00000, 0x000000008dd00000| Untracked 
| 222|0x000000008de00000, 0x000000008de00000, 0x000000008df00000|  0%| F|  |TAMS 0x000000008de00000, 0x000000008de00000| Untracked 
| 223|0x000000008df00000, 0x000000008df00000, 0x000000008e000000|  0%| F|  |TAMS 0x000000008df00000, 0x000000008df00000| Untracked 
| 224|0x000000008e000000, 0x000000008e000000, 0x000000008e100000|  0%| F|  |TAMS 0x000000008e000000, 0x000000008e000000| Untracked 
| 225|0x000000008e100000, 0x000000008e100000, 0x000000008e200000|  0%| F|  |TAMS 0x000000008e100000, 0x000000008e100000| Untracked 
| 226|0x000000008e200000, 0x000000008e200000, 0x000000008e300000|  0%| F|  |TAMS 0x000000008e200000, 0x000000008e200000| Untracked 
| 227|0x000000008e300000, 0x000000008e300000, 0x000000008e400000|  0%| F|  |TAMS 0x000000008e300000, 0x000000008e300000| Untracked 
| 228|0x000000008e400000, 0x000000008e400000, 0x000000008e500000|  0%| F|  |TAMS 0x000000008e400000, 0x000000008e400000| Untracked 
| 229|0x000000008e500000, 0x000000008e500000, 0x000000008e600000|  0%| F|  |TAMS 0x000000008e500000, 0x000000008e500000| Untracked 
| 230|0x000000008e600000, 0x000000008e600000, 0x000000008e700000|  0%| F|  |TAMS 0x000000008e600000, 0x000000008e600000| Untracked 
| 231|0x000000008e700000, 0x000000008e700000, 0x000000008e800000|  0%| F|  |TAMS 0x000000008e700000, 0x000000008e700000| Untracked 
| 232|0x000000008e800000, 0x000000008e800000, 0x000000008e900000|  0%| F|  |TAMS 0x000000008e800000, 0x000000008e800000| Untracked 
| 233|0x000000008e900000, 0x000000008e900000, 0x000000008ea00000|  0%| F|  |TAMS 0x000000008e900000, 0x000000008e900000| Untracked 
| 234|0x000000008ea00000, 0x000000008ea00000, 0x000000008eb00000|  0%| F|  |TAMS 0x000000008ea00000, 0x000000008ea00000| Untracked 
| 235|0x000000008eb00000, 0x000000008eb00000, 0x000000008ec00000|  0%| F|  |TAMS 0x000000008eb00000, 0x000000008eb00000| Untracked 
| 236|0x000000008ec00000, 0x000000008ec00000, 0x000000008ed00000|  0%| F|  |TAMS 0x000000008ec00000, 0x000000008ec00000| Untracked 
| 237|0x000000008ed00000, 0x000000008ed00000, 0x000000008ee00000|  0%| F|  |TAMS 0x000000008ed00000, 0x000000008ed00000| Untracked 
| 238|0x000000008ee00000, 0x000000008ee00000, 0x000000008ef00000|  0%| F|  |TAMS 0x000000008ee00000, 0x000000008ee00000| Untracked 
| 239|0x000000008ef00000, 0x000000008ef00000, 0x000000008f000000|  0%| F|  |TAMS 0x000000008ef00000, 0x000000008ef00000| Untracked 
| 240|0x000000008f000000, 0x000000008f000000, 0x000000008f100000|  0%| F|  |TAMS 0x000000008f000000, 0x000000008f000000| Untracked 
| 241|0x000000008f100000, 0x000000008f100000, 0x000000008f200000|  0%| F|  |TAMS 0x000000008f100000, 0x000000008f100000| Untracked 
| 242|0x000000008f200000, 0x000000008f200000, 0x000000008f300000|  0%| F|  |TAMS 0x000000008f200000, 0x000000008f200000| Untracked 
| 243|0x000000008f300000, 0x000000008f300000, 0x000000008f400000|  0%| F|  |TAMS 0x000000008f300000, 0x000000008f300000| Untracked 
| 244|0x000000008f400000, 0x000000008f400000, 0x000000008f500000|  0%| F|  |TAMS 0x000000008f400000, 0x000000008f400000| Untracked 
| 245|0x000000008f500000, 0x000000008f500000, 0x000000008f600000|  0%| F|  |TAMS 0x000000008f500000, 0x000000008f500000| Untracked 
| 246|0x000000008f600000, 0x000000008f600000, 0x000000008f700000|  0%| F|  |TAMS 0x000000008f600000, 0x000000008f600000| Untracked 
| 247|0x000000008f700000, 0x000000008f700000, 0x000000008f800000|  0%| F|  |TAMS 0x000000008f700000, 0x000000008f700000| Untracked 
| 248|0x000000008f800000, 0x000000008f800000, 0x000000008f900000|  0%| F|  |TAMS 0x000000008f800000, 0x000000008f800000| Untracked 
| 249|0x000000008f900000, 0x000000008f900000, 0x000000008fa00000|  0%| F|  |TAMS 0x000000008f900000, 0x000000008f900000| Untracked 
| 250|0x000000008fa00000, 0x000000008fa00000, 0x000000008fb00000|  0%| F|  |TAMS 0x000000008fa00000, 0x000000008fa00000| Untracked 
| 251|0x000000008fb00000, 0x000000008fb00000, 0x000000008fc00000|  0%| F|  |TAMS 0x000000008fb00000, 0x000000008fb00000| Untracked 
| 252|0x000000008fc00000, 0x000000008fc00000, 0x000000008fd00000|  0%| F|  |TAMS 0x000000008fc00000, 0x000000008fc00000| Untracked 
| 253|0x000000008fd00000, 0x000000008fd00000, 0x000000008fe00000|  0%| F|  |TAMS 0x000000008fd00000, 0x000000008fd00000| Untracked 
| 254|0x000000008fe00000, 0x000000008fe00000, 0x000000008ff00000|  0%| F|  |TAMS 0x000000008fe00000, 0x000000008fe00000| Untracked 
| 255|0x000000008ff00000, 0x000000008ff00000, 0x0000000090000000|  0%| F|  |TAMS 0x000000008ff00000, 0x000000008ff00000| Untracked 
| 256|0x0000000090000000, 0x0000000090000000, 0x0000000090100000|  0%| F|  |TAMS 0x0000000090000000, 0x0000000090000000| Untracked 
| 257|0x0000000090100000, 0x0000000090100000, 0x0000000090200000|  0%| F|  |TAMS 0x0000000090100000, 0x0000000090100000| Untracked 
| 258|0x0000000090200000, 0x0000000090200000, 0x0000000090300000|  0%| F|  |TAMS 0x0000000090200000, 0x0000000090200000| Untracked 
| 259|0x0000000090300000, 0x0000000090300000, 0x0000000090400000|  0%| F|  |TAMS 0x0000000090300000, 0x0000000090300000| Untracked 
| 260|0x0000000090400000, 0x0000000090400000, 0x0000000090500000|  0%| F|  |TAMS 0x0000000090400000, 0x0000000090400000| Untracked 
| 261|0x0000000090500000, 0x0000000090500000, 0x0000000090600000|  0%| F|  |TAMS 0x0000000090500000, 0x0000000090500000| Untracked 
| 262|0x0000000090600000, 0x0000000090600000, 0x0000000090700000|  0%| F|  |TAMS 0x0000000090600000, 0x0000000090600000| Untracked 
| 263|0x0000000090700000, 0x0000000090700000, 0x0000000090800000|  0%| F|  |TAMS 0x0000000090700000, 0x0000000090700000| Untracked 
| 264|0x0000000090800000, 0x0000000090800000, 0x0000000090900000|  0%| F|  |TAMS 0x0000000090800000, 0x0000000090800000| Untracked 
| 265|0x0000000090900000, 0x0000000090900000, 0x0000000090a00000|  0%| F|  |TAMS 0x0000000090900000, 0x0000000090900000| Untracked 
| 266|0x0000000090a00000, 0x0000000090a00000, 0x0000000090b00000|  0%| F|  |TAMS 0x0000000090a00000, 0x0000000090a00000| Untracked 
| 267|0x0000000090b00000, 0x0000000090bb78c0, 0x0000000090c00000| 71%| E|  |TAMS 0x0000000090b00000, 0x0000000090b00000| Complete 
| 268|0x0000000090c00000, 0x0000000090d00000, 0x0000000090d00000|100%| E|CS|TAMS 0x0000000090c00000, 0x0000000090c00000| Complete 
| 269|0x0000000090d00000, 0x0000000090e00000, 0x0000000090e00000|100%| E|CS|TAMS 0x0000000090d00000, 0x0000000090d00000| Complete 
| 270|0x0000000090e00000, 0x0000000090f00000, 0x0000000090f00000|100%| E|CS|TAMS 0x0000000090e00000, 0x0000000090e00000| Complete 
| 271|0x0000000090f00000, 0x0000000091000000, 0x0000000091000000|100%| E|CS|TAMS 0x0000000090f00000, 0x0000000090f00000| Complete 
| 272|0x0000000091000000, 0x0000000091100000, 0x0000000091100000|100%| E|CS|TAMS 0x0000000091000000, 0x0000000091000000| Complete 
| 273|0x0000000091100000, 0x0000000091200000, 0x0000000091200000|100%| E|CS|TAMS 0x0000000091100000, 0x0000000091100000| Complete 
| 274|0x0000000091200000, 0x0000000091300000, 0x0000000091300000|100%| E|CS|TAMS 0x0000000091200000, 0x0000000091200000| Complete 
| 275|0x0000000091300000, 0x0000000091400000, 0x0000000091400000|100%| E|CS|TAMS 0x0000000091300000, 0x0000000091300000| Complete 
| 276|0x0000000091400000, 0x0000000091500000, 0x0000000091500000|100%| S|CS|TAMS 0x0000000091400000, 0x0000000091400000| Complete 
| 277|0x0000000091500000, 0x0000000091600000, 0x0000000091600000|100%| S|CS|TAMS 0x0000000091500000, 0x0000000091500000| Complete 
| 278|0x0000000091600000, 0x0000000091700000, 0x0000000091700000|100%| E|CS|TAMS 0x0000000091600000, 0x0000000091600000| Complete 
| 279|0x0000000091700000, 0x0000000091800000, 0x0000000091800000|100%| E|CS|TAMS 0x0000000091700000, 0x0000000091700000| Complete 
| 280|0x0000000091800000, 0x0000000091900000, 0x0000000091900000|100%| E|CS|TAMS 0x0000000091800000, 0x0000000091800000| Complete 
| 281|0x0000000091900000, 0x0000000091a00000, 0x0000000091a00000|100%| E|CS|TAMS 0x0000000091900000, 0x0000000091900000| Complete 
| 282|0x0000000091a00000, 0x0000000091b00000, 0x0000000091b00000|100%| E|CS|TAMS 0x0000000091a00000, 0x0000000091a00000| Complete 
| 283|0x0000000091b00000, 0x0000000091c00000, 0x0000000091c00000|100%| E|CS|TAMS 0x0000000091b00000, 0x0000000091b00000| Complete 
| 284|0x0000000091c00000, 0x0000000091d00000, 0x0000000091d00000|100%| E|CS|TAMS 0x0000000091c00000, 0x0000000091c00000| Complete 
| 285|0x0000000091d00000, 0x0000000091e00000, 0x0000000091e00000|100%| E|CS|TAMS 0x0000000091d00000, 0x0000000091d00000| Complete 
| 286|0x0000000091e00000, 0x0000000091f00000, 0x0000000091f00000|100%| E|CS|TAMS 0x0000000091e00000, 0x0000000091e00000| Complete 
| 287|0x0000000091f00000, 0x0000000092000000, 0x0000000092000000|100%| E|CS|TAMS 0x0000000091f00000, 0x0000000091f00000| Complete 
|2044|0x00000000ffc00000, 0x00000000ffd00000, 0x00000000ffd00000|100%| O|  |TAMS 0x00000000ffcc2800, 0x00000000ffc00000| Untracked 
|2045|0x00000000ffd00000, 0x00000000ffe00000, 0x00000000ffe00000|100%| E|CS|TAMS 0x00000000ffd00000, 0x00000000ffd00000| Complete 
|2046|0x00000000ffe00000, 0x00000000fff00000, 0x00000000fff00000|100%| O|  |TAMS 0x00000000fff00000, 0x00000000ffe00000| Untracked 
|2047|0x00000000fff00000, 0x0000000100000000, 0x0000000100000000|100%| O|  |TAMS 0x0000000100000000, 0x00000000fff00000| Untracked 

Card table byte_map: [0x000002de94d10000,0x000002de95110000] _byte_map_base: 0x000002de94910000

Marking Bits (Prev, Next): (CMBitMap*) 0x000002deffdf9e80, (CMBitMap*) 0x000002deffdf9e40
 Prev Bits: [0x000002de97510000, 0x000002de99510000)
 Next Bits: [0x000002de95510000, 0x000002de97510000)

Polling page: 0x000002deffe50000

Metaspace:

Usage:
  Non-class:     98.91 MB used.
      Class:     15.52 MB used.
       Both:    114.43 MB used.

Virtual space:
  Non-class space:      128.00 MB reserved,      99.44 MB ( 78%) committed,  2 nodes.
      Class space:        1.00 GB reserved,      15.94 MB (  2%) committed,  1 nodes.
             Both:        1.12 GB reserved,     115.38 MB ( 10%) committed. 

Chunk freelists:
   Non-Class:  11.97 MB
       Class:  64.00 KB
        Both:  12.03 MB

MaxMetaspaceSize: unlimited
CompressedClassSpaceSize: 1.00 GB
Initial GC threshold: 21.00 MB
Current GC threshold: 189.00 MB
CDS: off
MetaspaceReclaimPolicy: balanced
 - commit_granule_bytes: 65536.
 - commit_granule_words: 8192.
 - virtual_space_node_default_size: 8388608.
 - enlarge_chunks_in_place: 1.
 - new_chunks_are_fully_committed: 0.
 - uncommit_free_chunks: 1.
 - use_allocation_guard: 0.
 - handle_deallocations: 1.


Internal statistics:

num_allocs_failed_limit: 9.
num_arena_births: 1380.
num_arena_deaths: 14.
num_vsnodes_births: 3.
num_vsnodes_deaths: 0.
num_space_committed: 1845.
num_space_uncommitted: 0.
num_chunks_returned_to_freelist: 28.
num_chunks_taken_from_freelist: 5990.
num_chunk_merges: 17.
num_chunk_splits: 3864.
num_chunks_enlarged: 2425.
num_inconsistent_stats: 0.

CodeHeap 'non-profiled nmethods': size=119168Kb used=9826Kb max_used=9826Kb free=109341Kb
 bounds [0x000002de8c3d0000, 0x000002de8cd70000, 0x000002de93830000]
CodeHeap 'profiled nmethods': size=119104Kb used=28306Kb max_used=28306Kb free=90797Kb
 bounds [0x000002de84830000, 0x000002de863e0000, 0x000002de8bc80000]
CodeHeap 'non-nmethods': size=7488Kb used=4110Kb max_used=4188Kb free=3377Kb
 bounds [0x000002de8bc80000, 0x000002de8c0a0000, 0x000002de8c3d0000]
 total_blobs=14994 nmethods=14031 adapters=872
 compilation: enabled
              stopped_count=0, restarted_count=0
 full_count=0

Compilation events (20 events):
Event: 11.379 Thread 0x000002de9c8ebf00 16343       1       android.databinding.internal.org.antlr.v4.runtime.atn.ATNState::onlyHasEpsilonTransitions (5 bytes)
Event: 11.379 Thread 0x000002dea255f880 nmethod 16340 0x000002de863bac90 code [0x000002de863bae40, 0x000002de863bb0e8]
Event: 11.379 Thread 0x000002de9c8ebf00 nmethod 16343 0x000002de8cd64b90 code [0x000002de8cd64d20, 0x000002de8cd64df8]
Event: 11.379 Thread 0x000002de9ca9a8d0 nmethod 16341 0x000002de863bb210 code [0x000002de863bb3c0, 0x000002de863bb648]
Event: 11.379 Thread 0x000002de9ca983a0 nmethod 16342 0x000002de863bb790 code [0x000002de863bb940, 0x000002de863bbb68]
Event: 11.391 Thread 0x000002deaf155300 16344       4       java.lang.ThreadLocal::remove (18 bytes)
Event: 11.391 Thread 0x000002de9ca983a0 16345       3       android.databinding.internal.org.antlr.v4.runtime.atn.ATNDeserializer::stateFactory (241 bytes)
Event: 11.391 Thread 0x000002de9c8ebf00 16346       3       android.databinding.internal.org.antlr.v4.runtime.atn.ATNState::<init> (32 bytes)
Event: 11.391 Thread 0x000002dea255f880 16347       3       android.databinding.internal.org.antlr.v4.runtime.atn.ATN::addState (34 bytes)
Event: 11.391 Thread 0x000002de9ca9a8d0 16348       3       android.databinding.internal.org.antlr.v4.runtime.atn.Transition::<init> (24 bytes)
Event: 11.392 Thread 0x000002de9ca9a8d0 nmethod 16348 0x000002de863bbc90 code [0x000002de863bbe40, 0x000002de863bc108]
Event: 11.392 Thread 0x000002dea255f880 nmethod 16347 0x000002de863bc210 code [0x000002de863bc3c0, 0x000002de863bc6f8]
Event: 11.392 Thread 0x000002de9c8ebf00 nmethod 16346 0x000002de863bc810 code [0x000002de863bc9c0, 0x000002de863bcc68]
Event: 11.392 Thread 0x000002de9ca9a8d0 16349       3       android.databinding.internal.org.antlr.v4.runtime.atn.ATNState::addTransition (15 bytes)
Event: 11.392 Thread 0x000002dea255f880 16350       3       android.databinding.internal.org.antlr.v4.runtime.atn.ATNState::addTransition (77 bytes)
Event: 11.392 Thread 0x000002de9c8ebf00 16351       3       android.databinding.internal.org.antlr.v4.runtime.atn.ATNDeserializer::edgeFactory (307 bytes)
Event: 11.392 Thread 0x000002de9ca9a8d0 nmethod 16349 0x000002de863bcd90 code [0x000002de863bcf40, 0x000002de863bd1d8]
Event: 11.393 Thread 0x000002dea255f880 nmethod 16350 0x000002de863bd310 code [0x000002de863bd560, 0x000002de863be018]
Event: 11.393 Thread 0x000002de9ca983a0 nmethod 16345 0x000002de863be390 code [0x000002de863be7c0, 0x000002de863c0778]
Event: 11.393 Thread 0x000002de9c8ebf00 nmethod 16351 0x000002de863c1290 code [0x000002de863c1860, 0x000002de863c4bc8]

GC Heap History (20 events):
Event: 8.237 GC heap before
{Heap before GC invocations=36 (full 0):
 garbage-first heap   total 234496K, used 120056K [0x0000000080000000, 0x0000000100000000)
  region size 1024K, 12 young (12288K), 11 survivors (11264K)
 Metaspace       used 107220K, committed 108096K, reserved 1179648K
  class space    used 14698K, committed 15104K, reserved 1048576K
}
Event: 8.241 GC heap after
{Heap after GC invocations=37 (full 0):
 garbage-first heap   total 234496K, used 118587K [0x0000000080000000, 0x0000000100000000)
  region size 1024K, 2 young (2048K), 2 survivors (2048K)
 Metaspace       used 107220K, committed 108096K, reserved 1179648K
  class space    used 14698K, committed 15104K, reserved 1048576K
}
Event: 9.567 GC heap before
{Heap before GC invocations=37 (full 0):
 garbage-first heap   total 234496K, used 196411K [0x0000000080000000, 0x0000000100000000)
  region size 1024K, 73 young (74752K), 2 survivors (2048K)
 Metaspace       used 111051K, committed 112064K, reserved 1179648K
  class space    used 15142K, committed 15616K, reserved 1048576K
}
Event: 9.572 GC heap after
{Heap after GC invocations=38 (full 0):
 garbage-first heap   total 234496K, used 126220K [0x0000000080000000, 0x0000000100000000)
  region size 1024K, 9 young (9216K), 9 survivors (9216K)
 Metaspace       used 111051K, committed 112064K, reserved 1179648K
  class space    used 15142K, committed 15616K, reserved 1048576K
}
Event: 9.671 GC heap before
{Heap before GC invocations=38 (full 0):
 garbage-first heap   total 234496K, used 190732K [0x0000000080000000, 0x0000000100000000)
  region size 1024K, 73 young (74752K), 9 survivors (9216K)
 Metaspace       used 111449K, committed 112448K, reserved 1179648K
  class space    used 15227K, committed 15680K, reserved 1048576K
}
Event: 9.675 GC heap after
{Heap after GC invocations=39 (full 0):
 garbage-first heap   total 234496K, used 130718K [0x0000000080000000, 0x0000000100000000)
  region size 1024K, 5 young (5120K), 5 survivors (5120K)
 Metaspace       used 111449K, committed 112448K, reserved 1179648K
  class space    used 15227K, committed 15680K, reserved 1048576K
}
Event: 9.789 GC heap before
{Heap before GC invocations=39 (full 0):
 garbage-first heap   total 234496K, used 192158K [0x0000000080000000, 0x0000000100000000)
  region size 1024K, 66 young (67584K), 5 survivors (5120K)
 Metaspace       used 111590K, committed 112576K, reserved 1179648K
  class space    used 15228K, committed 15680K, reserved 1048576K
}
Event: 9.791 GC heap after
{Heap after GC invocations=40 (full 0):
 garbage-first heap   total 234496K, used 131600K [0x0000000080000000, 0x0000000100000000)
  region size 1024K, 6 young (6144K), 6 survivors (6144K)
 Metaspace       used 111590K, committed 112576K, reserved 1179648K
  class space    used 15228K, committed 15680K, reserved 1048576K
}
Event: 10.115 GC heap before
{Heap before GC invocations=40 (full 0):
 garbage-first heap   total 234496K, used 194064K [0x0000000080000000, 0x0000000100000000)
  region size 1024K, 67 young (68608K), 6 survivors (6144K)
 Metaspace       used 113238K, committed 114240K, reserved 1179648K
  class space    used 15472K, committed 15936K, reserved 1048576K
}
Event: 10.118 GC heap after
{Heap after GC invocations=41 (full 0):
 garbage-first heap   total 234496K, used 135084K [0x0000000080000000, 0x0000000100000000)
  region size 1024K, 8 young (8192K), 8 survivors (8192K)
 Metaspace       used 113238K, committed 114240K, reserved 1179648K
  class space    used 15472K, committed 15936K, reserved 1048576K
}
Event: 10.563 GC heap before
{Heap before GC invocations=41 (full 0):
 garbage-first heap   total 234496K, used 193452K [0x0000000080000000, 0x0000000100000000)
  region size 1024K, 66 young (67584K), 8 survivors (8192K)
 Metaspace       used 114755K, committed 115776K, reserved 1179648K
  class space    used 15599K, committed 16064K, reserved 1048576K
}
Event: 10.566 GC heap after
{Heap after GC invocations=42 (full 0):
 garbage-first heap   total 234496K, used 141462K [0x0000000080000000, 0x0000000100000000)
  region size 1024K, 9 young (9216K), 9 survivors (9216K)
 Metaspace       used 114755K, committed 115776K, reserved 1179648K
  class space    used 15599K, committed 16064K, reserved 1048576K
}
Event: 10.774 GC heap before
{Heap before GC invocations=42 (full 0):
 garbage-first heap   total 234496K, used 201878K [0x0000000080000000, 0x0000000100000000)
  region size 1024K, 60 young (61440K), 9 survivors (9216K)
 Metaspace       used 114860K, committed 115840K, reserved 1179648K
  class space    used 15599K, committed 16064K, reserved 1048576K
}
Event: 10.780 GC heap after
{Heap after GC invocations=43 (full 0):
 garbage-first heap   total 235520K, used 166666K [0x0000000080000000, 0x0000000100000000)
  region size 1024K, 8 young (8192K), 8 survivors (8192K)
 Metaspace       used 114860K, committed 115840K, reserved 1179648K
  class space    used 15599K, committed 16064K, reserved 1048576K
}
Event: 10.899 GC heap before
{Heap before GC invocations=43 (full 0):
 garbage-first heap   total 235520K, used 190218K [0x0000000080000000, 0x0000000100000000)
  region size 1024K, 31 young (31744K), 8 survivors (8192K)
 Metaspace       used 115026K, committed 116032K, reserved 1179648K
  class space    used 15621K, committed 16064K, reserved 1048576K
}
Event: 10.903 GC heap after
{Heap after GC invocations=44 (full 0):
 garbage-first heap   total 235520K, used 172747K [0x0000000080000000, 0x0000000100000000)
  region size 1024K, 4 young (4096K), 4 survivors (4096K)
 Metaspace       used 115026K, committed 116032K, reserved 1179648K
  class space    used 15621K, committed 16064K, reserved 1048576K
}
Event: 11.179 GC heap before
{Heap before GC invocations=45 (full 0):
 garbage-first heap   total 299008K, used 201419K [0x0000000080000000, 0x0000000100000000)
  region size 1024K, 25 young (25600K), 4 survivors (4096K)
 Metaspace       used 115333K, committed 116352K, reserved 1179648K
  class space    used 15649K, committed 16128K, reserved 1048576K
}
Event: 11.182 GC heap after
{Heap after GC invocations=46 (full 0):
 garbage-first heap   total 299008K, used 176399K [0x0000000080000000, 0x0000000100000000)
  region size 1024K, 3 young (3072K), 3 survivors (3072K)
 Metaspace       used 115333K, committed 116352K, reserved 1179648K
  class space    used 15649K, committed 16128K, reserved 1048576K
}
Event: 11.245 GC heap before
{Heap before GC invocations=46 (full 0):
 garbage-first heap   total 299008K, used 186639K [0x0000000080000000, 0x0000000100000000)
  region size 1024K, 14 young (14336K), 3 survivors (3072K)
 Metaspace       used 115354K, committed 116352K, reserved 1179648K
  class space    used 15649K, committed 16128K, reserved 1048576K
}
Event: 11.248 GC heap after
{Heap after GC invocations=47 (full 0):
 garbage-first heap   total 299008K, used 176649K [0x0000000080000000, 0x0000000100000000)
  region size 1024K, 2 young (2048K), 2 survivors (2048K)
 Metaspace       used 115354K, committed 116352K, reserved 1179648K
  class space    used 15649K, committed 16128K, reserved 1048576K
}

Dll operation events (3 events):
Event: 0.004 Loaded shared library C:\Program Files\Android\Android Studio2\jbr\bin\java.dll
Event: 0.098 Loaded shared library C:\Program Files\Android\Android Studio2\jbr\bin\zip.dll
Event: 0.250 Loaded shared library C:\Program Files\Android\Android Studio2\jbr\bin\verify.dll

Deoptimization events (20 events):
Event: 11.364 Thread 0x000002dea685bd30 Uncommon trap: trap_request=0xffffffc6 fr.pc=0x000002de8cd0a8a8 relative=0x0000000000001668
Event: 11.364 Thread 0x000002dea685bd30 Uncommon trap: reason=bimorphic_or_optimized_type_check action=maybe_recompile pc=0x000002de8cd0a8a8 method=com.sun.org.apache.xerces.internal.dom.AttributeMap.setNamedItem(Lorg/w3c/dom/Node;)Lorg/w3c/dom/Node; @ 4 c2
Event: 11.364 Thread 0x000002dea685bd30 DEOPT PACKING pc=0x000002de8cd0a8a8 sp=0x000000e1a8df9410
Event: 11.364 Thread 0x000002dea685bd30 DEOPT UNPACKING pc=0x000002de8bcd69a3 sp=0x000000e1a8df9400 mode 2
Event: 11.364 Thread 0x000002dea685bd30 Uncommon trap: trap_request=0xffffffde fr.pc=0x000002de8c847420 relative=0x0000000000000080
Event: 11.364 Thread 0x000002dea685bd30 Uncommon trap: reason=class_check action=maybe_recompile pc=0x000002de8c847420 method=com.sun.org.apache.xerces.internal.dom.NodeImpl.getOwnerDocument()Lorg/w3c/dom/Document; @ 19 c2
Event: 11.364 Thread 0x000002dea685bd30 DEOPT PACKING pc=0x000002de8c847420 sp=0x000000e1a8df93f0
Event: 11.364 Thread 0x000002dea685bd30 DEOPT UNPACKING pc=0x000002de8bcd69a3 sp=0x000000e1a8df9390 mode 2
Event: 11.364 Thread 0x000002dea685bd30 Uncommon trap: trap_request=0xffffffc6 fr.pc=0x000002de8cd0a8a8 relative=0x0000000000001668
Event: 11.364 Thread 0x000002dea685bd30 Uncommon trap: reason=bimorphic_or_optimized_type_check action=maybe_recompile pc=0x000002de8cd0a8a8 method=com.sun.org.apache.xerces.internal.dom.AttributeMap.setNamedItem(Lorg/w3c/dom/Node;)Lorg/w3c/dom/Node; @ 4 c2
Event: 11.364 Thread 0x000002dea685bd30 DEOPT PACKING pc=0x000002de8cd0a8a8 sp=0x000000e1a8df9410
Event: 11.364 Thread 0x000002dea685bd30 DEOPT UNPACKING pc=0x000002de8bcd69a3 sp=0x000000e1a8df9400 mode 2
Event: 11.364 Thread 0x000002dea685bd30 Uncommon trap: trap_request=0xffffffde fr.pc=0x000002de8c847420 relative=0x0000000000000080
Event: 11.364 Thread 0x000002dea685bd30 Uncommon trap: reason=class_check action=maybe_recompile pc=0x000002de8c847420 method=com.sun.org.apache.xerces.internal.dom.NodeImpl.getOwnerDocument()Lorg/w3c/dom/Document; @ 19 c2
Event: 11.364 Thread 0x000002dea685bd30 DEOPT PACKING pc=0x000002de8c847420 sp=0x000000e1a8df93f0
Event: 11.364 Thread 0x000002dea685bd30 DEOPT UNPACKING pc=0x000002de8bcd69a3 sp=0x000000e1a8df9390 mode 2
Event: 11.364 Thread 0x000002dea685bd30 Uncommon trap: trap_request=0xffffffde fr.pc=0x000002de8cc59c90 relative=0x00000000000005f0
Event: 11.364 Thread 0x000002dea685bd30 Uncommon trap: reason=class_check action=maybe_recompile pc=0x000002de8cc59c90 method=com.sun.org.apache.xerces.internal.dom.NamedNodeMapImpl.findNamePoint(Ljava/lang/String;I)I @ 51 c2
Event: 11.364 Thread 0x000002dea685bd30 DEOPT PACKING pc=0x000002de8cc59c90 sp=0x000000e1a8df93c0
Event: 11.364 Thread 0x000002dea685bd30 DEOPT UNPACKING pc=0x000002de8bcd69a3 sp=0x000000e1a8df9358 mode 2

Classes unloaded (7 events):
Event: 10.938 Thread 0x000002de9c8b1580 Unloading class 0x0000000100f62400 'java/lang/invoke/LambdaForm$DMH+0x0000000100f62400'
Event: 10.938 Thread 0x000002de9c8b1580 Unloading class 0x0000000100f62000 'java/lang/invoke/LambdaForm$DMH+0x0000000100f62000'
Event: 10.938 Thread 0x000002de9c8b1580 Unloading class 0x0000000100f61c00 'java/lang/invoke/LambdaForm$DMH+0x0000000100f61c00'
Event: 10.938 Thread 0x000002de9c8b1580 Unloading class 0x0000000100f61800 'java/lang/invoke/LambdaForm$DMH+0x0000000100f61800'
Event: 10.938 Thread 0x000002de9c8b1580 Unloading class 0x0000000100f61400 'java/lang/invoke/LambdaForm$DMH+0x0000000100f61400'
Event: 10.938 Thread 0x000002de9c8b1580 Unloading class 0x0000000100f61000 'java/lang/invoke/LambdaForm$DMH+0x0000000100f61000'
Event: 10.938 Thread 0x000002de9c8b1580 Unloading class 0x0000000100f60c00 'java/lang/invoke/LambdaForm$DMH+0x0000000100f60c00'

Classes redefined (0 events):
No events

Internal exceptions (20 events):
Event: 9.576 Thread 0x000002dea685d170 Exception <a 'java/lang/NoSuchMethodError'{0x000000008fb0e4d0}: 'java.lang.Object java.lang.invoke.DirectMethodHandle$Holder.invokeSpecialIFC(java.lang.Object, java.lang.Object, java.lang.Object)'> (0x000000008fb0e4d0) 
thrown [s\src\hotspot\share\interpreter\linkResolver.cpp, line 771]
Event: 9.576 Thread 0x000002dea685eac0 Exception <a 'java/lang/NoSuchMethodError'{0x000000008fb575a8}: 'java.lang.Object java.lang.invoke.DirectMethodHandle$Holder.invokeSpecialIFC(java.lang.Object, java.lang.Object, java.lang.Object)'> (0x000000008fb575a8) 
thrown [s\src\hotspot\share\interpreter\linkResolver.cpp, line 771]
Event: 9.881 Thread 0x000002dea685bd30 Exception <a 'java/lang/NoSuchMethodError'{0x000000008c3bb9a0}: 'int java.lang.invoke.DirectMethodHandle$Holder.invokeStaticInit(java.lang.Object, java.lang.Object, java.lang.Object, java.lang.Object, java.lang.Object)'> (0x000000008c3bb9a0) 
thrown [s\src\hotspot\share\interpreter\linkResolver.cpp, line 771]
Event: 9.922 Thread 0x000002dea6858070 Exception <a 'java/lang/NoSuchMethodError'{0x000000008c0d4108}: static Lcom/android/build/api/variant/impl/ResValueKeyImpl;.<clinit>()V> (0x000000008c0d4108) 
thrown [s\src\hotspot\share\prims\jni.cpp, line 1108]
Event: 9.923 Thread 0x000002dea6858070 Exception <a 'java/lang/NoSuchMethodError'{0x000000008c0f7ad0}: static Lcom/android/build/api/variant/ResValue;.<clinit>()V> (0x000000008c0f7ad0) 
thrown [s\src\hotspot\share\prims\jni.cpp, line 1108]
Event: 9.929 Thread 0x000002deae4f4540 Exception <a 'sun/nio/fs/WindowsException'{0x000000008bf32228}> (0x000000008bf32228) 
thrown [s\src\hotspot\share\prims\jni.cpp, line 517]
Event: 9.930 Thread 0x000002deae4f4540 Exception <a 'sun/nio/fs/WindowsException'{0x000000008bf332c0}> (0x000000008bf332c0) 
thrown [s\src\hotspot\share\prims\jni.cpp, line 517]
Event: 10.007 Thread 0x000002dea6858070 Exception <a 'sun/nio/fs/WindowsException'{0x000000008b9d5c80}> (0x000000008b9d5c80) 
thrown [s\src\hotspot\share\prims\jni.cpp, line 517]
Event: 10.007 Thread 0x000002dea6858070 Exception <a 'sun/nio/fs/WindowsException'{0x000000008b9d6ba0}> (0x000000008b9d6ba0) 
thrown [s\src\hotspot\share\prims\jni.cpp, line 517]
Event: 10.007 Thread 0x000002dea6858070 Exception <a 'sun/nio/fs/WindowsException'{0x000000008b9d6c30}> (0x000000008b9d6c30) 
thrown [s\src\hotspot\share\prims\jni.cpp, line 517]
Event: 10.007 Thread 0x000002dea6858070 Exception <a 'sun/nio/fs/WindowsException'{0x000000008b9d7190}> (0x000000008b9d7190) 
thrown [s\src\hotspot\share\prims\jni.cpp, line 517]
Event: 10.008 Thread 0x000002dea6858070 Exception <a 'sun/nio/fs/WindowsException'{0x000000008b9e1e00}> (0x000000008b9e1e00) 
thrown [s\src\hotspot\share\prims\jni.cpp, line 517]
Event: 10.023 Thread 0x000002dea685bd30 Exception <a 'java/lang/ClassNotFoundException'{0x000000008b81d578}: org/gradle/api/internal/provider/MappingProviderBeanInfo> (0x000000008b81d578) 
thrown [s\src\hotspot\share\classfile\systemDictionary.cpp, line 256]
Event: 10.024 Thread 0x000002dea685bd30 Exception <a 'java/lang/ClassNotFoundException'{0x000000008b82dd00}: org/gradle/api/internal/provider/TransformBackedProviderBeanInfo> (0x000000008b82dd00) 
thrown [s\src\hotspot\share\classfile\systemDictionary.cpp, line 256]
Event: 10.026 Thread 0x000002dea685bd30 Exception <a 'java/lang/ClassNotFoundException'{0x000000008b83da58}: org/gradle/api/internal/provider/TransformBackedProviderCustomizer> (0x000000008b83da58) 
thrown [s\src\hotspot\share\classfile\systemDictionary.cpp, line 256]
Event: 10.029 Thread 0x000002dea685bd30 Exception <a 'java/lang/ClassNotFoundException'{0x000000008b8560b0}: org/gradle/api/internal/provider/MappingProviderCustomizer> (0x000000008b8560b0) 
thrown [s\src\hotspot\share\classfile\systemDictionary.cpp, line 256]
Event: 10.718 Thread 0x000002dea685bd30 Implicit null exception at 0x000002de8cc890bc to 0x000002de8cc8a028
Event: 10.999 Thread 0x000002dea685bd30 Implicit null exception at 0x000002de8cca93f5 to 0x000002de8ccab408
Event: 11.026 Thread 0x000002dea685bd30 Implicit null exception at 0x000002de8cca1949 to 0x000002de8cca39c4
Event: 11.057 Thread 0x000002dea685bd30 Exception <a 'java/lang/NoSuchMethodError'{0x0000000091baeb20}: 'java.lang.Object java.lang.invoke.DirectMethodHandle$Holder.newInvokeSpecial(java.lang.Object, java.lang.Object, int, java.lang.Object, java.lang.Object)'> (0x0000000091baeb20) 
thrown [s\src\hotspot\share\interpreter\linkResolver.cpp, line 771]

VM Operations (20 events):
Event: 11.054 Executing VM operation: HandshakeAllThreads
Event: 11.054 Executing VM operation: HandshakeAllThreads done
Event: 11.179 Executing VM operation: G1CollectForAllocation
Event: 11.183 Executing VM operation: G1CollectForAllocation done
Event: 11.245 Executing VM operation: G1CollectForAllocation
Event: 11.248 Executing VM operation: G1CollectForAllocation done
Event: 11.332 Executing VM operation: HandshakeAllThreads
Event: 11.332 Executing VM operation: HandshakeAllThreads done
Event: 11.334 Executing VM operation: HandshakeAllThreads
Event: 11.334 Executing VM operation: HandshakeAllThreads done
Event: 11.351 Executing VM operation: HandshakeAllThreads
Event: 11.352 Executing VM operation: HandshakeAllThreads done
Event: 11.359 Executing VM operation: HandshakeAllThreads
Event: 11.359 Executing VM operation: HandshakeAllThreads done
Event: 11.362 Executing VM operation: HandshakeAllThreads
Event: 11.362 Executing VM operation: HandshakeAllThreads done
Event: 11.364 Executing VM operation: HandshakeAllThreads
Event: 11.364 Executing VM operation: HandshakeAllThreads done
Event: 11.381 Executing VM operation: HandshakeAllThreads
Event: 11.381 Executing VM operation: HandshakeAllThreads done

Events (20 events):
Event: 11.356 loading class com/sun/org/apache/xml/internal/dtm/ref/DTMNodeList
Event: 11.356 loading class com/sun/org/apache/xml/internal/dtm/ref/DTMNodeListBase
Event: 11.356 loading class com/sun/org/apache/xml/internal/dtm/ref/DTMNodeListBase done
Event: 11.356 loading class com/sun/org/apache/xml/internal/dtm/ref/DTMNodeList done
Event: 11.356 loading class com/sun/org/apache/xpath/internal/axes/NodeSequence$IteratorCache
Event: 11.356 loading class com/sun/org/apache/xpath/internal/axes/NodeSequence$IteratorCache done
Event: 11.356 loading class com/sun/org/apache/xml/internal/dtm/ref/DTMDefaultBaseTraversers$ChildTraverser
Event: 11.356 loading class com/sun/org/apache/xml/internal/dtm/ref/DTMDefaultBaseTraversers$ChildTraverser done
Event: 11.356 loading class com/sun/org/apache/xerces/internal/dom/DeferredElementImpl
Event: 11.356 loading class com/sun/org/apache/xerces/internal/dom/DeferredElementImpl done
Event: 11.360 loading class com/sun/org/apache/xerces/internal/dom/DeferredAttrImpl
Event: 11.360 loading class com/sun/org/apache/xerces/internal/dom/DeferredAttrImpl done
Event: 11.362 loading class com/sun/org/apache/xerces/internal/dom/DeferredTextImpl
Event: 11.362 loading class com/sun/org/apache/xerces/internal/dom/DeferredTextImpl done
Event: 11.364 loading class com/sun/org/apache/xml/internal/utils/XMLCharacterRecognizer
Event: 11.364 loading class com/sun/org/apache/xml/internal/utils/XMLCharacterRecognizer done
Event: 11.369 loading class java/util/EmptyStackException
Event: 11.369 loading class java/util/EmptyStackException done
Event: 11.373 loading class java/io/InvalidClassException
Event: 11.373 loading class java/io/InvalidClassException done


Dynamic libraries:
0x00007ff621960000 - 0x00007ff62196a000 	C:\Program Files\Android\Android Studio2\jbr\bin\java.exe
0x00007ffa77f70000 - 0x00007ffa78187000 	C:\WINDOWS\SYSTEM32\ntdll.dll
0x00007ffa76640000 - 0x00007ffa76704000 	C:\WINDOWS\System32\KERNEL32.DLL
0x00007ffa752b0000 - 0x00007ffa75667000 	C:\WINDOWS\System32\KERNELBASE.dll
0x00007ffa75b80000 - 0x00007ffa75c91000 	C:\WINDOWS\System32\ucrtbase.dll
0x00007ffa55660000 - 0x00007ffa5567b000 	C:\Program Files\Android\Android Studio2\jbr\bin\VCRUNTIME140.dll
0x00007ffa6c360000 - 0x00007ffa6c377000 	C:\Program Files\Android\Android Studio2\jbr\bin\jli.dll
0x00007ffa76290000 - 0x00007ffa7643f000 	C:\WINDOWS\System32\USER32.dll
0x00007ffa75a60000 - 0x00007ffa75a86000 	C:\WINDOWS\System32\win32u.dll
0x00007ffa61aa0000 - 0x00007ffa61d33000 	C:\WINDOWS\WinSxS\amd64_microsoft.windows.common-controls_6595b64144ccf1df_6.0.22621.3672_none_2713b9d173822955\COMCTL32.dll
0x00007ffa76870000 - 0x00007ffa76917000 	C:\WINDOWS\System32\msvcrt.dll
0x00007ffa77a60000 - 0x00007ffa77a89000 	C:\WINDOWS\System32\GDI32.dll
0x00007ffa75670000 - 0x00007ffa75788000 	C:\WINDOWS\System32\gdi32full.dll
0x00007ffa75790000 - 0x00007ffa7582a000 	C:\WINDOWS\System32\msvcp_win.dll
0x00007ffa76ad0000 - 0x00007ffa76b01000 	C:\WINDOWS\System32\IMM32.DLL
0x00007ffa61470000 - 0x00007ffa6147c000 	C:\Program Files\Android\Android Studio2\jbr\bin\vcruntime140_1.dll
0x00007ffa20c10000 - 0x00007ffa20c9d000 	C:\Program Files\Android\Android Studio2\jbr\bin\msvcp140.dll
0x00007ffa15620000 - 0x00007ffa162a3000 	C:\Program Files\Android\Android Studio2\jbr\bin\server\jvm.dll
0x00007ffa77020000 - 0x00007ffa770d2000 	C:\WINDOWS\System32\ADVAPI32.dll
0x00007ffa77140000 - 0x00007ffa771e8000 	C:\WINDOWS\System32\sechost.dll
0x00007ffa75280000 - 0x00007ffa752a8000 	C:\WINDOWS\System32\bcrypt.dll
0x00007ffa75d50000 - 0x00007ffa75e64000 	C:\WINDOWS\System32\RPCRT4.dll
0x00007ffa6e100000 - 0x00007ffa6e109000 	C:\WINDOWS\SYSTEM32\WSOCK32.dll
0x00007ffa740f0000 - 0x00007ffa7413d000 	C:\WINDOWS\SYSTEM32\POWRPROF.dll
0x00007ffa77e90000 - 0x00007ffa77f01000 	C:\WINDOWS\System32\WS2_32.dll
0x00007ffa6eda0000 - 0x00007ffa6edd4000 	C:\WINDOWS\SYSTEM32\WINMM.dll
0x00007ffa6b8b0000 - 0x00007ffa6b8ba000 	C:\WINDOWS\SYSTEM32\VERSION.dll
0x00007ffa740d0000 - 0x00007ffa740e3000 	C:\WINDOWS\SYSTEM32\UMPDC.dll
0x00007ffa74320000 - 0x00007ffa74338000 	C:\WINDOWS\SYSTEM32\kernel.appcore.dll
0x00007ffa700b0000 - 0x00007ffa700ba000 	C:\Program Files\Android\Android Studio2\jbr\bin\jimage.dll
0x00007ffa72aa0000 - 0x00007ffa72cd2000 	C:\WINDOWS\SYSTEM32\DBGHELP.DLL
0x00007ffa75ef0000 - 0x00007ffa7627e000 	C:\WINDOWS\System32\combase.dll
0x00007ffa76460000 - 0x00007ffa76537000 	C:\WINDOWS\System32\OLEAUT32.dll
0x00007ffa65ec0000 - 0x00007ffa65ef2000 	C:\WINDOWS\SYSTEM32\dbgcore.DLL
0x00007ffa75a90000 - 0x00007ffa75b0b000 	C:\WINDOWS\System32\bcryptPrimitives.dll
0x00007ffa5efd0000 - 0x00007ffa5efde000 	C:\Program Files\Android\Android Studio2\jbr\bin\instrument.dll
0x00007ffa6fca0000 - 0x00007ffa6fcc5000 	C:\Program Files\Android\Android Studio2\jbr\bin\java.dll
0x00007ffa6fc80000 - 0x00007ffa6fc98000 	C:\Program Files\Android\Android Studio2\jbr\bin\zip.dll
0x00007ffa771f0000 - 0x00007ffa77a59000 	C:\WINDOWS\System32\SHELL32.dll
0x00007ffa731b0000 - 0x00007ffa73aaf000 	C:\WINDOWS\SYSTEM32\windows.storage.dll
0x00007ffa73070000 - 0x00007ffa731af000 	C:\WINDOWS\SYSTEM32\wintypes.dll
0x00007ffa76540000 - 0x00007ffa76639000 	C:\WINDOWS\System32\SHCORE.dll
0x00007ffa77e30000 - 0x00007ffa77e8e000 	C:\WINDOWS\System32\shlwapi.dll
0x00007ffa751b0000 - 0x00007ffa751d7000 	C:\WINDOWS\SYSTEM32\profapi.dll
0x00007ffa6eee0000 - 0x00007ffa6eef9000 	C:\Program Files\Android\Android Studio2\jbr\bin\net.dll
0x00007ffa70cb0000 - 0x00007ffa70de6000 	C:\WINDOWS\SYSTEM32\WINHTTP.dll
0x00007ffa747e0000 - 0x00007ffa74849000 	C:\WINDOWS\system32\mswsock.dll
0x00007ffa6ee40000 - 0x00007ffa6ee56000 	C:\Program Files\Android\Android Studio2\jbr\bin\nio.dll
0x00007ffa6c610000 - 0x00007ffa6c620000 	C:\Program Files\Android\Android Studio2\jbr\bin\verify.dll
0x00007ffa2aec0000 - 0x00007ffa2aee7000 	C:\Users\Hashem Arenat\.gradle\native\c067742578af261105cb4f569cf0c3c89f3d7b1fecec35dd04571415982c5e48\windows-amd64\native-platform.dll
0x00007ffa1f7c0000 - 0x00007ffa1f904000 	C:\Users\Hashem Arenat\.gradle\native\38dada09dfb8b06ba9b0570ebf7e218e3eb74d4ef43ca46872605cf95ebc2f47\windows-amd64\native-platform-file-events.dll
0x00007ffa6e820000 - 0x00007ffa6e829000 	C:\Program Files\Android\Android Studio2\jbr\bin\management.dll
0x00007ffa6e5c0000 - 0x00007ffa6e5cb000 	C:\Program Files\Android\Android Studio2\jbr\bin\management_ext.dll
0x00007ffa76280000 - 0x00007ffa76288000 	C:\WINDOWS\System32\PSAPI.DLL
0x00007ffa74b30000 - 0x00007ffa74b4b000 	C:\WINDOWS\SYSTEM32\CRYPTSP.dll
0x00007ffa742e0000 - 0x00007ffa74315000 	C:\WINDOWS\system32\rsaenh.dll
0x00007ffa74880000 - 0x00007ffa748a8000 	C:\WINDOWS\SYSTEM32\USERENV.dll
0x00007ffa74b10000 - 0x00007ffa74b1c000 	C:\WINDOWS\SYSTEM32\CRYPTBASE.dll
0x00007ffa73d80000 - 0x00007ffa73dad000 	C:\WINDOWS\SYSTEM32\IPHLPAPI.DLL
0x00007ffa76440000 - 0x00007ffa76449000 	C:\WINDOWS\System32\NSI.dll
0x00007ffa70890000 - 0x00007ffa708a9000 	C:\WINDOWS\SYSTEM32\dhcpcsvc6.DLL
0x00007ffa70870000 - 0x00007ffa7088f000 	C:\WINDOWS\SYSTEM32\dhcpcsvc.DLL
0x00007ffa73df0000 - 0x00007ffa73ef2000 	C:\WINDOWS\SYSTEM32\DNSAPI.dll
0x00007ffa6fbe0000 - 0x00007ffa6fbe9000 	C:\Program Files\Android\Android Studio2\jbr\bin\extnet.dll
0x00007ffa65ff0000 - 0x00007ffa65ff8000 	C:\WINDOWS\system32\wshunix.dll
0x00007ffa1fe10000 - 0x00007ffa1fe27000 	C:\WINDOWS\system32\napinsp.dll
0x00007ffa1fe50000 - 0x00007ffa1fe6b000 	C:\WINDOWS\system32\pnrpnsp.dll
0x00007ffa1fe30000 - 0x00007ffa1fe41000 	C:\WINDOWS\System32\winrnr.dll
0x00007ffa6ec50000 - 0x00007ffa6ec65000 	C:\WINDOWS\system32\wshbth.dll
0x00007ffa1fe70000 - 0x00007ffa1fe97000 	C:\WINDOWS\system32\nlansp_c.dll
0x00007ffa700c0000 - 0x00007ffa700ca000 	C:\Windows\System32\rasadhlp.dll
0x00007ffa6f770000 - 0x00007ffa6f7f3000 	C:\WINDOWS\System32\fwpuclnt.dll
0x00007ffa74490000 - 0x00007ffa744c4000 	C:\WINDOWS\SYSTEM32\ntmarta.dll

dbghelp: loaded successfully - version: 4.0.5 - missing functions: none
symbol engine: initialized successfully - sym options: 0x614 - pdb path: .;C:\Program Files\Android\Android Studio2\jbr\bin;C:\WINDOWS\SYSTEM32;C:\WINDOWS\WinSxS\amd64_microsoft.windows.common-controls_6595b64144ccf1df_6.0.22621.3672_none_2713b9d173822955;C:\Program Files\Android\Android Studio2\jbr\bin\server;C:\Users\Hashem Arenat\.gradle\native\c067742578af261105cb4f569cf0c3c89f3d7b1fecec35dd04571415982c5e48\windows-amd64;C:\Users\Hashem Arenat\.gradle\native\38dada09dfb8b06ba9b0570ebf7e218e3eb74d4ef43ca46872605cf95ebc2f47\windows-amd64

VM Arguments:
jvm_args: --add-opens=java.base/java.util=ALL-UNNAMED --add-opens=java.base/java.lang=ALL-UNNAMED --add-opens=java.base/java.lang.invoke=ALL-UNNAMED --add-opens=java.prefs/java.util.prefs=ALL-UNNAMED --add-opens=java.base/java.nio.charset=ALL-UNNAMED --add-opens=java.base/java.net=ALL-UNNAMED --add-opens=java.base/java.util.concurrent.atomic=ALL-UNNAMED -Xmx2048m -Dfile.encoding=UTF-8 -Duser.country=US -Duser.language=en -Duser.variant -javaagent:C:\Users\Hashem Arenat\.gradle\wrapper\dists\gradle-8.7-bin\bhs2wmbdwecv87pi65oeuq5iu\gradle-8.7\lib\agents\gradle-instrumentation-agent-8.7.jar 
java_command: org.gradle.launcher.daemon.bootstrap.GradleDaemon 8.7
java_class_path (initial): C:\Users\Hashem Arenat\.gradle\wrapper\dists\gradle-8.7-bin\bhs2wmbdwecv87pi65oeuq5iu\gradle-8.7\lib\gradle-launcher-8.7.jar
Launcher Type: SUN_STANDARD

[Global flags]
     intx CICompilerCount                          = 12                                        {product} {ergonomic}
     uint ConcGCThreads                            = 4                                         {product} {ergonomic}
     uint G1ConcRefinementThreads                  = 15                                        {product} {ergonomic}
   size_t G1HeapRegionSize                         = 1048576                                   {product} {ergonomic}
    uintx GCDrainStackTargetSize                   = 64                                        {product} {ergonomic}
   size_t InitialHeapSize                          = 264241152                                 {product} {ergonomic}
   size_t MarkStackSize                            = 4194304                                   {product} {ergonomic}
   size_t MaxHeapSize                              = 2147483648                                {product} {command line}
   size_t MaxNewSize                               = 1287651328                                {product} {ergonomic}
   size_t MinHeapDeltaBytes                        = 1048576                                   {product} {ergonomic}
   size_t MinHeapSize                              = 8388608                                   {product} {ergonomic}
    uintx NonNMethodCodeHeapSize                   = 7602480                                {pd product} {ergonomic}
    uintx NonProfiledCodeHeapSize                  = 122027880                              {pd product} {ergonomic}
    uintx ProfiledCodeHeapSize                     = 122027880                              {pd product} {ergonomic}
    uintx ReservedCodeCacheSize                    = 251658240                              {pd product} {ergonomic}
     bool SegmentedCodeCache                       = true                                      {product} {ergonomic}
   size_t SoftMaxHeapSize                          = 2147483648                             {manageable} {ergonomic}
     bool UseCompressedClassPointers               = true                           {product lp64_product} {ergonomic}
     bool UseCompressedOops                        = true                           {product lp64_product} {ergonomic}
     bool UseG1GC                                  = true                                      {product} {ergonomic}
     bool UseLargePagesIndividualAllocation        = false                                  {pd product} {ergonomic}

Logging:
Log output configuration:
 #0: stdout all=warning uptime,level,tags
 #1: stderr all=off uptime,level,tags

Environment Variables:
JAVA_HOME=C:\Program Files\Java\jdk-21
PATH=D:\DevSuiteHome_1\jdk\jre\bin\classic;D:\DevSuiteHome_1\jdk\jre\bin;D:\DevSuiteHome_1\jdk\jre\bin\client;D:\DevSuiteHome_1\jlib;D:\DevSuiteHome_1\bin;D:\DevSuiteHome_1\jre\1.4.2\bin\client;D:\DevSuiteHome_1\jre\1.4.2\bin;C:\Program Files\Common Files\Oracle\Java\javapath;C:\WINDOWS\system32;C:\WINDOWS;C:\WINDOWS\System32\Wbem;C:\WINDOWS\System32\WindowsPowerShell\v1.0\;C:\WINDOWS\System32\OpenSSH\;C:\MinGW\bin;C:\Program Files\Java\jdk-21\bin;C:\Program Files\nodejs;C:\Program Files\nodejs\node_modules\npm\bin;C:\Program Files\Git\cmd;C:\Program Files\dotnet\;C:\Users\Hashem Arenat\AppData\Local\Microsoft\WindowsApps;C:\AppServ\Apache24\bin;C:\AppServ\php7;C:\AppServ\MySQL\bin;C:\Program Files\Java\jdk-21\bin;C:\scrcpy-win64-v2.2;C:\dart-sdk\bin;C:\Users\Hashem Arenat\AppData\Local\Programs\Microsoft VS Code\bin;C:\flutter\bin;C:\Users\Hashem Arenat\Desktop\cmder\bin;C:\Users\Hashem Arenat\AppData\Roaming\npm;;C:\Program Files\JetBrains\IntelliJ IDEA Community Edition 2024.1.2\bin;;C:\Program Files\JetBrains\IntelliJ IDEA 2024.1.2\bin;
USERNAME=Hashem 1
OS=Windows_NT
PROCESSOR_IDENTIFIER=Intel64 Family 6 Model 154 Stepping 3, GenuineIntel
TMP=C:\Users\HASHEM~1\AppData\Local\Temp
TEMP=C:\Users\HASHEM~1\AppData\Local\Temp



Periodic native trim disabled

JNI global refs:
JNI global refs: 37, weak refs: 0

JNI global refs memory usage: 843, weak refs: 841

OOME stack traces (most recent first):
Classloader memory used:
Loader org.gradle.internal.classloader.VisitableURLClassLoader                         : 5057K
Loader org.gradle.internal.classloader.VisitableURLClassLoader$InstrumentingVisitableURLClassLoader: 4582K
Loader bootstrap                                                                       : 3357K
Loader org.gradle.initialization.MixInLegacyTypesClassLoader                           : 1418K
Loader jdk.internal.reflect.DelegatingClassLoader                                      : 95822B
Loader jdk.internal.loader.ClassLoaders$PlatformClassLoader                            : 70527B
Loader org.codehaus.groovy.runtime.callsite.CallSiteClassLoader                        : 31845B
Loader jdk.internal.loader.ClassLoaders$AppClassLoader                                 : 28774B
Loader org.gradle.internal.classloader.VisitableURLClassLoader                         : 14736B
Loader sun.reflect.misc.MethodUtil                                                     : 373B

Classes loaded by more than one classloader:
Class Program                                                                         : loaded 5 times (x 70B)
Class com.google.common.collect.Iterators$MergingIterator                             : loaded 2 times (x 79B)
Class com.google.common.io.Closer$SuppressingSuppressor                               : loaded 2 times (x 73B)
Class org.objectweb.asm.ModuleVisitor                                                 : loaded 2 times (x 79B)
Class com.google.common.io.ByteSource                                                 : loaded 2 times (x 82B)
Class [Lcom.google.common.collect.AbstractMapEntry;                                   : loaded 2 times (x 67B)
Class com.google.common.collect.ImmutableRangeSet$AsSet                               : loaded 2 times (x 233B)
Class com.google.common.collect.SingletonImmutableList                                : loaded 2 times (x 167B)
Class org.apache.http.client.methods.AbstractExecutionAwareRequest                    : loaded 2 times (x 126B)
Class com.google.common.cache.CacheLoader$SupplierToCacheLoader                       : loaded 2 times (x 73B)
Class org.gradle.internal.classpath.ClassPath                                         : loaded 2 times (x 68B)
Class com.google.common.io.FileWriteMode                                              : loaded 2 times (x 77B)
Class com.google.common.cache.RemovalListener                                         : loaded 2 times (x 68B)
Class org.gradle.api.internal.classpath.DefaultModuleRegistry                         : loaded 2 times (x 84B)
Class Settings_gradle$1$1                                                             : loaded 2 times (x 72B)
Class com.google.common.collect.ImmutableEnumSet                                      : loaded 2 times (x 144B)
Class com.google.common.collect.ListMultimap                                          : loaded 2 times (x 68B)
Class com.google.common.base.CharMatcher$JavaDigit                                    : loaded 2 times (x 109B)
Class com.google.common.base.CharMatcher$Digit                                        : loaded 2 times (x 110B)
Class com.google.common.collect.AbstractMultimap                                      : loaded 2 times (x 121B)
Class com.google.common.cache.CacheBuilder$OneWeigher                                 : loaded 2 times (x 80B)
Class org.gradle.api.Action                                                           : loaded 2 times (x 68B)
Class com.google.common.collect.ImmutableEntry                                        : loaded 2 times (x 80B)
Class com.google.common.collect.Lists$StringAsImmutableList                           : loaded 2 times (x 167B)
Class com.google.common.cache.LocalCache$StrongEntry                                  : loaded 2 times (x 106B)
Class org.objectweb.asm.FieldWriter                                                   : loaded 2 times (x 76B)
Class com.google.common.base.CharMatcher                                              : loaded 2 times (x 109B)
Class com.google.common.base.CharMatcher$IsNot                                        : loaded 2 times (x 109B)
Class com.google.common.collect.RegularImmutableSortedSet                             : loaded 2 times (x 233B)
Class com.google.common.collect.Maps$IteratorBasedAbstractMap                         : loaded 2 times (x 123B)
Class com.google.common.base.Splitter                                                 : loaded 2 times (x 70B)
Class [Lcom.google.common.cache.Weigher;                                              : loaded 2 times (x 67B)
Class com.google.common.collect.Iterators$ArrayItr                                    : loaded 2 times (x 95B)
Class com.google.common.cache.LocalCache$Segment                                      : loaded 2 times (x 152B)
Class org.gradle.api.internal.DefaultClassPathProvider                                : loaded 2 times (x 74B)
Class org.gradle.internal.installation.GradleInstallation$1                           : loaded 2 times (x 73B)
Class com.google.common.cache.LocalCache$AbstractReferenceEntry                       : loaded 2 times (x 105B)
Class org.objectweb.asm.Type                                                          : loaded 2 times (x 70B)
Class com.google.common.util.concurrent.AbstractFuture$Failure                        : loaded 2 times (x 70B)
Class com.google.common.base.CharMatcher$BitSetMatcher                                : loaded 2 times (x 110B)
Class com.google.common.collect.ImmutableMap$IteratorBasedImmutableMap                : loaded 2 times (x 123B)
Class com.google.common.io.Files$FileByteSource                                       : loaded 2 times (x 83B)
Class com.google.common.collect.ImmutableMap                                          : loaded 2 times (x 118B)
Class com.google.common.base.Converter                                                : loaded 2 times (x 88B)
Class com.google.common.collect.ImmutableSortedSetFauxverideShim                      : loaded 2 times (x 145B)
Class com.google.common.collect.ImmutableSet$EmptySetBuilderImpl                      : loaded 2 times (x 74B)
Class com.google.common.base.Equivalence                                              : loaded 2 times (x 80B)
Class com.google.common.primitives.Ints                                               : loaded 2 times (x 69B)
Class com.google.common.cache.LocalCache$EntryFactory$1                               : loaded 2 times (x 81B)
Class com.google.common.cache.LocalCache$EntryFactory$2                               : loaded 2 times (x 81B)
Class com.google.common.cache.LocalCache$EntryFactory$3                               : loaded 2 times (x 81B)
Class com.google.common.cache.LocalCache$EntryFactory$4                               : loaded 2 times (x 81B)
Class com.google.common.cache.LocalCache$EntryFactory$5                               : loaded 2 times (x 81B)
Class com.google.common.cache.LocalCache$EntryFactory$6                               : loaded 2 times (x 81B)
Class com.google.common.cache.LocalCache$EntryFactory$7                               : loaded 2 times (x 81B)
Class com.google.common.cache.LocalCache$EntryFactory$8                               : loaded 2 times (x 81B)
Class com.google.common.base.Predicate                                                : loaded 2 times (x 68B)
Class com.google.common.cache.LocalCache$StrongValueReference                         : loaded 2 times (x 88B)
Class org.gradle.internal.classloader.FilteringClassLoader                            : loaded 2 times (x 103B)
Class com.google.common.collect.AbstractMapBasedMultimap$WrappedCollection            : loaded 2 times (x 122B)
Class com.google.common.collect.RegularImmutableSet                                   : loaded 2 times (x 146B)
Class [Lcom.google.common.cache.LocalCache$Strength;                                  : loaded 2 times (x 67B)
Class org.gradle.internal.classpath.DefaultClassPath$ImmutableUniqueList$Builder      : loaded 2 times (x 73B)
Class com.google.common.collect.AbstractRangeSet                                      : loaded 2 times (x 112B)
Class com.google.common.collect.Maps$8                                                : loaded 2 times (x 80B)
Class [Lcom.google.common.cache.CacheBuilder$NullListener;                            : loaded 2 times (x 67B)
Class com.google.common.base.PatternCompiler                                          : loaded 2 times (x 68B)
Class com.google.common.base.CharMatcher$InRange                                      : loaded 2 times (x 109B)
Class com.google.common.collect.Maps$KeySet                                           : loaded 2 times (x 135B)
Class com.google.common.collect.Sets$SetView                                          : loaded 2 times (x 136B)
Class com.google.common.collect.BiMap                                                 : loaded 2 times (x 68B)
Class com.google.common.collect.Lists                                                 : loaded 2 times (x 69B)
Class org.objectweb.asm.AnnotationWriter                                              : loaded 2 times (x 77B)
Class org.apache.commons.io.output.ThresholdingOutputStream                           : loaded 2 times (x 92B)
Class com.google.common.math.IntMath$1                                                : loaded 2 times (x 69B)
Class org.gradle.internal.classloader.ClassLoaderVisitor                              : loaded 2 times (x 74B)
Class org.apache.http.HttpEntityEnclosingRequest                                      : loaded 2 times (x 68B)
Class org.objectweb.asm.Label                                                         : loaded 2 times (x 71B)
Class com.google.common.cache.CacheBuilder$NullListener                               : loaded 2 times (x 80B)
Class org.apache.commons.io.filefilter.IOFileFilter                                   : loaded 2 times (x 68B)
Class com.google.common.math.MathPreconditions                                        : loaded 2 times (x 69B)
Class org.gradle.internal.service.DefaultServiceLocator                               : loaded 2 times (x 81B)
Class org.gradle.internal.service.UnknownServiceException                             : loaded 2 times (x 81B)
Class org.apache.http.client.methods.HttpUriRequest                                   : loaded 2 times (x 68B)
Class com.google.common.util.concurrent.AbstractFuture$SynchronizedHelper             : loaded 2 times (x 76B)
Class com.google.common.collect.ArrayListMultimap                                     : loaded 2 times (x 170B)
Class com.google.common.base.Strings                                                  : loaded 2 times (x 69B)
Class com.google.common.io.Closer                                                     : loaded 2 times (x 76B)
Class com.google.common.cache.CacheLoader$InvalidCacheLoadException                   : loaded 2 times (x 80B)
Class org.gradle.internal.classloader.DefaultClassLoaderFactory                       : loaded 2 times (x 80B)
Class com.google.common.collect.UnmodifiableIterator                                  : loaded 2 times (x 78B)
Class com.google.common.base.Stopwatch                                                : loaded 2 times (x 70B)
Class com.google.common.base.Platform$JdkPatternCompiler                              : loaded 2 times (x 73B)
Class com.google.common.cache.LocalCache$LoadingValueReference                        : loaded 2 times (x 94B)
Class org.apache.commons.io.output.ByteArrayOutputStream                              : loaded 2 times (x 100B)
Class com.google.common.base.CharMatcher$SingleWidth                                  : loaded 2 times (x 110B)
Class com.google.common.collect.Hashing                                               : loaded 2 times (x 69B)
Class com.google.common.collect.ImmutableRangeSet$ComplementRanges                    : loaded 2 times (x 167B)
Class com.google.common.base.JdkPattern                                               : loaded 2 times (x 73B)
Class com.google.common.collect.Multimap                                              : loaded 2 times (x 68B)
Class com.google.common.base.FunctionalEquivalence                                    : loaded 2 times (x 81B)
Class org.objectweb.asm.RecordComponentWriter                                         : loaded 2 times (x 76B)
Class org.objectweb.asm.AnnotationVisitor                                             : loaded 2 times (x 76B)
Class com.google.common.cache.LocalCache$1                                            : loaded 2 times (x 87B)
Class com.google.common.cache.LocalCache$2                                            : loaded 2 times (x 140B)
Class com.google.common.collect.RegularImmutableBiMap                                 : loaded 2 times (x 146B)
Class org.gradle.internal.classloader.VisitableURLClassLoader$Spec                    : loaded 2 times (x 72B)
Class org.gradle.api.GradleException                                                  : loaded 2 times (x 80B)
Class com.google.common.base.CharMatcher$JavaLetterOrDigit                            : loaded 2 times (x 109B)
Class org.gradle.api.internal.classpath.ModuleRegistry                                : loaded 2 times (x 68B)
Class com.google.common.cache.CacheBuilder                                            : loaded 2 times (x 70B)
Class org.objectweb.asm.ByteVector                                                    : loaded 2 times (x 77B)
Class com.google.common.collect.ImmutableCollection                                   : loaded 2 times (x 123B)
Class com.google.common.collect.ImmutableRangeSet                                     : loaded 2 times (x 113B)
Class com.google.common.base.PairwiseEquivalence                                      : loaded 2 times (x 81B)
Class com.google.common.base.Ticker                                                   : loaded 2 times (x 70B)
Class org.gradle.api.internal.ClassPathProvider                                       : loaded 2 times (x 68B)
Class com.google.common.base.Ascii                                                    : loaded 2 times (x 69B)
Class com.google.common.collect.RegularImmutableMap$Values                            : loaded 2 times (x 167B)
Class org.objectweb.asm.ModuleWriter                                                  : loaded 2 times (x 80B)
Class org.gradle.internal.classloader.ClasspathUtil$1                                 : loaded 2 times (x 74B)
Class com.google.common.collect.ImmutableEnumMap                                      : loaded 2 times (x 123B)
Class com.google.common.collect.ImmutableList$ReverseImmutableList                    : loaded 2 times (x 168B)
Class com.google.common.cache.AbstractCache$StatsCounter                              : loaded 2 times (x 68B)
Class org.objectweb.asm.FieldVisitor                                                  : loaded 2 times (x 75B)
Class org.objectweb.asm.Symbol                                                        : loaded 2 times (x 71B)
Class Build_gradle$1$1                                                                : loaded 2 times (x 76B)
Class com.google.common.cache.LocalCache$Strength$1                                   : loaded 2 times (x 79B)
Class com.google.common.cache.LocalCache$Strength$2                                   : loaded 2 times (x 79B)
Class com.google.common.cache.LocalCache$Strength$3                                   : loaded 2 times (x 79B)
Class org.gradle.internal.classloader.ClassLoaderFactory                              : loaded 2 times (x 68B)
Class com.google.common.collect.ObjectArrays                                          : loaded 2 times (x 69B)
Class com.google.common.util.concurrent.AbstractFuture$Waiter                         : loaded 2 times (x 70B)
Class com.google.common.util.concurrent.Uninterruptibles                              : loaded 2 times (x 69B)
Class com.google.common.collect.Iterators$10                                          : loaded 2 times (x 79B)
Class com.google.common.collect.ImmutableList                                         : loaded 2 times (x 166B)
Class org.gradle.api.internal.classpath.ManifestUtil                                  : loaded 2 times (x 69B)
Class org.gradle.api.specs.Spec                                                       : loaded 2 times (x 68B)
Class com.google.common.collect.RangeSet                                              : loaded 2 times (x 68B)
Class com.google.common.cache.CacheLoader$UnsupportedLoadingOperationException        : loaded 2 times (x 80B)
Class com.google.common.base.CharMatcher$Whitespace                                   : loaded 2 times (x 110B)
Class com.google.common.util.concurrent.ListenableFuture                              : loaded 2 times (x 68B)
Class org.apache.http.client.methods.AbortableHttpRequest                             : loaded 2 times (x 68B)
Class com.google.common.collect.Iterators$1                                           : loaded 2 times (x 79B)
Class com.google.common.collect.Iterators$4                                           : loaded 2 times (x 80B)
Class com.google.common.collect.RegularImmutableMap$BucketOverflowException           : loaded 2 times (x 80B)
Class com.google.common.collect.Iterators$5                                           : loaded 2 times (x 80B)
Class com.google.common.util.concurrent.AbstractFuture$UnsafeAtomicHelper             : loaded 2 times (x 76B)
Class com.google.common.base.Joiner                                                   : loaded 2 times (x 77B)
Class com.google.common.base.Equivalence$Equals                                       : loaded 2 times (x 80B)
Class com.google.common.base.Preconditions                                            : loaded 2 times (x 69B)
Class com.google.common.base.Function                                                 : loaded 2 times (x 68B)
Class com.google.common.collect.Iterators$9                                           : loaded 2 times (x 79B)
Class org.gradle.internal.IoActions                                                   : loaded 2 times (x 69B)
Class com.google.common.cache.ReferenceEntry                                          : loaded 2 times (x 68B)
Class org.apache.http.HttpMessage                                                     : loaded 2 times (x 68B)
Class com.google.common.collect.RegularImmutableMap$KeySet                            : loaded 2 times (x 148B)
Class com.google.common.collect.CollectPreconditions                                  : loaded 2 times (x 69B)
Class com.google.common.primitives.IntsMethodsForWeb                                  : loaded 2 times (x 69B)
Class com.google.common.collect.RangeGwtSerializationDependencies                     : loaded 2 times (x 69B)
Class com.google.common.collect.Maps                                                  : loaded 2 times (x 69B)
Class com.google.common.collect.RegularImmutableMap                                   : loaded 2 times (x 119B)
Class org.apache.http.HttpEntity                                                      : loaded 2 times (x 68B)
Class com.google.common.collect.AbstractIndexedListIterator                           : loaded 2 times (x 94B)
Class com.google.common.base.CharMatcher$None                                         : loaded 2 times (x 110B)
Class [Lorg.apache.commons.io.StandardLineSeparator;                                  : loaded 2 times (x 67B)
Class org.gradle.api.internal.classpath.EffectiveClassPath                            : loaded 2 times (x 88B)
Class org.apache.commons.io.StandardLineSeparator                                     : loaded 2 times (x 77B)
Class org.apache.commons.io.output.AppendableWriter                                   : loaded 2 times (x 98B)
Class org.apache.http.client.methods.Configurable                                     : loaded 2 times (x 68B)
Class com.google.common.collect.UnmodifiableListIterator                              : loaded 2 times (x 93B)
Class com.google.common.io.Files                                                      : loaded 2 times (x 69B)
Class com.google.common.cache.CacheLoader$FunctionToCacheLoader                       : loaded 2 times (x 73B)
Class com.google.common.cache.CacheBuilder$1                                          : loaded 2 times (x 83B)
Class com.google.common.cache.CacheBuilder$2                                          : loaded 2 times (x 70B)
Class com.google.common.collect.ImmutableList$1                                       : loaded 2 times (x 95B)
Class com.google.common.base.Splitter$Strategy                                        : loaded 2 times (x 68B)
Class com.google.common.collect.ImmutableMapEntrySet$RegularEntrySet                  : loaded 2 times (x 149B)
Class [Lcom.google.common.cache.RemovalListener;                                      : loaded 2 times (x 67B)
Class [Lcom.google.common.collect.ImmutableMapEntry;                                  : loaded 2 times (x 67B)
Class org.gradle.internal.installation.CurrentGradleInstallation                      : loaded 2 times (x 71B)
Class org.gradle.internal.agents.InstrumentingClassLoader                             : loaded 2 times (x 68B)
Class org.gradle.internal.installation.CurrentGradleInstallationLocator               : loaded 2 times (x 69B)
Class [Lcom.google.common.cache.LocalCache$Segment;                                   : loaded 2 times (x 67B)
Class org.gradle.api.internal.classpath.Module                                        : loaded 2 times (x 68B)
Class com.google.common.collect.ImmutableSortedSet                                    : loaded 2 times (x 233B)
Class com.google.common.base.Splitter$1$1                                             : loaded 2 times (x 84B)
Class com.google.common.collect.ImmutableSet$JdkBackedSetBuilderImpl                  : loaded 2 times (x 74B)
Class com.google.common.collect.ImmutableSet$RegularSetBuilderImpl                    : loaded 2 times (x 75B)
Class [Lorg.objectweb.asm.AnnotationWriter;                                           : loaded 2 times (x 67B)
Class org.gradle.internal.service.CachingServiceLocator                               : loaded 2 times (x 80B)
Class org.apache.http.client.methods.HttpPut                                          : loaded 2 times (x 151B)
Class [Lcom.google.common.collect.ImmutableEntry;                                     : loaded 2 times (x 67B)
Class com.google.common.collect.Sets$ImprovedAbstractSet                              : loaded 2 times (x 133B)
Class org.gradle.internal.classpath.DefaultClassPath                                  : loaded 2 times (x 88B)
Class com.google.common.util.concurrent.AbstractFuture$SetFuture                      : loaded 2 times (x 73B)
Class com.google.common.collect.CollectCollectors                                     : loaded 2 times (x 69B)
Class com.google.common.collect.TransformedIterator                                   : loaded 2 times (x 78B)
Class com.google.common.base.Splitter$SplittingIterator                               : loaded 2 times (x 82B)
Class com.google.common.cache.LocalCache$LocalManualCache$1                           : loaded 2 times (x 73B)
Class Build_gradle$1                                                                  : loaded 2 times (x 72B)
Class Build_gradle$2                                                                  : loaded 2 times (x 76B)
Class org.objectweb.asm.SymbolTable$Entry                                             : loaded 2 times (x 72B)
Class [Lcom.google.common.cache.LocalCache$EntryFactory;                              : loaded 2 times (x 67B)
Class com.google.common.base.CharMatcher$Is                                           : loaded 2 times (x 109B)
Class com.google.common.base.Platform                                                 : loaded 2 times (x 69B)
Class com.google.common.collect.RegularImmutableAsList                                : loaded 2 times (x 176B)
Class com.google.common.collect.PeekingIterator                                       : loaded 2 times (x 68B)
Class com.google.common.collect.ImmutableMapEntrySet                                  : loaded 2 times (x 149B)
Class com.google.common.cache.CacheLoader                                             : loaded 2 times (x 72B)
Class com.google.common.collect.ImmutableBiMapFauxverideShim                          : loaded 2 times (x 118B)
Class org.objectweb.asm.MethodTooLargeException                                       : loaded 2 times (x 81B)
Class com.google.common.cache.Cache                                                   : loaded 2 times (x 68B)
Class com.google.common.collect.Maps$EntrySet                                         : loaded 2 times (x 134B)
Class org.gradle.internal.classloader.SystemClassLoaderSpec                           : loaded 2 times (x 69B)
Class com.google.common.util.concurrent.internal.InternalFutureFailureAccess          : loaded 2 times (x 70B)
Class com.google.common.base.Charsets                                                 : loaded 2 times (x 69B)
Class com.google.common.primitives.Ints$IntConverter                                  : loaded 2 times (x 88B)
Class com.google.common.collect.SingletonImmutableSet                                 : loaded 2 times (x 144B)
Class [Lcom.google.common.base.AbstractIterator$State;                                : loaded 2 times (x 67B)
Class org.apache.http.client.methods.HttpEntityEnclosingRequestBase                   : loaded 2 times (x 151B)
Class com.google.common.collect.ImmutableMap$Builder                                  : loaded 2 times (x 80B)
Class com.google.common.base.AbstractIterator                                         : loaded 2 times (x 78B)
Class org.objectweb.asm.ClassWriter                                                   : loaded 2 times (x 104B)
Class com.google.common.collect.Range                                                 : loaded 2 times (x 85B)
Class org.apache.commons.io.IOUtils                                                   : loaded 2 times (x 69B)
Class com.google.common.base.AbstractIterator$1                                       : loaded 2 times (x 69B)
Class [Lcom.google.common.cache.CacheBuilder$OneWeigher;                              : loaded 2 times (x 67B)
Class com.google.common.collect.Iterators                                             : loaded 2 times (x 69B)
Class com.google.common.base.CharMatcher$1                                            : loaded 2 times (x 111B)
Class com.google.common.base.CharMatcher$Ascii                                        : loaded 2 times (x 110B)
Class com.google.common.cache.LocalCache$ComputingValueReference                      : loaded 2 times (x 94B)
Class org.gradle.api.UncheckedIOException                                             : loaded 2 times (x 80B)
Class com.google.common.base.CharMatcher$And                                          : loaded 2 times (x 110B)
Class com.google.common.io.Files$FileByteSink                                         : loaded 2 times (x 75B)
Class [Lcom.google.common.io.FileWriteMode;                                           : loaded 2 times (x 67B)
Class com.google.common.collect.IndexedImmutableSet                                   : loaded 2 times (x 148B)
Class com.google.common.base.ExtraObjectsMethodsForWeb                                : loaded 2 times (x 69B)
Class com.google.common.collect.AbstractListMultimap                                  : loaded 2 times (x 170B)
Class com.google.common.base.CharMatcher$Any                                          : loaded 2 times (x 110B)
Class org.gradle.internal.installation.GradleInstallation                             : loaded 2 times (x 73B)
Class org.apache.commons.io.output.UnsynchronizedByteArrayOutputStream                : loaded 2 times (x 100B)
Class com.google.common.cache.LocalCache$Strength                                     : loaded 2 times (x 79B)
Class com.google.common.collect.AbstractMapBasedMultimap$KeySet                       : loaded 2 times (x 135B)
Class com.google.common.collect.SortedIterable                                        : loaded 2 times (x 68B)
Class com.google.common.collect.ArrayListMultimapGwtSerializationDependencies         : loaded 2 times (x 170B)
Class com.google.common.base.CharMatcher$RangesMatcher                                : loaded 2 times (x 110B)
Class com.google.common.collect.AbstractMapBasedMultimap$RandomAccessWrappedList      : loaded 2 times (x 165B)
Class org.objectweb.asm.Handler                                                       : loaded 2 times (x 70B)
Class com.google.common.collect.ImmutableList$SubList                                 : loaded 2 times (x 168B)
Class com.google.common.cache.LocalCache$ValueReference                               : loaded 2 times (x 68B)
Class org.gradle.internal.classloader.ClasspathUtil                                   : loaded 2 times (x 69B)
Class org.apache.commons.io.FileUtils                                                 : loaded 2 times (x 69B)
Class org.objectweb.asm.CurrentFrame                                                  : loaded 2 times (x 71B)
Class com.google.common.util.concurrent.AbstractFuture                                : loaded 2 times (x 93B)
Class com.google.common.base.Splitter$1                                               : loaded 2 times (x 75B)
Class com.google.common.collect.TransformedListIterator                               : loaded 2 times (x 91B)
Class com.google.common.base.Ticker$1                                                 : loaded 2 times (x 70B)
Class com.google.common.collect.Maps$BiMapConverter                                   : loaded 2 times (x 88B)
Class org.gradle.api.internal.DefaultClassPathRegistry                                : loaded 2 times (x 74B)
Class [Lorg.objectweb.asm.Symbol;                                                     : loaded 2 times (x 67B)
Class com.google.common.util.concurrent.AbstractFuture$Cancellation                   : loaded 2 times (x 70B)
Class com.google.common.collect.ImmutableSet$SetBuilderImpl                           : loaded 2 times (x 74B)
Class org.gradle.api.internal.classpath.DefaultModuleRegistry$DefaultModule           : loaded 2 times (x 84B)
Class com.google.common.base.CharMatcher$JavaIsoControl                               : loaded 2 times (x 110B)
Class com.google.common.collect.ImmutableMap$1                                        : loaded 2 times (x 79B)
Class com.google.common.base.CharMatcher$Or                                           : loaded 2 times (x 110B)
Class com.google.common.base.Suppliers$SupplierOfInstance                             : loaded 2 times (x 77B)
Class org.objectweb.asm.RecordComponentVisitor                                        : loaded 2 times (x 75B)
Class com.google.common.collect.Iterables                                             : loaded 2 times (x 69B)
Class com.google.common.base.CharMatcher$JavaLowerCase                                : loaded 2 times (x 109B)
Class org.objectweb.asm.ClassTooLargeException                                        : loaded 2 times (x 81B)
Class org.gradle.api.internal.classpath.UnknownModuleException                        : loaded 2 times (x 80B)
Class com.google.common.util.concurrent.AbstractFuture$Listener                       : loaded 2 times (x 70B)
Class org.apache.commons.io.output.AbstractByteArrayOutputStream                      : loaded 2 times (x 100B)
Class org.objectweb.asm.Edge                                                          : loaded 2 times (x 70B)
Class com.google.common.collect.Maps$EntryTransformer                                 : loaded 2 times (x 68B)
Class com.google.common.collect.ImmutableCollection$Builder                           : loaded 2 times (x 74B)
Class [Lorg.objectweb.asm.SymbolTable$Entry;                                          : loaded 2 times (x 67B)
Class com.google.common.collect.SingletonImmutableBiMap                               : loaded 2 times (x 141B)
Class org.apache.commons.io.file.PathFilter                                           : loaded 2 times (x 68B)
Class com.google.common.base.CommonPattern                                            : loaded 2 times (x 72B)
Class com.google.common.base.Suppliers                                                : loaded 2 times (x 69B)
Class org.objectweb.asm.ClassVisitor                                                  : loaded 2 times (x 86B)
Class com.google.common.cache.LoadingCache                                            : loaded 2 times (x 68B)
Class org.gradle.internal.service.ServiceLookupException                              : loaded 2 times (x 80B)
Class org.gradle.cache.GlobalCache                                                    : loaded 2 times (x 68B)
Class com.google.common.base.CharMatcher$NegatedFastMatcher                           : loaded 2 times (x 111B)
Class [Lorg.gradle.api.internal.ClassPathProvider;                                    : loaded 2 times (x 67B)
Class com.google.common.util.concurrent.AbstractFuture$SafeAtomicHelper               : loaded 2 times (x 77B)
Class org.gradle.util.internal.GUtil                                                  : loaded 2 times (x 69B)
Class com.google.common.math.IntMath                                                  : loaded 2 times (x 69B)
Class com.google.common.collect.AbstractIterator                                      : loaded 2 times (x 80B)
Class org.gradle.internal.classloader.ClassLoaderSpec                                 : loaded 2 times (x 69B)
Class com.google.common.io.LineProcessor                                              : loaded 2 times (x 68B)
Class com.google.common.base.NullnessCasts                                            : loaded 2 times (x 69B)
Class com.google.common.io.CharSink                                                   : loaded 2 times (x 77B)
Class org.objectweb.asm.Frame                                                         : loaded 2 times (x 71B)
Class com.google.common.cache.LocalCache$LocalManualCache                             : loaded 2 times (x 97B)
Class com.google.common.collect.AbstractMapEntry                                      : loaded 2 times (x 79B)
Class com.google.common.collect.ImmutableList$Builder                                 : loaded 2 times (x 75B)
Class com.google.common.base.CharMatcher$Negated                                      : loaded 2 times (x 111B)
Class com.google.common.cache.CacheLoader$1                                           : loaded 2 times (x 73B)
Class com.google.common.util.concurrent.AbstractFuture$TrustedFuture                  : loaded 2 times (x 95B)
Class org.apache.commons.io.FileExistsException                                       : loaded 2 times (x 80B)
Class com.google.common.collect.Maps$ViewCachingAbstractMap                           : loaded 2 times (x 123B)
Class com.google.common.collect.Sets                                                  : loaded 2 times (x 69B)
Class com.google.common.collect.ImmutableSet$Builder                                  : loaded 2 times (x 83B)
Class com.google.common.base.CharMatcher$ForPredicate                                 : loaded 2 times (x 110B)
Class com.google.common.collect.ImmutableMap$MapViewOfValuesAsSingletonSets           : loaded 2 times (x 123B)
Class org.apache.commons.io.output.StringBuilderWriter                                : loaded 2 times (x 98B)
Class com.google.common.base.MoreObjects                                              : loaded 2 times (x 69B)
Class com.google.common.collect.SortedMapDifference                                   : loaded 2 times (x 68B)
Class org.objectweb.asm.SymbolTable                                                   : loaded 2 times (x 70B)
Class [Lorg.objectweb.asm.AnnotationVisitor;                                          : loaded 2 times (x 67B)
Class com.google.common.cache.CacheStats                                              : loaded 2 times (x 69B)
Class org.objectweb.asm.Attribute                                                     : loaded 2 times (x 75B)
Class org.gradle.internal.classloader.VisitableURLClassLoader                         : loaded 2 times (x 115B)
Class com.google.common.cache.LocalCache$LocalLoadingCache                            : loaded 2 times (x 132B)
Class com.google.common.base.Supplier                                                 : loaded 2 times (x 68B)
Class com.google.common.base.Objects                                                  : loaded 2 times (x 69B)
Class com.google.common.util.concurrent.AbstractFuture$AtomicHelper                   : loaded 2 times (x 76B)
Class com.google.common.collect.ImmutableBiMap                                        : loaded 2 times (x 141B)
Class org.gradle.internal.Cast                                                        : loaded 2 times (x 69B)
Class Build_gradle                                                                    : loaded 2 times (x 128B)
Class org.gradle.api.internal.ClassPathRegistry                                       : loaded 2 times (x 68B)
Class com.google.common.cache.LocalCache$EntryFactory                                 : loaded 2 times (x 81B)
Class com.google.common.util.concurrent.UncheckedExecutionException                   : loaded 2 times (x 80B)
Class com.google.common.collect.ImmutableSet                                          : loaded 2 times (x 143B)
Class org.gradle.internal.classloader.VisitableURLClassLoader$InstrumentingVisitableURLClassLoader: loaded 2 times (x 121B)
Class org.gradle.internal.classloader.ClassLoaderHierarchy                            : loaded 2 times (x 68B)
Class com.google.common.io.Closer$Suppressor                                          : loaded 2 times (x 68B)
Class com.google.common.collect.AbstractMapBasedMultimap$WrappedList                  : loaded 2 times (x 165B)
Class [Lorg.objectweb.asm.Type;                                                       : loaded 2 times (x 67B)
Class com.google.common.base.AbstractIterator$State                                   : loaded 2 times (x 77B)
Class com.google.common.cache.Weigher                                                 : loaded 2 times (x 68B)
Class org.apache.http.message.AbstractHttpMessage                                     : loaded 2 times (x 106B)
Class com.google.common.base.CharMatcher$NamedFastMatcher                             : loaded 2 times (x 110B)
Class org.gradle.internal.InternalTransformer                                         : loaded 2 times (x 68B)
Class org.apache.commons.io.output.NullOutputStream                                   : loaded 2 times (x 83B)
Class org.gradle.internal.service.ServiceLocator                                      : loaded 2 times (x 68B)
Class Settings_gradle$1                                                               : loaded 2 times (x 72B)
Class com.google.common.collect.ImmutableRangeSet$1                                   : loaded 2 times (x 169B)
Class com.google.common.util.concurrent.SettableFuture                                : loaded 2 times (x 95B)
Class com.google.common.io.Files$2                                                    : loaded 2 times (x 74B)
Class com.google.common.collect.ImmutableMapEntry                                     : loaded 2 times (x 83B)
Class com.google.common.base.CharMatcher$Invisible                                    : loaded 2 times (x 110B)
Class com.google.common.base.Joiner$1                                                 : loaded 2 times (x 78B)
Class com.google.common.base.Joiner$2                                                 : loaded 2 times (x 77B)
Class org.apache.http.client.methods.HttpRequestBase                                  : loaded 2 times (x 143B)
Class com.google.common.base.CharMatcher$FastMatcher                                  : loaded 2 times (x 109B)
Class org.gradle.internal.classpath.DefaultClassPath$ImmutableUniqueList              : loaded 2 times (x 159B)
Class com.google.common.base.CharMatcher$JavaLetter                                   : loaded 2 times (x 109B)
Class org.gradle.internal.classpath.TransformedClassPath                              : loaded 2 times (x 94B)
Class com.google.common.collect.MapDifference                                         : loaded 2 times (x 68B)
Class com.google.common.collect.Sets$1                                                : loaded 2 times (x 137B)
Class com.google.common.collect.Sets$2                                                : loaded 2 times (x 137B)
Class com.google.common.util.concurrent.AbstractFuture$Trusted                        : loaded 2 times (x 68B)
Class com.google.common.collect.Sets$3                                                : loaded 2 times (x 137B)
Class com.google.common.graph.SuccessorsFunction                                      : loaded 2 times (x 68B)
Class com.google.common.collect.Sets$4                                                : loaded 2 times (x 137B)
Class Settings_gradle                                                                 : loaded 2 times (x 126B)
Class com.google.common.io.ByteSink                                                   : loaded 2 times (x 74B)
Class com.google.common.collect.AbstractMapBasedMultimap$WrappedCollection$WrappedIterator: loaded 2 times (x 82B)
Class org.objectweb.asm.MethodWriter                                                  : loaded 2 times (x 104B)
Class com.google.common.collect.Platform                                              : loaded 2 times (x 69B)
Class com.google.common.collect.ImmutableAsList                                       : loaded 2 times (x 169B)
Class com.google.common.util.concurrent.ExecutionError                                : loaded 2 times (x 80B)
Class com.google.common.io.ByteSink$AsCharSink                                        : loaded 2 times (x 78B)
Class com.google.common.base.Equivalence$Identity                                     : loaded 2 times (x 80B)
Class com.google.common.base.CharMatcher$AnyOf                                        : loaded 2 times (x 110B)
Class com.google.common.base.CharMatcher$IsEither                                     : loaded 2 times (x 109B)
Class org.apache.http.client.methods.HttpExecutionAware                               : loaded 2 times (x 68B)
Class com.google.common.cache.LocalCache                                              : loaded 2 times (x 185B)
Class com.google.common.collect.ImmutableRangeSet$Builder                             : loaded 2 times (x 75B)
Class com.google.common.collect.RegularImmutableList                                  : loaded 2 times (x 172B)
Class com.google.common.util.concurrent.AbstractFuture$UnsafeAtomicHelper$1           : loaded 2 times (x 74B)
Class com.google.common.base.CharMatcher$JavaUpperCase                                : loaded 2 times (x 109B)
Class com.google.common.collect.Multiset                                              : loaded 2 times (x 68B)
Class com.google.common.collect.ImmutableSet$CachingAsList                            : loaded 2 times (x 145B)
Class org.apache.http.HttpRequest                                                     : loaded 2 times (x 68B)
Class org.objectweb.asm.MethodVisitor                                                 : loaded 2 times (x 103B)
Class com.google.common.collect.AbstractMapBasedMultimap$KeySet$1                     : loaded 2 times (x 80B)
Class com.google.common.collect.ImmutableMapEntry$NonTerminalImmutableMapEntry        : loaded 2 times (x 83B)
Class com.google.common.collect.AbstractMapBasedMultimap                              : loaded 2 times (x 137B)


---------------  S Y S T E M  ---------------

OS:
 Windows 11 , 64 bit Build 22621 (10.0.22621.3958)
OS uptime: 4 days 13:02 hours
Hyper-V role detected

CPU: total 20 (initial active 20) (10 cores per cpu, 2 threads per core) family 6 model 154 stepping 3 microcode 0x429, cx8, cmov, fxsr, ht, mmx, 3dnowpref, sse, sse2, sse3, ssse3, sse4.1, sse4.2, popcnt, lzcnt, tsc, tscinvbit, avx, avx2, aes, erms, clmul, bmi1, bmi2, adx, sha, fma, vzeroupper, clflush, clflushopt, clwb, hv
Processor Information for all 20 processors :
  Max Mhz: 2300, Current Mhz: 2300, Mhz Limit: 2300

Memory: 4k page, system-wide physical 16004M (7005M free)
TotalPageFile size 18052M (AvailPageFile size 4M)
current process WorkingSet (physical memory assigned to process): 612M, peak: 612M
current process commit charge ("private bytes"): 703M, peak: 707M

vm_info: OpenJDK 64-Bit Server VM (17.0.10+0--11609105) for windows-amd64 JRE (17.0.10+0--11609105), built on Mar 21 2024 19:10:56 by "androidbuild" with MS VC++ 16.10 / 16.11 (VS2019)

END.
